PurchaseID,SupplierID,SupplierName,ExpectedDeliveryDate,ActualDeliveryDate,OnTimeFlag
1,6,Hops Direct,2025-06-23,2025-06-20,1
2,9,Packaging UK,2026-02-27,2026-02-18,1
3,3,Euro Malt GmbH,2026-07-31,2026-07-26,1
4,15,Lager Ingredients,2026-06-01,2026-05-27,1
5,14,Bottle Supply,2025-06-11,2025-06-10,1
6,5,Brew Logistics,2025-04-14,2025-04-15,0
7,6,Hops Direct,2026-01-29,2026-02-04,0
8,13,Hop Global,2026-07-12,2026-07-21,0
9,16,Craft Supply Co,2026-10-04,2026-10-02,1
10,12,Grain Experts,2026-05-31,2026-06-03,0
11,9,Packaging UK,2025-09-25,2025-09-25,1
12,15,Lager Ingredients,2025-07-08,2025-07-07,1
13,15,Lager Ingredients,2025-02-17,2025-02-24,0
14,9,Packaging UK,2025-08-18,2025-08-18,1
15,2,Northern Malt,2025-01-19,2025-01-19,1
16,17,Yeast Innovations,2024-12-23,2024-12-09,1
17,3,Euro Malt GmbH,2026-05-12,2026-05-17,0
18,6,Hops Direct,2026-05-22,2026-05-27,0
19,20,Ingredient Hub,2025-12-19,2025-12-24,0
20,16,Craft Supply Co,2026-02-01,2026-02-04,0
21,20,Ingredient Hub,2026-02-09,2026-02-08,1
22,16,Craft Supply Co,2024-11-27,2024-11-29,0
23,20,Ingredient Hub,2026-02-27,2026-02-25,1
24,20,Ingredient Hub,2026-06-11,2026-06-07,1
25,5,Brew Logistics,2025-02-21,2025-02-09,1
26,9,Packaging UK,2026-06-28,2026-06-21,1
27,6,Hops Direct,2025-12-05,2025-12-15,0
28,8,Belgian Yeast Co,2026-04-30,2026-05-04,0
29,13,Hop Global,2026-01-24,2026-01-27,0
30,1,Hop Alliance UK,2026-05-22,2026-05-24,0
31,9,Packaging UK,2026-01-30,2026-02-01,0
32,10,Can Solutions,2025-06-27,2025-06-28,0
33,20,Ingredient Hub,2025-10-28,2025-11-07,0
34,8,Belgian Yeast Co,2025-04-01,2025-04-10,0
35,5,Brew Logistics,2026-02-24,2026-02-12,1
36,1,Hop Alliance UK,2026-01-13,2026-01-21,0
37,1,Hop Alliance UK,2026-05-23,2026-05-13,1
38,1,Hop Alliance UK,2024-11-10,2024-11-14,0
39,15,Lager Ingredients,2026-08-05,2026-08-16,0
40,10,Can Solutions,2025-10-30,2025-11-03,0
41,8,Belgian Yeast Co,2025-06-27,2025-06-25,1
42,9,Packaging UK,2025-09-26,2025-09-21,1
43,14,Bottle Supply,2026-08-10,2026-08-22,0
44,11,Barley Source,2025-12-08,2025-11-25,1
45,11,Barley Source,2026-02-12,2026-02-04,1
46,10,Can Solutions,2025-08-18,2025-08-06,1
47,18,Raw Materials Ltd,2025-05-22,2025-05-21,1
48,12,Grain Experts,2025-07-31,2025-07-25,1
49,20,Ingredient Hub,2026-09-24,2026-10-01,0
50,9,Packaging UK,2026-01-16,2026-01-16,1
51,8,Belgian Yeast Co,2024-12-26,2024-12-30,0
52,11,Barley Source,2025-05-04,2025-05-05,0
53,15,Lager Ingredients,2025-12-20,2025-12-21,0
54,6,Hops Direct,2025-07-21,2025-07-20,1
55,15,Lager Ingredients,2025-08-04,2025-08-01,1
56,13,Hop Global,2025-10-18,2025-10-05,1
57,11,Barley Source,2025-04-17,2025-04-29,0
58,5,Brew Logistics,2025-06-10,2025-06-16,0
59,15,Lager Ingredients,2025-07-15,2025-07-22,0
60,12,Grain Experts,2025-01-10,2025-01-06,1
61,16,Craft Supply Co,2025-05-20,2025-05-15,1
62,8,Belgian Yeast Co,2025-12-22,2025-12-15,1
63,11,Barley Source,2025-07-24,2025-07-26,0
64,8,Belgian Yeast Co,2025-10-11,2025-10-10,1
65,13,Hop Global,2025-08-28,2025-08-31,0
66,18,Raw Materials Ltd,2025-06-11,2025-06-14,0
67,19,Supply Partners,2026-02-05,2026-02-05,1
68,11,Barley Source,2026-10-17,2026-10-17,1
69,2,Northern Malt,2026-07-26,2026-07-28,0
70,4,Premium Yeast,2024-10-23,2024-10-10,1
71,5,Brew Logistics,2026-08-11,2026-08-07,1
72,3,Euro Malt GmbH,2026-09-18,2026-09-06,1
73,12,Grain Experts,2026-04-05,2026-04-07,0
74,4,Premium Yeast,2025-09-07,2025-09-15,0
75,10,Can Solutions,2026-10-12,2026-10-12,1
76,14,Bottle Supply,2025-10-31,2025-10-29,1
77,10,Can Solutions,2025-07-24,2025-07-25,0
78,12,Grain Experts,2026-09-12,2026-09-10,1
79,3,Euro Malt GmbH,2025-12-05,2025-11-21,1
80,15,Lager Ingredients,2024-11-24,2024-11-28,0
81,2,Northern Malt,2025-09-01,2025-09-13,0
82,2,Northern Malt,2026-02-08,2026-02-05,1
83,4,Premium Yeast,2025-03-03,2025-03-15,0
84,10,Can Solutions,2026-07-18,2026-07-27,0
85,13,Hop Global,2024-11-20,2024-11-19,1
86,18,Raw Materials Ltd,2025-12-14,2025-12-22,0
87,20,Ingredient Hub,2024-11-30,2024-11-22,1
88,19,Supply Partners,2025-02-26,2025-02-26,1
89,6,Hops Direct,2025-04-03,2025-04-01,1
90,8,Belgian Yeast Co,2025-12-05,2025-12-08,0
91,4,Premium Yeast,2025-03-13,2025-03-06,1
92,1,Hop Alliance UK,2025-04-21,2025-04-18,1
93,12,Grain Experts,2026-06-12,2026-06-03,1
94,1,Hop Alliance UK,2025-10-01,2025-09-26,1
95,1,Hop Alliance UK,2026-09-24,2026-10-03,0
96,15,Lager Ingredients,2025-02-02,2025-02-02,1
97,6,Hops Direct,2025-08-21,2025-08-13,1
98,8,Belgian Yeast Co,2025-11-09,2025-10-28,1
99,14,Bottle Supply,2026-02-24,2026-02-22,1
100,20,Ingredient Hub,2025-03-12,2025-03-12,1
101,7,Malt Brothers,2025-02-18,2025-02-22,0
102,18,Raw Materials Ltd,2026-01-23,2026-01-28,0
103,5,Brew Logistics,2025-03-27,2025-03-29,0
104,2,Northern Malt,2024-11-09,2024-11-12,0
105,10,Can Solutions,2024-10-28,2024-11-08,0
106,10,Can Solutions,2026-06-09,2026-05-29,1
107,13,Hop Global,2025-12-07,2025-12-04,1
108,7,Malt Brothers,2025-08-02,2025-07-22,1
109,1,Hop Alliance UK,2025-10-02,2025-10-06,0
110,6,Hops Direct,2025-12-22,2025-12-27,0
111,9,Packaging UK,2025-02-10,2025-02-07,1
112,9,Packaging UK,2026-05-17,2026-05-12,1
113,3,Euro Malt GmbH,2025-04-30,2025-04-29,1
114,8,Belgian Yeast Co,2025-03-17,2025-03-19,0
115,1,Hop Alliance UK,2026-03-19,2026-03-27,0
116,16,Craft Supply Co,2026-05-05,2026-05-09,0
117,12,Grain Experts,2025-07-07,2025-07-10,0
118,1,Hop Alliance UK,2026-01-22,2026-01-20,1
119,3,Euro Malt GmbH,2025-01-26,2025-01-15,1
120,20,Ingredient Hub,2025-08-07,2025-08-05,1
121,4,Premium Yeast,2025-12-09,2025-12-19,0
122,8,Belgian Yeast Co,2025-07-16,2025-07-08,1
123,9,Packaging UK,2025-01-18,2025-01-30,0
124,19,Supply Partners,2024-12-20,2024-12-29,0
125,7,Malt Brothers,2026-05-01,2026-04-26,1
126,17,Yeast Innovations,2024-12-20,2024-12-17,1
127,14,Bottle Supply,2025-03-01,2025-03-03,0
128,16,Craft Supply Co,2025-06-08,2025-06-17,0
129,1,Hop Alliance UK,2026-02-18,2026-02-12,1
130,9,Packaging UK,2026-06-06,2026-06-04,1
131,13,Hop Global,2025-12-17,2025-12-14,1
132,15,Lager Ingredients,2025-05-06,2025-05-07,0
133,13,Hop Global,2026-05-10,2026-05-07,1
134,9,Packaging UK,2025-07-26,2025-07-20,1
135,14,Bottle Supply,2025-08-31,2025-08-31,1
136,15,Lager Ingredients,2025-09-07,2025-09-06,1
137,10,Can Solutions,2026-04-16,2026-04-24,0
138,3,Euro Malt GmbH,2026-09-22,2026-10-01,0
139,6,Hops Direct,2026-06-06,2026-06-09,0
140,18,Raw Materials Ltd,2026-03-20,2026-03-13,1
141,4,Premium Yeast,2025-11-23,2025-11-29,0
142,11,Barley Source,2025-02-13,2025-02-12,1
143,1,Hop Alliance UK,2026-04-06,2026-04-20,0
144,6,Hops Direct,2026-02-13,2026-02-12,1
145,15,Lager Ingredients,2026-03-17,2026-03-08,1
146,3,Euro Malt GmbH,2025-06-30,2025-06-28,1
147,2,Northern Malt,2025-12-30,2026-01-05,0
148,5,Brew Logistics,2026-01-08,2026-01-05,1
149,17,Yeast Innovations,2026-05-11,2026-05-05,1
150,8,Belgian Yeast Co,2026-04-07,2026-04-12,0
151,2,Northern Malt,2024-11-05,2024-11-11,0
152,2,Northern Malt,2025-11-16,2025-11-10,1
153,11,Barley Source,2026-08-02,2026-07-30,1
154,20,Ingredient Hub,2025-04-28,2025-05-05,0
155,6,Hops Direct,2024-12-22,2024-12-28,0
156,1,Hop Alliance UK,2025-09-09,2025-09-14,0
157,15,Lager Ingredients,2025-09-08,2025-09-12,0
158,8,Belgian Yeast Co,2024-11-13,2024-11-10,1
159,3,Euro Malt GmbH,2026-02-17,2026-02-11,1
160,9,Packaging UK,2026-07-14,2026-07-27,0
161,2,Northern Malt,2025-01-24,2025-01-28,0
162,3,Euro Malt GmbH,2025-07-16,2025-07-08,1
163,8,Belgian Yeast Co,2025-06-18,2025-06-16,1
164,17,Yeast Innovations,2025-10-06,2025-10-17,0
165,5,Brew Logistics,2025-02-26,2025-02-17,1
166,20,Ingredient Hub,2026-04-21,2026-05-01,0
167,13,Hop Global,2025-11-18,2025-11-17,1
168,14,Bottle Supply,2026-04-18,2026-04-14,1
169,9,Packaging UK,2025-09-10,2025-09-14,0
170,16,Craft Supply Co,2026-02-02,2026-01-26,1
171,16,Craft Supply Co,2026-07-18,2026-07-20,0
172,4,Premium Yeast,2026-01-09,2026-01-15,0
173,14,Bottle Supply,2026-10-13,2026-10-13,1
174,7,Malt Brothers,2024-12-23,2024-12-22,1
175,1,Hop Alliance UK,2025-08-13,2025-08-15,0
176,17,Yeast Innovations,2025-02-14,2025-02-14,1
177,19,Supply Partners,2024-12-02,2024-12-13,0
178,10,Can Solutions,2025-07-25,2025-07-28,0
179,4,Premium Yeast,2025-07-20,2025-07-14,1
180,14,Bottle Supply,2026-07-13,2026-07-11,1
181,3,Euro Malt GmbH,2026-07-23,2026-07-21,1
182,4,Premium Yeast,2026-06-21,2026-06-15,1
183,1,Hop Alliance UK,2025-10-09,2025-10-17,0
184,14,Bottle Supply,2025-03-10,2025-03-07,1
185,2,Northern Malt,2025-03-27,2025-04-05,0
186,4,Premium Yeast,2026-05-20,2026-05-11,1
187,6,Hops Direct,2025-02-25,2025-02-28,0
188,10,Can Solutions,2025-03-07,2025-02-28,1
189,2,Northern Malt,2025-12-26,2025-12-27,0
190,19,Supply Partners,2024-12-02,2024-11-19,1
191,2,Northern Malt,2025-08-26,2025-08-26,1
192,7,Malt Brothers,2025-01-02,2024-12-27,1
193,11,Barley Source,2025-09-03,2025-09-10,0
194,18,Raw Materials Ltd,2025-06-04,2025-05-31,1
195,20,Ingredient Hub,2025-09-18,2025-09-25,0
196,8,Belgian Yeast Co,2025-08-03,2025-07-30,1
197,6,Hops Direct,2026-06-21,2026-06-18,1
198,11,Barley Source,2026-04-24,2026-05-03,0
199,19,Supply Partners,2024-11-27,2024-11-25,1
200,6,Hops Direct,2025-08-04,2025-08-04,1
201,6,Hops Direct,2025-09-02,2025-08-29,1
202,13,Hop Global,2025-04-28,2025-04-27,1
203,7,Malt Brothers,2024-11-07,2024-11-09,0
204,3,Euro Malt GmbH,2025-04-28,2025-05-05,0
205,5,Brew Logistics,2026-06-30,2026-06-24,1
206,4,Premium Yeast,2025-07-22,2025-07-23,0
207,12,Grain Experts,2024-12-05,2024-12-13,0
208,1,Hop Alliance UK,2026-07-11,2026-07-03,1
209,1,Hop Alliance UK,2026-05-16,2026-05-21,0
210,3,Euro Malt GmbH,2025-05-28,2025-05-18,1
211,13,Hop Global,2025-01-11,2024-12-30,1
212,8,Belgian Yeast Co,2026-05-30,2026-06-01,0
213,10,Can Solutions,2026-09-02,2026-09-14,0
214,4,Premium Yeast,2026-09-07,2026-09-06,1
215,17,Yeast Innovations,2025-06-14,2025-06-22,0
216,3,Euro Malt GmbH,2026-04-02,2026-04-07,0
217,17,Yeast Innovations,2024-11-09,2024-11-22,0
218,10,Can Solutions,2025-12-16,2025-12-20,0
219,1,Hop Alliance UK,2025-12-25,2025-12-26,0
220,4,Premium Yeast,2025-08-05,2025-08-10,0
221,3,Euro Malt GmbH,2025-07-25,2025-08-07,0
222,15,Lager Ingredients,2026-05-25,2026-06-01,0
223,15,Lager Ingredients,2026-03-27,2026-03-27,1
224,2,Northern Malt,2025-09-06,2025-08-30,1
225,1,Hop Alliance UK,2025-12-29,2025-12-25,1
226,4,Premium Yeast,2025-02-20,2025-02-13,1
227,4,Premium Yeast,2025-11-02,2025-10-23,1
228,6,Hops Direct,2025-12-05,2025-12-02,1
229,5,Brew Logistics,2025-07-29,2025-07-19,1
230,19,Supply Partners,2026-06-13,2026-06-14,0
231,18,Raw Materials Ltd,2025-11-20,2025-11-20,1
232,20,Ingredient Hub,2026-06-09,2026-06-09,1
233,15,Lager Ingredients,2026-10-06,2026-10-06,1
234,19,Supply Partners,2025-11-09,2025-11-09,1
235,7,Malt Brothers,2026-01-29,2026-01-28,1
236,8,Belgian Yeast Co,2026-07-23,2026-08-04,0
237,13,Hop Global,2025-02-24,2025-02-25,0
238,1,Hop Alliance UK,2026-03-15,2026-03-06,1
239,3,Euro Malt GmbH,2025-10-02,2025-10-07,0
240,20,Ingredient Hub,2025-10-26,2025-10-25,1
241,12,Grain Experts,2026-07-30,2026-07-24,1
242,15,Lager Ingredients,2026-03-27,2026-04-02,0
243,12,Grain Experts,2025-06-27,2025-07-01,0
244,3,Euro Malt GmbH,2025-12-14,2025-12-11,1
245,17,Yeast Innovations,2026-07-15,2026-07-14,1
246,13,Hop Global,2026-01-02,2026-01-07,0
247,12,Grain Experts,2026-05-19,2026-05-29,0
248,17,Yeast Innovations,2026-08-09,2026-08-14,0
249,1,Hop Alliance UK,2025-08-27,2025-08-30,0
250,2,Northern Malt,2025-09-11,2025-09-22,0
251,19,Supply Partners,2025-04-03,2025-04-05,0
252,12,Grain Experts,2025-12-07,2025-12-07,1
253,13,Hop Global,2025-03-14,2025-03-15,0
254,20,Ingredient Hub,2025-01-06,2025-01-10,0
255,8,Belgian Yeast Co,2025-08-31,2025-08-28,1
256,15,Lager Ingredients,2026-01-05,2025-12-30,1
257,15,Lager Ingredients,2025-01-18,2025-01-11,1
258,3,Euro Malt GmbH,2025-10-29,2025-11-04,0
259,5,Brew Logistics,2026-06-29,2026-07-12,0
260,8,Belgian Yeast Co,2025-11-29,2025-11-29,1
261,17,Yeast Innovations,2026-09-07,2026-09-12,0
262,6,Hops Direct,2025-05-30,2025-05-22,1
263,2,Northern Malt,2025-11-10,2025-11-02,1
264,15,Lager Ingredients,2026-08-02,2026-08-04,0
265,15,Lager Ingredients,2026-02-07,2026-02-11,0
266,18,Raw Materials Ltd,2025-06-14,2025-06-14,1
267,8,Belgian Yeast Co,2026-06-26,2026-07-04,0
268,14,Bottle Supply,2025-12-03,2025-12-03,1
269,9,Packaging UK,2026-05-26,2026-06-03,0
270,18,Raw Materials Ltd,2025-08-04,2025-07-24,1
271,13,Hop Global,2025-11-27,2025-12-01,0
272,8,Belgian Yeast Co,2025-05-18,2025-05-27,0
273,1,Hop Alliance UK,2026-05-29,2026-06-08,0
274,10,Can Solutions,2025-12-23,2025-12-24,0
275,2,Northern Malt,2024-12-07,2024-12-10,0
276,1,Hop Alliance UK,2026-06-11,2026-06-05,1
277,5,Brew Logistics,2026-05-22,2026-05-11,1
278,6,Hops Direct,2026-03-15,2026-03-20,0
279,11,Barley Source,2026-07-24,2026-07-26,0
280,5,Brew Logistics,2025-11-09,2025-11-09,1
281,7,Malt Brothers,2025-08-24,2025-09-02,0
282,4,Premium Yeast,2025-02-12,2025-02-09,1
283,14,Bottle Supply,2025-02-19,2025-02-22,0
284,20,Ingredient Hub,2025-12-18,2025-12-12,1
285,11,Barley Source,2026-10-17,2026-10-17,1
286,13,Hop Global,2026-01-29,2026-01-27,1
287,1,Hop Alliance UK,2025-09-01,2025-08-24,1
288,7,Malt Brothers,2026-01-28,2026-01-27,1
289,4,Premium Yeast,2025-02-05,2025-02-02,1
290,9,Packaging UK,2026-08-29,2026-08-30,0
291,3,Euro Malt GmbH,2026-03-25,2026-03-30,0
292,11,Barley Source,2024-11-17,2024-11-03,1
293,15,Lager Ingredients,2025-03-15,2025-03-18,0
294,12,Grain Experts,2025-07-31,2025-07-28,1
295,20,Ingredient Hub,2026-01-04,2025-12-27,1
296,20,Ingredient Hub,2024-12-19,2024-12-23,0
297,18,Raw Materials Ltd,2026-08-17,2026-08-14,1
298,15,Lager Ingredients,2026-09-17,2026-09-19,0
299,10,Can Solutions,2026-06-08,2026-06-16,0
300,12,Grain Experts,2025-05-10,2025-05-10,1
301,2,Northern Malt,2026-02-24,2026-02-28,0
302,9,Packaging UK,2025-05-31,2025-06-06,0
303,19,Supply Partners,2025-07-25,2025-07-23,1
304,8,Belgian Yeast Co,2025-01-31,2025-01-26,1
305,6,Hops Direct,2026-09-13,2026-09-11,1
306,12,Grain Experts,2025-02-11,2025-02-07,1
307,1,Hop Alliance UK,2024-11-14,2024-11-27,0
308,17,Yeast Innovations,2025-07-27,2025-07-23,1
309,19,Supply Partners,2026-01-23,2026-01-31,0
310,17,Yeast Innovations,2025-05-19,2025-05-19,1
311,11,Barley Source,2025-01-31,2025-02-01,0
312,19,Supply Partners,2025-01-13,2025-01-10,1
313,10,Can Solutions,2026-07-31,2026-07-27,1
314,9,Packaging UK,2025-01-16,2025-01-18,0
315,9,Packaging UK,2025-03-11,2025-03-08,1
316,14,Bottle Supply,2024-12-16,2024-12-18,0
317,9,Packaging UK,2026-01-31,2026-02-11,0
318,19,Supply Partners,2025-10-03,2025-10-13,0
319,13,Hop Global,2026-04-29,2026-04-27,1
320,12,Grain Experts,2026-08-10,2026-08-03,1
321,15,Lager Ingredients,2026-01-19,2026-01-28,0
322,15,Lager Ingredients,2025-09-15,2025-09-19,0
323,12,Grain Experts,2026-07-19,2026-07-25,0
324,14,Bottle Supply,2026-01-29,2026-01-28,1
325,12,Grain Experts,2025-05-15,2025-05-08,1
326,19,Supply Partners,2026-07-12,2026-07-12,1
327,1,Hop Alliance UK,2026-07-13,2026-07-19,0
328,18,Raw Materials Ltd,2025-01-05,2025-01-10,0
329,14,Bottle Supply,2026-09-25,2026-10-01,0
330,2,Northern Malt,2025-07-31,2025-08-11,0
331,9,Packaging UK,2025-04-15,2025-04-13,1
332,7,Malt Brothers,2025-02-06,2025-02-01,1
333,2,Northern Malt,2025-04-02,2025-04-04,0
334,4,Premium Yeast,2025-03-30,2025-03-24,1
335,3,Euro Malt GmbH,2025-09-05,2025-09-06,0
336,14,Bottle Supply,2024-12-17,2024-12-22,0
337,20,Ingredient Hub,2025-11-18,2025-11-13,1
338,11,Barley Source,2026-03-19,2026-03-18,1
339,5,Brew Logistics,2025-11-10,2025-11-16,0
340,1,Hop Alliance UK,2025-09-14,2025-09-11,1
341,16,Craft Supply Co,2025-04-22,2025-04-20,1
342,20,Ingredient Hub,2026-10-12,2026-10-12,1
343,17,Yeast Innovations,2025-03-13,2025-03-07,1
344,5,Brew Logistics,2026-01-25,2026-02-03,0
345,12,Grain Experts,2025-11-06,2025-10-25,1
346,18,Raw Materials Ltd,2025-07-20,2025-07-17,1
347,19,Supply Partners,2024-10-31,2024-11-05,0
348,13,Hop Global,2026-09-08,2026-08-26,1
349,6,Hops Direct,2026-06-17,2026-06-21,0
350,19,Supply Partners,2025-07-09,2025-07-08,1
351,3,Euro Malt GmbH,2026-10-02,2026-10-02,1
352,16,Craft Supply Co,2025-12-06,2025-12-13,0
353,14,Bottle Supply,2025-08-02,2025-07-30,1
354,9,Packaging UK,2025-01-30,2025-02-01,0
355,11,Barley Source,2026-04-05,2026-04-06,0
356,15,Lager Ingredients,2025-01-15,2025-01-13,1
357,16,Craft Supply Co,2025-04-03,2025-04-02,1
358,17,Yeast Innovations,2026-05-04,2026-05-05,0
359,4,Premium Yeast,2025-07-19,2025-08-01,0
360,16,Craft Supply Co,2025-10-06,2025-10-07,0
361,15,Lager Ingredients,2025-12-30,2025-12-29,1
362,8,Belgian Yeast Co,2026-06-14,2026-06-16,0
363,7,Malt Brothers,2025-11-04,2025-11-13,0
364,19,Supply Partners,2026-03-14,2026-03-10,1
365,13,Hop Global,2026-09-30,2026-09-28,1
366,10,Can Solutions,2025-06-05,2025-05-28,1
367,13,Hop Global,2025-02-23,2025-02-25,0
368,13,Hop Global,2024-10-18,2024-10-25,0
369,18,Raw Materials Ltd,2025-09-17,2025-09-25,0
370,13,Hop Global,2025-05-27,2025-06-01,0
371,3,Euro Malt GmbH,2026-01-31,2026-02-12,0
372,7,Malt Brothers,2026-05-18,2026-05-22,0
373,8,Belgian Yeast Co,2024-12-24,2024-12-19,1
374,15,Lager Ingredients,2026-07-09,2026-07-10,0
375,10,Can Solutions,2025-02-02,2025-01-30,1
376,5,Brew Logistics,2024-11-26,2024-11-28,0
377,11,Barley Source,2026-02-12,2026-02-10,1
378,13,Hop Global,2025-07-05,2025-07-16,0
379,14,Bottle Supply,2025-12-14,2025-12-13,1
380,4,Premium Yeast,2026-07-04,2026-07-13,0
381,19,Supply Partners,2025-07-19,2025-07-27,0
382,2,Northern Malt,2025-04-05,2025-04-07,0
383,14,Bottle Supply,2025-05-10,2025-04-28,1
384,4,Premium Yeast,2026-03-14,2026-03-16,0
385,14,Bottle Supply,2026-04-04,2026-04-07,0
386,16,Craft Supply Co,2026-06-23,2026-06-27,0
387,19,Supply Partners,2026-05-21,2026-05-18,1
388,7,Malt Brothers,2024-11-30,2024-11-30,1
389,2,Northern Malt,2024-11-28,2024-11-28,1
390,10,Can Solutions,2025-02-13,2025-02-18,0
391,6,Hops Direct,2025-08-19,2025-08-20,0
392,16,Craft Supply Co,2025-06-26,2025-06-26,1
393,17,Yeast Innovations,2024-12-10,2024-12-08,1
394,17,Yeast Innovations,2025-12-18,2025-12-22,0
395,8,Belgian Yeast Co,2025-02-21,2025-02-25,0
396,12,Grain Experts,2026-08-21,2026-08-30,0
397,15,Lager Ingredients,2024-12-01,2024-12-02,0
398,12,Grain Experts,2026-10-05,2026-09-30,1
399,17,Yeast Innovations,2025-12-06,2025-11-22,1
400,18,Raw Materials Ltd,2025-12-12,2025-12-12,1
401,7,Malt Brothers,2025-10-24,2025-10-24,1
402,17,Yeast Innovations,2025-06-01,2025-05-28,1
403,2,Northern Malt,2025-05-25,2025-05-23,1
404,6,Hops Direct,2026-04-18,2026-04-16,1
405,4,Premium Yeast,2026-09-14,2026-09-15,0
406,19,Supply Partners,2025-02-12,2025-02-09,1
407,10,Can Solutions,2025-07-16,2025-07-15,1
408,20,Ingredient Hub,2025-07-18,2025-07-29,0
409,8,Belgian Yeast Co,2026-02-25,2026-02-15,1
410,11,Barley Source,2026-01-08,2026-01-10,0
411,13,Hop Global,2026-03-04,2026-03-12,0
412,6,Hops Direct,2025-11-30,2025-12-10,0
413,8,Belgian Yeast Co,2025-05-06,2025-05-17,0
414,16,Craft Supply Co,2026-09-24,2026-09-21,1
415,19,Supply Partners,2025-12-30,2025-12-30,1
416,5,Brew Logistics,2025-02-11,2025-02-06,1
417,9,Packaging UK,2026-05-24,2026-05-16,1
418,20,Ingredient Hub,2024-12-21,2024-12-29,0
419,1,Hop Alliance UK,2026-06-23,2026-06-26,0
420,3,Euro Malt GmbH,2025-02-22,2025-02-21,1
421,13,Hop Global,2025-07-29,2025-07-19,1
422,9,Packaging UK,2025-09-18,2025-09-13,1
423,12,Grain Experts,2026-01-08,2025-12-29,1
424,1,Hop Alliance UK,2025-11-20,2025-12-05,0
425,20,Ingredient Hub,2024-10-21,2024-10-14,1
426,7,Malt Brothers,2026-09-16,2026-09-12,1
427,14,Bottle Supply,2026-04-01,2026-04-12,0
428,10,Can Solutions,2025-12-26,2025-12-23,1
429,6,Hops Direct,2026-09-18,2026-09-18,1
430,17,Yeast Innovations,2026-10-10,2026-10-10,1
431,11,Barley Source,2025-09-23,2025-09-20,1
432,18,Raw Materials Ltd,2025-02-21,2025-02-25,0
433,3,Euro Malt GmbH,2025-12-14,2025-12-23,0
434,4,Premium Yeast,2025-04-19,2025-04-12,1
435,7,Malt Brothers,2025-03-14,2025-02-27,1
436,4,Premium Yeast,2026-05-27,2026-06-02,0
437,4,Premium Yeast,2025-08-18,2025-08-31,0
438,7,Malt Brothers,2025-03-18,2025-03-07,1
439,1,Hop Alliance UK,2026-03-13,2026-03-14,0
440,20,Ingredient Hub,2026-03-28,2026-03-28,1
441,2,Northern Malt,2025-02-09,2025-02-02,1
442,3,Euro Malt GmbH,2025-11-14,2025-11-16,0
443,17,Yeast Innovations,2025-09-30,2025-09-20,1
444,12,Grain Experts,2026-01-31,2026-01-25,1
445,18,Raw Materials Ltd,2025-11-01,2025-10-29,1
446,17,Yeast Innovations,2026-03-28,2026-03-16,1
447,2,Northern Malt,2026-03-26,2026-03-19,1
448,3,Euro Malt GmbH,2024-11-28,2024-11-28,1
449,6,Hops Direct,2025-09-15,2025-09-18,0
450,9,Packaging UK,2026-10-12,2026-10-02,1
451,18,Raw Materials Ltd,2025-05-07,2025-05-03,1
452,15,Lager Ingredients,2025-02-16,2025-02-27,0
453,9,Packaging UK,2025-06-13,2025-06-26,0
454,11,Barley Source,2025-01-28,2025-02-09,0
455,7,Malt Brothers,2026-06-10,2026-06-23,0
456,10,Can Solutions,2026-07-30,2026-07-31,0
457,20,Ingredient Hub,2025-06-21,2025-07-02,0
458,7,Malt Brothers,2024-11-06,2024-11-11,0
459,16,Craft Supply Co,2024-12-20,2024-12-23,0
460,1,Hop Alliance UK,2025-07-17,2025-07-15,1
461,1,Hop Alliance UK,2026-02-25,2026-03-03,0
462,12,Grain Experts,2026-07-13,2026-07-15,0
463,14,Bottle Supply,2025-11-01,2025-11-09,0
464,9,Packaging UK,2026-08-13,2026-08-15,0
465,9,Packaging UK,2026-08-31,2026-09-08,0
466,1,Hop Alliance UK,2026-02-16,2026-02-15,1
467,8,Belgian Yeast Co,2025-06-04,2025-06-09,0
468,3,Euro Malt GmbH,2025-06-11,2025-06-12,0
469,1,Hop Alliance UK,2025-09-14,2025-09-09,1
470,17,Yeast Innovations,2026-02-07,2026-02-11,0
471,12,Grain Experts,2026-09-09,2026-09-10,0
472,5,Brew Logistics,2025-01-13,2025-01-08,1
473,17,Yeast Innovations,2025-12-16,2025-12-22,0
474,9,Packaging UK,2024-12-12,2024-12-11,1
475,10,Can Solutions,2025-12-04,2025-12-04,1
476,15,Lager Ingredients,2025-02-15,2025-02-22,0
477,12,Grain Experts,2025-07-12,2025-07-02,1
478,10,Can Solutions,2026-05-04,2026-05-06,0
479,4,Premium Yeast,2025-01-14,2025-01-04,1
480,18,Raw Materials Ltd,2025-04-03,2025-04-12,0
481,9,Packaging UK,2025-06-10,2025-05-31,1
482,18,Raw Materials Ltd,2026-06-05,2026-06-03,1
483,11,Barley Source,2025-05-26,2025-05-21,1
484,12,Grain Experts,2025-02-24,2025-03-02,0
485,8,Belgian Yeast Co,2025-01-01,2025-01-08,0
486,7,Malt Brothers,2025-05-20,2025-05-13,1
487,6,Hops Direct,2025-04-25,2025-04-18,1
488,12,Grain Experts,2024-12-21,2024-12-17,1
489,14,Bottle Supply,2025-12-14,2025-12-09,1
490,19,Supply Partners,2025-05-06,2025-05-16,0
491,5,Brew Logistics,2025-02-23,2025-02-20,1
492,20,Ingredient Hub,2025-10-14,2025-10-18,0
493,15,Lager Ingredients,2025-10-26,2025-10-28,0
494,20,Ingredient Hub,2025-03-15,2025-03-17,0
495,4,Premium Yeast,2026-08-18,2026-08-06,1
496,14,Bottle Supply,2025-02-04,2025-02-06,0
497,14,Bottle Supply,2025-11-23,2025-11-30,0
498,12,Grain Experts,2026-06-15,2026-06-08,1
499,13,Hop Global,2026-10-10,2026-10-10,1
500,15,Lager Ingredients,2025-10-26,2025-10-26,1
501,16,Craft Supply Co,2025-04-02,2025-03-28,1
502,19,Supply Partners,2025-12-16,2025-12-11,1
503,1,Hop Alliance UK,2026-07-14,2026-07-11,1
504,10,Can Solutions,2025-01-08,2025-01-15,0
505,11,Barley Source,2024-12-21,2024-12-17,1
506,20,Ingredient Hub,2025-05-02,2025-05-02,1
507,19,Supply Partners,2026-05-31,2026-06-03,0
508,13,Hop Global,2025-05-22,2025-05-15,1
509,4,Premium Yeast,2025-09-26,2025-09-25,1
510,1,Hop Alliance UK,2025-02-04,2025-02-06,0
511,3,Euro Malt GmbH,2026-06-15,2026-06-14,1
512,15,Lager Ingredients,2025-02-09,2025-02-18,0
513,9,Packaging UK,2026-06-02,2026-06-13,0
514,14,Bottle Supply,2026-04-26,2026-04-30,0
515,4,Premium Yeast,2025-08-26,2025-08-27,0
516,7,Malt Brothers,2025-01-29,2025-02-05,0
517,1,Hop Alliance UK,2026-02-11,2026-02-07,1
518,2,Northern Malt,2026-03-12,2026-03-09,1
519,15,Lager Ingredients,2025-01-07,2025-01-09,0
520,12,Grain Experts,2025-11-23,2025-11-19,1
521,9,Packaging UK,2024-10-31,2024-10-27,1
522,1,Hop Alliance UK,2025-01-17,2025-01-15,1
523,11,Barley Source,2025-07-29,2025-08-06,0
524,13,Hop Global,2026-04-23,2026-04-17,1
525,1,Hop Alliance UK,2026-07-20,2026-07-22,0
526,5,Brew Logistics,2025-07-01,2025-06-27,1
527,17,Yeast Innovations,2026-04-21,2026-04-17,1
528,8,Belgian Yeast Co,2025-07-19,2025-07-26,0
529,18,Raw Materials Ltd,2025-12-10,2025-12-11,0
530,5,Brew Logistics,2025-04-19,2025-04-21,0
531,18,Raw Materials Ltd,2026-02-18,2026-02-14,1
532,1,Hop Alliance UK,2026-10-05,2026-10-05,1
533,14,Bottle Supply,2025-06-13,2025-06-08,1
534,18,Raw Materials Ltd,2025-11-04,2025-11-06,0
535,7,Malt Brothers,2026-01-31,2026-01-30,1
536,19,Supply Partners,2024-12-14,2024-12-21,0
537,6,Hops Direct,2025-05-01,2025-04-18,1
538,19,Supply Partners,2026-01-31,2026-02-08,0
539,3,Euro Malt GmbH,2025-09-25,2025-09-25,1
540,9,Packaging UK,2024-11-22,2024-11-09,1
541,6,Hops Direct,2025-02-27,2025-02-26,1
542,9,Packaging UK,2025-09-16,2025-09-22,0
543,11,Barley Source,2025-06-17,2025-06-25,0
544,7,Malt Brothers,2026-08-07,2026-07-31,1
545,14,Bottle Supply,2024-12-25,2024-12-31,0
546,5,Brew Logistics,2025-10-16,2025-10-06,1
547,15,Lager Ingredients,2026-08-14,2026-08-06,1
548,20,Ingredient Hub,2025-04-09,2025-04-08,1
549,19,Supply Partners,2026-07-16,2026-07-12,1
550,18,Raw Materials Ltd,2025-02-19,2025-02-24,0
551,6,Hops Direct,2025-01-19,2025-01-08,1
552,14,Bottle Supply,2026-03-03,2026-03-02,1
553,17,Yeast Innovations,2025-08-01,2025-07-23,1
554,15,Lager Ingredients,2026-03-13,2026-03-13,1
555,12,Grain Experts,2025-04-18,2025-04-13,1
556,12,Grain Experts,2026-01-27,2026-02-01,0
557,1,Hop Alliance UK,2025-12-19,2025-12-28,0
558,2,Northern Malt,2024-12-20,2024-12-19,1
559,3,Euro Malt GmbH,2025-06-20,2025-06-20,1
560,19,Supply Partners,2025-12-18,2025-12-17,1
561,5,Brew Logistics,2025-01-29,2025-01-31,0
562,3,Euro Malt GmbH,2026-02-21,2026-02-17,1
563,17,Yeast Innovations,2025-01-23,2025-02-02,0
564,10,Can Solutions,2025-12-13,2025-12-02,1
565,18,Raw Materials Ltd,2025-09-26,2025-09-25,1
566,5,Brew Logistics,2026-03-08,2026-03-12,0
567,11,Barley Source,2025-08-27,2025-09-06,0
568,10,Can Solutions,2025-07-20,2025-07-16,1
569,13,Hop Global,2025-11-28,2025-11-25,1
570,13,Hop Global,2025-09-22,2025-09-22,1
571,3,Euro Malt GmbH,2026-05-21,2026-05-20,1
572,12,Grain Experts,2025-06-09,2025-06-14,0
573,16,Craft Supply Co,2026-04-20,2026-04-29,0
574,8,Belgian Yeast Co,2024-11-22,2024-11-21,1
575,5,Brew Logistics,2026-04-08,2026-04-04,1
576,13,Hop Global,2026-04-15,2026-04-10,1
577,11,Barley Source,2026-05-09,2026-05-04,1
578,10,Can Solutions,2026-08-19,2026-08-17,1
579,5,Brew Logistics,2025-02-17,2025-02-17,1
580,2,Northern Malt,2025-12-28,2026-01-03,0
581,11,Barley Source,2024-11-10,2024-11-06,1
582,5,Brew Logistics,2025-10-27,2025-10-31,0
583,1,Hop Alliance UK,2026-08-19,2026-08-23,0
584,9,Packaging UK,2026-09-13,2026-09-10,1
585,10,Can Solutions,2025-08-07,2025-08-04,1
586,12,Grain Experts,2025-08-19,2025-08-22,0
587,3,Euro Malt GmbH,2026-06-24,2026-07-06,0
588,3,Euro Malt GmbH,2024-12-31,2024-12-18,1
589,18,Raw Materials Ltd,2024-11-20,2024-11-15,1
590,18,Raw Materials Ltd,2025-08-30,2025-09-09,0
591,10,Can Solutions,2025-02-03,2025-01-29,1
592,7,Malt Brothers,2024-10-21,2024-10-12,1
593,20,Ingredient Hub,2024-12-29,2024-12-24,1
594,18,Raw Materials Ltd,2025-11-04,2025-11-04,1
595,3,Euro Malt GmbH,2025-08-24,2025-08-17,1
596,18,Raw Materials Ltd,2026-03-03,2026-02-22,1
597,14,Bottle Supply,2026-09-16,2026-09-05,1
598,3,Euro Malt GmbH,2026-07-08,2026-07-04,1
599,20,Ingredient Hub,2026-01-23,2026-01-17,1
600,16,Craft Supply Co,2024-11-06,2024-11-06,1
601,16,Craft Supply Co,2025-07-09,2025-07-02,1
602,16,Craft Supply Co,2025-02-08,2025-02-03,1
603,2,Northern Malt,2026-03-03,2026-03-03,1
604,16,Craft Supply Co,2026-02-17,2026-02-20,0
605,18,Raw Materials Ltd,2025-03-16,2025-03-27,0
606,20,Ingredient Hub,2026-10-06,2026-10-06,1
607,11,Barley Source,2026-04-07,2026-04-02,1
608,6,Hops Direct,2025-12-16,2025-12-14,1
609,2,Northern Malt,2026-06-30,2026-06-22,1
610,8,Belgian Yeast Co,2025-07-13,2025-07-20,0
611,11,Barley Source,2025-03-14,2025-03-08,1
612,5,Brew Logistics,2026-09-24,2026-09-22,1
613,17,Yeast Innovations,2026-08-12,2026-07-30,1
614,4,Premium Yeast,2025-07-30,2025-07-31,0
615,20,Ingredient Hub,2025-08-28,2025-08-19,1
616,6,Hops Direct,2025-10-11,2025-10-20,0
617,9,Packaging UK,2025-03-02,2025-03-06,0
618,2,Northern Malt,2025-10-13,2025-10-21,0
619,12,Grain Experts,2026-07-11,2026-07-20,0
620,7,Malt Brothers,2025-11-20,2025-11-27,0
621,19,Supply Partners,2025-12-01,2025-11-29,1
622,19,Supply Partners,2025-09-08,2025-09-12,0
623,9,Packaging UK,2026-03-19,2026-03-14,1
624,11,Barley Source,2026-09-01,2026-09-15,0
625,12,Grain Experts,2026-06-24,2026-06-13,1
626,1,Hop Alliance UK,2025-06-04,2025-06-05,0
627,13,Hop Global,2025-11-09,2025-11-07,1
628,11,Barley Source,2024-11-06,2024-11-02,1
629,7,Malt Brothers,2026-04-25,2026-04-26,0
630,18,Raw Materials Ltd,2026-08-12,2026-08-11,1
631,19,Supply Partners,2026-07-25,2026-07-30,0
632,2,Northern Malt,2024-12-24,2024-12-29,0
633,4,Premium Yeast,2026-03-26,2026-03-24,1
634,7,Malt Brothers,2025-02-08,2025-02-11,0
635,1,Hop Alliance UK,2024-10-18,2024-10-18,1
636,16,Craft Supply Co,2025-12-09,2025-12-15,0
637,1,Hop Alliance UK,2024-11-02,2024-11-08,0
638,18,Raw Materials Ltd,2025-02-15,2025-01-31,1
639,14,Bottle Supply,2025-09-04,2025-08-27,1
640,2,Northern Malt,2025-07-21,2025-07-27,0
641,14,Bottle Supply,2025-03-10,2025-03-09,1
642,14,Bottle Supply,2025-02-26,2025-02-19,1
643,18,Raw Materials Ltd,2025-10-18,2025-10-09,1
644,1,Hop Alliance UK,2025-07-30,2025-08-06,0
645,20,Ingredient Hub,2024-11-23,2024-11-17,1
646,11,Barley Source,2026-03-08,2026-02-28,1
647,12,Grain Experts,2026-03-07,2026-02-26,1
648,11,Barley Source,2025-07-25,2025-07-28,0
649,3,Euro Malt GmbH,2025-08-07,2025-08-03,1
650,3,Euro Malt GmbH,2024-11-17,2024-11-25,0
651,3,Euro Malt GmbH,2026-03-03,2026-02-26,1
652,9,Packaging UK,2025-06-03,2025-06-05,0
653,13,Hop Global,2026-07-19,2026-07-21,0
654,2,Northern Malt,2025-05-31,2025-06-03,0
655,20,Ingredient Hub,2025-12-24,2025-12-24,1
656,1,Hop Alliance UK,2025-05-23,2025-05-20,1
657,19,Supply Partners,2026-03-16,2026-03-22,0
658,11,Barley Source,2025-01-25,2025-01-16,1
659,16,Craft Supply Co,2025-01-02,2024-12-19,1
660,7,Malt Brothers,2026-09-11,2026-09-02,1
661,7,Malt Brothers,2025-01-02,2025-01-09,0
662,2,Northern Malt,2026-04-11,2026-04-13,0
663,14,Bottle Supply,2025-11-16,2025-11-13,1
664,7,Malt Brothers,2026-01-14,2026-01-19,0
665,11,Barley Source,2026-05-21,2026-05-12,1
666,3,Euro Malt GmbH,2026-06-11,2026-06-13,0
667,16,Craft Supply Co,2024-11-25,2024-11-24,1
668,9,Packaging UK,2025-08-23,2025-08-27,0
669,8,Belgian Yeast Co,2026-07-06,2026-07-01,1
670,7,Malt Brothers,2025-03-26,2025-03-25,1
671,10,Can Solutions,2025-04-24,2025-05-03,0
672,14,Bottle Supply,2025-08-10,2025-08-16,0
673,10,Can Solutions,2026-07-08,2026-06-30,1
674,18,Raw Materials Ltd,2025-09-10,2025-09-09,1
675,6,Hops Direct,2025-05-26,2025-05-28,0
676,2,Northern Malt,2025-05-29,2025-06-03,0
677,11,Barley Source,2026-08-18,2026-08-12,1
678,1,Hop Alliance UK,2024-10-25,2024-11-06,0
679,4,Premium Yeast,2025-06-09,2025-06-10,0
680,2,Northern Malt,2025-05-20,2025-05-23,0
681,20,Ingredient Hub,2024-12-26,2024-12-27,0
682,15,Lager Ingredients,2024-10-29,2024-11-04,0
683,10,Can Solutions,2026-09-12,2026-08-31,1
684,14,Bottle Supply,2026-04-11,2026-03-30,1
685,12,Grain Experts,2025-01-24,2025-01-17,1
686,7,Malt Brothers,2025-08-09,2025-08-11,0
687,18,Raw Materials Ltd,2025-10-13,2025-10-13,1
688,14,Bottle Supply,2025-06-25,2025-06-29,0
689,2,Northern Malt,2026-07-07,2026-06-30,1
690,10,Can Solutions,2025-05-31,2025-06-12,0
691,5,Brew Logistics,2026-09-11,2026-09-14,0
692,6,Hops Direct,2025-02-09,2025-02-16,0
693,10,Can Solutions,2026-02-23,2026-03-01,0
694,5,Brew Logistics,2026-04-22,2026-04-21,1
695,16,Craft Supply Co,2025-02-25,2025-03-01,0
696,7,Malt Brothers,2024-10-26,2024-10-28,0
697,14,Bottle Supply,2024-11-04,2024-11-04,1
698,3,Euro Malt GmbH,2025-08-13,2025-08-20,0
699,16,Craft Supply Co,2025-03-05,2025-03-07,0
700,8,Belgian Yeast Co,2025-01-01,2025-01-01,1
701,1,Hop Alliance UK,2025-08-13,2025-07-31,1
702,16,Craft Supply Co,2025-11-03,2025-10-28,1
703,6,Hops Direct,2026-06-18,2026-06-16,1
704,3,Euro Malt GmbH,2026-05-31,2026-06-08,0
705,1,Hop Alliance UK,2025-02-03,2025-02-08,0
706,20,Ingredient Hub,2024-12-12,2024-12-09,1
707,10,Can Solutions,2026-02-20,2026-02-18,1
708,9,Packaging UK,2025-10-22,2025-10-26,0
709,9,Packaging UK,2026-04-02,2026-03-19,1
710,16,Craft Supply Co,2024-11-11,2024-11-12,0
711,2,Northern Malt,2025-07-31,2025-07-31,1
712,5,Brew Logistics,2025-12-14,2025-12-05,1
713,1,Hop Alliance UK,2025-11-10,2025-11-09,1
714,11,Barley Source,2025-06-26,2025-06-29,0
715,13,Hop Global,2026-03-03,2026-02-27,1
716,5,Brew Logistics,2025-11-20,2025-11-19,1
717,6,Hops Direct,2025-04-05,2025-03-28,1
718,7,Malt Brothers,2026-09-02,2026-08-26,1
719,2,Northern Malt,2025-10-29,2025-11-10,0
720,20,Ingredient Hub,2025-08-07,2025-08-05,1
721,10,Can Solutions,2025-11-17,2025-11-13,1
722,16,Craft Supply Co,2026-02-10,2026-02-16,0
723,16,Craft Supply Co,2026-03-08,2026-03-09,0
724,13,Hop Global,2024-11-08,2024-11-16,0
725,8,Belgian Yeast Co,2025-03-02,2025-02-18,1
726,14,Bottle Supply,2025-03-20,2025-03-20,1
727,15,Lager Ingredients,2025-09-04,2025-09-15,0
728,2,Northern Malt,2026-02-10,2026-02-19,0
729,6,Hops Direct,2024-12-27,2025-01-01,0
730,14,Bottle Supply,2024-10-28,2024-10-19,1
731,10,Can Solutions,2025-02-28,2025-02-17,1
732,5,Brew Logistics,2025-10-08,2025-10-18,0
733,15,Lager Ingredients,2026-02-20,2026-02-19,1
734,15,Lager Ingredients,2026-03-01,2026-03-01,1
735,13,Hop Global,2024-12-13,2024-11-30,1
736,9,Packaging UK,2024-12-08,2024-12-08,1
737,10,Can Solutions,2026-06-13,2026-06-16,0
738,11,Barley Source,2025-03-01,2025-02-27,1
739,18,Raw Materials Ltd,2024-11-07,2024-11-16,0
740,10,Can Solutions,2025-05-27,2025-05-16,1
741,7,Malt Brothers,2025-10-11,2025-10-17,0
742,18,Raw Materials Ltd,2025-03-04,2025-02-22,1
743,3,Euro Malt GmbH,2024-11-07,2024-11-08,0
744,6,Hops Direct,2025-04-30,2025-04-21,1
745,14,Bottle Supply,2026-04-23,2026-04-13,1
746,3,Euro Malt GmbH,2025-11-22,2025-12-04,0
747,4,Premium Yeast,2026-05-31,2026-05-23,1
748,14,Bottle Supply,2025-06-16,2025-07-01,0
749,16,Craft Supply Co,2026-04-29,2026-05-07,0
750,8,Belgian Yeast Co,2025-05-21,2025-05-26,0
751,14,Bottle Supply,2025-04-16,2025-04-18,0
752,1,Hop Alliance UK,2026-04-24,2026-04-20,1
753,1,Hop Alliance UK,2024-12-29,2024-12-24,1
754,13,Hop Global,2026-08-09,2026-08-15,0
755,12,Grain Experts,2026-09-21,2026-09-19,1
756,3,Euro Malt GmbH,2025-12-06,2025-12-09,0
757,5,Brew Logistics,2025-11-11,2025-11-16,0
758,20,Ingredient Hub,2025-05-02,2025-04-30,1
759,11,Barley Source,2025-09-16,2025-09-11,1
760,14,Bottle Supply,2025-07-16,2025-07-07,1
761,7,Malt Brothers,2025-08-03,2025-08-07,0
762,11,Barley Source,2026-03-10,2026-03-08,1
763,11,Barley Source,2025-01-04,2024-12-29,1
764,2,Northern Malt,2026-04-25,2026-04-19,1
765,3,Euro Malt GmbH,2024-11-18,2024-11-04,1
766,3,Euro Malt GmbH,2025-11-08,2025-11-19,0
767,6,Hops Direct,2025-11-29,2025-11-27,1
768,3,Euro Malt GmbH,2026-06-05,2026-06-16,0
769,20,Ingredient Hub,2025-03-03,2025-03-01,1
770,8,Belgian Yeast Co,2026-04-20,2026-04-15,1
771,2,Northern Malt,2026-01-24,2026-01-26,0
772,7,Malt Brothers,2024-11-22,2024-11-19,1
773,7,Malt Brothers,2026-06-17,2026-06-22,0
774,9,Packaging UK,2025-09-29,2025-10-06,0
775,20,Ingredient Hub,2025-09-13,2025-09-12,1
776,6,Hops Direct,2025-09-07,2025-09-16,0
777,17,Yeast Innovations,2026-01-26,2026-01-17,1
778,17,Yeast Innovations,2025-05-06,2025-05-02,1
779,4,Premium Yeast,2025-07-10,2025-07-12,0
780,2,Northern Malt,2026-09-24,2026-09-16,1
781,10,Can Solutions,2026-09-22,2026-09-11,1
782,9,Packaging UK,2025-04-05,2025-04-02,1
783,8,Belgian Yeast Co,2026-03-29,2026-04-02,0
784,14,Bottle Supply,2026-07-03,2026-06-28,1
785,12,Grain Experts,2025-09-03,2025-08-28,1
786,10,Can Solutions,2025-09-14,2025-09-09,1
787,5,Brew Logistics,2024-12-22,2024-12-20,1
788,16,Craft Supply Co,2025-07-19,2025-07-05,1
789,11,Barley Source,2025-01-23,2025-01-19,1
790,17,Yeast Innovations,2026-04-01,2026-04-05,0
791,2,Northern Malt,2024-11-08,2024-11-09,0
792,5,Brew Logistics,2025-06-04,2025-06-10,0
793,14,Bottle Supply,2026-09-02,2026-09-07,0
794,18,Raw Materials Ltd,2025-10-20,2025-10-20,1
795,17,Yeast Innovations,2026-08-20,2026-08-16,1
796,16,Craft Supply Co,2026-10-11,2026-10-11,1
797,10,Can Solutions,2026-04-01,2026-04-02,0
798,20,Ingredient Hub,2026-04-11,2026-04-17,0
799,17,Yeast Innovations,2026-03-29,2026-03-22,1
800,12,Grain Experts,2026-01-11,2026-01-11,1
801,9,Packaging UK,2026-02-04,2026-01-21,1
802,3,Euro Malt GmbH,2025-12-02,2025-12-12,0
803,9,Packaging UK,2025-09-28,2025-09-25,1
804,16,Craft Supply Co,2026-06-14,2026-06-06,1
805,14,Bottle Supply,2025-09-28,2025-10-07,0
806,18,Raw Materials Ltd,2026-03-01,2026-03-05,0
807,17,Yeast Innovations,2026-06-01,2026-06-07,0
808,2,Northern Malt,2025-05-27,2025-05-28,0
809,12,Grain Experts,2025-12-13,2025-12-19,0
810,9,Packaging UK,2026-02-09,2026-02-16,0
811,2,Northern Malt,2026-02-17,2026-02-09,1
812,17,Yeast Innovations,2026-08-21,2026-08-18,1
813,1,Hop Alliance UK,2025-09-02,2025-09-03,0
814,7,Malt Brothers,2025-08-26,2025-08-23,1
815,18,Raw Materials Ltd,2025-11-19,2025-11-10,1
816,14,Bottle Supply,2026-09-08,2026-09-08,1
817,7,Malt Brothers,2025-10-07,2025-09-24,1
818,20,Ingredient Hub,2026-09-16,2026-09-15,1
819,10,Can Solutions,2024-11-04,2024-11-02,1
820,5,Brew Logistics,2025-09-10,2025-09-16,0
821,7,Malt Brothers,2024-12-01,2024-12-04,0
822,14,Bottle Supply,2026-03-13,2026-03-10,1
823,20,Ingredient Hub,2026-05-17,2026-05-18,0
824,12,Grain Experts,2025-12-30,2025-12-30,1
825,9,Packaging UK,2026-06-15,2026-06-27,0
826,13,Hop Global,2026-10-02,2026-10-03,0
827,12,Grain Experts,2026-08-02,2026-07-30,1
828,14,Bottle Supply,2025-12-05,2025-11-28,1
829,1,Hop Alliance UK,2025-02-27,2025-02-25,1
830,3,Euro Malt GmbH,2024-11-13,2024-11-21,0
831,14,Bottle Supply,2026-01-21,2026-01-22,0
832,18,Raw Materials Ltd,2024-11-13,2024-11-25,0
833,14,Bottle Supply,2026-04-01,2026-03-24,1
834,11,Barley Source,2025-04-16,2025-04-06,1
835,17,Yeast Innovations,2025-06-12,2025-06-16,0
836,1,Hop Alliance UK,2026-04-05,2026-04-10,0
837,17,Yeast Innovations,2026-05-31,2026-06-05,0
838,16,Craft Supply Co,2025-04-22,2025-04-16,1
839,5,Brew Logistics,2024-11-17,2024-11-17,1
840,3,Euro Malt GmbH,2025-09-03,2025-08-26,1
841,14,Bottle Supply,2026-08-28,2026-09-01,0
842,11,Barley Source,2025-06-22,2025-06-21,1
843,18,Raw Materials Ltd,2026-01-12,2026-01-19,0
844,8,Belgian Yeast Co,2025-03-24,2025-03-13,1
845,6,Hops Direct,2025-05-25,2025-05-21,1
846,9,Packaging UK,2025-05-06,2025-04-28,1
847,6,Hops Direct,2025-12-07,2025-12-12,0
848,5,Brew Logistics,2025-10-15,2025-10-18,0
849,15,Lager Ingredients,2026-05-25,2026-05-27,0
850,9,Packaging UK,2026-08-08,2026-08-07,1
851,7,Malt Brothers,2024-10-26,2024-10-24,1
852,10,Can Solutions,2025-04-08,2025-04-12,0
853,5,Brew Logistics,2026-07-09,2026-07-20,0
854,20,Ingredient Hub,2024-11-18,2024-11-18,1
855,19,Supply Partners,2026-08-24,2026-09-05,0
856,9,Packaging UK,2025-06-02,2025-06-04,0
857,1,Hop Alliance UK,2025-02-07,2025-02-07,1
858,7,Malt Brothers,2025-11-04,2025-10-24,1
859,15,Lager Ingredients,2025-09-04,2025-09-01,1
860,19,Supply Partners,2026-08-11,2026-08-17,0
861,11,Barley Source,2026-05-20,2026-05-15,1
862,9,Packaging UK,2026-09-22,2026-09-10,1
863,16,Craft Supply Co,2026-02-20,2026-02-22,0
864,13,Hop Global,2025-03-16,2025-03-28,0
865,11,Barley Source,2026-09-19,2026-09-15,1
866,19,Supply Partners,2026-02-21,2026-02-19,1
867,9,Packaging UK,2024-12-06,2024-12-07,0
868,2,Northern Malt,2025-07-01,2025-06-30,1
869,1,Hop Alliance UK,2025-10-29,2025-11-03,0
870,16,Craft Supply Co,2026-01-08,2026-01-04,1
871,8,Belgian Yeast Co,2026-04-26,2026-05-05,0
872,18,Raw Materials Ltd,2025-03-04,2025-03-04,1
873,20,Ingredient Hub,2025-04-01,2025-03-29,1
874,5,Brew Logistics,2026-06-24,2026-06-30,0
875,1,Hop Alliance UK,2025-07-18,2025-07-13,1
876,15,Lager Ingredients,2025-08-12,2025-07-29,1
877,16,Craft Supply Co,2025-03-15,2025-03-10,1
878,19,Supply Partners,2026-08-02,2026-07-29,1
879,9,Packaging UK,2026-08-08,2026-08-05,1
880,2,Northern Malt,2025-02-25,2025-03-08,0
881,8,Belgian Yeast Co,2026-04-01,2026-04-02,0
882,10,Can Solutions,2025-12-02,2025-12-14,0
883,1,Hop Alliance UK,2026-06-28,2026-06-22,1
884,3,Euro Malt GmbH,2026-08-01,2026-07-28,1
885,6,Hops Direct,2026-09-04,2026-09-06,0
886,16,Craft Supply Co,2025-11-03,2025-10-24,1
887,17,Yeast Innovations,2026-03-07,2026-03-15,0
888,6,Hops Direct,2026-10-18,2026-10-18,1
889,19,Supply Partners,2026-01-13,2026-01-10,1
890,10,Can Solutions,2025-08-24,2025-08-20,1
891,9,Packaging UK,2025-08-24,2025-08-27,0
892,10,Can Solutions,2024-12-22,2024-12-20,1
893,15,Lager Ingredients,2025-10-22,2025-10-19,1
894,9,Packaging UK,2024-10-23,2024-10-24,0
895,9,Packaging UK,2026-04-27,2026-04-16,1
896,18,Raw Materials Ltd,2025-10-09,2025-10-09,1
897,6,Hops Direct,2024-12-10,2024-12-05,1
898,12,Grain Experts,2025-11-04,2025-11-15,0
899,8,Belgian Yeast Co,2025-03-19,2025-03-22,0
900,16,Craft Supply Co,2024-12-06,2024-12-06,1
901,2,Northern Malt,2025-04-19,2025-04-28,0
902,4,Premium Yeast,2024-12-27,2024-12-18,1
903,6,Hops Direct,2026-08-27,2026-08-21,1
904,14,Bottle Supply,2025-09-29,2025-10-06,0
905,4,Premium Yeast,2026-07-24,2026-07-15,1
906,16,Craft Supply Co,2026-04-09,2026-04-11,0
907,3,Euro Malt GmbH,2026-08-21,2026-08-29,0
908,18,Raw Materials Ltd,2025-12-03,2025-12-02,1
909,8,Belgian Yeast Co,2026-01-07,2026-01-13,0
910,11,Barley Source,2025-07-02,2025-06-30,1
911,17,Yeast Innovations,2026-05-12,2026-05-09,1
912,3,Euro Malt GmbH,2024-11-15,2024-11-04,1
913,14,Bottle Supply,2025-08-29,2025-08-29,1
914,1,Hop Alliance UK,2024-11-10,2024-11-02,1
915,2,Northern Malt,2026-09-03,2026-09-06,0
916,19,Supply Partners,2025-07-29,2025-07-28,1
917,3,Euro Malt GmbH,2024-11-22,2024-11-20,1
918,1,Hop Alliance UK,2025-12-17,2025-12-21,0
919,12,Grain Experts,2025-12-12,2025-12-12,1
920,16,Craft Supply Co,2025-05-27,2025-05-29,0
921,1,Hop Alliance UK,2026-06-10,2026-06-04,1
922,2,Northern Malt,2025-11-25,2025-11-18,1
923,18,Raw Materials Ltd,2025-12-21,2025-12-28,0
924,17,Yeast Innovations,2025-02-22,2025-02-24,0
925,16,Craft Supply Co,2025-12-24,2025-12-13,1
926,2,Northern Malt,2024-10-27,2024-10-29,0
927,16,Craft Supply Co,2025-08-15,2025-08-21,0
928,9,Packaging UK,2026-03-16,2026-03-21,0
929,20,Ingredient Hub,2025-10-05,2025-09-24,1
930,10,Can Solutions,2026-01-26,2026-02-10,0
931,17,Yeast Innovations,2026-08-05,2026-08-05,1
932,17,Yeast Innovations,2025-12-16,2025-12-17,0
933,19,Supply Partners,2026-08-17,2026-08-21,0
934,16,Craft Supply Co,2025-04-18,2025-04-18,1
935,14,Bottle Supply,2025-04-10,2025-04-19,0
936,15,Lager Ingredients,2026-10-09,2026-09-30,1
937,19,Supply Partners,2025-08-09,2025-08-12,0
938,8,Belgian Yeast Co,2025-11-24,2025-11-26,0
939,19,Supply Partners,2025-10-24,2025-10-31,0
940,1,Hop Alliance UK,2025-08-26,2025-08-29,0
941,7,Malt Brothers,2026-01-20,2026-01-14,1
942,20,Ingredient Hub,2026-06-29,2026-07-04,0
943,13,Hop Global,2026-05-09,2026-05-11,0
944,14,Bottle Supply,2025-12-21,2025-12-22,0
945,5,Brew Logistics,2024-11-24,2024-11-25,0
946,14,Bottle Supply,2025-07-24,2025-07-27,0
947,14,Bottle Supply,2026-07-27,2026-08-01,0
948,18,Raw Materials Ltd,2026-08-08,2026-08-11,0
949,3,Euro Malt GmbH,2026-05-30,2026-06-05,0
950,6,Hops Direct,2026-05-30,2026-06-01,0
951,18,Raw Materials Ltd,2026-05-24,2026-05-10,1
952,5,Brew Logistics,2025-07-31,2025-07-21,1
953,5,Brew Logistics,2026-07-04,2026-07-12,0
954,19,Supply Partners,2025-12-22,2025-12-16,1
955,16,Craft Supply Co,2025-03-24,2025-04-01,0
956,8,Belgian Yeast Co,2025-09-09,2025-09-14,0
957,16,Craft Supply Co,2025-08-29,2025-09-03,0
958,6,Hops Direct,2026-06-16,2026-06-15,1
959,12,Grain Experts,2025-05-30,2025-06-04,0
960,7,Malt Brothers,2026-07-10,2026-07-06,1
961,11,Barley Source,2025-08-30,2025-08-29,1
962,8,Belgian Yeast Co,2025-10-10,2025-10-07,1
963,15,Lager Ingredients,2026-03-28,2026-03-29,0
964,9,Packaging UK,2025-07-12,2025-07-19,0
965,3,Euro Malt GmbH,2025-04-23,2025-04-24,0
966,8,Belgian Yeast Co,2026-04-26,2026-05-01,0
967,17,Yeast Innovations,2026-08-14,2026-08-20,0
968,3,Euro Malt GmbH,2025-02-16,2025-02-15,1
969,11,Barley Source,2025-06-06,2025-06-03,1
970,16,Craft Supply Co,2025-05-26,2025-05-26,1
971,17,Yeast Innovations,2024-11-14,2024-11-13,1
972,13,Hop Global,2026-05-17,2026-05-29,0
973,11,Barley Source,2026-02-20,2026-02-23,0
974,18,Raw Materials Ltd,2025-12-08,2025-12-11,0
975,17,Yeast Innovations,2026-02-20,2026-02-09,1
976,14,Bottle Supply,2026-08-06,2026-07-26,1
977,4,Premium Yeast,2025-07-20,2025-07-23,0
978,8,Belgian Yeast Co,2026-04-29,2026-04-23,1
979,11,Barley Source,2025-10-03,2025-10-14,0
980,5,Brew Logistics,2024-11-20,2024-11-27,0
981,6,Hops Direct,2026-04-19,2026-04-14,1
982,13,Hop Global,2026-08-03,2026-07-28,1
983,3,Euro Malt GmbH,2025-02-18,2025-03-01,0
984,20,Ingredient Hub,2024-12-02,2024-12-03,0
985,8,Belgian Yeast Co,2025-06-10,2025-06-13,0
986,6,Hops Direct,2026-01-25,2026-01-29,0
987,11,Barley Source,2025-03-16,2025-03-15,1
988,14,Bottle Supply,2026-01-30,2026-01-31,0
989,12,Grain Experts,2025-04-02,2025-04-03,0
990,7,Malt Brothers,2026-01-01,2025-12-24,1
991,17,Yeast Innovations,2025-05-18,2025-05-15,1
992,11,Barley Source,2025-10-13,2025-10-09,1
993,4,Premium Yeast,2026-01-22,2026-01-25,0
994,4,Premium Yeast,2025-10-26,2025-10-23,1
995,15,Lager Ingredients,2026-05-26,2026-05-22,1
996,1,Hop Alliance UK,2025-01-18,2025-01-10,1
997,8,Belgian Yeast Co,2024-10-29,2024-11-06,0
998,16,Craft Supply Co,2025-10-24,2025-11-01,0
999,10,Can Solutions,2025-04-28,2025-04-24,1
1000,15,Lager Ingredients,2024-11-13,2024-11-13,1
1001,18,Raw Materials Ltd,2026-02-10,2026-02-18,0
1002,4,Premium Yeast,2026-01-15,2026-01-19,0
1003,9,Packaging UK,2025-03-12,2025-03-01,1
1004,2,Northern Malt,2026-10-13,2026-10-13,1
1005,17,Yeast Innovations,2026-04-03,2026-04-06,0
1006,14,Bottle Supply,2025-03-10,2025-03-11,0
1007,4,Premium Yeast,2025-06-20,2025-06-23,0
1008,16,Craft Supply Co,2025-10-28,2025-10-29,0
1009,3,Euro Malt GmbH,2026-04-27,2026-05-04,0
1010,2,Northern Malt,2026-05-04,2026-04-30,1
1011,3,Euro Malt GmbH,2024-12-26,2024-12-24,1
1012,15,Lager Ingredients,2025-09-07,2025-09-15,0
1013,11,Barley Source,2026-02-21,2026-03-03,0
1014,6,Hops Direct,2025-09-19,2025-09-16,1
1015,18,Raw Materials Ltd,2026-04-15,2026-04-24,0
1016,17,Yeast Innovations,2025-01-11,2024-12-28,1
1017,12,Grain Experts,2026-09-25,2026-09-25,1
1018,7,Malt Brothers,2025-04-23,2025-04-20,1
1019,13,Hop Global,2026-06-20,2026-06-10,1
1020,1,Hop Alliance UK,2026-01-02,2026-01-04,0
1021,15,Lager Ingredients,2026-05-19,2026-05-14,1
1022,19,Supply Partners,2026-02-24,2026-02-26,0
1023,10,Can Solutions,2025-08-17,2025-08-09,1
1024,6,Hops Direct,2026-02-06,2026-02-21,0
1025,1,Hop Alliance UK,2026-05-22,2026-05-14,1
1026,14,Bottle Supply,2026-03-04,2026-02-22,1
1027,1,Hop Alliance UK,2025-05-22,2025-05-29,0
1028,18,Raw Materials Ltd,2026-01-22,2026-01-31,0
1029,16,Craft Supply Co,2024-10-23,2024-11-01,0
1030,2,Northern Malt,2025-04-22,2025-04-16,1
1031,12,Grain Experts,2026-03-12,2026-03-20,0
1032,9,Packaging UK,2025-09-23,2025-10-07,0
1033,19,Supply Partners,2025-06-26,2025-06-25,1
1034,16,Craft Supply Co,2025-08-17,2025-08-16,1
1035,13,Hop Global,2025-05-30,2025-06-01,0
1036,8,Belgian Yeast Co,2026-02-07,2026-02-13,0
1037,11,Barley Source,2025-01-18,2025-01-24,0
1038,2,Northern Malt,2026-08-31,2026-09-05,0
1039,13,Hop Global,2025-06-07,2025-06-14,0
1040,5,Brew Logistics,2026-01-11,2026-01-26,0
1041,10,Can Solutions,2026-07-27,2026-08-07,0
1042,13,Hop Global,2025-02-19,2025-02-21,0
1043,16,Craft Supply Co,2025-06-25,2025-06-22,1
1044,18,Raw Materials Ltd,2025-05-26,2025-05-28,0
1045,18,Raw Materials Ltd,2025-12-09,2025-12-12,0
1046,9,Packaging UK,2025-01-04,2024-12-24,1
1047,15,Lager Ingredients,2025-05-09,2025-05-13,0
1048,11,Barley Source,2025-04-23,2025-04-28,0
1049,11,Barley Source,2025-02-11,2025-02-20,0
1050,19,Supply Partners,2026-04-25,2026-04-15,1
1051,18,Raw Materials Ltd,2025-03-22,2025-03-16,1
1052,12,Grain Experts,2025-05-09,2025-05-02,1
1053,2,Northern Malt,2025-04-04,2025-04-07,0
1054,20,Ingredient Hub,2025-03-26,2025-03-21,1
1055,16,Craft Supply Co,2026-07-03,2026-07-01,1
1056,3,Euro Malt GmbH,2025-10-20,2025-10-24,0
1057,6,Hops Direct,2024-11-24,2024-11-17,1
1058,5,Brew Logistics,2025-07-05,2025-06-21,1
1059,12,Grain Experts,2026-01-04,2026-01-17,0
1060,1,Hop Alliance UK,2026-01-05,2026-01-05,1
1061,2,Northern Malt,2025-06-13,2025-06-09,1
1062,18,Raw Materials Ltd,2025-04-29,2025-04-15,1
1063,5,Brew Logistics,2026-01-29,2026-01-19,1
1064,3,Euro Malt GmbH,2025-11-18,2025-11-24,0
1065,1,Hop Alliance UK,2025-10-23,2025-10-23,1
1066,8,Belgian Yeast Co,2026-01-12,2026-01-21,0
1067,11,Barley Source,2026-05-07,2026-04-24,1
1068,17,Yeast Innovations,2025-09-20,2025-09-20,1
1069,13,Hop Global,2025-09-16,2025-09-16,1
1070,2,Northern Malt,2025-08-14,2025-08-17,0
1071,17,Yeast Innovations,2026-08-20,2026-08-21,0
1072,16,Craft Supply Co,2026-02-18,2026-02-20,0
1073,18,Raw Materials Ltd,2024-11-11,2024-10-31,1
1074,11,Barley Source,2026-05-11,2026-05-05,1
1075,12,Grain Experts,2026-10-02,2026-09-25,1
1076,16,Craft Supply Co,2026-03-29,2026-04-05,0
1077,16,Craft Supply Co,2025-06-10,2025-06-01,1
1078,19,Supply Partners,2025-06-27,2025-06-26,1
1079,13,Hop Global,2025-02-24,2025-02-22,1
1080,13,Hop Global,2025-01-24,2025-02-03,0
1081,3,Euro Malt GmbH,2025-02-01,2025-02-09,0
1082,14,Bottle Supply,2025-10-17,2025-10-14,1
1083,12,Grain Experts,2025-08-24,2025-08-19,1
1084,6,Hops Direct,2026-02-20,2026-02-14,1
1085,7,Malt Brothers,2025-08-27,2025-08-29,0
1086,6,Hops Direct,2025-12-19,2025-12-10,1
1087,2,Northern Malt,2026-06-10,2026-05-27,1
1088,6,Hops Direct,2026-02-11,2026-02-16,0
1089,18,Raw Materials Ltd,2025-06-26,2025-07-11,0
1090,9,Packaging UK,2025-05-08,2025-05-01,1
1091,12,Grain Experts,2024-12-16,2024-12-08,1
1092,13,Hop Global,2025-01-14,2025-01-25,0
1093,19,Supply Partners,2025-07-21,2025-07-25,0
1094,12,Grain Experts,2026-07-08,2026-06-28,1
1095,10,Can Solutions,2025-07-15,2025-07-14,1
1096,10,Can Solutions,2025-06-02,2025-05-28,1
1097,5,Brew Logistics,2026-02-01,2026-02-12,0
1098,17,Yeast Innovations,2026-08-29,2026-08-20,1
1099,16,Craft Supply Co,2025-01-05,2024-12-25,1
1100,12,Grain Experts,2025-08-03,2025-08-03,1
1101,3,Euro Malt GmbH,2025-08-01,2025-07-26,1
1102,6,Hops Direct,2025-05-08,2025-05-18,0
1103,14,Bottle Supply,2025-03-14,2025-03-18,0
1104,7,Malt Brothers,2025-10-15,2025-10-07,1
1105,2,Northern Malt,2025-08-27,2025-08-31,0
1106,8,Belgian Yeast Co,2026-09-01,2026-08-18,1
1107,5,Brew Logistics,2025-06-02,2025-06-11,0
1108,18,Raw Materials Ltd,2025-10-29,2025-10-30,0
1109,6,Hops Direct,2025-10-28,2025-10-19,1
1110,14,Bottle Supply,2025-12-05,2025-12-10,0
1111,17,Yeast Innovations,2025-08-04,2025-08-09,0
1112,8,Belgian Yeast Co,2025-05-31,2025-06-13,0
1113,5,Brew Logistics,2026-06-02,2026-05-24,1
1114,17,Yeast Innovations,2025-02-17,2025-02-16,1
1115,1,Hop Alliance UK,2025-03-24,2025-04-04,0
1116,4,Premium Yeast,2025-05-14,2025-05-06,1
1117,14,Bottle Supply,2025-02-26,2025-02-17,1
1118,12,Grain Experts,2026-02-25,2026-02-26,0
1119,5,Brew Logistics,2025-07-15,2025-07-13,1
1120,5,Brew Logistics,2026-01-12,2026-01-10,1
1121,16,Craft Supply Co,2024-12-04,2024-11-26,1
1122,12,Grain Experts,2026-10-04,2026-10-04,1
1123,12,Grain Experts,2025-09-30,2025-09-29,1
1124,10,Can Solutions,2025-07-17,2025-07-05,1
1125,19,Supply Partners,2025-03-08,2025-03-10,0
1126,8,Belgian Yeast Co,2025-07-26,2025-07-24,1
1127,6,Hops Direct,2024-12-06,2024-12-11,0
1128,20,Ingredient Hub,2025-07-24,2025-07-15,1
1129,18,Raw Materials Ltd,2026-06-15,2026-06-17,0
1130,3,Euro Malt GmbH,2025-10-14,2025-10-18,0
1131,20,Ingredient Hub,2025-06-21,2025-06-16,1
1132,8,Belgian Yeast Co,2026-07-27,2026-08-10,0
1133,4,Premium Yeast,2026-10-07,2026-10-07,1
1134,19,Supply Partners,2026-04-05,2026-04-02,1
1135,10,Can Solutions,2024-11-30,2024-12-07,0
1136,12,Grain Experts,2025-03-29,2025-03-29,1
1137,12,Grain Experts,2024-12-21,2024-12-28,0
1138,5,Brew Logistics,2025-07-24,2025-08-03,0
1139,3,Euro Malt GmbH,2024-12-15,2024-12-21,0
1140,15,Lager Ingredients,2026-07-12,2026-07-14,0
1141,11,Barley Source,2025-05-14,2025-05-11,1
1142,9,Packaging UK,2026-07-04,2026-07-03,1
1143,14,Bottle Supply,2025-03-09,2025-02-24,1
1144,13,Hop Global,2025-04-04,2025-03-29,1
1145,9,Packaging UK,2025-04-24,2025-04-22,1
1146,4,Premium Yeast,2026-03-06,2026-02-23,1
1147,14,Bottle Supply,2024-11-24,2024-11-18,1
1148,18,Raw Materials Ltd,2026-09-16,2026-09-07,1
1149,4,Premium Yeast,2025-11-23,2025-11-21,1
1150,12,Grain Experts,2026-03-04,2026-02-20,1
1151,11,Barley Source,2025-03-25,2025-03-30,0
1152,12,Grain Experts,2025-03-21,2025-03-13,1
1153,8,Belgian Yeast Co,2025-12-05,2025-11-28,1
1154,10,Can Solutions,2025-09-16,2025-09-10,1
1155,5,Brew Logistics,2026-03-18,2026-03-18,1
1156,20,Ingredient Hub,2024-12-26,2024-12-28,0
1157,14,Bottle Supply,2025-08-11,2025-08-07,1
1158,12,Grain Experts,2025-11-18,2025-11-04,1
1159,4,Premium Yeast,2026-02-09,2026-02-16,0
1160,16,Craft Supply Co,2026-03-05,2026-03-19,0
1161,4,Premium Yeast,2025-02-14,2025-02-17,0
1162,3,Euro Malt GmbH,2026-08-14,2026-08-14,1
1163,14,Bottle Supply,2025-01-19,2025-01-27,0
1164,8,Belgian Yeast Co,2025-10-14,2025-10-19,0
1165,12,Grain Experts,2025-08-03,2025-08-11,0
1166,10,Can Solutions,2025-08-14,2025-08-18,0
1167,19,Supply Partners,2025-08-08,2025-08-15,0
1168,5,Brew Logistics,2026-03-24,2026-03-20,1
1169,1,Hop Alliance UK,2025-03-30,2025-03-20,1
1170,10,Can Solutions,2026-04-15,2026-04-14,1
1171,11,Barley Source,2026-06-30,2026-06-30,1
1172,6,Hops Direct,2024-11-11,2024-11-10,1
1173,2,Northern Malt,2025-05-19,2025-05-10,1
1174,18,Raw Materials Ltd,2026-10-11,2026-10-11,1
1175,10,Can Solutions,2025-01-13,2025-01-15,0
1176,17,Yeast Innovations,2025-06-30,2025-06-25,1
1177,1,Hop Alliance UK,2026-04-28,2026-04-30,0
1178,2,Northern Malt,2024-12-29,2024-12-31,0
1179,12,Grain Experts,2025-07-19,2025-07-14,1
1180,14,Bottle Supply,2026-02-21,2026-02-18,1
1181,6,Hops Direct,2024-10-31,2024-10-28,1
1182,7,Malt Brothers,2025-07-24,2025-08-07,0
1183,18,Raw Materials Ltd,2025-12-25,2025-12-24,1
1184,9,Packaging UK,2025-03-06,2025-03-06,1
1185,12,Grain Experts,2025-05-21,2025-05-24,0
1186,5,Brew Logistics,2025-06-30,2025-06-25,1
1187,18,Raw Materials Ltd,2025-09-27,2025-09-24,1
1188,14,Bottle Supply,2026-06-22,2026-06-17,1
1189,16,Craft Supply Co,2024-11-12,2024-11-07,1
1190,9,Packaging UK,2025-08-22,2025-08-18,1
1191,13,Hop Global,2025-07-19,2025-07-27,0
1192,5,Brew Logistics,2025-07-11,2025-06-29,1
1193,17,Yeast Innovations,2024-12-17,2024-12-21,0
1194,19,Supply Partners,2025-07-07,2025-07-04,1
1195,4,Premium Yeast,2024-10-27,2024-10-26,1
1196,17,Yeast Innovations,2026-05-15,2026-05-10,1
1197,1,Hop Alliance UK,2026-08-06,2026-08-03,1
1198,14,Bottle Supply,2025-12-04,2025-12-09,0
1199,18,Raw Materials Ltd,2026-06-19,2026-06-20,0
1200,13,Hop Global,2025-01-12,2025-01-12,1
1201,1,Hop Alliance UK,2026-04-10,2026-03-30,1
1202,9,Packaging UK,2025-07-20,2025-07-29,0
1203,13,Hop Global,2026-02-22,2026-02-15,1
1204,10,Can Solutions,2025-08-20,2025-09-03,0
1205,7,Malt Brothers,2024-12-18,2024-12-09,1
1206,5,Brew Logistics,2025-12-21,2025-12-27,0
1207,13,Hop Global,2025-03-04,2025-02-23,1
1208,9,Packaging UK,2024-11-26,2024-11-17,1
1209,11,Barley Source,2025-03-18,2025-03-14,1
1210,11,Barley Source,2026-09-13,2026-09-07,1
1211,13,Hop Global,2025-02-14,2025-02-18,0
1212,11,Barley Source,2025-08-11,2025-08-21,0
1213,7,Malt Brothers,2025-03-12,2025-03-07,1
1214,7,Malt Brothers,2026-03-17,2026-03-21,0
1215,3,Euro Malt GmbH,2026-07-20,2026-07-14,1
1216,5,Brew Logistics,2026-09-03,2026-08-31,1
1217,9,Packaging UK,2026-07-16,2026-07-25,0
1218,9,Packaging UK,2024-12-16,2024-12-09,1
1219,8,Belgian Yeast Co,2026-05-14,2026-05-15,0
1220,17,Yeast Innovations,2025-01-18,2025-01-11,1
1221,1,Hop Alliance UK,2026-06-03,2026-06-09,0
1222,5,Brew Logistics,2025-12-30,2025-12-31,0
1223,20,Ingredient Hub,2025-05-18,2025-05-22,0
1224,5,Brew Logistics,2025-06-07,2025-05-28,1
1225,15,Lager Ingredients,2026-07-19,2026-07-24,0
1226,5,Brew Logistics,2026-01-26,2026-01-29,0
1227,11,Barley Source,2025-09-28,2025-09-18,1
1228,19,Supply Partners,2026-02-10,2026-02-04,1
1229,17,Yeast Innovations,2025-03-25,2025-03-26,0
1230,17,Yeast Innovations,2026-09-27,2026-09-27,1
1231,19,Supply Partners,2026-03-03,2026-03-01,1
1232,19,Supply Partners,2026-09-05,2026-09-11,0
1233,7,Malt Brothers,2026-02-04,2026-02-03,1
1234,10,Can Solutions,2025-07-06,2025-06-25,1
1235,1,Hop Alliance UK,2026-01-13,2026-01-18,0
1236,4,Premium Yeast,2026-04-06,2026-04-03,1
1237,19,Supply Partners,2025-05-05,2025-05-03,1
1238,17,Yeast Innovations,2024-12-05,2024-12-10,0
1239,18,Raw Materials Ltd,2025-10-17,2025-10-27,0
1240,13,Hop Global,2025-07-17,2025-07-18,0
1241,6,Hops Direct,2024-10-26,2024-10-18,1
1242,19,Supply Partners,2025-12-19,2025-12-18,1
1243,2,Northern Malt,2025-06-02,2025-06-08,0
1244,9,Packaging UK,2026-06-09,2026-06-04,1
1245,9,Packaging UK,2026-06-21,2026-06-19,1
1246,12,Grain Experts,2025-02-01,2025-01-30,1
1247,19,Supply Partners,2025-07-19,2025-07-24,0
1248,16,Craft Supply Co,2025-01-12,2025-01-20,0
1249,6,Hops Direct,2026-10-12,2026-10-12,1
1250,7,Malt Brothers,2025-02-16,2025-02-14,1
1251,16,Craft Supply Co,2026-05-31,2026-05-29,1
1252,10,Can Solutions,2025-01-18,2025-01-22,0
1253,7,Malt Brothers,2026-07-25,2026-07-28,0
1254,3,Euro Malt GmbH,2026-05-29,2026-06-01,0
1255,5,Brew Logistics,2026-10-05,2026-10-01,1
1256,11,Barley Source,2026-09-07,2026-09-13,0
1257,12,Grain Experts,2026-01-15,2026-01-06,1
1258,3,Euro Malt GmbH,2025-05-14,2025-05-15,0
1259,7,Malt Brothers,2025-12-20,2025-12-19,1
1260,9,Packaging UK,2025-08-10,2025-08-11,0
1261,13,Hop Global,2024-11-09,2024-11-06,1
1262,17,Yeast Innovations,2025-04-09,2025-04-11,0
1263,5,Brew Logistics,2025-03-04,2025-03-04,1
1264,5,Brew Logistics,2025-08-22,2025-08-26,0
1265,12,Grain Experts,2026-07-29,2026-08-03,0
1266,6,Hops Direct,2026-01-20,2026-01-18,1
1267,11,Barley Source,2026-08-17,2026-08-04,1
1268,9,Packaging UK,2025-03-16,2025-03-17,0
1269,18,Raw Materials Ltd,2025-02-04,2025-02-07,0
1270,16,Craft Supply Co,2025-03-19,2025-03-24,0
1271,19,Supply Partners,2024-12-27,2024-12-21,1
1272,9,Packaging UK,2025-03-05,2025-03-02,1
1273,7,Malt Brothers,2026-03-30,2026-03-18,1
1274,4,Premium Yeast,2026-06-11,2026-06-17,0
1275,5,Brew Logistics,2025-04-03,2025-03-25,1
1276,1,Hop Alliance UK,2026-03-13,2026-03-10,1
1277,12,Grain Experts,2026-01-26,2026-01-28,0
1278,8,Belgian Yeast Co,2025-03-03,2025-02-27,1
1279,13,Hop Global,2025-09-14,2025-09-12,1
1280,2,Northern Malt,2024-12-12,2024-12-15,0
1281,20,Ingredient Hub,2025-09-26,2025-09-14,1
1282,13,Hop Global,2025-11-26,2025-11-18,1
1283,4,Premium Yeast,2026-03-13,2026-03-19,0
1284,3,Euro Malt GmbH,2025-02-14,2025-02-02,1
1285,15,Lager Ingredients,2025-10-15,2025-10-10,1
1286,16,Craft Supply Co,2025-05-24,2025-05-27,0
1287,7,Malt Brothers,2024-12-24,2024-12-28,0
1288,9,Packaging UK,2024-12-09,2024-12-12,0
1289,14,Bottle Supply,2025-11-30,2025-11-16,1
1290,1,Hop Alliance UK,2025-08-09,2025-07-31,1
1291,9,Packaging UK,2025-12-04,2025-11-29,1
1292,14,Bottle Supply,2026-05-02,2026-04-24,1
1293,8,Belgian Yeast Co,2025-05-02,2025-04-26,1
1294,19,Supply Partners,2024-11-03,2024-11-12,0
1295,15,Lager Ingredients,2026-03-08,2026-03-15,0
1296,18,Raw Materials Ltd,2026-05-11,2026-05-12,0
1297,18,Raw Materials Ltd,2025-07-23,2025-07-24,0
1298,14,Bottle Supply,2025-01-22,2025-01-24,0
1299,10,Can Solutions,2024-12-07,2024-12-06,1
1300,18,Raw Materials Ltd,2025-04-24,2025-04-24,1
1301,13,Hop Global,2025-11-20,2025-11-29,0
1302,1,Hop Alliance UK,2026-07-05,2026-07-02,1
1303,20,Ingredient Hub,2026-04-06,2026-03-27,1
1304,5,Brew Logistics,2024-12-06,2024-12-15,0
1305,11,Barley Source,2026-05-05,2026-05-03,1
1306,4,Premium Yeast,2025-03-13,2025-03-13,1
1307,2,Northern Malt,2026-04-19,2026-04-20,0
1308,4,Premium Yeast,2026-02-04,2026-01-31,1
1309,18,Raw Materials Ltd,2025-10-26,2025-10-23,1
1310,16,Craft Supply Co,2024-11-26,2024-11-29,0
1311,12,Grain Experts,2025-05-23,2025-05-27,0
1312,14,Bottle Supply,2025-05-04,2025-05-15,0
1313,13,Hop Global,2025-10-29,2025-11-05,0
1314,4,Premium Yeast,2024-12-05,2024-12-15,0
1315,18,Raw Materials Ltd,2026-09-27,2026-09-28,0
1316,18,Raw Materials Ltd,2025-08-29,2025-08-23,1
1317,19,Supply Partners,2026-06-27,2026-06-13,1
1318,19,Supply Partners,2026-04-29,2026-05-05,0
1319,19,Supply Partners,2025-10-02,2025-09-23,1
1320,8,Belgian Yeast Co,2025-08-01,2025-07-29,1
1321,4,Premium Yeast,2025-03-15,2025-03-14,1
1322,18,Raw Materials Ltd,2026-09-03,2026-09-13,0
1323,1,Hop Alliance UK,2024-12-24,2024-12-23,1
1324,17,Yeast Innovations,2026-03-07,2026-03-07,1
1325,2,Northern Malt,2025-07-16,2025-07-17,0
1326,18,Raw Materials Ltd,2026-09-17,2026-09-19,0
1327,18,Raw Materials Ltd,2026-07-17,2026-07-09,1
1328,2,Northern Malt,2025-11-11,2025-10-29,1
1329,17,Yeast Innovations,2025-03-26,2025-03-15,1
1330,18,Raw Materials Ltd,2026-07-31,2026-07-28,1
1331,11,Barley Source,2024-11-01,2024-11-11,0
1332,15,Lager Ingredients,2026-05-21,2026-05-16,1
1333,16,Craft Supply Co,2026-04-06,2026-04-12,0
1334,11,Barley Source,2025-05-28,2025-05-30,0
1335,16,Craft Supply Co,2026-01-17,2026-01-17,1
1336,4,Premium Yeast,2026-04-24,2026-04-24,1
1337,10,Can Solutions,2026-09-08,2026-09-14,0
1338,10,Can Solutions,2025-05-19,2025-05-29,0
1339,5,Brew Logistics,2025-03-23,2025-03-27,0
1340,2,Northern Malt,2026-02-28,2026-03-15,0
1341,15,Lager Ingredients,2025-05-18,2025-05-17,1
1342,14,Bottle Supply,2026-10-10,2026-10-10,1
1343,16,Craft Supply Co,2025-06-15,2025-06-07,1
1344,8,Belgian Yeast Co,2026-06-08,2026-06-09,0
1345,16,Craft Supply Co,2024-12-11,2024-12-12,0
1346,18,Raw Materials Ltd,2025-04-28,2025-05-02,0
1347,7,Malt Brothers,2025-02-07,2025-02-05,1
1348,1,Hop Alliance UK,2025-03-12,2025-03-05,1
1349,7,Malt Brothers,2024-12-06,2024-12-16,0
1350,3,Euro Malt GmbH,2025-02-28,2025-03-08,0
1351,13,Hop Global,2026-07-27,2026-08-01,0
1352,12,Grain Experts,2025-07-29,2025-07-27,1
1353,18,Raw Materials Ltd,2026-01-20,2026-01-29,0
1354,3,Euro Malt GmbH,2025-06-23,2025-06-15,1
1355,19,Supply Partners,2026-08-21,2026-08-25,0
1356,2,Northern Malt,2025-12-12,2025-12-05,1
1357,1,Hop Alliance UK,2025-11-23,2025-12-03,0
1358,17,Yeast Innovations,2025-09-23,2025-09-22,1
1359,15,Lager Ingredients,2026-04-24,2026-04-20,1
1360,16,Craft Supply Co,2026-08-18,2026-08-19,0
1361,14,Bottle Supply,2025-04-14,2025-04-26,0
1362,6,Hops Direct,2026-02-12,2026-02-20,0
1363,15,Lager Ingredients,2026-01-01,2026-01-06,0
1364,6,Hops Direct,2025-11-21,2025-11-24,0
1365,14,Bottle Supply,2026-07-30,2026-07-21,1
1366,11,Barley Source,2025-02-02,2025-02-08,0
1367,15,Lager Ingredients,2026-04-13,2026-04-05,1
1368,4,Premium Yeast,2026-06-01,2026-05-29,1
1369,13,Hop Global,2025-01-22,2025-01-29,0
1370,15,Lager Ingredients,2026-06-22,2026-06-23,0
1371,13,Hop Global,2025-01-11,2025-01-09,1
1372,10,Can Solutions,2026-05-07,2026-05-05,1
1373,6,Hops Direct,2025-10-05,2025-10-10,0
1374,1,Hop Alliance UK,2026-10-03,2026-10-03,1
1375,20,Ingredient Hub,2026-02-14,2026-02-23,0
1376,17,Yeast Innovations,2026-01-05,2026-01-14,0
1377,10,Can Solutions,2025-06-27,2025-06-29,0
1378,11,Barley Source,2026-08-24,2026-08-30,0
1379,17,Yeast Innovations,2025-10-22,2025-10-19,1
1380,20,Ingredient Hub,2026-04-19,2026-04-25,0
1381,20,Ingredient Hub,2026-06-24,2026-07-04,0
1382,5,Brew Logistics,2025-05-16,2025-05-05,1
1383,20,Ingredient Hub,2025-12-03,2025-11-29,1
1384,16,Craft Supply Co,2025-06-30,2025-07-05,0
1385,9,Packaging UK,2025-12-27,2025-12-26,1
1386,11,Barley Source,2024-10-30,2024-11-09,0
1387,4,Premium Yeast,2026-03-10,2026-03-11,0
1388,13,Hop Global,2024-10-26,2024-10-28,0
1389,17,Yeast Innovations,2025-09-04,2025-08-31,1
1390,20,Ingredient Hub,2025-04-02,2025-03-26,1
1391,20,Ingredient Hub,2025-10-30,2025-10-22,1
1392,4,Premium Yeast,2026-10-07,2026-10-04,1
1393,5,Brew Logistics,2024-11-01,2024-11-11,0
1394,19,Supply Partners,2025-12-21,2025-12-08,1
1395,14,Bottle Supply,2025-12-30,2026-01-01,0
1396,8,Belgian Yeast Co,2026-04-11,2026-04-01,1
1397,2,Northern Malt,2025-08-24,2025-08-27,0
1398,20,Ingredient Hub,2024-11-18,2024-11-10,1
1399,13,Hop Global,2025-08-02,2025-08-07,0
1400,12,Grain Experts,2025-08-30,2025-08-30,1
1401,11,Barley Source,2026-05-23,2026-05-30,0
1402,16,Craft Supply Co,2025-02-28,2025-02-25,1
1403,3,Euro Malt GmbH,2026-03-04,2026-03-04,1
1404,13,Hop Global,2025-03-03,2025-03-05,0
1405,8,Belgian Yeast Co,2024-12-13,2024-12-11,1
1406,10,Can Solutions,2025-11-07,2025-11-06,1
1407,6,Hops Direct,2026-09-01,2026-09-05,0
1408,6,Hops Direct,2026-03-27,2026-03-23,1
1409,17,Yeast Innovations,2026-01-17,2026-01-19,0
1410,11,Barley Source,2026-02-20,2026-03-03,0
1411,6,Hops Direct,2026-07-28,2026-07-30,0
1412,9,Packaging UK,2026-08-25,2026-08-19,1
1413,3,Euro Malt GmbH,2025-09-10,2025-09-13,0
1414,17,Yeast Innovations,2026-08-06,2026-08-04,1
1415,13,Hop Global,2025-05-13,2025-05-02,1
1416,10,Can Solutions,2026-04-18,2026-04-11,1
1417,20,Ingredient Hub,2026-09-01,2026-08-27,1
1418,4,Premium Yeast,2026-03-29,2026-04-07,0
1419,3,Euro Malt GmbH,2026-04-20,2026-04-29,0
1420,6,Hops Direct,2025-02-09,2025-02-15,0
1421,20,Ingredient Hub,2026-05-23,2026-05-28,0
1422,17,Yeast Innovations,2026-03-31,2026-04-03,0
1423,13,Hop Global,2025-03-23,2025-03-18,1
1424,6,Hops Direct,2025-07-13,2025-07-14,0
1425,14,Bottle Supply,2026-02-25,2026-03-04,0
1426,8,Belgian Yeast Co,2026-09-14,2026-09-06,1
1427,17,Yeast Innovations,2025-06-22,2025-06-25,0
1428,16,Craft Supply Co,2026-07-28,2026-07-20,1
1429,1,Hop Alliance UK,2026-08-22,2026-08-20,1
1430,10,Can Solutions,2026-08-27,2026-08-26,1
1431,9,Packaging UK,2026-07-06,2026-07-17,0
1432,17,Yeast Innovations,2025-05-17,2025-05-11,1
1433,10,Can Solutions,2026-06-07,2026-06-13,0
1434,17,Yeast Innovations,2026-09-06,2026-09-05,1
1435,15,Lager Ingredients,2025-01-12,2025-01-07,1
1436,14,Bottle Supply,2025-03-03,2025-03-03,1
1437,12,Grain Experts,2025-02-21,2025-02-24,0
1438,7,Malt Brothers,2026-03-30,2026-03-20,1
1439,16,Craft Supply Co,2025-04-08,2025-04-04,1
1440,13,Hop Global,2025-06-14,2025-06-18,0
1441,17,Yeast Innovations,2025-03-27,2025-04-01,0
1442,11,Barley Source,2025-01-01,2024-12-31,1
1443,20,Ingredient Hub,2026-06-06,2026-06-18,0
1444,9,Packaging UK,2026-08-09,2026-08-16,0
1445,3,Euro Malt GmbH,2026-04-11,2026-04-13,0
1446,16,Craft Supply Co,2025-08-21,2025-08-24,0
1447,20,Ingredient Hub,2024-10-14,2024-10-28,0
1448,13,Hop Global,2026-09-26,2026-09-25,1
1449,9,Packaging UK,2025-05-27,2025-05-26,1
1450,13,Hop Global,2025-11-22,2025-11-18,1
1451,10,Can Solutions,2026-05-24,2026-05-21,1
1452,18,Raw Materials Ltd,2026-06-28,2026-06-19,1
1453,12,Grain Experts,2026-08-10,2026-08-16,0
1454,16,Craft Supply Co,2026-03-13,2026-03-17,0
1455,2,Northern Malt,2026-09-06,2026-09-09,0
1456,9,Packaging UK,2026-06-09,2026-06-06,1
1457,8,Belgian Yeast Co,2026-06-10,2026-06-07,1
1458,16,Craft Supply Co,2025-01-09,2025-01-09,1
1459,17,Yeast Innovations,2025-02-05,2025-02-16,0
1460,14,Bottle Supply,2024-10-14,2024-10-19,0
1461,9,Packaging UK,2025-12-06,2025-12-10,0
1462,16,Craft Supply Co,2026-10-02,2026-09-24,1
1463,3,Euro Malt GmbH,2026-07-10,2026-07-14,0
1464,2,Northern Malt,2026-02-04,2026-02-05,0
1465,20,Ingredient Hub,2024-12-19,2024-12-20,0
1466,17,Yeast Innovations,2026-09-06,2026-09-09,0
1467,16,Craft Supply Co,2026-08-10,2026-08-07,1
1468,19,Supply Partners,2025-03-08,2025-02-25,1
1469,6,Hops Direct,2025-08-13,2025-08-21,0
1470,5,Brew Logistics,2026-06-17,2026-06-23,0
1471,14,Bottle Supply,2026-01-22,2026-01-24,0
1472,16,Craft Supply Co,2026-06-04,2026-05-21,1
1473,16,Craft Supply Co,2025-07-12,2025-07-20,0
1474,11,Barley Source,2025-11-09,2025-11-15,0
1475,8,Belgian Yeast Co,2025-02-24,2025-03-01,0
1476,9,Packaging UK,2024-11-24,2024-12-08,0
1477,5,Brew Logistics,2025-06-08,2025-06-08,1
1478,15,Lager Ingredients,2026-05-16,2026-05-14,1
1479,12,Grain Experts,2025-06-05,2025-06-08,0
1480,14,Bottle Supply,2025-11-19,2025-11-09,1
1481,1,Hop Alliance UK,2026-08-15,2026-08-25,0
1482,18,Raw Materials Ltd,2025-01-07,2025-01-04,1
1483,14,Bottle Supply,2026-07-27,2026-08-05,0
1484,12,Grain Experts,2026-01-12,2026-01-09,1
1485,20,Ingredient Hub,2026-03-27,2026-03-28,0
1486,19,Supply Partners,2026-05-23,2026-05-31,0
1487,7,Malt Brothers,2025-03-04,2025-03-11,0
1488,19,Supply Partners,2025-01-05,2025-01-16,0
1489,18,Raw Materials Ltd,2026-03-12,2026-03-09,1
1490,11,Barley Source,2025-04-29,2025-04-16,1
1491,13,Hop Global,2025-12-07,2025-12-14,0
1492,19,Supply Partners,2025-08-25,2025-08-31,0
1493,2,Northern Malt,2025-06-11,2025-06-03,1
1494,9,Packaging UK,2026-05-31,2026-05-19,1
1495,19,Supply Partners,2026-06-05,2026-06-18,0
1496,1,Hop Alliance UK,2026-04-24,2026-04-14,1
1497,16,Craft Supply Co,2026-10-15,2026-10-15,1
1498,1,Hop Alliance UK,2025-05-13,2025-05-08,1
1499,6,Hops Direct,2026-02-12,2026-02-22,0
1500,4,Premium Yeast,2024-12-24,2024-12-24,1
1501,5,Brew Logistics,2025-07-06,2025-07-03,1
1502,19,Supply Partners,2026-06-16,2026-06-04,1
1503,13,Hop Global,2026-05-15,2026-05-08,1
1504,9,Packaging UK,2024-11-16,2024-11-07,1
1505,11,Barley Source,2026-02-28,2026-02-28,1
1506,2,Northern Malt,2026-01-07,2026-01-06,1
1507,13,Hop Global,2026-06-19,2026-06-24,0
1508,18,Raw Materials Ltd,2026-05-08,2026-05-16,0
1509,12,Grain Experts,2025-11-30,2025-12-04,0
1510,20,Ingredient Hub,2025-12-12,2025-12-02,1
1511,6,Hops Direct,2025-01-08,2025-01-02,1
1512,13,Hop Global,2024-11-09,2024-11-07,1
1513,3,Euro Malt GmbH,2026-04-02,2026-04-04,0
1514,12,Grain Experts,2025-12-09,2025-12-16,0
1515,6,Hops Direct,2025-08-30,2025-09-08,0
1516,20,Ingredient Hub,2025-06-24,2025-06-13,1
1517,15,Lager Ingredients,2025-08-08,2025-08-12,0
1518,19,Supply Partners,2024-12-09,2024-12-17,0
1519,8,Belgian Yeast Co,2025-10-09,2025-10-15,0
1520,8,Belgian Yeast Co,2025-11-27,2025-11-26,1
1521,14,Bottle Supply,2026-06-01,2026-06-05,0
1522,7,Malt Brothers,2026-06-15,2026-06-19,0
1523,11,Barley Source,2025-01-11,2025-01-07,1
1524,4,Premium Yeast,2025-12-26,2025-12-27,0
1525,3,Euro Malt GmbH,2026-03-10,2026-03-07,1
1526,11,Barley Source,2026-03-12,2026-03-24,0
1527,11,Barley Source,2025-06-08,2025-06-20,0
1528,1,Hop Alliance UK,2026-03-27,2026-04-06,0
1529,16,Craft Supply Co,2025-05-24,2025-05-27,0
1530,15,Lager Ingredients,2025-01-24,2025-01-23,1
1531,8,Belgian Yeast Co,2026-03-22,2026-03-23,0
1532,6,Hops Direct,2025-04-05,2025-04-02,1
1533,15,Lager Ingredients,2025-01-01,2024-12-31,1
1534,6,Hops Direct,2025-10-18,2025-10-11,1
1535,1,Hop Alliance UK,2026-01-16,2026-01-02,1
1536,3,Euro Malt GmbH,2025-02-11,2025-01-31,1
1537,20,Ingredient Hub,2026-04-02,2026-04-05,0
1538,12,Grain Experts,2026-09-22,2026-09-15,1
1539,11,Barley Source,2025-06-01,2025-06-08,0
1540,18,Raw Materials Ltd,2024-11-04,2024-10-26,1
1541,3,Euro Malt GmbH,2026-08-01,2026-08-11,0
1542,9,Packaging UK,2025-10-17,2025-10-15,1
1543,9,Packaging UK,2025-10-05,2025-10-04,1
1544,20,Ingredient Hub,2026-01-26,2026-01-30,0
1545,2,Northern Malt,2026-02-07,2026-01-31,1
1546,19,Supply Partners,2026-06-15,2026-06-12,1
1547,7,Malt Brothers,2024-12-16,2024-12-20,0
1548,14,Bottle Supply,2025-04-17,2025-04-28,0
1549,9,Packaging UK,2026-05-23,2026-05-19,1
1550,5,Brew Logistics,2026-08-17,2026-08-14,1
1551,10,Can Solutions,2025-05-18,2025-05-14,1
1552,2,Northern Malt,2025-08-10,2025-08-06,1
1553,19,Supply Partners,2026-09-11,2026-09-02,1
1554,15,Lager Ingredients,2025-08-29,2025-08-26,1
1555,1,Hop Alliance UK,2025-08-01,2025-08-10,0
1556,4,Premium Yeast,2026-09-05,2026-08-24,1
1557,5,Brew Logistics,2025-11-26,2025-11-27,0
1558,13,Hop Global,2026-06-07,2026-06-10,0
1559,10,Can Solutions,2026-04-12,2026-04-08,1
1560,6,Hops Direct,2025-01-29,2025-02-07,0
1561,8,Belgian Yeast Co,2025-06-17,2025-06-07,1
1562,11,Barley Source,2026-06-20,2026-06-14,1
1563,4,Premium Yeast,2025-08-01,2025-07-17,1
1564,10,Can Solutions,2026-03-03,2026-03-03,1
1565,7,Malt Brothers,2026-06-04,2026-06-04,1
1566,19,Supply Partners,2026-07-10,2026-07-20,0
1567,12,Grain Experts,2024-10-26,2024-10-19,1
1568,15,Lager Ingredients,2025-03-16,2025-03-24,0
1569,4,Premium Yeast,2025-09-16,2025-09-18,0
1570,20,Ingredient Hub,2025-04-04,2025-04-13,0
1571,5,Brew Logistics,2024-11-18,2024-11-28,0
1572,17,Yeast Innovations,2025-06-07,2025-06-10,0
1573,2,Northern Malt,2025-03-18,2025-03-09,1
1574,6,Hops Direct,2025-06-17,2025-06-24,0
1575,5,Brew Logistics,2026-06-11,2026-06-18,0
1576,18,Raw Materials Ltd,2026-02-04,2026-01-26,1
1577,11,Barley Source,2025-06-22,2025-06-26,0
1578,4,Premium Yeast,2026-07-25,2026-08-01,0
1579,16,Craft Supply Co,2026-03-30,2026-03-28,1
1580,19,Supply Partners,2025-06-19,2025-06-23,0
1581,2,Northern Malt,2026-02-13,2026-02-27,0
1582,12,Grain Experts,2025-10-31,2025-11-05,0
1583,1,Hop Alliance UK,2026-06-21,2026-06-16,1
1584,1,Hop Alliance UK,2025-03-11,2025-03-02,1
1585,10,Can Solutions,2025-05-07,2025-05-02,1
1586,12,Grain Experts,2026-09-06,2026-09-11,0
1587,14,Bottle Supply,2025-04-23,2025-04-30,0
1588,13,Hop Global,2026-03-31,2026-03-31,1
1589,3,Euro Malt GmbH,2026-04-03,2026-04-09,0
1590,4,Premium Yeast,2025-11-02,2025-11-06,0
1591,4,Premium Yeast,2026-08-31,2026-08-23,1
1592,14,Bottle Supply,2024-12-20,2024-12-14,1
1593,2,Northern Malt,2025-04-24,2025-04-24,1
1594,17,Yeast Innovations,2025-09-09,2025-09-12,0
1595,6,Hops Direct,2025-03-17,2025-03-19,0
1596,4,Premium Yeast,2025-03-18,2025-03-26,0
1597,7,Malt Brothers,2026-03-06,2026-03-13,0
1598,7,Malt Brothers,2026-06-23,2026-06-21,1
1599,19,Supply Partners,2025-06-03,2025-06-01,1
1600,19,Supply Partners,2025-05-14,2025-05-14,1
1601,1,Hop Alliance UK,2026-07-07,2026-07-08,0
1602,14,Bottle Supply,2024-10-31,2024-11-14,0
1603,3,Euro Malt GmbH,2025-11-16,2025-11-23,0
1604,9,Packaging UK,2026-02-15,2026-02-19,0
1605,19,Supply Partners,2026-03-25,2026-03-30,0
1606,6,Hops Direct,2026-07-21,2026-07-24,0
1607,17,Yeast Innovations,2025-03-30,2025-03-30,1
1608,2,Northern Malt,2025-10-19,2025-10-14,1
1609,13,Hop Global,2024-12-18,2024-12-19,0
1610,8,Belgian Yeast Co,2026-05-06,2026-05-08,0
1611,7,Malt Brothers,2026-07-24,2026-07-20,1
1612,16,Craft Supply Co,2025-09-23,2025-09-21,1
1613,5,Brew Logistics,2024-11-09,2024-11-21,0
1614,15,Lager Ingredients,2025-04-07,2025-04-03,1
1615,12,Grain Experts,2025-03-19,2025-03-17,1
1616,12,Grain Experts,2026-10-07,2026-10-07,1
1617,8,Belgian Yeast Co,2025-05-01,2025-05-11,0
1618,7,Malt Brothers,2025-08-27,2025-09-05,0
1619,15,Lager Ingredients,2026-04-12,2026-04-07,1
1620,11,Barley Source,2025-07-05,2025-07-11,0
1621,5,Brew Logistics,2025-08-01,2025-07-23,1
1622,20,Ingredient Hub,2025-01-06,2025-01-06,1
1623,16,Craft Supply Co,2024-11-15,2024-11-12,1
1624,5,Brew Logistics,2025-05-20,2025-05-15,1
1625,19,Supply Partners,2026-03-20,2026-03-21,0
1626,13,Hop Global,2025-01-31,2025-02-10,0
1627,5,Brew Logistics,2024-10-26,2024-11-07,0
1628,8,Belgian Yeast Co,2025-05-05,2025-04-25,1
1629,11,Barley Source,2025-11-20,2025-11-12,1
1630,6,Hops Direct,2025-07-23,2025-07-27,0
1631,20,Ingredient Hub,2025-02-03,2025-02-05,0
1632,18,Raw Materials Ltd,2025-03-18,2025-03-16,1
1633,16,Craft Supply Co,2024-11-24,2024-11-19,1
1634,16,Craft Supply Co,2026-08-22,2026-08-16,1
1635,11,Barley Source,2026-03-06,2026-02-26,1
1636,13,Hop Global,2026-02-27,2026-02-22,1
1637,16,Craft Supply Co,2026-05-28,2026-05-15,1
1638,18,Raw Materials Ltd,2026-06-10,2026-06-16,0
1639,17,Yeast Innovations,2026-08-16,2026-08-20,0
1640,4,Premium Yeast,2026-03-21,2026-03-14,1
1641,19,Supply Partners,2024-12-31,2025-01-12,0
1642,6,Hops Direct,2025-08-22,2025-08-20,1
1643,6,Hops Direct,2025-05-09,2025-05-15,0
1644,10,Can Solutions,2025-01-15,2025-01-10,1
1645,7,Malt Brothers,2024-11-13,2024-11-10,1
1646,11,Barley Source,2024-10-23,2024-10-27,0
1647,6,Hops Direct,2025-02-02,2025-02-04,0
1648,4,Premium Yeast,2024-12-03,2024-12-12,0
1649,20,Ingredient Hub,2025-05-10,2025-05-11,0
1650,12,Grain Experts,2026-03-12,2026-03-07,1
1651,8,Belgian Yeast Co,2026-04-03,2026-03-23,1
1652,11,Barley Source,2025-04-17,2025-04-14,1
1653,18,Raw Materials Ltd,2025-06-30,2025-06-22,1
1654,19,Supply Partners,2024-12-22,2024-12-10,1
1655,9,Packaging UK,2025-04-09,2025-04-04,1
1656,16,Craft Supply Co,2025-11-10,2025-11-13,0
1657,7,Malt Brothers,2026-05-24,2026-05-26,0
1658,4,Premium Yeast,2025-08-18,2025-08-19,0
1659,1,Hop Alliance UK,2024-11-24,2024-11-12,1
1660,15,Lager Ingredients,2025-10-06,2025-10-13,0
1661,13,Hop Global,2025-10-31,2025-11-11,0
1662,10,Can Solutions,2025-07-30,2025-08-09,0
1663,15,Lager Ingredients,2026-02-07,2026-02-03,1
1664,11,Barley Source,2024-10-22,2024-10-14,1
1665,14,Bottle Supply,2026-05-01,2026-04-27,1
1666,10,Can Solutions,2026-02-19,2026-02-16,1
1667,20,Ingredient Hub,2026-02-14,2026-02-10,1
1668,12,Grain Experts,2025-10-10,2025-10-06,1
1669,11,Barley Source,2026-06-05,2026-06-08,0
1670,17,Yeast Innovations,2025-07-02,2025-06-22,1
1671,14,Bottle Supply,2025-09-27,2025-10-04,0
1672,10,Can Solutions,2026-07-25,2026-07-23,1
1673,8,Belgian Yeast Co,2026-06-15,2026-06-12,1
1674,9,Packaging UK,2025-10-09,2025-10-03,1
1675,5,Brew Logistics,2025-12-14,2025-12-17,0
1676,19,Supply Partners,2026-04-05,2026-04-07,0
1677,8,Belgian Yeast Co,2026-06-09,2026-06-05,1
1678,7,Malt Brothers,2026-10-14,2026-10-14,1
1679,2,Northern Malt,2025-11-15,2025-11-20,0
1680,5,Brew Logistics,2026-04-14,2026-04-14,1
1681,20,Ingredient Hub,2025-01-12,2025-01-21,0
1682,14,Bottle Supply,2026-06-07,2026-06-05,1
1683,20,Ingredient Hub,2024-11-17,2024-11-08,1
1684,8,Belgian Yeast Co,2025-02-08,2025-02-05,1
1685,1,Hop Alliance UK,2025-09-03,2025-09-04,0
1686,14,Bottle Supply,2025-06-06,2025-06-03,1
1687,19,Supply Partners,2025-04-11,2025-03-30,1
1688,1,Hop Alliance UK,2025-03-07,2025-02-28,1
1689,4,Premium Yeast,2026-05-21,2026-05-28,0
1690,16,Craft Supply Co,2025-05-11,2025-05-04,1
1691,18,Raw Materials Ltd,2026-02-12,2026-02-09,1
1692,13,Hop Global,2026-01-17,2026-01-12,1
1693,18,Raw Materials Ltd,2025-09-02,2025-08-23,1
1694,15,Lager Ingredients,2026-04-03,2026-04-08,0
1695,13,Hop Global,2025-06-19,2025-06-25,0
1696,2,Northern Malt,2025-11-20,2025-11-13,1
1697,4,Premium Yeast,2026-06-20,2026-06-24,0
1698,20,Ingredient Hub,2026-08-05,2026-07-23,1
1699,8,Belgian Yeast Co,2026-10-17,2026-10-17,1
1700,3,Euro Malt GmbH,2025-06-19,2025-06-19,1
1701,9,Packaging UK,2026-01-03,2026-01-04,0
1702,6,Hops Direct,2025-01-08,2025-01-14,0
1703,12,Grain Experts,2026-05-25,2026-05-24,1
1704,12,Grain Experts,2026-05-15,2026-05-10,1
1705,4,Premium Yeast,2026-05-02,2026-05-09,0
1706,10,Can Solutions,2025-06-20,2025-06-16,1
1707,19,Supply Partners,2025-11-09,2025-11-11,0
1708,20,Ingredient Hub,2025-10-16,2025-10-22,0
1709,10,Can Solutions,2026-05-27,2026-05-31,0
1710,12,Grain Experts,2026-02-21,2026-02-19,1
1711,10,Can Solutions,2026-10-04,2026-10-04,1
1712,2,Northern Malt,2025-12-20,2025-12-26,0
1713,8,Belgian Yeast Co,2026-05-04,2026-04-30,1
1714,17,Yeast Innovations,2024-12-03,2024-11-23,1
1715,17,Yeast Innovations,2026-01-05,2025-12-25,1
1716,19,Supply Partners,2025-03-16,2025-03-18,0
1717,15,Lager Ingredients,2025-06-17,2025-06-18,0
1718,6,Hops Direct,2025-10-19,2025-10-21,0
1719,10,Can Solutions,2025-04-05,2025-03-30,1
1720,5,Brew Logistics,2025-01-23,2025-02-02,0
1721,11,Barley Source,2026-09-08,2026-09-13,0
1722,10,Can Solutions,2026-07-24,2026-07-21,1
1723,4,Premium Yeast,2026-05-11,2026-05-11,1
1724,18,Raw Materials Ltd,2026-06-12,2026-06-21,0
1725,13,Hop Global,2025-06-22,2025-06-13,1
1726,14,Bottle Supply,2026-07-09,2026-06-30,1
1727,5,Brew Logistics,2025-03-10,2025-03-11,0
1728,12,Grain Experts,2025-01-10,2025-01-17,0
1729,3,Euro Malt GmbH,2026-09-04,2026-08-29,1
1730,7,Malt Brothers,2026-03-08,2026-03-19,0
1731,18,Raw Materials Ltd,2025-01-17,2025-01-17,1
1732,19,Supply Partners,2026-08-27,2026-09-03,0
1733,3,Euro Malt GmbH,2025-03-05,2025-03-12,0
1734,12,Grain Experts,2026-05-26,2026-05-20,1
1735,14,Bottle Supply,2026-10-01,2026-09-19,1
1736,2,Northern Malt,2026-08-17,2026-08-13,1
1737,3,Euro Malt GmbH,2025-01-17,2025-01-07,1
1738,4,Premium Yeast,2025-08-19,2025-08-28,0
1739,15,Lager Ingredients,2025-02-14,2025-02-15,0
1740,13,Hop Global,2025-02-17,2025-02-13,1
1741,6,Hops Direct,2025-12-13,2025-12-18,0
1742,5,Brew Logistics,2025-05-04,2025-05-09,0
1743,13,Hop Global,2025-03-12,2025-03-20,0
1744,6,Hops Direct,2024-11-24,2024-11-22,1
1745,18,Raw Materials Ltd,2025-05-12,2025-05-21,0
1746,3,Euro Malt GmbH,2026-10-09,2026-10-06,1
1747,19,Supply Partners,2024-12-26,2024-12-29,0
1748,2,Northern Malt,2026-03-25,2026-03-27,0
1749,16,Craft Supply Co,2025-05-29,2025-05-22,1
1750,1,Hop Alliance UK,2026-08-30,2026-08-27,1
1751,12,Grain Experts,2025-02-19,2025-02-27,0
1752,3,Euro Malt GmbH,2026-08-07,2026-08-08,0
1753,14,Bottle Supply,2025-05-15,2025-05-18,0
1754,6,Hops Direct,2026-04-16,2026-04-21,0
1755,19,Supply Partners,2025-08-13,2025-08-09,1
1756,5,Brew Logistics,2024-11-06,2024-10-23,1
1757,19,Supply Partners,2025-10-07,2025-10-07,1
1758,6,Hops Direct,2025-05-18,2025-05-08,1
1759,18,Raw Materials Ltd,2025-12-06,2025-12-09,0
1760,20,Ingredient Hub,2026-07-10,2026-07-03,1
1761,7,Malt Brothers,2026-02-21,2026-02-21,1
1762,6,Hops Direct,2025-05-29,2025-05-23,1
1763,6,Hops Direct,2024-11-04,2024-11-07,0
1764,12,Grain Experts,2026-05-26,2026-05-26,1
1765,7,Malt Brothers,2026-09-21,2026-09-21,1
1766,6,Hops Direct,2025-06-23,2025-06-21,1
1767,10,Can Solutions,2025-12-19,2025-12-21,0
1768,11,Barley Source,2025-07-02,2025-07-15,0
1769,12,Grain Experts,2025-09-07,2025-09-10,0
1770,10,Can Solutions,2025-08-18,2025-08-19,0
1771,9,Packaging UK,2026-04-26,2026-04-29,0
1772,17,Yeast Innovations,2024-11-17,2024-11-21,0
1773,14,Bottle Supply,2026-05-16,2026-05-16,1
1774,11,Barley Source,2025-08-04,2025-07-27,1
1775,14,Bottle Supply,2025-12-10,2025-12-23,0
1776,4,Premium Yeast,2026-03-18,2026-03-09,1
1777,12,Grain Experts,2026-03-08,2026-03-01,1
1778,6,Hops Direct,2026-09-28,2026-09-28,1
1779,4,Premium Yeast,2025-09-20,2025-09-22,0
1780,11,Barley Source,2025-09-18,2025-09-22,0
1781,12,Grain Experts,2025-01-14,2025-01-11,1
1782,2,Northern Malt,2025-09-07,2025-09-04,1
1783,11,Barley Source,2025-02-07,2025-02-03,1
1784,20,Ingredient Hub,2025-05-13,2025-05-24,0
1785,3,Euro Malt GmbH,2026-04-12,2026-04-11,1
1786,2,Northern Malt,2025-01-20,2025-01-17,1
1787,8,Belgian Yeast Co,2026-08-05,2026-08-07,0
1788,19,Supply Partners,2026-09-21,2026-09-27,0
1789,9,Packaging UK,2025-09-23,2025-09-23,1
1790,15,Lager Ingredients,2025-04-20,2025-04-12,1
1791,19,Supply Partners,2025-12-08,2025-12-21,0
1792,1,Hop Alliance UK,2026-01-25,2026-02-01,0
1793,19,Supply Partners,2026-06-24,2026-06-21,1
1794,7,Malt Brothers,2025-03-25,2025-03-22,1
1795,19,Supply Partners,2025-01-02,2025-01-04,0
1796,10,Can Solutions,2024-11-07,2024-11-15,0
1797,8,Belgian Yeast Co,2026-09-21,2026-09-16,1
1798,3,Euro Malt GmbH,2026-02-28,2026-02-16,1
1799,5,Brew Logistics,2026-04-02,2026-03-30,1
1800,1,Hop Alliance UK,2025-09-01,2025-09-01,1
1801,14,Bottle Supply,2025-01-14,2025-01-19,0
1802,20,Ingredient Hub,2025-05-15,2025-05-18,0
1803,7,Malt Brothers,2026-10-14,2026-10-14,1
1804,17,Yeast Innovations,2025-12-19,2025-12-16,1
1805,13,Hop Global,2025-05-24,2025-05-23,1
1806,10,Can Solutions,2025-05-21,2025-05-27,0
1807,4,Premium Yeast,2026-01-07,2026-01-10,0
1808,16,Craft Supply Co,2026-04-13,2026-04-08,1
1809,1,Hop Alliance UK,2025-11-25,2025-11-27,0
1810,14,Bottle Supply,2026-05-20,2026-05-16,1
1811,9,Packaging UK,2025-05-14,2025-05-20,0
1812,10,Can Solutions,2025-07-26,2025-08-07,0
1813,5,Brew Logistics,2026-03-25,2026-03-30,0
1814,6,Hops Direct,2025-12-22,2025-12-23,0
1815,10,Can Solutions,2025-10-23,2025-10-26,0
1816,10,Can Solutions,2025-11-05,2025-11-19,0
1817,16,Craft Supply Co,2025-02-04,2025-01-27,1
1818,20,Ingredient Hub,2026-07-27,2026-07-29,0
1819,13,Hop Global,2026-02-13,2026-02-19,0
1820,2,Northern Malt,2025-06-08,2025-06-09,0
1821,18,Raw Materials Ltd,2025-06-21,2025-07-02,0
1822,4,Premium Yeast,2025-02-13,2025-02-06,1
1823,1,Hop Alliance UK,2025-12-16,2025-12-05,1
1824,15,Lager Ingredients,2026-03-25,2026-03-27,0
1825,11,Barley Source,2026-03-05,2026-03-16,0
1826,14,Bottle Supply,2025-04-21,2025-05-01,0
1827,14,Bottle Supply,2026-04-19,2026-04-20,0
1828,18,Raw Materials Ltd,2026-09-04,2026-09-16,0
1829,6,Hops Direct,2026-01-22,2026-01-30,0
1830,10,Can Solutions,2026-05-14,2026-05-06,1
1831,10,Can Solutions,2025-10-29,2025-10-21,1
1832,12,Grain Experts,2026-03-26,2026-03-22,1
1833,14,Bottle Supply,2025-05-03,2025-05-10,0
1834,3,Euro Malt GmbH,2026-06-09,2026-05-28,1
1835,7,Malt Brothers,2026-09-10,2026-09-07,1
1836,5,Brew Logistics,2025-04-21,2025-04-13,1
1837,7,Malt Brothers,2025-11-08,2025-11-18,0
1838,18,Raw Materials Ltd,2026-02-24,2026-02-16,1
1839,7,Malt Brothers,2026-03-27,2026-04-04,0
1840,9,Packaging UK,2026-09-23,2026-09-15,1
1841,17,Yeast Innovations,2026-07-08,2026-07-14,0
1842,19,Supply Partners,2026-01-15,2026-01-14,1
1843,3,Euro Malt GmbH,2025-09-05,2025-08-28,1
1844,6,Hops Direct,2024-12-03,2024-12-11,0
1845,20,Ingredient Hub,2026-04-17,2026-04-24,0
1846,8,Belgian Yeast Co,2025-12-09,2025-12-12,0
1847,2,Northern Malt,2025-10-19,2025-10-17,1
1848,12,Grain Experts,2026-08-31,2026-09-01,0
1849,14,Bottle Supply,2025-04-27,2025-05-09,0
1850,15,Lager Ingredients,2025-01-04,2025-01-02,1
1851,6,Hops Direct,2026-06-20,2026-06-08,1
1852,7,Malt Brothers,2025-07-27,2025-07-22,1
1853,16,Craft Supply Co,2025-09-03,2025-09-06,0
1854,1,Hop Alliance UK,2024-11-11,2024-11-10,1
1855,18,Raw Materials Ltd,2026-03-28,2026-04-02,0
1856,1,Hop Alliance UK,2025-02-10,2025-02-02,1
1857,19,Supply Partners,2025-01-30,2025-01-28,1
1858,10,Can Solutions,2026-05-31,2026-06-02,0
1859,9,Packaging UK,2026-09-22,2026-09-18,1
1860,20,Ingredient Hub,2025-03-10,2025-03-22,0
1861,19,Supply Partners,2025-08-22,2025-08-22,1
1862,4,Premium Yeast,2025-08-06,2025-08-04,1
1863,13,Hop Global,2025-12-16,2025-12-19,0
1864,11,Barley Source,2025-11-21,2025-11-08,1
1865,13,Hop Global,2026-02-04,2026-01-31,1
1866,2,Northern Malt,2025-05-17,2025-05-12,1
1867,8,Belgian Yeast Co,2025-10-20,2025-10-07,1
1868,8,Belgian Yeast Co,2025-10-10,2025-10-10,1
1869,3,Euro Malt GmbH,2025-11-03,2025-10-27,1
1870,17,Yeast Innovations,2025-12-24,2025-12-30,0
1871,2,Northern Malt,2025-12-04,2025-12-10,0
1872,1,Hop Alliance UK,2025-09-13,2025-09-20,0
1873,1,Hop Alliance UK,2025-03-26,2025-04-07,0
1874,14,Bottle Supply,2025-03-20,2025-03-21,0
1875,11,Barley Source,2025-03-19,2025-03-20,0
1876,14,Bottle Supply,2025-01-12,2025-01-04,1
1877,15,Lager Ingredients,2026-03-12,2026-03-02,1
1878,15,Lager Ingredients,2024-11-10,2024-11-06,1
1879,20,Ingredient Hub,2025-12-20,2025-12-17,1
1880,17,Yeast Innovations,2026-05-04,2026-05-05,0
1881,18,Raw Materials Ltd,2024-11-01,2024-11-15,0
1882,12,Grain Experts,2025-06-12,2025-06-20,0
1883,14,Bottle Supply,2026-08-07,2026-08-10,0
1884,18,Raw Materials Ltd,2025-01-31,2025-01-24,1
1885,5,Brew Logistics,2026-04-27,2026-04-30,0
1886,15,Lager Ingredients,2026-06-15,2026-06-11,1
1887,2,Northern Malt,2026-05-24,2026-05-16,1
1888,5,Brew Logistics,2026-04-28,2026-04-28,1
1889,9,Packaging UK,2025-02-18,2025-02-23,0
1890,11,Barley Source,2026-08-16,2026-08-15,1
1891,19,Supply Partners,2026-02-04,2026-02-11,0
1892,13,Hop Global,2024-11-29,2024-11-28,1
1893,14,Bottle Supply,2026-08-11,2026-08-08,1
1894,9,Packaging UK,2024-11-26,2024-11-25,1
1895,15,Lager Ingredients,2026-08-20,2026-08-14,1
1896,1,Hop Alliance UK,2025-11-01,2025-10-20,1
1897,10,Can Solutions,2026-03-03,2026-03-01,1
1898,16,Craft Supply Co,2026-07-09,2026-06-30,1
1899,20,Ingredient Hub,2025-02-04,2025-02-09,0
1900,9,Packaging UK,2026-07-04,2026-07-04,1
1901,9,Packaging UK,2025-01-07,2025-01-02,1
1902,7,Malt Brothers,2025-12-09,2025-12-14,0
1903,1,Hop Alliance UK,2025-08-02,2025-08-07,0
1904,13,Hop Global,2025-05-31,2025-06-02,0
1905,8,Belgian Yeast Co,2026-07-22,2026-07-27,0
1906,4,Premium Yeast,2026-01-30,2026-01-30,1
1907,19,Supply Partners,2025-07-25,2025-07-30,0
1908,18,Raw Materials Ltd,2024-11-09,2024-11-04,1
1909,6,Hops Direct,2025-08-10,2025-08-04,1
1910,14,Bottle Supply,2026-09-03,2026-09-15,0
1911,20,Ingredient Hub,2026-02-26,2026-03-05,0
1912,12,Grain Experts,2025-04-25,2025-04-20,1
1913,19,Supply Partners,2026-08-12,2026-08-14,0
1914,3,Euro Malt GmbH,2025-06-02,2025-06-15,0
1915,2,Northern Malt,2026-04-22,2026-05-02,0
1916,10,Can Solutions,2025-11-28,2025-11-28,1
1917,8,Belgian Yeast Co,2026-05-02,2026-05-05,0
1918,4,Premium Yeast,2026-04-19,2026-04-30,0
1919,14,Bottle Supply,2026-03-03,2026-02-23,1
1920,19,Supply Partners,2025-03-10,2025-03-02,1
1921,1,Hop Alliance UK,2026-04-10,2026-04-12,0
1922,1,Hop Alliance UK,2025-11-20,2025-11-22,0
1923,16,Craft Supply Co,2026-02-12,2026-02-08,1
1924,16,Craft Supply Co,2025-07-06,2025-07-13,0
1925,11,Barley Source,2025-07-08,2025-07-16,0
1926,15,Lager Ingredients,2025-12-08,2025-12-14,0
1927,12,Grain Experts,2026-05-16,2026-05-25,0
1928,14,Bottle Supply,2026-06-13,2026-06-14,0
1929,10,Can Solutions,2025-07-15,2025-07-19,0
1930,13,Hop Global,2026-04-13,2026-04-07,1
1931,18,Raw Materials Ltd,2026-05-12,2026-05-10,1
1932,2,Northern Malt,2026-04-29,2026-05-01,0
1933,1,Hop Alliance UK,2025-09-27,2025-10-03,0
1934,18,Raw Materials Ltd,2026-01-04,2026-01-16,0
1935,1,Hop Alliance UK,2025-12-07,2025-12-02,1
1936,9,Packaging UK,2025-08-19,2025-08-16,1
1937,16,Craft Supply Co,2026-02-22,2026-02-21,1
1938,15,Lager Ingredients,2026-02-13,2026-02-13,1
1939,9,Packaging UK,2025-09-23,2025-10-04,0
1940,9,Packaging UK,2024-11-30,2024-11-28,1
1941,6,Hops Direct,2024-11-22,2024-11-27,0
1942,2,Northern Malt,2025-09-10,2025-09-06,1
1943,1,Hop Alliance UK,2026-06-05,2026-06-06,0
1944,4,Premium Yeast,2025-03-19,2025-03-21,0
1945,12,Grain Experts,2026-03-20,2026-03-09,1
1946,1,Hop Alliance UK,2026-06-16,2026-06-10,1
1947,8,Belgian Yeast Co,2025-06-22,2025-06-16,1
1948,13,Hop Global,2026-01-13,2026-01-03,1
1949,13,Hop Global,2026-01-27,2026-01-21,1
1950,17,Yeast Innovations,2026-09-15,2026-09-24,0
1951,15,Lager Ingredients,2025-05-01,2025-04-27,1
1952,5,Brew Logistics,2025-01-18,2025-01-21,0
1953,6,Hops Direct,2026-08-17,2026-08-31,0
1954,2,Northern Malt,2026-02-26,2026-03-05,0
1955,14,Bottle Supply,2025-08-10,2025-08-07,1
1956,14,Bottle Supply,2026-05-01,2026-05-01,1
1957,16,Craft Supply Co,2025-11-02,2025-10-23,1
1958,18,Raw Materials Ltd,2026-05-02,2026-04-25,1
1959,6,Hops Direct,2025-09-13,2025-09-20,0
1960,12,Grain Experts,2026-03-29,2026-03-20,1
1961,2,Northern Malt,2025-02-14,2025-02-13,1
1962,5,Brew Logistics,2025-04-28,2025-04-23,1
1963,9,Packaging UK,2025-01-02,2024-12-22,1
1964,17,Yeast Innovations,2026-09-04,2026-09-19,0
1965,8,Belgian Yeast Co,2025-09-08,2025-09-01,1
1966,14,Bottle Supply,2026-08-05,2026-08-01,1
1967,19,Supply Partners,2026-05-06,2026-05-13,0
1968,12,Grain Experts,2026-03-24,2026-03-30,0
1969,1,Hop Alliance UK,2025-11-20,2025-11-26,0
1970,20,Ingredient Hub,2024-12-15,2024-12-18,0
1971,11,Barley Source,2026-05-02,2026-05-10,0
1972,20,Ingredient Hub,2026-03-15,2026-03-18,0
1973,8,Belgian Yeast Co,2024-10-30,2024-10-31,0
1974,1,Hop Alliance UK,2026-07-07,2026-07-04,1
1975,14,Bottle Supply,2025-01-14,2025-01-11,1
1976,3,Euro Malt GmbH,2025-09-23,2025-09-26,0
1977,8,Belgian Yeast Co,2026-03-19,2026-03-23,0
1978,16,Craft Supply Co,2026-02-26,2026-02-16,1
1979,20,Ingredient Hub,2026-04-20,2026-04-28,0
1980,7,Malt Brothers,2025-12-31,2026-01-08,0
1981,2,Northern Malt,2025-06-18,2025-06-08,1
1982,15,Lager Ingredients,2025-07-31,2025-07-25,1
1983,14,Bottle Supply,2026-02-22,2026-02-19,1
1984,16,Craft Supply Co,2025-04-20,2025-04-28,0
1985,12,Grain Experts,2026-10-01,2026-10-01,1
1986,14,Bottle Supply,2025-05-13,2025-05-14,0
1987,6,Hops Direct,2026-04-22,2026-04-24,0
1988,20,Ingredient Hub,2026-08-06,2026-08-04,1
1989,5,Brew Logistics,2025-10-23,2025-10-21,1
1990,19,Supply Partners,2026-02-17,2026-02-17,1
1991,14,Bottle Supply,2024-12-10,2024-12-19,0
1992,1,Hop Alliance UK,2025-11-09,2025-11-14,0
1993,19,Supply Partners,2026-03-25,2026-03-29,0
1994,8,Belgian Yeast Co,2025-12-04,2025-12-10,0
1995,6,Hops Direct,2025-09-03,2025-08-31,1
1996,1,Hop Alliance UK,2025-04-26,2025-04-20,1
1997,6,Hops Direct,2025-04-21,2025-04-17,1
1998,14,Bottle Supply,2025-09-11,2025-09-05,1
1999,19,Supply Partners,2025-09-16,2025-09-18,0
2000,8,Belgian Yeast Co,2026-07-08,2026-07-08,1
2001,16,Craft Supply Co,2026-08-07,2026-07-27,1
2002,19,Supply Partners,2026-02-18,2026-02-18,1
2003,18,Raw Materials Ltd,2025-10-07,2025-10-07,1
2004,1,Hop Alliance UK,2026-06-23,2026-06-18,1
2005,7,Malt Brothers,2026-04-22,2026-04-26,0
2006,13,Hop Global,2025-06-01,2025-05-27,1
2007,16,Craft Supply Co,2025-10-16,2025-10-09,1
2008,15,Lager Ingredients,2026-08-17,2026-08-08,1
2009,10,Can Solutions,2025-08-27,2025-08-25,1
2010,5,Brew Logistics,2025-05-19,2025-05-14,1
2011,20,Ingredient Hub,2025-02-21,2025-02-14,1
2012,19,Supply Partners,2026-03-13,2026-03-19,0
2013,5,Brew Logistics,2025-02-04,2025-01-29,1
2014,15,Lager Ingredients,2026-04-24,2026-04-23,1
2015,6,Hops Direct,2026-03-02,2026-02-24,1
2016,8,Belgian Yeast Co,2025-03-11,2025-03-16,0
2017,8,Belgian Yeast Co,2025-10-30,2025-11-09,0
2018,18,Raw Materials Ltd,2026-10-23,2026-10-23,1
2019,14,Bottle Supply,2025-08-06,2025-08-06,1
2020,19,Supply Partners,2025-07-21,2025-07-08,1
2021,8,Belgian Yeast Co,2025-07-25,2025-07-14,1
2022,18,Raw Materials Ltd,2026-05-12,2026-05-12,1
2023,19,Supply Partners,2026-01-17,2026-01-21,0
2024,11,Barley Source,2024-12-25,2024-12-25,1
2025,3,Euro Malt GmbH,2025-04-05,2025-03-27,1
2026,2,Northern Malt,2026-02-13,2026-02-14,0
2027,6,Hops Direct,2025-04-21,2025-04-30,0
2028,10,Can Solutions,2025-06-17,2025-06-24,0
2029,18,Raw Materials Ltd,2026-04-10,2026-04-05,1
2030,7,Malt Brothers,2026-01-20,2026-01-13,1
2031,6,Hops Direct,2026-05-19,2026-05-04,1
2032,15,Lager Ingredients,2026-02-09,2026-02-11,0
2033,18,Raw Materials Ltd,2026-02-20,2026-02-22,0
2034,18,Raw Materials Ltd,2025-03-10,2025-03-23,0
2035,3,Euro Malt GmbH,2026-02-25,2026-02-27,0
2036,18,Raw Materials Ltd,2026-07-15,2026-07-20,0
2037,2,Northern Malt,2026-04-08,2026-04-12,0
2038,8,Belgian Yeast Co,2025-12-20,2026-01-02,0
2039,9,Packaging UK,2026-03-21,2026-03-12,1
2040,4,Premium Yeast,2026-03-30,2026-03-28,1
2041,4,Premium Yeast,2025-12-15,2025-12-23,0
2042,18,Raw Materials Ltd,2025-05-24,2025-05-21,1
2043,14,Bottle Supply,2025-11-28,2025-12-08,0
2044,7,Malt Brothers,2026-05-07,2026-05-01,1
2045,3,Euro Malt GmbH,2025-08-25,2025-08-30,0
2046,11,Barley Source,2025-03-08,2025-03-12,0
2047,1,Hop Alliance UK,2025-02-22,2025-02-18,1
2048,8,Belgian Yeast Co,2024-11-24,2024-11-23,1
2049,6,Hops Direct,2025-01-19,2025-01-31,0
2050,3,Euro Malt GmbH,2026-04-19,2026-05-04,0
2051,15,Lager Ingredients,2026-02-23,2026-03-04,0
2052,5,Brew Logistics,2026-09-15,2026-09-08,1
2053,5,Brew Logistics,2026-07-01,2026-07-03,0
2054,6,Hops Direct,2025-06-08,2025-06-20,0
2055,1,Hop Alliance UK,2026-04-13,2026-04-05,1
2056,19,Supply Partners,2026-06-11,2026-06-15,0
2057,12,Grain Experts,2026-02-27,2026-03-06,0
2058,8,Belgian Yeast Co,2026-08-02,2026-07-29,1
2059,15,Lager Ingredients,2026-02-11,2026-02-17,0
2060,9,Packaging UK,2026-10-05,2026-09-29,1
2061,4,Premium Yeast,2026-01-26,2026-01-16,1
2062,2,Northern Malt,2025-11-20,2025-11-16,1
2063,18,Raw Materials Ltd,2025-02-02,2025-02-05,0
2064,14,Bottle Supply,2026-01-09,2026-01-15,0
2065,11,Barley Source,2025-12-20,2025-12-27,0
2066,14,Bottle Supply,2025-06-22,2025-06-28,0
2067,10,Can Solutions,2025-02-21,2025-02-19,1
2068,13,Hop Global,2026-09-23,2026-09-14,1
2069,18,Raw Materials Ltd,2025-02-02,2025-02-11,0
2070,13,Hop Global,2025-01-09,2024-12-29,1
2071,9,Packaging UK,2026-05-27,2026-06-01,0
2072,7,Malt Brothers,2024-12-20,2024-12-23,0
2073,9,Packaging UK,2026-02-05,2026-01-21,1
2074,12,Grain Experts,2025-12-07,2025-12-12,0
2075,14,Bottle Supply,2024-12-13,2024-12-12,1
2076,14,Bottle Supply,2025-02-23,2025-02-21,1
2077,19,Supply Partners,2026-08-31,2026-09-03,0
2078,20,Ingredient Hub,2025-03-13,2025-03-20,0
2079,7,Malt Brothers,2025-07-01,2025-07-02,0
2080,18,Raw Materials Ltd,2026-03-22,2026-03-20,1
2081,19,Supply Partners,2025-09-04,2025-09-15,0
2082,13,Hop Global,2025-06-26,2025-06-25,1
2083,3,Euro Malt GmbH,2025-02-12,2025-02-10,1
2084,17,Yeast Innovations,2026-07-15,2026-07-06,1
2085,15,Lager Ingredients,2026-07-26,2026-07-20,1
2086,19,Supply Partners,2025-02-07,2025-02-14,0
2087,3,Euro Malt GmbH,2026-07-22,2026-07-28,0
2088,20,Ingredient Hub,2026-09-23,2026-10-05,0
2089,4,Premium Yeast,2026-09-12,2026-09-09,1
2090,11,Barley Source,2025-12-07,2025-12-08,0
2091,16,Craft Supply Co,2025-12-23,2025-12-20,1
2092,4,Premium Yeast,2025-07-01,2025-06-26,1
2093,6,Hops Direct,2025-04-26,2025-05-09,0
2094,5,Brew Logistics,2026-06-19,2026-06-28,0
2095,9,Packaging UK,2024-12-18,2024-12-10,1
2096,12,Grain Experts,2025-08-03,2025-08-04,0
2097,18,Raw Materials Ltd,2024-11-12,2024-11-12,1
2098,11,Barley Source,2025-04-16,2025-04-13,1
2099,13,Hop Global,2025-08-25,2025-09-04,0
2100,18,Raw Materials Ltd,2025-03-19,2025-03-19,1
2101,1,Hop Alliance UK,2025-07-09,2025-07-12,0
2102,9,Packaging UK,2025-07-31,2025-07-18,1
2103,1,Hop Alliance UK,2026-06-08,2026-06-12,0
2104,2,Northern Malt,2025-10-03,2025-09-25,1
2105,20,Ingredient Hub,2025-07-31,2025-08-03,0
2106,15,Lager Ingredients,2025-06-16,2025-06-26,0
2107,12,Grain Experts,2024-11-04,2024-10-26,1
2108,7,Malt Brothers,2025-03-03,2025-03-04,0
2109,4,Premium Yeast,2025-05-14,2025-05-05,1
2110,13,Hop Global,2024-11-29,2024-11-29,1
2111,3,Euro Malt GmbH,2025-09-06,2025-09-09,0
2112,12,Grain Experts,2026-10-10,2026-10-05,1
2113,15,Lager Ingredients,2026-05-16,2026-05-26,0
2114,16,Craft Supply Co,2026-04-08,2026-04-14,0
2115,16,Craft Supply Co,2026-02-03,2026-02-04,0
2116,4,Premium Yeast,2025-08-15,2025-08-17,0
2117,3,Euro Malt GmbH,2024-11-24,2024-11-20,1
2118,5,Brew Logistics,2026-04-24,2026-04-25,0
2119,17,Yeast Innovations,2025-01-20,2025-01-17,1
2120,13,Hop Global,2026-06-01,2026-06-03,0
2121,2,Northern Malt,2024-11-30,2024-12-08,0
2122,11,Barley Source,2026-06-17,2026-06-19,0
2123,20,Ingredient Hub,2025-01-15,2025-01-07,1
2124,20,Ingredient Hub,2026-03-21,2026-03-14,1
2125,9,Packaging UK,2025-05-01,2025-04-20,1
2126,5,Brew Logistics,2025-05-28,2025-05-17,1
2127,4,Premium Yeast,2025-03-12,2025-03-19,0
2128,3,Euro Malt GmbH,2025-06-05,2025-06-01,1
2129,13,Hop Global,2026-02-09,2026-02-11,0
2130,2,Northern Malt,2025-06-16,2025-06-09,1
2131,1,Hop Alliance UK,2024-11-30,2024-11-23,1
2132,10,Can Solutions,2026-02-12,2026-02-02,1
2133,7,Malt Brothers,2025-09-21,2025-09-19,1
2134,7,Malt Brothers,2025-08-26,2025-08-29,0
2135,15,Lager Ingredients,2026-09-11,2026-09-20,0
2136,8,Belgian Yeast Co,2025-03-10,2025-03-14,0
2137,1,Hop Alliance UK,2025-06-09,2025-06-18,0
2138,16,Craft Supply Co,2026-02-12,2026-02-01,1
2139,4,Premium Yeast,2026-06-17,2026-06-15,1
2140,3,Euro Malt GmbH,2026-07-19,2026-07-28,0
2141,3,Euro Malt GmbH,2025-05-17,2025-05-03,1
2142,5,Brew Logistics,2025-05-01,2025-05-06,0
2143,14,Bottle Supply,2025-05-03,2025-04-28,1
2144,1,Hop Alliance UK,2026-06-05,2026-06-10,0
2145,2,Northern Malt,2026-09-12,2026-09-14,0
2146,9,Packaging UK,2025-12-19,2025-12-15,1
2147,2,Northern Malt,2026-02-15,2026-02-08,1
2148,16,Craft Supply Co,2026-01-05,2026-01-09,0
2149,4,Premium Yeast,2025-07-20,2025-07-09,1
2150,18,Raw Materials Ltd,2026-03-01,2026-03-08,0
2151,2,Northern Malt,2026-04-20,2026-04-21,0
2152,6,Hops Direct,2026-09-08,2026-08-28,1
2153,14,Bottle Supply,2026-05-04,2026-05-01,1
2154,2,Northern Malt,2025-02-07,2025-02-15,0
2155,11,Barley Source,2025-05-03,2025-05-01,1
2156,9,Packaging UK,2026-01-28,2026-01-24,1
2157,5,Brew Logistics,2026-05-31,2026-06-08,0
2158,8,Belgian Yeast Co,2025-07-25,2025-07-17,1
2159,7,Malt Brothers,2026-07-13,2026-07-05,1
2160,8,Belgian Yeast Co,2026-06-10,2026-06-05,1
2161,16,Craft Supply Co,2025-04-03,2025-04-06,0
2162,9,Packaging UK,2025-01-12,2025-01-09,1
2163,18,Raw Materials Ltd,2026-01-17,2026-01-21,0
2164,13,Hop Global,2025-05-04,2025-05-02,1
2165,11,Barley Source,2026-02-22,2026-02-14,1
2166,14,Bottle Supply,2025-08-13,2025-08-21,0
2167,20,Ingredient Hub,2026-02-13,2026-02-08,1
2168,10,Can Solutions,2025-10-06,2025-09-25,1
2169,4,Premium Yeast,2025-05-15,2025-05-05,1
2170,3,Euro Malt GmbH,2025-11-09,2025-11-05,1
2171,8,Belgian Yeast Co,2025-07-17,2025-07-21,0
2172,20,Ingredient Hub,2025-09-10,2025-09-16,0
2173,5,Brew Logistics,2024-11-22,2024-11-09,1
2174,13,Hop Global,2026-03-17,2026-03-15,1
2175,14,Bottle Supply,2025-07-26,2025-07-23,1
2176,9,Packaging UK,2026-04-12,2026-04-08,1
2177,15,Lager Ingredients,2025-02-16,2025-02-15,1
2178,13,Hop Global,2026-06-29,2026-06-28,1
2179,1,Hop Alliance UK,2026-09-16,2026-09-04,1
2180,9,Packaging UK,2025-12-04,2025-11-26,1
2181,9,Packaging UK,2025-09-08,2025-09-09,0
2182,16,Craft Supply Co,2024-12-07,2024-12-17,0
2183,1,Hop Alliance UK,2025-05-03,2025-04-27,1
2184,17,Yeast Innovations,2026-04-14,2026-04-09,1
2185,7,Malt Brothers,2025-11-11,2025-11-11,1
2186,3,Euro Malt GmbH,2024-12-18,2024-12-13,1
2187,20,Ingredient Hub,2024-11-16,2024-11-16,1
2188,17,Yeast Innovations,2026-09-28,2026-09-22,1
2189,19,Supply Partners,2025-05-20,2025-05-28,0
2190,1,Hop Alliance UK,2025-01-12,2025-01-11,1
2191,18,Raw Materials Ltd,2025-02-10,2025-02-11,0
2192,12,Grain Experts,2026-09-23,2026-10-04,0
2193,16,Craft Supply Co,2024-12-03,2024-12-09,0
2194,9,Packaging UK,2024-12-25,2024-12-20,1
2195,9,Packaging UK,2026-04-09,2026-04-14,0
2196,8,Belgian Yeast Co,2025-08-24,2025-08-25,0
2197,15,Lager Ingredients,2026-09-25,2026-09-26,0
2198,16,Craft Supply Co,2026-05-17,2026-05-07,1
2199,1,Hop Alliance UK,2026-02-06,2026-02-08,0
2200,2,Northern Malt,2025-12-19,2025-12-19,1
2201,19,Supply Partners,2025-02-11,2025-02-13,0
2202,1,Hop Alliance UK,2026-05-20,2026-05-17,1
2203,8,Belgian Yeast Co,2025-10-17,2025-10-18,0
2204,15,Lager Ingredients,2025-04-20,2025-04-24,0
2205,12,Grain Experts,2025-05-26,2025-05-20,1
2206,12,Grain Experts,2024-11-11,2024-11-13,0
2207,18,Raw Materials Ltd,2025-06-08,2025-06-11,0
2208,5,Brew Logistics,2025-06-19,2025-06-25,0
2209,7,Malt Brothers,2025-02-22,2025-03-02,0
2210,15,Lager Ingredients,2026-09-26,2026-10-04,0
2211,10,Can Solutions,2025-12-15,2025-12-07,1
2212,3,Euro Malt GmbH,2026-01-22,2026-01-24,0
2213,12,Grain Experts,2026-06-27,2026-07-01,0
2214,12,Grain Experts,2025-03-17,2025-03-12,1
2215,15,Lager Ingredients,2025-11-22,2025-12-02,0
2216,7,Malt Brothers,2025-11-17,2025-11-18,0
2217,14,Bottle Supply,2025-12-17,2025-12-27,0
2218,15,Lager Ingredients,2025-09-13,2025-09-18,0
2219,20,Ingredient Hub,2025-06-25,2025-06-23,1
2220,14,Bottle Supply,2025-11-02,2025-10-29,1
2221,2,Northern Malt,2025-06-12,2025-06-13,0
2222,12,Grain Experts,2026-06-08,2026-06-01,1
2223,9,Packaging UK,2025-12-09,2025-12-06,1
2224,12,Grain Experts,2025-03-10,2025-03-14,0
2225,17,Yeast Innovations,2026-07-31,2026-08-01,0
2226,18,Raw Materials Ltd,2026-06-19,2026-06-27,0
2227,14,Bottle Supply,2025-02-24,2025-03-09,0
2228,1,Hop Alliance UK,2025-01-25,2025-01-31,0
2229,6,Hops Direct,2025-11-18,2025-11-12,1
2230,4,Premium Yeast,2026-02-18,2026-02-03,1
2231,12,Grain Experts,2026-04-28,2026-04-23,1
2232,7,Malt Brothers,2025-01-30,2025-02-11,0
2233,14,Bottle Supply,2025-11-15,2025-11-10,1
2234,14,Bottle Supply,2026-03-19,2026-03-20,0
2235,13,Hop Global,2026-03-03,2026-03-05,0
2236,3,Euro Malt GmbH,2025-05-29,2025-05-30,0
2237,20,Ingredient Hub,2026-02-11,2026-02-07,1
2238,8,Belgian Yeast Co,2025-08-10,2025-08-07,1
2239,7,Malt Brothers,2025-01-01,2024-12-30,1
2240,12,Grain Experts,2026-06-01,2026-06-04,0
2241,1,Hop Alliance UK,2026-03-10,2026-03-05,1
2242,18,Raw Materials Ltd,2026-05-25,2026-06-03,0
2243,4,Premium Yeast,2025-06-04,2025-06-05,0
2244,6,Hops Direct,2025-06-17,2025-06-19,0
2245,12,Grain Experts,2024-10-23,2024-10-26,0
2246,16,Craft Supply Co,2025-12-21,2025-12-14,1
2247,3,Euro Malt GmbH,2026-04-21,2026-04-24,0
2248,4,Premium Yeast,2025-08-06,2025-08-08,0
2249,8,Belgian Yeast Co,2025-04-13,2025-04-21,0
2250,16,Craft Supply Co,2025-06-04,2025-06-07,0
2251,15,Lager Ingredients,2026-02-12,2026-02-06,1
2252,20,Ingredient Hub,2026-04-12,2026-04-09,1
2253,19,Supply Partners,2025-06-03,2025-05-21,1
2254,20,Ingredient Hub,2025-01-14,2025-01-02,1
2255,4,Premium Yeast,2025-09-22,2025-09-14,1
2256,4,Premium Yeast,2024-10-27,2024-10-31,0
2257,20,Ingredient Hub,2026-02-03,2026-01-26,1
2258,11,Barley Source,2024-12-06,2024-12-03,1
2259,18,Raw Materials Ltd,2024-12-25,2024-12-24,1
2260,3,Euro Malt GmbH,2025-02-02,2025-02-03,0
2261,10,Can Solutions,2024-12-02,2024-12-08,0
2262,4,Premium Yeast,2026-08-30,2026-09-05,0
2263,10,Can Solutions,2024-10-18,2024-10-24,0
2264,9,Packaging UK,2025-12-28,2025-12-26,1
2265,12,Grain Experts,2025-11-09,2025-11-02,1
2266,10,Can Solutions,2025-06-21,2025-06-17,1
2267,17,Yeast Innovations,2025-12-18,2025-12-29,0
2268,7,Malt Brothers,2025-02-25,2025-03-01,0
2269,6,Hops Direct,2025-05-29,2025-05-20,1
2270,7,Malt Brothers,2025-12-15,2025-12-10,1
2271,5,Brew Logistics,2025-09-21,2025-09-20,1
2272,9,Packaging UK,2025-06-09,2025-06-09,1
2273,9,Packaging UK,2024-10-30,2024-11-06,0
2274,19,Supply Partners,2026-10-04,2026-10-02,1
2275,17,Yeast Innovations,2026-07-01,2026-06-29,1
2276,10,Can Solutions,2025-01-31,2025-01-28,1
2277,9,Packaging UK,2024-11-19,2024-11-19,1
2278,10,Can Solutions,2026-01-19,2026-01-26,0
2279,13,Hop Global,2026-02-17,2026-02-06,1
2280,11,Barley Source,2025-09-25,2025-09-25,1
2281,13,Hop Global,2026-05-14,2026-05-15,0
2282,5,Brew Logistics,2025-12-31,2026-01-01,0
2283,2,Northern Malt,2024-12-13,2024-11-30,1
2284,19,Supply Partners,2025-09-21,2025-09-23,0
2285,14,Bottle Supply,2026-01-02,2026-01-03,0
2286,3,Euro Malt GmbH,2026-02-06,2026-01-29,1
2287,4,Premium Yeast,2026-07-04,2026-06-29,1
2288,10,Can Solutions,2024-10-25,2024-10-23,1
2289,9,Packaging UK,2026-01-06,2026-01-04,1
2290,7,Malt Brothers,2025-09-26,2025-09-30,0
2291,2,Northern Malt,2026-05-31,2026-06-10,0
2292,4,Premium Yeast,2024-11-25,2024-12-04,0
2293,5,Brew Logistics,2025-10-21,2025-10-20,1
2294,18,Raw Materials Ltd,2025-07-06,2025-07-15,0
2295,12,Grain Experts,2025-02-05,2025-02-17,0
2296,6,Hops Direct,2025-07-15,2025-07-17,0
2297,11,Barley Source,2026-05-14,2026-05-16,0
2298,3,Euro Malt GmbH,2024-11-14,2024-11-18,0
2299,17,Yeast Innovations,2025-10-05,2025-09-24,1
2300,11,Barley Source,2025-01-28,2025-01-28,1
2301,13,Hop Global,2026-06-28,2026-06-25,1
2302,6,Hops Direct,2025-08-07,2025-08-07,1
2303,9,Packaging UK,2024-11-08,2024-11-14,0
2304,16,Craft Supply Co,2024-12-27,2024-12-21,1
2305,11,Barley Source,2025-03-01,2025-03-01,1
2306,19,Supply Partners,2025-10-01,2025-09-27,1
2307,11,Barley Source,2025-10-20,2025-11-01,0
2308,20,Ingredient Hub,2025-05-12,2025-05-22,0
2309,6,Hops Direct,2025-07-10,2025-07-04,1
2310,1,Hop Alliance UK,2025-10-01,2025-09-26,1
2311,18,Raw Materials Ltd,2026-02-01,2026-01-31,1
2312,14,Bottle Supply,2025-07-09,2025-07-12,0
2313,18,Raw Materials Ltd,2025-10-23,2025-10-19,1
2314,20,Ingredient Hub,2025-12-23,2025-12-28,0
2315,17,Yeast Innovations,2025-11-07,2025-11-04,1
2316,10,Can Solutions,2025-09-28,2025-09-24,1
2317,20,Ingredient Hub,2025-07-23,2025-08-04,0
2318,1,Hop Alliance UK,2025-04-11,2025-04-12,0
2319,12,Grain Experts,2026-06-12,2026-06-16,0
2320,19,Supply Partners,2026-10-08,2026-09-28,1
2321,12,Grain Experts,2026-09-29,2026-10-02,0
2322,6,Hops Direct,2024-12-10,2024-12-19,0
2323,14,Bottle Supply,2025-06-04,2025-06-16,0
2324,5,Brew Logistics,2026-03-30,2026-03-27,1
2325,5,Brew Logistics,2025-11-29,2025-12-04,0
2326,4,Premium Yeast,2026-08-14,2026-08-29,0
2327,3,Euro Malt GmbH,2026-08-21,2026-08-25,0
2328,4,Premium Yeast,2026-01-24,2026-01-30,0
2329,8,Belgian Yeast Co,2025-05-22,2025-05-20,1
2330,18,Raw Materials Ltd,2025-06-17,2025-06-25,0
2331,18,Raw Materials Ltd,2026-08-16,2026-08-27,0
2332,5,Brew Logistics,2025-10-31,2025-10-22,1
2333,20,Ingredient Hub,2026-01-19,2026-01-13,1
2334,19,Supply Partners,2026-01-13,2026-01-15,0
2335,8,Belgian Yeast Co,2026-03-17,2026-03-26,0
2336,14,Bottle Supply,2025-12-08,2025-12-10,0
2337,3,Euro Malt GmbH,2026-06-28,2026-06-25,1
2338,12,Grain Experts,2025-05-30,2025-05-30,1
2339,5,Brew Logistics,2025-10-01,2025-09-21,1
2340,12,Grain Experts,2026-03-14,2026-03-29,0
2341,11,Barley Source,2025-11-01,2025-10-25,1
2342,12,Grain Experts,2025-05-20,2025-05-30,0
2343,12,Grain Experts,2025-09-21,2025-09-29,0
2344,8,Belgian Yeast Co,2026-07-12,2026-07-14,0
2345,16,Craft Supply Co,2026-10-18,2026-10-18,1
2346,19,Supply Partners,2025-07-03,2025-07-03,1
2347,14,Bottle Supply,2026-08-09,2026-08-09,1
2348,10,Can Solutions,2026-08-21,2026-08-25,0
2349,9,Packaging UK,2026-09-04,2026-09-09,0
2350,3,Euro Malt GmbH,2025-12-08,2025-12-03,1
2351,15,Lager Ingredients,2026-02-21,2026-02-25,0
2352,8,Belgian Yeast Co,2025-07-11,2025-07-04,1
2353,7,Malt Brothers,2025-02-04,2025-02-09,0
2354,14,Bottle Supply,2026-03-01,2026-03-07,0
2355,6,Hops Direct,2025-06-13,2025-06-10,1
2356,4,Premium Yeast,2025-01-06,2024-12-31,1
2357,18,Raw Materials Ltd,2024-11-10,2024-11-06,1
2358,3,Euro Malt GmbH,2026-03-24,2026-03-15,1
2359,12,Grain Experts,2026-09-07,2026-09-02,1
2360,16,Craft Supply Co,2025-02-23,2025-02-23,1
2361,3,Euro Malt GmbH,2024-12-17,2024-12-14,1
2362,14,Bottle Supply,2026-03-16,2026-03-26,0
2363,3,Euro Malt GmbH,2026-09-14,2026-09-01,1
2364,19,Supply Partners,2026-08-31,2026-08-21,1
2365,14,Bottle Supply,2026-06-16,2026-06-12,1
2366,16,Craft Supply Co,2025-06-29,2025-07-04,0
2367,1,Hop Alliance UK,2026-09-04,2026-09-04,1
2368,8,Belgian Yeast Co,2026-03-21,2026-03-20,1
2369,6,Hops Direct,2025-03-11,2025-03-08,1
2370,19,Supply Partners,2024-11-10,2024-11-09,1
2371,1,Hop Alliance UK,2026-05-13,2026-05-16,0
2372,11,Barley Source,2025-06-29,2025-06-25,1
2373,14,Bottle Supply,2024-10-21,2024-10-24,0
2374,17,Yeast Innovations,2025-08-26,2025-09-05,0
2375,6,Hops Direct,2026-05-31,2026-05-28,1
2376,17,Yeast Innovations,2025-09-02,2025-09-10,0
2377,13,Hop Global,2026-04-03,2026-03-26,1
2378,4,Premium Yeast,2025-04-27,2025-04-15,1
2379,15,Lager Ingredients,2026-05-01,2026-05-14,0
2380,7,Malt Brothers,2025-05-08,2025-05-18,0
2381,13,Hop Global,2026-05-20,2026-05-17,1
2382,14,Bottle Supply,2025-08-14,2025-08-12,1
2383,1,Hop Alliance UK,2026-01-06,2026-01-09,0
2384,10,Can Solutions,2025-11-23,2025-11-12,1
2385,1,Hop Alliance UK,2025-04-20,2025-04-18,1
2386,10,Can Solutions,2026-04-10,2026-04-13,0
2387,11,Barley Source,2025-03-30,2025-03-31,0
2388,15,Lager Ingredients,2026-06-10,2026-06-13,0
2389,13,Hop Global,2026-07-11,2026-07-16,0
2390,18,Raw Materials Ltd,2025-08-20,2025-08-14,1
2391,1,Hop Alliance UK,2026-08-12,2026-08-19,0
2392,10,Can Solutions,2026-03-25,2026-03-27,0
2393,19,Supply Partners,2026-01-02,2025-12-28,1
2394,13,Hop Global,2025-02-12,2025-02-14,0
2395,5,Brew Logistics,2025-04-07,2025-03-28,1
2396,18,Raw Materials Ltd,2024-11-15,2024-11-04,1
2397,13,Hop Global,2025-08-15,2025-08-15,1
2398,12,Grain Experts,2026-04-25,2026-04-18,1
2399,6,Hops Direct,2026-03-03,2026-03-08,0
2400,19,Supply Partners,2025-08-10,2025-08-10,1
2401,14,Bottle Supply,2024-11-02,2024-11-15,0
2402,19,Supply Partners,2026-08-28,2026-08-26,1
2403,16,Craft Supply Co,2024-10-30,2024-11-04,0
2404,5,Brew Logistics,2026-07-15,2026-07-17,0
2405,6,Hops Direct,2025-03-23,2025-03-12,1
2406,19,Supply Partners,2026-06-22,2026-06-29,0
2407,1,Hop Alliance UK,2026-09-12,2026-09-03,1
2408,17,Yeast Innovations,2025-07-01,2025-07-11,0
2409,3,Euro Malt GmbH,2026-04-19,2026-04-12,1
2410,19,Supply Partners,2024-11-09,2024-11-14,0
2411,19,Supply Partners,2025-12-23,2025-12-26,0
2412,13,Hop Global,2024-11-22,2024-12-01,0
2413,13,Hop Global,2025-11-25,2025-11-20,1
2414,6,Hops Direct,2026-03-25,2026-03-23,1
2415,8,Belgian Yeast Co,2026-03-04,2026-03-01,1
2416,15,Lager Ingredients,2025-07-29,2025-07-30,0
2417,5,Brew Logistics,2025-10-12,2025-10-18,0
2418,16,Craft Supply Co,2025-01-17,2025-01-18,0
2419,14,Bottle Supply,2025-04-05,2025-04-03,1
2420,7,Malt Brothers,2024-12-23,2024-12-21,1
2421,10,Can Solutions,2026-10-08,2026-10-05,1
2422,6,Hops Direct,2025-03-27,2025-03-27,1
2423,20,Ingredient Hub,2026-09-07,2026-09-09,0
2424,11,Barley Source,2026-01-01,2025-12-29,1
2425,11,Barley Source,2025-01-23,2025-01-25,0
2426,9,Packaging UK,2026-05-03,2026-05-10,0
2427,6,Hops Direct,2026-07-23,2026-08-07,0
2428,17,Yeast Innovations,2025-07-26,2025-07-30,0
2429,1,Hop Alliance UK,2024-10-30,2024-10-22,1
2430,10,Can Solutions,2025-04-02,2025-04-14,0
2431,10,Can Solutions,2026-07-15,2026-07-19,0
2432,1,Hop Alliance UK,2025-10-22,2025-10-17,1
2433,13,Hop Global,2025-12-11,2025-12-26,0
2434,12,Grain Experts,2025-05-26,2025-05-26,1
2435,2,Northern Malt,2025-12-11,2025-12-19,0
2436,10,Can Solutions,2024-11-06,2024-11-09,0
2437,4,Premium Yeast,2026-10-06,2026-10-06,1
2438,4,Premium Yeast,2026-02-23,2026-02-13,1
2439,15,Lager Ingredients,2025-09-02,2025-08-27,1
2440,18,Raw Materials Ltd,2025-05-13,2025-05-11,1
2441,19,Supply Partners,2026-02-27,2026-02-19,1
2442,13,Hop Global,2025-09-28,2025-09-17,1
2443,7,Malt Brothers,2026-06-04,2026-05-26,1
2444,18,Raw Materials Ltd,2026-06-14,2026-06-05,1
2445,13,Hop Global,2025-08-13,2025-08-21,0
2446,2,Northern Malt,2025-10-22,2025-10-16,1
2447,2,Northern Malt,2025-07-11,2025-07-03,1
2448,3,Euro Malt GmbH,2024-12-27,2024-12-28,0
2449,3,Euro Malt GmbH,2025-08-06,2025-07-29,1
2450,14,Bottle Supply,2026-06-22,2026-06-11,1
2451,6,Hops Direct,2025-04-08,2025-03-31,1
2452,18,Raw Materials Ltd,2026-10-06,2026-10-06,1
2453,10,Can Solutions,2026-08-12,2026-08-09,1
2454,3,Euro Malt GmbH,2026-08-12,2026-08-16,0
2455,20,Ingredient Hub,2025-08-16,2025-08-14,1
2456,19,Supply Partners,2025-02-05,2025-02-18,0
2457,12,Grain Experts,2024-11-29,2024-11-25,1
2458,10,Can Solutions,2025-04-13,2025-04-16,0
2459,13,Hop Global,2025-08-26,2025-08-29,0
2460,9,Packaging UK,2026-09-10,2026-09-11,0
2461,7,Malt Brothers,2026-06-13,2026-06-18,0
2462,11,Barley Source,2026-05-21,2026-05-24,0
2463,3,Euro Malt GmbH,2026-08-11,2026-08-21,0
2464,13,Hop Global,2026-01-01,2026-01-13,0
2465,4,Premium Yeast,2025-01-22,2025-01-23,0
2466,7,Malt Brothers,2026-06-15,2026-06-20,0
2467,4,Premium Yeast,2026-08-07,2026-08-04,1
2468,14,Bottle Supply,2025-05-15,2025-05-19,0
2469,9,Packaging UK,2025-07-05,2025-07-06,0
2470,15,Lager Ingredients,2025-12-03,2025-12-12,0
2471,7,Malt Brothers,2025-07-27,2025-08-08,0
2472,17,Yeast Innovations,2025-05-25,2025-05-23,1
2473,2,Northern Malt,2026-05-29,2026-06-02,0
2474,15,Lager Ingredients,2025-04-11,2025-04-10,1
2475,10,Can Solutions,2026-03-27,2026-03-28,0
2476,12,Grain Experts,2024-12-24,2024-12-23,1
2477,15,Lager Ingredients,2026-03-16,2026-03-20,0
2478,19,Supply Partners,2026-04-05,2026-03-27,1
2479,1,Hop Alliance UK,2024-11-21,2024-11-29,0
2480,15,Lager Ingredients,2025-05-10,2025-05-06,1
2481,12,Grain Experts,2026-10-12,2026-10-12,1
2482,4,Premium Yeast,2025-02-27,2025-02-25,1
2483,14,Bottle Supply,2024-12-03,2024-12-03,1
2484,11,Barley Source,2026-03-01,2026-02-27,1
2485,10,Can Solutions,2025-04-04,2025-04-02,1
2486,6,Hops Direct,2025-12-27,2025-12-25,1
2487,4,Premium Yeast,2025-02-09,2025-02-06,1
2488,6,Hops Direct,2025-06-02,2025-06-02,1
2489,1,Hop Alliance UK,2024-11-07,2024-10-27,1
2490,18,Raw Materials Ltd,2025-11-07,2025-11-10,0
2491,9,Packaging UK,2025-08-18,2025-08-17,1
2492,11,Barley Source,2025-03-10,2025-03-07,1
2493,14,Bottle Supply,2025-06-28,2025-06-26,1
2494,4,Premium Yeast,2025-01-16,2025-01-14,1
2495,9,Packaging UK,2026-06-29,2026-06-27,1
2496,7,Malt Brothers,2025-04-21,2025-04-16,1
2497,6,Hops Direct,2026-04-04,2026-04-02,1
2498,12,Grain Experts,2025-06-01,2025-06-03,0
2499,11,Barley Source,2026-09-25,2026-09-25,1
2500,19,Supply Partners,2025-01-21,2025-01-21,1
2501,2,Northern Malt,2026-08-09,2026-07-30,1
2502,18,Raw Materials Ltd,2025-04-30,2025-05-04,0
2503,15,Lager Ingredients,2025-09-01,2025-09-09,0
2504,11,Barley Source,2025-03-31,2025-04-09,0
2505,14,Bottle Supply,2026-06-16,2026-06-08,1
2506,4,Premium Yeast,2025-10-13,2025-10-07,1
2507,10,Can Solutions,2026-09-19,2026-09-16,1
2508,1,Hop Alliance UK,2025-06-07,2025-06-10,0
2509,13,Hop Global,2025-05-24,2025-05-18,1
2510,17,Yeast Innovations,2025-06-20,2025-06-17,1
2511,8,Belgian Yeast Co,2024-11-04,2024-11-14,0
2512,15,Lager Ingredients,2025-09-21,2025-09-14,1
2513,10,Can Solutions,2024-12-11,2024-12-12,0
2514,15,Lager Ingredients,2025-02-06,2025-02-07,0
2515,5,Brew Logistics,2026-04-01,2026-04-02,0
2516,16,Craft Supply Co,2025-08-21,2025-08-29,0
2517,2,Northern Malt,2026-09-08,2026-09-15,0
2518,4,Premium Yeast,2025-11-01,2025-11-11,0
2519,2,Northern Malt,2025-09-29,2025-09-19,1
2520,6,Hops Direct,2024-11-29,2024-11-25,1
2521,3,Euro Malt GmbH,2026-09-05,2026-08-23,1
2522,6,Hops Direct,2026-03-08,2026-03-17,0
2523,1,Hop Alliance UK,2025-08-24,2025-08-21,1
2524,18,Raw Materials Ltd,2025-09-17,2025-09-15,1
2525,13,Hop Global,2025-09-22,2025-09-15,1
2526,3,Euro Malt GmbH,2025-10-27,2025-11-10,0
2527,6,Hops Direct,2025-03-17,2025-03-24,0
2528,2,Northern Malt,2026-07-16,2026-07-20,0
2529,4,Premium Yeast,2025-02-06,2025-02-03,1
2530,9,Packaging UK,2024-11-24,2024-11-27,0
2531,9,Packaging UK,2025-04-06,2025-04-01,1
2532,2,Northern Malt,2025-06-07,2025-06-06,1
2533,3,Euro Malt GmbH,2024-12-16,2024-12-14,1
2534,18,Raw Materials Ltd,2026-06-13,2026-06-25,0
2535,5,Brew Logistics,2025-07-18,2025-07-18,1
2536,14,Bottle Supply,2024-12-12,2024-12-03,1
2537,2,Northern Malt,2024-12-08,2024-12-03,1
2538,2,Northern Malt,2025-01-11,2025-01-15,0
2539,12,Grain Experts,2025-12-07,2025-11-25,1
2540,18,Raw Materials Ltd,2025-09-04,2025-09-01,1
2541,12,Grain Experts,2025-01-22,2025-01-10,1
2542,14,Bottle Supply,2024-12-29,2025-01-12,0
2543,19,Supply Partners,2024-12-26,2024-12-20,1
2544,1,Hop Alliance UK,2026-08-19,2026-08-17,1
2545,13,Hop Global,2025-05-23,2025-05-14,1
2546,19,Supply Partners,2026-03-01,2026-02-21,1
2547,11,Barley Source,2025-10-10,2025-10-10,1
2548,4,Premium Yeast,2026-03-16,2026-03-27,0
2549,17,Yeast Innovations,2025-10-22,2025-10-27,0
2550,6,Hops Direct,2026-02-11,2026-02-08,1
2551,4,Premium Yeast,2025-09-19,2025-09-13,1
2552,4,Premium Yeast,2025-03-05,2025-03-01,1
2553,15,Lager Ingredients,2026-06-06,2026-05-29,1
2554,19,Supply Partners,2026-10-02,2026-10-02,1
2555,10,Can Solutions,2025-09-27,2025-10-01,0
2556,14,Bottle Supply,2025-09-08,2025-09-11,0
2557,1,Hop Alliance UK,2026-06-20,2026-06-24,0
2558,18,Raw Materials Ltd,2026-09-13,2026-09-18,0
2559,6,Hops Direct,2025-12-19,2026-01-01,0
2560,10,Can Solutions,2025-03-27,2025-04-02,0
2561,8,Belgian Yeast Co,2025-07-27,2025-08-01,0
2562,20,Ingredient Hub,2025-02-06,2025-01-29,1
2563,20,Ingredient Hub,2025-07-16,2025-07-10,1
2564,12,Grain Experts,2025-09-21,2025-09-20,1
2565,18,Raw Materials Ltd,2025-03-25,2025-04-06,0
2566,8,Belgian Yeast Co,2025-02-11,2025-01-29,1
2567,5,Brew Logistics,2026-05-28,2026-05-29,0
2568,6,Hops Direct,2026-08-24,2026-08-31,0
2569,15,Lager Ingredients,2024-11-12,2024-11-13,0
2570,6,Hops Direct,2026-05-25,2026-05-25,1
2571,14,Bottle Supply,2025-07-21,2025-07-18,1
2572,7,Malt Brothers,2026-01-11,2026-01-05,1
2573,4,Premium Yeast,2025-06-01,2025-06-03,0
2574,8,Belgian Yeast Co,2026-02-15,2026-02-20,0
2575,6,Hops Direct,2026-03-19,2026-03-22,0
2576,5,Brew Logistics,2026-01-25,2026-02-02,0
2577,3,Euro Malt GmbH,2026-01-29,2026-01-27,1
2578,17,Yeast Innovations,2025-04-18,2025-04-16,1
2579,13,Hop Global,2026-04-15,2026-04-26,0
2580,19,Supply Partners,2026-06-24,2026-06-27,0
2581,12,Grain Experts,2025-07-26,2025-07-25,1
2582,20,Ingredient Hub,2026-08-12,2026-08-18,0
2583,12,Grain Experts,2025-11-30,2025-12-03,0
2584,4,Premium Yeast,2026-08-20,2026-08-22,0
2585,2,Northern Malt,2025-11-13,2025-11-20,0
2586,5,Brew Logistics,2024-12-05,2024-12-09,0
2587,14,Bottle Supply,2026-08-23,2026-08-12,1
2588,18,Raw Materials Ltd,2025-01-04,2025-01-08,0
2589,10,Can Solutions,2026-06-21,2026-06-26,0
2590,20,Ingredient Hub,2025-12-27,2026-01-08,0
2591,11,Barley Source,2025-09-20,2025-09-29,0
2592,18,Raw Materials Ltd,2026-07-16,2026-07-31,0
2593,13,Hop Global,2025-11-13,2025-11-13,1
2594,5,Brew Logistics,2026-01-28,2026-01-26,1
2595,10,Can Solutions,2025-04-01,2025-04-03,0
2596,18,Raw Materials Ltd,2025-05-27,2025-05-29,0
2597,6,Hops Direct,2026-04-13,2026-04-16,0
2598,8,Belgian Yeast Co,2026-07-01,2026-07-05,0
2599,17,Yeast Innovations,2026-07-21,2026-07-22,0
2600,10,Can Solutions,2026-04-06,2026-04-06,1
2601,1,Hop Alliance UK,2026-04-03,2026-03-27,1
2602,13,Hop Global,2026-05-05,2026-05-16,0
2603,2,Northern Malt,2026-08-27,2026-08-19,1
2604,18,Raw Materials Ltd,2025-09-30,2025-09-27,1
2605,18,Raw Materials Ltd,2026-10-08,2026-10-08,1
2606,17,Yeast Innovations,2025-01-12,2025-01-21,0
2607,8,Belgian Yeast Co,2025-11-30,2025-12-15,0
2608,15,Lager Ingredients,2024-12-29,2024-12-15,1
2609,3,Euro Malt GmbH,2024-12-07,2024-12-12,0
2610,18,Raw Materials Ltd,2026-02-08,2026-02-13,0
2611,10,Can Solutions,2024-12-25,2024-12-20,1
2612,7,Malt Brothers,2026-01-19,2026-01-24,0
2613,20,Ingredient Hub,2026-08-08,2026-08-05,1
2614,17,Yeast Innovations,2024-12-27,2024-12-21,1
2615,16,Craft Supply Co,2024-11-14,2024-11-16,0
2616,10,Can Solutions,2025-09-17,2025-09-19,0
2617,12,Grain Experts,2024-12-27,2024-12-29,0
2618,12,Grain Experts,2026-08-08,2026-07-28,1
2619,6,Hops Direct,2025-06-17,2025-06-25,0
2620,7,Malt Brothers,2026-04-07,2026-04-22,0
2621,11,Barley Source,2024-12-31,2024-12-19,1
2622,13,Hop Global,2025-10-06,2025-10-04,1
2623,20,Ingredient Hub,2025-03-20,2025-03-18,1
2624,14,Bottle Supply,2025-02-04,2025-02-14,0
2625,15,Lager Ingredients,2025-12-01,2025-11-30,1
2626,3,Euro Malt GmbH,2025-05-25,2025-05-16,1
2627,12,Grain Experts,2025-11-15,2025-11-13,1
2628,8,Belgian Yeast Co,2026-10-10,2026-10-10,1
2629,10,Can Solutions,2026-09-25,2026-09-13,1
2630,2,Northern Malt,2025-01-09,2025-01-12,0
2631,18,Raw Materials Ltd,2026-07-05,2026-07-05,1
2632,5,Brew Logistics,2026-03-30,2026-04-05,0
2633,5,Brew Logistics,2026-07-06,2026-07-01,1
2634,5,Brew Logistics,2024-11-06,2024-11-12,0
2635,2,Northern Malt,2026-10-18,2026-10-18,1
2636,13,Hop Global,2025-12-01,2025-12-06,0
2637,13,Hop Global,2026-09-23,2026-09-29,0
2638,4,Premium Yeast,2025-01-16,2025-01-16,1
2639,3,Euro Malt GmbH,2025-03-08,2025-03-19,0
2640,20,Ingredient Hub,2026-04-29,2026-04-20,1
2641,5,Brew Logistics,2025-06-22,2025-06-13,1
2642,5,Brew Logistics,2024-12-01,2024-12-06,0
2643,11,Barley Source,2024-11-10,2024-11-10,1
2644,13,Hop Global,2025-09-27,2025-09-25,1
2645,19,Supply Partners,2026-01-16,2026-01-20,0
2646,4,Premium Yeast,2025-05-08,2025-05-12,0
2647,3,Euro Malt GmbH,2026-06-10,2026-06-10,1
2648,16,Craft Supply Co,2026-03-18,2026-03-25,0
2649,5,Brew Logistics,2024-11-03,2024-10-22,1
2650,5,Brew Logistics,2026-01-13,2026-01-04,1
2651,8,Belgian Yeast Co,2024-12-01,2024-11-26,1
2652,11,Barley Source,2025-08-14,2025-08-29,0
2653,10,Can Solutions,2025-04-14,2025-04-11,1
2654,14,Bottle Supply,2025-08-18,2025-08-21,0
2655,17,Yeast Innovations,2025-10-31,2025-10-21,1
2656,1,Hop Alliance UK,2026-06-18,2026-06-27,0
2657,16,Craft Supply Co,2026-06-19,2026-06-13,1
2658,3,Euro Malt GmbH,2025-11-25,2025-11-26,0
2659,12,Grain Experts,2024-11-11,2024-11-05,1
2660,20,Ingredient Hub,2026-04-16,2026-04-25,0
2661,20,Ingredient Hub,2025-03-03,2025-03-02,1
2662,7,Malt Brothers,2025-01-05,2024-12-28,1
2663,11,Barley Source,2025-12-02,2025-11-29,1
2664,10,Can Solutions,2025-03-20,2025-04-01,0
2665,15,Lager Ingredients,2025-07-03,2025-06-29,1
2666,10,Can Solutions,2025-01-11,2025-01-05,1
2667,4,Premium Yeast,2025-01-26,2025-01-30,0
2668,8,Belgian Yeast Co,2025-03-06,2025-03-09,0
2669,9,Packaging UK,2025-02-19,2025-02-11,1
2670,9,Packaging UK,2025-11-22,2025-11-20,1
2671,6,Hops Direct,2026-08-01,2026-08-09,0
2672,14,Bottle Supply,2026-04-16,2026-04-19,0
2673,7,Malt Brothers,2025-11-01,2025-10-30,1
2674,8,Belgian Yeast Co,2026-05-30,2026-05-23,1
2675,1,Hop Alliance UK,2026-07-03,2026-06-29,1
2676,16,Craft Supply Co,2026-09-09,2026-09-01,1
2677,12,Grain Experts,2025-05-08,2025-05-05,1
2678,2,Northern Malt,2025-11-06,2025-11-07,0
2679,7,Malt Brothers,2026-03-23,2026-03-29,0
2680,20,Ingredient Hub,2024-12-19,2024-12-24,0
2681,3,Euro Malt GmbH,2024-11-22,2024-11-18,1
2682,13,Hop Global,2025-04-18,2025-04-04,1
2683,17,Yeast Innovations,2026-01-28,2026-01-16,1
2684,14,Bottle Supply,2024-11-27,2024-12-03,0
2685,12,Grain Experts,2026-10-10,2026-10-10,1
2686,8,Belgian Yeast Co,2025-06-07,2025-06-06,1
2687,15,Lager Ingredients,2025-03-20,2025-03-16,1
2688,8,Belgian Yeast Co,2025-02-24,2025-03-03,0
2689,16,Craft Supply Co,2025-09-04,2025-08-29,1
2690,14,Bottle Supply,2025-05-09,2025-05-03,1
2691,3,Euro Malt GmbH,2026-05-09,2026-04-29,1
2692,19,Supply Partners,2026-02-08,2026-02-02,1
2693,12,Grain Experts,2026-03-02,2026-03-01,1
2694,10,Can Solutions,2026-03-14,2026-03-11,1
2695,5,Brew Logistics,2025-02-15,2025-02-08,1
2696,4,Premium Yeast,2025-02-10,2025-02-14,0
2697,14,Bottle Supply,2025-05-08,2025-05-12,0
2698,6,Hops Direct,2025-09-23,2025-09-17,1
2699,2,Northern Malt,2025-06-19,2025-07-01,0
2700,9,Packaging UK,2025-12-08,2025-12-08,1
2701,1,Hop Alliance UK,2025-03-09,2025-03-15,0
2702,1,Hop Alliance UK,2026-02-07,2026-01-29,1
2703,10,Can Solutions,2026-01-15,2026-01-11,1
2704,1,Hop Alliance UK,2024-11-14,2024-11-20,0
2705,13,Hop Global,2026-03-20,2026-03-18,1
2706,2,Northern Malt,2025-11-09,2025-11-12,0
2707,15,Lager Ingredients,2025-09-14,2025-09-26,0
2708,6,Hops Direct,2026-06-23,2026-06-22,1
2709,12,Grain Experts,2025-01-27,2025-01-27,1
2710,10,Can Solutions,2026-04-12,2026-04-03,1
2711,6,Hops Direct,2025-08-28,2025-09-01,0
2712,1,Hop Alliance UK,2025-01-23,2025-01-25,0
2713,17,Yeast Innovations,2026-08-23,2026-08-18,1
2714,11,Barley Source,2025-12-05,2025-11-28,1
2715,7,Malt Brothers,2026-08-01,2026-07-26,1
2716,9,Packaging UK,2025-10-15,2025-10-19,0
2717,1,Hop Alliance UK,2026-05-21,2026-05-14,1
2718,2,Northern Malt,2025-07-17,2025-07-13,1
2719,4,Premium Yeast,2024-11-25,2024-11-30,0
2720,2,Northern Malt,2026-07-27,2026-07-20,1
2721,3,Euro Malt GmbH,2024-12-03,2024-12-01,1
2722,11,Barley Source,2026-08-02,2026-08-17,0
2723,10,Can Solutions,2026-02-11,2026-02-14,0
2724,9,Packaging UK,2025-06-07,2025-06-08,0
2725,10,Can Solutions,2026-08-24,2026-08-20,1
2726,15,Lager Ingredients,2025-02-23,2025-02-16,1
2727,6,Hops Direct,2025-06-12,2025-06-11,1
2728,8,Belgian Yeast Co,2026-05-29,2026-05-31,0
2729,14,Bottle Supply,2025-06-06,2025-05-30,1
2730,1,Hop Alliance UK,2026-10-20,2026-10-20,1
2731,10,Can Solutions,2026-08-30,2026-09-01,0
2732,13,Hop Global,2025-09-07,2025-09-17,0
2733,10,Can Solutions,2026-04-03,2026-04-03,1
2734,2,Northern Malt,2026-09-11,2026-09-07,1
2735,3,Euro Malt GmbH,2025-10-21,2025-10-17,1
2736,2,Northern Malt,2024-11-14,2024-11-13,1
2737,13,Hop Global,2025-07-04,2025-06-29,1
2738,11,Barley Source,2025-11-28,2025-11-19,1
2739,6,Hops Direct,2025-12-18,2025-12-28,0
2740,7,Malt Brothers,2026-02-01,2026-01-26,1
2741,2,Northern Malt,2026-01-04,2026-01-03,1
2742,15,Lager Ingredients,2026-03-13,2026-03-15,0
2743,14,Bottle Supply,2024-11-15,2024-11-24,0
2744,18,Raw Materials Ltd,2025-08-18,2025-08-24,0
2745,9,Packaging UK,2025-06-25,2025-06-26,0
2746,9,Packaging UK,2025-05-28,2025-06-10,0
2747,11,Barley Source,2026-06-23,2026-06-24,0
2748,14,Bottle Supply,2025-11-25,2025-11-27,0
2749,5,Brew Logistics,2025-05-17,2025-05-16,1
2750,10,Can Solutions,2026-04-12,2026-04-09,1
2751,14,Bottle Supply,2026-01-24,2026-02-07,0
2752,9,Packaging UK,2025-11-02,2025-10-25,1
2753,19,Supply Partners,2026-02-28,2026-03-07,0
2754,19,Supply Partners,2025-10-31,2025-10-30,1
2755,7,Malt Brothers,2024-12-19,2024-12-30,0
2756,8,Belgian Yeast Co,2025-11-09,2025-11-12,0
2757,18,Raw Materials Ltd,2025-09-11,2025-09-05,1
2758,10,Can Solutions,2025-02-03,2025-02-01,1
2759,4,Premium Yeast,2026-06-04,2026-05-29,1
2760,1,Hop Alliance UK,2026-09-22,2026-09-23,0
2761,1,Hop Alliance UK,2025-12-24,2025-12-24,1
2762,3,Euro Malt GmbH,2025-04-05,2025-04-01,1
2763,13,Hop Global,2024-12-25,2024-12-22,1
2764,14,Bottle Supply,2025-05-15,2025-05-16,0
2765,11,Barley Source,2026-08-20,2026-08-18,1
2766,3,Euro Malt GmbH,2026-05-27,2026-05-23,1
2767,11,Barley Source,2026-01-11,2026-01-19,0
2768,20,Ingredient Hub,2026-01-31,2026-01-26,1
2769,4,Premium Yeast,2025-04-08,2025-04-21,0
2770,4,Premium Yeast,2026-01-28,2026-01-30,0
2771,1,Hop Alliance UK,2025-03-18,2025-03-14,1
2772,12,Grain Experts,2025-08-28,2025-09-09,0
2773,7,Malt Brothers,2025-12-03,2025-12-04,0
2774,8,Belgian Yeast Co,2026-07-26,2026-07-25,1
2775,5,Brew Logistics,2025-11-18,2025-11-20,0
2776,16,Craft Supply Co,2026-10-03,2026-10-03,1
2777,6,Hops Direct,2026-01-06,2026-01-08,0
2778,20,Ingredient Hub,2026-04-15,2026-04-22,0
2779,2,Northern Malt,2026-09-20,2026-09-13,1
2780,18,Raw Materials Ltd,2025-02-15,2025-02-21,0
2781,7,Malt Brothers,2025-11-10,2025-10-26,1
2782,2,Northern Malt,2024-12-05,2024-12-01,1
2783,7,Malt Brothers,2024-10-30,2024-10-23,1
2784,13,Hop Global,2025-08-23,2025-08-28,0
2785,2,Northern Malt,2025-02-26,2025-03-06,0
2786,2,Northern Malt,2024-12-27,2024-12-30,0
2787,2,Northern Malt,2026-04-05,2026-04-01,1
2788,4,Premium Yeast,2026-09-27,2026-09-27,1
2789,20,Ingredient Hub,2024-11-10,2024-11-03,1
2790,8,Belgian Yeast Co,2026-05-22,2026-05-18,1
2791,14,Bottle Supply,2026-04-30,2026-04-19,1
2792,10,Can Solutions,2025-08-25,2025-09-03,0
2793,2,Northern Malt,2026-03-27,2026-03-29,0
2794,12,Grain Experts,2025-10-24,2025-10-27,0
2795,5,Brew Logistics,2026-02-12,2026-02-05,1
2796,18,Raw Materials Ltd,2025-03-23,2025-03-21,1
2797,11,Barley Source,2025-10-22,2025-10-21,1
2798,20,Ingredient Hub,2026-09-07,2026-09-04,1
2799,4,Premium Yeast,2026-03-08,2026-03-12,0
2800,5,Brew Logistics,2025-09-18,2025-09-18,1
2801,9,Packaging UK,2025-01-30,2025-01-20,1
2802,2,Northern Malt,2026-08-08,2026-08-09,0
2803,12,Grain Experts,2025-08-06,2025-08-18,0
2804,18,Raw Materials Ltd,2024-12-30,2025-01-03,0
2805,20,Ingredient Hub,2025-03-02,2025-02-26,1
2806,2,Northern Malt,2025-01-20,2025-01-24,0
2807,13,Hop Global,2025-02-03,2025-02-09,0
2808,14,Bottle Supply,2025-12-29,2025-12-29,1
2809,19,Supply Partners,2026-05-26,2026-06-02,0
2810,19,Supply Partners,2025-11-07,2025-10-23,1
2811,13,Hop Global,2025-11-12,2025-11-07,1
2812,2,Northern Malt,2025-05-19,2025-05-15,1
2813,17,Yeast Innovations,2025-12-16,2025-12-21,0
2814,12,Grain Experts,2025-01-27,2025-01-31,0
2815,3,Euro Malt GmbH,2025-01-10,2025-01-11,0
2816,18,Raw Materials Ltd,2025-12-30,2025-12-17,1
2817,5,Brew Logistics,2026-09-02,2026-08-27,1
2818,3,Euro Malt GmbH,2025-08-20,2025-08-17,1
2819,5,Brew Logistics,2026-08-13,2026-08-21,0
2820,3,Euro Malt GmbH,2026-01-08,2026-01-05,1
2821,10,Can Solutions,2026-04-07,2026-04-04,1
2822,19,Supply Partners,2025-04-24,2025-04-20,1
2823,14,Bottle Supply,2026-07-04,2026-07-13,0
2824,16,Craft Supply Co,2026-07-31,2026-07-31,1
2825,6,Hops Direct,2025-07-18,2025-07-19,0
2826,14,Bottle Supply,2025-10-11,2025-10-13,0
2827,19,Supply Partners,2026-02-21,2026-02-20,1
2828,7,Malt Brothers,2026-05-31,2026-06-06,0
2829,20,Ingredient Hub,2025-11-23,2025-11-26,0
2830,6,Hops Direct,2025-07-15,2025-07-24,0
2831,11,Barley Source,2025-09-14,2025-09-21,0
2832,7,Malt Brothers,2025-03-27,2025-03-24,1
2833,19,Supply Partners,2026-04-30,2026-04-29,1
2834,11,Barley Source,2026-01-26,2026-01-22,1
2835,12,Grain Experts,2025-08-10,2025-08-21,0
2836,6,Hops Direct,2025-05-24,2025-05-17,1
2837,1,Hop Alliance UK,2025-10-31,2025-11-05,0
2838,13,Hop Global,2024-11-12,2024-11-04,1
2839,5,Brew Logistics,2025-03-30,2025-04-02,0
2840,10,Can Solutions,2025-10-23,2025-10-19,1
2841,8,Belgian Yeast Co,2025-04-06,2025-03-31,1
2842,18,Raw Materials Ltd,2026-03-25,2026-03-25,1
2843,13,Hop Global,2026-09-25,2026-09-27,0
2844,4,Premium Yeast,2026-07-15,2026-07-11,1
2845,18,Raw Materials Ltd,2024-11-08,2024-11-06,1
2846,12,Grain Experts,2026-08-01,2026-07-27,1
2847,15,Lager Ingredients,2025-04-24,2025-04-14,1
2848,20,Ingredient Hub,2025-01-26,2025-01-29,0
2849,12,Grain Experts,2025-02-07,2025-02-20,0
2850,7,Malt Brothers,2026-02-14,2026-02-14,1
2851,2,Northern Malt,2024-10-28,2024-10-30,0
2852,1,Hop Alliance UK,2026-05-15,2026-05-06,1
2853,4,Premium Yeast,2024-11-29,2024-12-02,0
2854,12,Grain Experts,2025-05-28,2025-05-27,1
2855,8,Belgian Yeast Co,2026-09-24,2026-09-16,1
2856,11,Barley Source,2025-08-28,2025-08-26,1
2857,5,Brew Logistics,2025-07-18,2025-07-18,1
2858,15,Lager Ingredients,2025-05-23,2025-06-04,0
2859,7,Malt Brothers,2026-06-10,2026-05-28,1
2860,2,Northern Malt,2026-07-13,2026-07-12,1
2861,16,Craft Supply Co,2025-03-21,2025-03-28,0
2862,5,Brew Logistics,2025-07-08,2025-07-11,0
2863,9,Packaging UK,2025-05-01,2025-05-04,0
2864,11,Barley Source,2026-02-14,2026-02-09,1
2865,18,Raw Materials Ltd,2026-04-28,2026-05-07,0
2866,2,Northern Malt,2025-07-10,2025-07-09,1
2867,8,Belgian Yeast Co,2025-01-12,2025-01-09,1
2868,2,Northern Malt,2025-04-03,2025-04-04,0
2869,14,Bottle Supply,2026-02-26,2026-03-05,0
2870,5,Brew Logistics,2025-03-25,2025-03-21,1
2871,4,Premium Yeast,2026-08-02,2026-07-25,1
2872,8,Belgian Yeast Co,2026-09-06,2026-09-09,0
2873,19,Supply Partners,2025-07-13,2025-07-17,0
2874,14,Bottle Supply,2025-01-02,2024-12-21,1
2875,6,Hops Direct,2025-04-16,2025-04-13,1
2876,4,Premium Yeast,2025-01-21,2025-01-22,0
2877,4,Premium Yeast,2025-11-22,2025-11-27,0
2878,4,Premium Yeast,2025-08-05,2025-07-27,1
2879,12,Grain Experts,2026-09-24,2026-09-23,1
2880,12,Grain Experts,2026-04-20,2026-04-16,1
2881,10,Can Solutions,2026-01-29,2026-02-02,0
2882,12,Grain Experts,2025-08-17,2025-08-10,1
2883,1,Hop Alliance UK,2024-12-31,2024-12-22,1
2884,12,Grain Experts,2026-10-07,2026-10-07,1
2885,2,Northern Malt,2026-05-03,2026-04-26,1
2886,3,Euro Malt GmbH,2025-06-03,2025-06-11,0
2887,7,Malt Brothers,2024-12-29,2025-01-08,0
2888,1,Hop Alliance UK,2024-11-02,2024-11-03,0
2889,1,Hop Alliance UK,2024-10-15,2024-10-25,0
2890,6,Hops Direct,2026-05-22,2026-05-19,1
2891,5,Brew Logistics,2025-07-03,2025-07-06,0
2892,20,Ingredient Hub,2025-04-11,2025-04-12,0
2893,20,Ingredient Hub,2026-04-09,2026-04-12,0
2894,4,Premium Yeast,2025-08-15,2025-07-31,1
2895,15,Lager Ingredients,2026-09-09,2026-09-16,0
2896,8,Belgian Yeast Co,2025-06-22,2025-06-29,0
2897,10,Can Solutions,2025-11-11,2025-11-12,0
2898,1,Hop Alliance UK,2026-05-30,2026-05-29,1
2899,20,Ingredient Hub,2024-11-10,2024-11-15,0
2900,6,Hops Direct,2025-01-12,2025-01-12,1
2901,15,Lager Ingredients,2025-11-28,2025-12-02,0
2902,9,Packaging UK,2026-01-16,2026-01-24,0
2903,14,Bottle Supply,2025-12-07,2025-12-17,0
2904,19,Supply Partners,2025-12-30,2025-12-29,1
2905,20,Ingredient Hub,2026-08-24,2026-08-20,1
2906,5,Brew Logistics,2026-05-15,2026-05-12,1
2907,18,Raw Materials Ltd,2025-07-21,2025-07-23,0
2908,19,Supply Partners,2025-01-23,2025-01-14,1
2909,1,Hop Alliance UK,2025-06-02,2025-05-29,1
2910,19,Supply Partners,2024-11-01,2024-10-25,1
2911,5,Brew Logistics,2026-08-26,2026-08-27,0
2912,4,Premium Yeast,2026-03-23,2026-03-18,1
2913,12,Grain Experts,2024-12-27,2024-12-21,1
2914,18,Raw Materials Ltd,2024-11-13,2024-11-15,0
2915,2,Northern Malt,2026-07-02,2026-07-05,0
2916,7,Malt Brothers,2025-05-15,2025-05-09,1
2917,2,Northern Malt,2025-06-18,2025-06-13,1
2918,13,Hop Global,2026-07-15,2026-07-05,1
2919,2,Northern Malt,2026-06-11,2026-06-11,1
2920,4,Premium Yeast,2026-07-20,2026-07-26,0
2921,15,Lager Ingredients,2024-12-15,2024-12-10,1
2922,7,Malt Brothers,2024-12-28,2024-12-16,1
2923,20,Ingredient Hub,2026-05-06,2026-05-05,1
2924,11,Barley Source,2025-06-19,2025-06-12,1
2925,6,Hops Direct,2025-08-31,2025-08-31,1
2926,3,Euro Malt GmbH,2026-06-21,2026-06-19,1
2927,11,Barley Source,2025-01-14,2025-01-08,1
2928,11,Barley Source,2025-10-13,2025-10-04,1
2929,14,Bottle Supply,2026-03-08,2026-03-17,0
2930,15,Lager Ingredients,2025-02-14,2025-02-15,0
2931,20,Ingredient Hub,2026-08-09,2026-08-11,0
2932,6,Hops Direct,2026-02-17,2026-02-24,0
2933,15,Lager Ingredients,2024-11-27,2024-12-09,0
2934,11,Barley Source,2026-04-23,2026-04-21,1
2935,7,Malt Brothers,2025-02-23,2025-02-26,0
2936,3,Euro Malt GmbH,2024-11-11,2024-11-14,0
2937,12,Grain Experts,2025-06-02,2025-05-27,1
2938,9,Packaging UK,2026-06-16,2026-06-14,1
2939,9,Packaging UK,2025-02-09,2025-02-08,1
2940,12,Grain Experts,2024-11-02,2024-10-30,1
2941,5,Brew Logistics,2025-07-05,2025-06-30,1
2942,16,Craft Supply Co,2025-01-19,2025-01-15,1
2943,17,Yeast Innovations,2026-04-26,2026-04-25,1
2944,7,Malt Brothers,2026-07-16,2026-07-08,1
2945,13,Hop Global,2026-05-04,2026-05-02,1
2946,2,Northern Malt,2026-01-01,2025-12-21,1
2947,2,Northern Malt,2026-01-08,2026-01-19,0
2948,13,Hop Global,2026-07-05,2026-07-06,0
2949,15,Lager Ingredients,2026-06-30,2026-06-24,1
2950,7,Malt Brothers,2026-09-25,2026-09-25,1
2951,1,Hop Alliance UK,2025-09-09,2025-08-28,1
2952,12,Grain Experts,2026-03-28,2026-04-08,0
2953,4,Premium Yeast,2026-09-09,2026-09-14,0
2954,3,Euro Malt GmbH,2025-03-10,2025-03-09,1
2955,3,Euro Malt GmbH,2025-01-02,2025-01-13,0
2956,15,Lager Ingredients,2026-05-21,2026-06-03,0
2957,4,Premium Yeast,2024-12-28,2024-12-25,1
2958,8,Belgian Yeast Co,2025-05-31,2025-05-31,1
2959,13,Hop Global,2025-02-09,2025-02-09,1
2960,20,Ingredient Hub,2026-02-15,2026-02-19,0
2961,16,Craft Supply Co,2025-08-20,2025-08-24,0
2962,14,Bottle Supply,2025-02-11,2025-02-14,0
2963,7,Malt Brothers,2026-09-23,2026-10-04,0
2964,5,Brew Logistics,2025-02-19,2025-02-04,1
2965,16,Craft Supply Co,2024-11-20,2024-11-30,0
2966,7,Malt Brothers,2025-03-30,2025-04-07,0
2967,4,Premium Yeast,2025-06-27,2025-06-22,1
2968,16,Craft Supply Co,2025-03-05,2025-02-26,1
2969,7,Malt Brothers,2025-12-08,2025-12-09,0
2970,9,Packaging UK,2026-10-05,2026-09-29,1
2971,6,Hops Direct,2024-10-25,2024-10-23,1
2972,1,Hop Alliance UK,2025-10-18,2025-10-27,0
2973,6,Hops Direct,2025-12-20,2025-12-17,1
2974,7,Malt Brothers,2026-10-07,2026-10-04,1
2975,20,Ingredient Hub,2025-09-21,2025-09-28,0
2976,7,Malt Brothers,2026-06-20,2026-06-21,0
2977,10,Can Solutions,2025-04-09,2025-04-21,0
2978,18,Raw Materials Ltd,2026-03-25,2026-04-04,0
2979,11,Barley Source,2025-08-05,2025-07-27,1
2980,19,Supply Partners,2025-01-06,2025-01-13,0
2981,1,Hop Alliance UK,2024-11-10,2024-11-01,1
2982,1,Hop Alliance UK,2025-11-08,2025-10-30,1
2983,9,Packaging UK,2025-08-27,2025-08-28,0
2984,15,Lager Ingredients,2025-01-01,2024-12-24,1
2985,18,Raw Materials Ltd,2025-08-20,2025-08-21,0
2986,4,Premium Yeast,2025-09-15,2025-09-22,0
2987,18,Raw Materials Ltd,2026-08-18,2026-08-27,0
2988,19,Supply Partners,2024-10-28,2024-10-20,1
2989,20,Ingredient Hub,2026-08-22,2026-08-10,1
2990,11,Barley Source,2024-11-16,2024-11-14,1
2991,4,Premium Yeast,2024-12-15,2024-12-01,1
2992,4,Premium Yeast,2025-06-23,2025-06-29,0
2993,17,Yeast Innovations,2025-03-22,2025-03-20,1
2994,6,Hops Direct,2024-11-26,2024-11-29,0
2995,8,Belgian Yeast Co,2025-10-04,2025-10-12,0
2996,19,Supply Partners,2025-07-15,2025-07-20,0
2997,16,Craft Supply Co,2026-07-17,2026-07-14,1
2998,12,Grain Experts,2025-07-25,2025-07-26,0
2999,14,Bottle Supply,2025-06-09,2025-05-29,1
3000,17,Yeast Innovations,2026-01-15,2026-01-15,1
3001,4,Premium Yeast,2026-08-12,2026-08-14,0
3002,6,Hops Direct,2026-04-04,2026-03-28,1
3003,12,Grain Experts,2025-12-16,2025-12-06,1
3004,10,Can Solutions,2026-06-05,2026-06-15,0
3005,20,Ingredient Hub,2025-04-01,2025-04-03,0
3006,12,Grain Experts,2026-05-10,2026-05-13,0
3007,14,Bottle Supply,2026-10-03,2026-10-05,0
3008,9,Packaging UK,2026-06-30,2026-07-06,0
3009,4,Premium Yeast,2026-02-02,2026-01-28,1
3010,20,Ingredient Hub,2025-10-18,2025-10-21,0
3011,2,Northern Malt,2025-03-09,2025-03-18,0
3012,19,Supply Partners,2025-10-25,2025-10-17,1
3013,17,Yeast Innovations,2025-04-05,2025-04-04,1
3014,3,Euro Malt GmbH,2024-11-20,2024-11-15,1
3015,2,Northern Malt,2025-12-28,2025-12-25,1
3016,6,Hops Direct,2026-01-20,2026-01-18,1
3017,3,Euro Malt GmbH,2025-04-30,2025-04-28,1
3018,10,Can Solutions,2026-02-04,2026-02-04,1
3019,1,Hop Alliance UK,2026-01-08,2026-01-15,0
3020,8,Belgian Yeast Co,2025-02-06,2025-02-05,1
3021,9,Packaging UK,2025-06-20,2025-06-11,1
3022,8,Belgian Yeast Co,2025-07-28,2025-08-04,0
3023,18,Raw Materials Ltd,2026-07-02,2026-06-26,1
3024,18,Raw Materials Ltd,2026-03-12,2026-03-27,0
3025,1,Hop Alliance UK,2025-02-15,2025-02-21,0
3026,5,Brew Logistics,2026-08-23,2026-08-21,1
3027,11,Barley Source,2025-08-08,2025-08-15,0
3028,18,Raw Materials Ltd,2026-06-09,2026-06-08,1
3029,18,Raw Materials Ltd,2024-11-25,2024-11-25,1
3030,16,Craft Supply Co,2025-05-10,2025-05-03,1
3031,17,Yeast Innovations,2026-07-17,2026-07-14,1
3032,12,Grain Experts,2025-09-27,2025-09-22,1
3033,3,Euro Malt GmbH,2025-08-28,2025-08-29,0
3034,3,Euro Malt GmbH,2026-10-12,2026-10-12,1
3035,1,Hop Alliance UK,2024-11-02,2024-11-09,0
3036,6,Hops Direct,2026-07-04,2026-07-03,1
3037,17,Yeast Innovations,2026-06-22,2026-06-18,1
3038,17,Yeast Innovations,2025-09-21,2025-09-22,0
3039,15,Lager Ingredients,2025-08-05,2025-08-01,1
3040,3,Euro Malt GmbH,2025-03-02,2025-03-03,0
3041,3,Euro Malt GmbH,2026-02-03,2026-02-03,1
3042,17,Yeast Innovations,2025-04-10,2025-04-01,1
3043,17,Yeast Innovations,2025-05-08,2025-05-11,0
3044,12,Grain Experts,2025-09-17,2025-09-07,1
3045,17,Yeast Innovations,2026-06-23,2026-06-28,0
3046,12,Grain Experts,2024-12-10,2024-11-27,1
3047,18,Raw Materials Ltd,2026-03-11,2026-03-09,1
3048,20,Ingredient Hub,2026-03-26,2026-03-25,1
3049,4,Premium Yeast,2025-02-10,2025-02-14,0
3050,9,Packaging UK,2026-05-11,2026-05-19,0
3051,9,Packaging UK,2025-03-26,2025-03-24,1
3052,20,Ingredient Hub,2026-02-04,2026-01-30,1
3053,1,Hop Alliance UK,2025-07-08,2025-07-07,1
3054,10,Can Solutions,2026-07-16,2026-07-14,1
3055,19,Supply Partners,2025-06-21,2025-06-28,0
3056,1,Hop Alliance UK,2025-06-06,2025-06-10,0
3057,16,Craft Supply Co,2026-03-31,2026-04-09,0
3058,19,Supply Partners,2025-10-23,2025-11-01,0
3059,9,Packaging UK,2025-10-15,2025-10-08,1
3060,15,Lager Ingredients,2025-12-22,2025-12-17,1
3061,18,Raw Materials Ltd,2025-08-31,2025-09-02,0
3062,11,Barley Source,2026-02-05,2026-01-30,1
3063,7,Malt Brothers,2025-12-16,2025-12-19,0
3064,6,Hops Direct,2024-11-11,2024-11-18,0
3065,13,Hop Global,2026-06-30,2026-06-22,1
3066,1,Hop Alliance UK,2025-11-18,2025-11-24,0
3067,19,Supply Partners,2025-11-04,2025-11-03,1
3068,19,Supply Partners,2026-09-24,2026-09-12,1
3069,15,Lager Ingredients,2026-06-07,2026-06-05,1
3070,3,Euro Malt GmbH,2026-07-26,2026-07-18,1
3071,7,Malt Brothers,2025-06-30,2025-07-04,0
3072,3,Euro Malt GmbH,2025-07-28,2025-07-31,0
3073,9,Packaging UK,2026-04-13,2026-04-17,0
3074,7,Malt Brothers,2025-04-05,2025-04-08,0
3075,5,Brew Logistics,2024-12-03,2024-11-25,1
3076,7,Malt Brothers,2025-10-10,2025-10-15,0
3077,19,Supply Partners,2026-03-22,2026-03-20,1
3078,1,Hop Alliance UK,2025-07-15,2025-07-17,0
3079,7,Malt Brothers,2025-05-24,2025-05-12,1
3080,9,Packaging UK,2025-04-19,2025-04-06,1
3081,12,Grain Experts,2025-12-26,2025-12-24,1
3082,12,Grain Experts,2026-05-14,2026-05-18,0
3083,19,Supply Partners,2025-01-02,2025-01-01,1
3084,6,Hops Direct,2026-05-14,2026-05-27,0
3085,13,Hop Global,2025-07-13,2025-07-08,1
3086,11,Barley Source,2026-03-27,2026-03-20,1
3087,10,Can Solutions,2026-04-17,2026-04-23,0
3088,8,Belgian Yeast Co,2025-12-26,2025-12-25,1
3089,15,Lager Ingredients,2025-03-12,2025-03-16,0
3090,17,Yeast Innovations,2026-08-19,2026-08-26,0
3091,13,Hop Global,2025-08-02,2025-08-07,0
3092,14,Bottle Supply,2024-12-10,2024-11-30,1
3093,15,Lager Ingredients,2024-12-08,2024-12-08,1
3094,2,Northern Malt,2026-08-01,2026-08-05,0
3095,2,Northern Malt,2025-12-11,2025-12-04,1
3096,10,Can Solutions,2026-03-17,2026-03-12,1
3097,5,Brew Logistics,2026-01-23,2026-01-23,1
3098,7,Malt Brothers,2025-09-28,2025-09-26,1
3099,10,Can Solutions,2026-07-25,2026-07-22,1
3100,8,Belgian Yeast Co,2026-04-09,2026-04-09,1
3101,8,Belgian Yeast Co,2026-08-26,2026-08-24,1
3102,9,Packaging UK,2025-07-29,2025-07-31,0
3103,9,Packaging UK,2025-05-14,2025-05-21,0
3104,13,Hop Global,2026-07-07,2026-06-29,1
3105,13,Hop Global,2026-01-01,2026-01-04,0
3106,14,Bottle Supply,2025-12-06,2025-12-12,0
3107,4,Premium Yeast,2025-06-05,2025-06-09,0
3108,8,Belgian Yeast Co,2026-08-23,2026-08-27,0
3109,16,Craft Supply Co,2025-02-27,2025-02-19,1
3110,14,Bottle Supply,2025-09-08,2025-09-06,1
3111,20,Ingredient Hub,2024-12-04,2024-12-13,0
3112,18,Raw Materials Ltd,2025-02-03,2025-01-24,1
3113,20,Ingredient Hub,2025-10-08,2025-10-08,1
3114,14,Bottle Supply,2026-09-07,2026-09-06,1
3115,13,Hop Global,2025-01-09,2025-01-06,1
3116,1,Hop Alliance UK,2025-08-04,2025-08-19,0
3117,14,Bottle Supply,2025-05-11,2025-05-13,0
3118,2,Northern Malt,2026-09-06,2026-08-26,1
3119,13,Hop Global,2024-11-25,2024-11-24,1
3120,7,Malt Brothers,2025-08-15,2025-08-13,1
3121,2,Northern Malt,2026-06-22,2026-06-18,1
3122,8,Belgian Yeast Co,2024-11-27,2024-12-07,0
3123,15,Lager Ingredients,2025-03-28,2025-03-19,1
3124,10,Can Solutions,2025-09-30,2025-10-06,0
3125,1,Hop Alliance UK,2025-10-02,2025-09-23,1
3126,19,Supply Partners,2024-11-05,2024-11-15,0
3127,3,Euro Malt GmbH,2025-02-09,2025-02-21,0
3128,15,Lager Ingredients,2025-11-07,2025-11-11,0
3129,15,Lager Ingredients,2025-02-23,2025-03-04,0
3130,7,Malt Brothers,2025-05-31,2025-06-04,0
3131,13,Hop Global,2026-04-17,2026-04-29,0
3132,16,Craft Supply Co,2026-09-30,2026-10-03,0
3133,8,Belgian Yeast Co,2026-07-27,2026-07-25,1
3134,1,Hop Alliance UK,2025-04-09,2025-04-07,1
3135,19,Supply Partners,2025-12-03,2025-12-10,0
3136,12,Grain Experts,2026-02-12,2026-02-21,0
3137,13,Hop Global,2025-09-28,2025-10-07,0
3138,9,Packaging UK,2025-02-10,2025-01-30,1
3139,4,Premium Yeast,2026-07-05,2026-06-27,1
3140,18,Raw Materials Ltd,2026-03-20,2026-03-17,1
3141,10,Can Solutions,2026-01-07,2026-01-16,0
3142,1,Hop Alliance UK,2025-05-31,2025-06-04,0
3143,9,Packaging UK,2026-07-11,2026-07-21,0
3144,20,Ingredient Hub,2026-04-15,2026-04-19,0
3145,7,Malt Brothers,2026-02-20,2026-02-19,1
3146,16,Craft Supply Co,2025-08-06,2025-08-15,0
3147,11,Barley Source,2025-10-26,2025-11-01,0
3148,18,Raw Materials Ltd,2025-10-13,2025-10-05,1
3149,11,Barley Source,2025-06-03,2025-06-02,1
3150,11,Barley Source,2025-11-23,2025-11-09,1
3151,5,Brew Logistics,2026-05-19,2026-05-16,1
3152,20,Ingredient Hub,2025-05-27,2025-05-31,0
3153,6,Hops Direct,2025-07-10,2025-07-15,0
3154,1,Hop Alliance UK,2025-07-02,2025-07-02,1
3155,14,Bottle Supply,2024-10-27,2024-10-21,1
3156,4,Premium Yeast,2024-12-15,2024-12-05,1
3157,12,Grain Experts,2026-01-26,2026-01-21,1
3158,11,Barley Source,2025-08-18,2025-08-20,0
3159,14,Bottle Supply,2026-04-06,2026-03-25,1
3160,10,Can Solutions,2025-09-03,2025-09-07,0
3161,8,Belgian Yeast Co,2026-04-19,2026-04-19,1
3162,1,Hop Alliance UK,2025-01-17,2025-01-29,0
3163,10,Can Solutions,2025-05-07,2025-05-07,1
3164,6,Hops Direct,2026-09-14,2026-09-23,0
3165,7,Malt Brothers,2026-06-21,2026-06-28,0
3166,17,Yeast Innovations,2025-03-20,2025-03-19,1
3167,8,Belgian Yeast Co,2026-07-28,2026-08-07,0
3168,2,Northern Malt,2025-02-16,2025-02-12,1
3169,19,Supply Partners,2026-04-15,2026-04-20,0
3170,9,Packaging UK,2025-05-28,2025-05-27,1
3171,7,Malt Brothers,2025-05-27,2025-05-16,1
3172,3,Euro Malt GmbH,2025-04-05,2025-04-07,0
3173,12,Grain Experts,2025-05-20,2025-05-21,0
3174,10,Can Solutions,2025-03-20,2025-03-29,0
3175,15,Lager Ingredients,2025-02-11,2025-02-16,0
3176,11,Barley Source,2026-07-22,2026-07-25,0
3177,20,Ingredient Hub,2026-06-22,2026-06-22,1
3178,11,Barley Source,2026-04-09,2026-04-15,0
3179,8,Belgian Yeast Co,2026-03-14,2026-03-16,0
3180,11,Barley Source,2026-07-10,2026-07-02,1
3181,18,Raw Materials Ltd,2026-07-31,2026-08-13,0
3182,3,Euro Malt GmbH,2026-01-07,2025-12-26,1
3183,15,Lager Ingredients,2026-08-12,2026-08-03,1
3184,20,Ingredient Hub,2026-05-02,2026-05-16,0
3185,20,Ingredient Hub,2026-01-28,2026-01-31,0
3186,2,Northern Malt,2025-03-13,2025-03-20,0
3187,15,Lager Ingredients,2025-06-02,2025-06-07,0
3188,1,Hop Alliance UK,2025-02-27,2025-03-03,0
3189,1,Hop Alliance UK,2024-12-05,2024-12-16,0
3190,6,Hops Direct,2025-02-24,2025-03-04,0
3191,19,Supply Partners,2026-06-17,2026-06-22,0
3192,2,Northern Malt,2025-07-20,2025-07-23,0
3193,20,Ingredient Hub,2025-09-19,2025-09-22,0
3194,8,Belgian Yeast Co,2026-06-13,2026-06-22,0
3195,11,Barley Source,2025-01-23,2025-01-20,1
3196,10,Can Solutions,2025-08-30,2025-08-24,1
3197,2,Northern Malt,2025-04-28,2025-04-17,1
3198,13,Hop Global,2025-10-11,2025-10-04,1
3199,4,Premium Yeast,2025-11-07,2025-11-06,1
3200,20,Ingredient Hub,2025-02-24,2025-02-24,1
3201,1,Hop Alliance UK,2025-10-21,2025-10-28,0
3202,1,Hop Alliance UK,2025-04-08,2025-04-08,1
3203,5,Brew Logistics,2025-11-04,2025-10-25,1
3204,14,Bottle Supply,2024-11-13,2024-11-08,1
3205,11,Barley Source,2026-02-09,2026-02-13,0
3206,5,Brew Logistics,2025-01-04,2025-01-05,0
3207,2,Northern Malt,2025-01-12,2025-01-11,1
3208,15,Lager Ingredients,2026-02-19,2026-02-23,0
3209,3,Euro Malt GmbH,2025-06-17,2025-06-19,0
3210,6,Hops Direct,2026-08-19,2026-08-29,0
3211,19,Supply Partners,2024-10-29,2024-11-09,0
3212,8,Belgian Yeast Co,2026-08-21,2026-08-25,0
3213,17,Yeast Innovations,2026-07-17,2026-07-19,0
3214,15,Lager Ingredients,2025-07-05,2025-07-09,0
3215,17,Yeast Innovations,2025-06-05,2025-06-17,0
3216,18,Raw Materials Ltd,2025-10-31,2025-10-30,1
3217,15,Lager Ingredients,2025-08-31,2025-09-10,0
3218,14,Bottle Supply,2024-11-18,2024-11-17,1
3219,6,Hops Direct,2026-06-29,2026-06-21,1
3220,12,Grain Experts,2026-04-04,2026-03-26,1
3221,8,Belgian Yeast Co,2024-12-07,2024-12-10,0
3222,2,Northern Malt,2024-11-28,2024-11-28,1
3223,4,Premium Yeast,2026-10-02,2026-09-30,1
3224,13,Hop Global,2025-05-06,2025-05-15,0
3225,8,Belgian Yeast Co,2024-12-31,2025-01-01,0
3226,7,Malt Brothers,2025-10-14,2025-10-27,0
3227,18,Raw Materials Ltd,2025-06-21,2025-06-20,1
3228,17,Yeast Innovations,2025-07-24,2025-07-27,0
3229,1,Hop Alliance UK,2025-05-14,2025-05-02,1
3230,9,Packaging UK,2026-08-26,2026-08-30,0
3231,11,Barley Source,2025-12-03,2025-12-04,0
3232,9,Packaging UK,2026-02-17,2026-02-22,0
3233,2,Northern Malt,2025-01-10,2025-01-15,0
3234,5,Brew Logistics,2025-10-29,2025-11-02,0
3235,6,Hops Direct,2025-09-11,2025-09-09,1
3236,1,Hop Alliance UK,2025-01-24,2025-01-27,0
3237,19,Supply Partners,2026-07-30,2026-08-08,0
3238,15,Lager Ingredients,2026-09-09,2026-09-10,0
3239,4,Premium Yeast,2025-06-14,2025-06-23,0
3240,18,Raw Materials Ltd,2025-10-02,2025-09-26,1
3241,17,Yeast Innovations,2025-09-16,2025-09-26,0
3242,19,Supply Partners,2026-06-25,2026-06-20,1
3243,6,Hops Direct,2026-01-23,2026-01-25,0
3244,10,Can Solutions,2025-06-06,2025-06-14,0
3245,12,Grain Experts,2026-02-08,2026-02-07,1
3246,17,Yeast Innovations,2025-08-28,2025-08-20,1
3247,15,Lager Ingredients,2025-03-20,2025-03-20,1
3248,6,Hops Direct,2026-06-01,2026-05-21,1
3249,5,Brew Logistics,2025-05-01,2025-05-06,0
3250,10,Can Solutions,2025-09-03,2025-09-11,0
3251,4,Premium Yeast,2026-06-09,2026-05-26,1
3252,10,Can Solutions,2026-04-20,2026-04-24,0
3253,17,Yeast Innovations,2026-01-14,2026-01-16,0
3254,9,Packaging UK,2026-02-24,2026-02-19,1
3255,7,Malt Brothers,2025-08-10,2025-08-04,1
3256,14,Bottle Supply,2025-03-14,2025-03-11,1
3257,7,Malt Brothers,2024-11-02,2024-10-23,1
3258,11,Barley Source,2026-04-02,2026-03-28,1
3259,2,Northern Malt,2026-10-10,2026-10-10,1
3260,12,Grain Experts,2026-08-09,2026-08-01,1
3261,5,Brew Logistics,2026-02-19,2026-02-11,1
3262,12,Grain Experts,2024-10-19,2024-10-19,1
3263,5,Brew Logistics,2024-12-01,2024-12-09,0
3264,2,Northern Malt,2026-06-07,2026-06-12,0
3265,19,Supply Partners,2026-02-23,2026-02-22,1
3266,3,Euro Malt GmbH,2024-11-12,2024-11-06,1
3267,1,Hop Alliance UK,2026-07-31,2026-08-02,0
3268,6,Hops Direct,2026-04-02,2026-03-30,1
3269,16,Craft Supply Co,2026-05-24,2026-05-29,0
3270,7,Malt Brothers,2026-06-24,2026-06-22,1
3271,3,Euro Malt GmbH,2025-04-13,2025-04-20,0
3272,17,Yeast Innovations,2025-09-04,2025-09-05,0
3273,14,Bottle Supply,2026-04-16,2026-04-15,1
3274,4,Premium Yeast,2026-07-20,2026-07-20,1
3275,14,Bottle Supply,2026-05-16,2026-05-22,0
3276,12,Grain Experts,2025-12-09,2025-12-13,0
3277,12,Grain Experts,2026-05-31,2026-06-07,0
3278,18,Raw Materials Ltd,2025-07-03,2025-06-29,1
3279,13,Hop Global,2025-10-05,2025-09-30,1
3280,13,Hop Global,2026-05-27,2026-05-28,0
3281,17,Yeast Innovations,2025-10-01,2025-09-24,1
3282,11,Barley Source,2026-01-23,2026-01-15,1
3283,20,Ingredient Hub,2024-12-05,2024-11-22,1
3284,17,Yeast Innovations,2025-01-21,2025-01-21,1
3285,1,Hop Alliance UK,2024-11-15,2024-11-26,0
3286,5,Brew Logistics,2025-09-29,2025-09-28,1
3287,7,Malt Brothers,2025-05-04,2025-05-05,0
3288,13,Hop Global,2025-08-03,2025-08-08,0
3289,2,Northern Malt,2026-08-27,2026-08-27,1
3290,17,Yeast Innovations,2025-05-14,2025-05-05,1
3291,13,Hop Global,2026-07-28,2026-07-26,1
3292,5,Brew Logistics,2024-11-16,2024-11-12,1
3293,3,Euro Malt GmbH,2026-06-06,2026-06-01,1
3294,1,Hop Alliance UK,2026-02-06,2026-01-22,1
3295,7,Malt Brothers,2026-02-25,2026-02-14,1
3296,3,Euro Malt GmbH,2025-03-04,2025-03-05,0
3297,6,Hops Direct,2025-02-22,2025-02-17,1
3298,13,Hop Global,2024-11-28,2024-11-26,1
3299,8,Belgian Yeast Co,2025-12-20,2025-12-23,0
3300,6,Hops Direct,2025-03-29,2025-03-29,1
3301,4,Premium Yeast,2026-06-22,2026-06-23,0
3302,4,Premium Yeast,2025-09-07,2025-09-12,0
3303,16,Craft Supply Co,2026-01-26,2026-01-28,0
3304,4,Premium Yeast,2024-11-17,2024-11-02,1
3305,20,Ingredient Hub,2025-06-29,2025-07-03,0
3306,1,Hop Alliance UK,2026-05-18,2026-05-26,0
3307,2,Northern Malt,2025-06-10,2025-06-11,0
3308,1,Hop Alliance UK,2025-05-05,2025-05-01,1
3309,16,Craft Supply Co,2025-10-02,2025-10-09,0
3310,15,Lager Ingredients,2025-02-17,2025-02-12,1
3311,15,Lager Ingredients,2025-12-22,2026-01-04,0
3312,9,Packaging UK,2025-09-04,2025-09-09,0
3313,16,Craft Supply Co,2025-05-26,2025-06-02,0
3314,3,Euro Malt GmbH,2026-01-22,2026-01-24,0
3315,9,Packaging UK,2024-11-17,2024-11-13,1
3316,10,Can Solutions,2026-01-21,2026-01-14,1
3317,5,Brew Logistics,2024-12-22,2025-01-05,0
3318,1,Hop Alliance UK,2024-12-01,2024-12-07,0
3319,12,Grain Experts,2025-12-03,2025-12-01,1
3320,1,Hop Alliance UK,2025-11-10,2025-10-31,1
3321,14,Bottle Supply,2025-05-01,2025-04-27,1
3322,6,Hops Direct,2024-12-14,2024-12-20,0
3323,2,Northern Malt,2025-07-15,2025-07-22,0
3324,5,Brew Logistics,2025-09-11,2025-09-04,1
3325,18,Raw Materials Ltd,2025-12-21,2025-12-20,1
3326,9,Packaging UK,2026-04-30,2026-05-09,0
3327,10,Can Solutions,2026-08-14,2026-08-12,1
3328,12,Grain Experts,2025-05-23,2025-06-03,0
3329,4,Premium Yeast,2025-04-15,2025-04-09,1
3330,18,Raw Materials Ltd,2025-12-05,2025-12-04,1
3331,1,Hop Alliance UK,2025-11-16,2025-11-18,0
3332,11,Barley Source,2025-05-10,2025-05-04,1
3333,9,Packaging UK,2026-01-22,2026-01-19,1
3334,2,Northern Malt,2024-11-08,2024-11-05,1
3335,7,Malt Brothers,2026-08-08,2026-08-11,0
3336,9,Packaging UK,2026-07-18,2026-07-08,1
3337,16,Craft Supply Co,2025-08-17,2025-08-29,0
3338,7,Malt Brothers,2026-01-27,2026-02-06,0
3339,15,Lager Ingredients,2026-02-15,2026-02-24,0
3340,2,Northern Malt,2026-07-03,2026-07-02,1
3341,8,Belgian Yeast Co,2025-10-27,2025-10-26,1
3342,1,Hop Alliance UK,2025-04-22,2025-04-12,1
3343,8,Belgian Yeast Co,2026-01-11,2026-01-09,1
3344,13,Hop Global,2026-09-08,2026-09-06,1
3345,2,Northern Malt,2025-05-01,2025-05-03,0
3346,4,Premium Yeast,2026-07-02,2026-06-26,1
3347,8,Belgian Yeast Co,2026-07-26,2026-08-06,0
3348,9,Packaging UK,2025-09-07,2025-09-07,1
3349,1,Hop Alliance UK,2026-06-18,2026-06-09,1
3350,16,Craft Supply Co,2025-10-06,2025-10-07,0
3351,12,Grain Experts,2025-10-29,2025-11-05,0
3352,20,Ingredient Hub,2026-06-09,2026-06-09,1
3353,17,Yeast Innovations,2025-04-07,2025-04-06,1
3354,11,Barley Source,2025-08-26,2025-09-01,0
3355,18,Raw Materials Ltd,2026-06-24,2026-07-01,0
3356,1,Hop Alliance UK,2025-06-27,2025-06-29,0
3357,18,Raw Materials Ltd,2024-12-03,2024-11-30,1
3358,20,Ingredient Hub,2025-07-18,2025-07-11,1
3359,18,Raw Materials Ltd,2025-03-10,2025-03-06,1
3360,18,Raw Materials Ltd,2025-08-14,2025-08-04,1
3361,16,Craft Supply Co,2025-02-17,2025-02-26,0
3362,1,Hop Alliance UK,2026-09-26,2026-09-24,1
3363,7,Malt Brothers,2026-06-30,2026-07-06,0
3364,8,Belgian Yeast Co,2026-05-30,2026-05-27,1
3365,16,Craft Supply Co,2026-04-19,2026-04-28,0
3366,6,Hops Direct,2026-08-28,2026-08-27,1
3367,8,Belgian Yeast Co,2025-12-28,2025-12-31,0
3368,12,Grain Experts,2025-10-02,2025-09-26,1
3369,4,Premium Yeast,2024-11-30,2024-11-29,1
3370,5,Brew Logistics,2024-10-27,2024-10-29,0
3371,14,Bottle Supply,2026-02-25,2026-02-12,1
3372,13,Hop Global,2025-12-31,2025-12-23,1
3373,8,Belgian Yeast Co,2025-02-21,2025-02-16,1
3374,4,Premium Yeast,2025-05-08,2025-05-04,1
3375,18,Raw Materials Ltd,2026-03-22,2026-03-07,1
3376,20,Ingredient Hub,2026-08-31,2026-08-19,1
3377,12,Grain Experts,2025-09-06,2025-08-29,1
3378,5,Brew Logistics,2025-08-08,2025-07-30,1
3379,20,Ingredient Hub,2025-02-15,2025-02-22,0
3380,18,Raw Materials Ltd,2026-07-04,2026-06-23,1
3381,2,Northern Malt,2024-12-13,2024-12-06,1
3382,13,Hop Global,2025-10-17,2025-10-29,0
3383,12,Grain Experts,2024-12-29,2024-12-22,1
3384,14,Bottle Supply,2026-04-15,2026-04-18,0
3385,1,Hop Alliance UK,2025-11-30,2025-12-06,0
3386,1,Hop Alliance UK,2025-11-11,2025-11-02,1
3387,2,Northern Malt,2025-05-01,2025-04-19,1
3388,5,Brew Logistics,2025-10-26,2025-10-15,1
3389,5,Brew Logistics,2026-01-29,2026-01-22,1
3390,10,Can Solutions,2025-06-08,2025-06-15,0
3391,17,Yeast Innovations,2025-03-09,2025-03-11,0
3392,16,Craft Supply Co,2025-02-08,2025-02-06,1
3393,4,Premium Yeast,2025-01-14,2025-01-15,0
3394,16,Craft Supply Co,2025-10-18,2025-10-11,1
3395,4,Premium Yeast,2025-08-27,2025-08-27,1
3396,19,Supply Partners,2025-07-23,2025-07-22,1
3397,16,Craft Supply Co,2026-08-03,2026-08-01,1
3398,10,Can Solutions,2025-07-17,2025-07-24,0
3399,6,Hops Direct,2025-08-04,2025-08-09,0
3400,7,Malt Brothers,2025-03-09,2025-03-09,1
3401,13,Hop Global,2025-09-24,2025-09-21,1
3402,2,Northern Malt,2024-12-18,2024-12-21,0
3403,2,Northern Malt,2024-11-15,2024-11-27,0
3404,19,Supply Partners,2025-04-21,2025-04-13,1
3405,19,Supply Partners,2026-01-24,2026-01-14,1
3406,6,Hops Direct,2026-10-05,2026-10-05,1
3407,20,Ingredient Hub,2026-10-15,2026-10-15,1
3408,2,Northern Malt,2026-09-01,2026-09-10,0
3409,18,Raw Materials Ltd,2026-08-27,2026-08-15,1
3410,20,Ingredient Hub,2026-07-27,2026-07-22,1
3411,4,Premium Yeast,2026-05-26,2026-06-05,0
3412,12,Grain Experts,2025-10-22,2025-10-21,1
3413,13,Hop Global,2026-03-20,2026-03-26,0
3414,19,Supply Partners,2026-06-05,2026-06-03,1
3415,13,Hop Global,2024-12-14,2024-12-18,0
3416,6,Hops Direct,2025-10-14,2025-10-22,0
3417,9,Packaging UK,2026-07-29,2026-08-01,0
3418,11,Barley Source,2026-05-14,2026-05-13,1
3419,12,Grain Experts,2026-06-21,2026-06-16,1
3420,5,Brew Logistics,2025-01-16,2025-01-20,0
3421,6,Hops Direct,2025-08-01,2025-07-26,1
3422,3,Euro Malt GmbH,2025-10-21,2025-11-02,0
3423,13,Hop Global,2026-04-25,2026-04-20,1
3424,6,Hops Direct,2024-12-12,2024-12-02,1
3425,15,Lager Ingredients,2024-10-26,2024-11-01,0
3426,15,Lager Ingredients,2026-07-16,2026-07-22,0
3427,18,Raw Materials Ltd,2026-01-05,2026-01-02,1
3428,15,Lager Ingredients,2026-03-03,2026-03-09,0
3429,20,Ingredient Hub,2026-01-17,2026-01-15,1
3430,17,Yeast Innovations,2025-06-28,2025-07-12,0
3431,4,Premium Yeast,2026-01-29,2026-01-31,0
3432,10,Can Solutions,2025-10-07,2025-10-15,0
3433,20,Ingredient Hub,2025-06-11,2025-06-16,0
3434,13,Hop Global,2024-10-20,2024-10-16,1
3435,13,Hop Global,2025-06-09,2025-06-12,0
3436,17,Yeast Innovations,2025-10-28,2025-10-16,1
3437,11,Barley Source,2026-09-18,2026-09-27,0
3438,5,Brew Logistics,2025-08-05,2025-08-08,0
3439,10,Can Solutions,2026-02-28,2026-03-08,0
3440,4,Premium Yeast,2025-12-23,2025-12-18,1
3441,14,Bottle Supply,2026-06-15,2026-06-11,1
3442,16,Craft Supply Co,2025-06-28,2025-06-28,1
3443,8,Belgian Yeast Co,2026-06-07,2026-05-28,1
3444,3,Euro Malt GmbH,2025-05-02,2025-05-03,0
3445,5,Brew Logistics,2026-09-18,2026-09-15,1
3446,17,Yeast Innovations,2026-09-07,2026-09-07,1
3447,19,Supply Partners,2025-02-04,2025-01-22,1
3448,14,Bottle Supply,2025-09-20,2025-09-25,0
3449,2,Northern Malt,2026-01-31,2026-02-02,0
3450,13,Hop Global,2026-06-05,2026-06-15,0
3451,18,Raw Materials Ltd,2026-06-22,2026-06-17,1
3452,17,Yeast Innovations,2025-01-16,2025-01-16,1
3453,18,Raw Materials Ltd,2025-09-05,2025-09-15,0
3454,5,Brew Logistics,2026-03-19,2026-03-17,1
3455,7,Malt Brothers,2026-09-28,2026-09-27,1
3456,4,Premium Yeast,2025-04-26,2025-05-03,0
3457,12,Grain Experts,2026-10-09,2026-10-09,1
3458,20,Ingredient Hub,2025-12-17,2025-12-17,1
3459,9,Packaging UK,2025-01-15,2025-01-19,0
3460,19,Supply Partners,2024-12-07,2024-12-19,0
3461,7,Malt Brothers,2025-03-15,2025-03-12,1
3462,10,Can Solutions,2026-06-24,2026-07-09,0
3463,15,Lager Ingredients,2026-03-27,2026-04-03,0
3464,10,Can Solutions,2025-07-18,2025-07-13,1
3465,11,Barley Source,2026-06-28,2026-06-21,1
3466,19,Supply Partners,2025-03-07,2025-03-18,0
3467,11,Barley Source,2026-03-03,2026-02-17,1
3468,3,Euro Malt GmbH,2025-05-08,2025-05-05,1
3469,18,Raw Materials Ltd,2026-01-15,2026-01-19,0
3470,10,Can Solutions,2025-10-10,2025-10-11,0
3471,3,Euro Malt GmbH,2025-04-28,2025-04-16,1
3472,4,Premium Yeast,2025-09-04,2025-08-23,1
3473,2,Northern Malt,2025-02-13,2025-02-24,0
3474,8,Belgian Yeast Co,2026-09-17,2026-09-14,1
3475,9,Packaging UK,2026-01-11,2026-01-08,1
3476,8,Belgian Yeast Co,2025-04-08,2025-04-02,1
3477,12,Grain Experts,2025-02-21,2025-02-24,0
3478,1,Hop Alliance UK,2026-01-23,2026-01-21,1
3479,8,Belgian Yeast Co,2025-07-04,2025-07-08,0
3480,10,Can Solutions,2026-08-27,2026-08-22,1
3481,15,Lager Ingredients,2026-04-21,2026-04-08,1
3482,3,Euro Malt GmbH,2025-11-05,2025-11-02,1
3483,10,Can Solutions,2025-10-08,2025-09-26,1
3484,1,Hop Alliance UK,2025-10-22,2025-10-26,0
3485,14,Bottle Supply,2025-04-26,2025-04-29,0
3486,1,Hop Alliance UK,2025-09-11,2025-09-17,0
3487,16,Craft Supply Co,2025-08-25,2025-08-26,0
3488,14,Bottle Supply,2025-02-09,2025-02-15,0
3489,3,Euro Malt GmbH,2026-05-15,2026-05-18,0
3490,14,Bottle Supply,2026-07-08,2026-07-19,0
3491,2,Northern Malt,2024-10-19,2024-10-13,1
3492,5,Brew Logistics,2025-12-09,2025-12-09,1
3493,17,Yeast Innovations,2026-04-07,2026-04-15,0
3494,7,Malt Brothers,2025-09-30,2025-09-19,1
3495,11,Barley Source,2025-05-04,2025-05-06,0
3496,19,Supply Partners,2026-01-15,2026-01-13,1
3497,12,Grain Experts,2025-11-07,2025-11-05,1
3498,9,Packaging UK,2025-03-29,2025-03-30,0
3499,13,Hop Global,2024-11-02,2024-11-01,1
3500,16,Craft Supply Co,2026-05-07,2026-05-07,1
3501,16,Craft Supply Co,2026-09-19,2026-09-27,0
3502,10,Can Solutions,2025-11-12,2025-11-05,1
3503,12,Grain Experts,2024-12-31,2025-01-06,0
3504,5,Brew Logistics,2025-11-28,2025-11-25,1
3505,8,Belgian Yeast Co,2026-04-29,2026-04-22,1
3506,16,Craft Supply Co,2025-02-12,2025-02-05,1
3507,19,Supply Partners,2026-08-01,2026-08-10,0
3508,7,Malt Brothers,2026-07-11,2026-07-16,0
3509,16,Craft Supply Co,2025-03-02,2025-02-27,1
3510,9,Packaging UK,2025-02-18,2025-03-04,0
3511,1,Hop Alliance UK,2026-06-14,2026-06-18,0
3512,4,Premium Yeast,2026-09-24,2026-09-19,1
3513,2,Northern Malt,2025-09-18,2025-09-14,1
3514,4,Premium Yeast,2026-04-22,2026-04-22,1
3515,12,Grain Experts,2026-01-21,2026-01-17,1
3516,6,Hops Direct,2024-12-07,2024-11-28,1
3517,17,Yeast Innovations,2026-09-27,2026-09-26,1
3518,19,Supply Partners,2026-09-28,2026-09-18,1
3519,5,Brew Logistics,2024-12-25,2024-12-16,1
3520,13,Hop Global,2025-12-06,2025-12-02,1
3521,10,Can Solutions,2026-08-04,2026-08-02,1
3522,16,Craft Supply Co,2025-04-01,2025-03-25,1
3523,9,Packaging UK,2024-12-22,2024-12-15,1
3524,4,Premium Yeast,2025-05-25,2025-05-11,1
3525,20,Ingredient Hub,2025-02-22,2025-02-19,1
3526,4,Premium Yeast,2025-04-21,2025-04-30,0
3527,14,Bottle Supply,2025-09-12,2025-09-10,1
3528,8,Belgian Yeast Co,2026-02-15,2026-02-11,1
3529,14,Bottle Supply,2025-08-16,2025-08-23,0
3530,6,Hops Direct,2024-12-10,2024-12-13,0
3531,2,Northern Malt,2025-07-10,2025-06-30,1
3532,4,Premium Yeast,2025-04-23,2025-05-02,0
3533,9,Packaging UK,2026-06-23,2026-07-05,0
3534,5,Brew Logistics,2026-06-25,2026-06-29,0
3535,13,Hop Global,2025-01-16,2025-01-05,1
3536,11,Barley Source,2026-05-12,2026-05-18,0
3537,12,Grain Experts,2025-06-22,2025-06-17,1
3538,7,Malt Brothers,2024-12-17,2024-12-19,0
3539,8,Belgian Yeast Co,2026-10-17,2026-10-06,1
3540,10,Can Solutions,2025-04-18,2025-04-28,0
3541,1,Hop Alliance UK,2025-08-12,2025-08-16,0
3542,20,Ingredient Hub,2025-09-22,2025-09-26,0
3543,3,Euro Malt GmbH,2025-12-20,2025-12-08,1
3544,3,Euro Malt GmbH,2026-06-25,2026-06-30,0
3545,18,Raw Materials Ltd,2025-09-21,2025-09-25,0
3546,8,Belgian Yeast Co,2025-11-27,2025-11-27,1
3547,13,Hop Global,2026-06-19,2026-06-24,0
3548,11,Barley Source,2025-02-12,2025-02-15,0
3549,10,Can Solutions,2025-02-28,2025-02-24,1
3550,13,Hop Global,2025-09-27,2025-09-29,0
3551,13,Hop Global,2026-04-09,2026-04-15,0
3552,6,Hops Direct,2026-04-18,2026-04-25,0
3553,15,Lager Ingredients,2025-12-16,2025-12-27,0
3554,11,Barley Source,2025-10-09,2025-09-27,1
3555,12,Grain Experts,2026-05-06,2026-04-30,1
3556,10,Can Solutions,2025-11-15,2025-11-20,0
3557,18,Raw Materials Ltd,2025-03-15,2025-03-10,1
3558,2,Northern Malt,2026-07-11,2026-07-15,0
3559,11,Barley Source,2024-11-22,2024-11-10,1
3560,13,Hop Global,2025-10-24,2025-10-13,1
3561,12,Grain Experts,2026-01-11,2026-01-18,0
3562,13,Hop Global,2026-03-07,2026-02-20,1
3563,18,Raw Materials Ltd,2026-03-05,2026-03-06,0
3564,13,Hop Global,2025-06-27,2025-06-18,1
3565,6,Hops Direct,2025-01-11,2025-01-06,1
3566,10,Can Solutions,2025-12-01,2025-12-03,0
3567,18,Raw Materials Ltd,2026-07-23,2026-07-08,1
3568,3,Euro Malt GmbH,2025-06-21,2025-06-18,1
3569,13,Hop Global,2026-02-06,2026-02-17,0
3570,14,Bottle Supply,2026-07-24,2026-07-26,0
3571,18,Raw Materials Ltd,2024-10-22,2024-10-19,1
3572,3,Euro Malt GmbH,2025-11-01,2025-11-08,0
3573,5,Brew Logistics,2025-01-19,2025-01-31,0
3574,17,Yeast Innovations,2024-11-21,2024-11-19,1
3575,9,Packaging UK,2025-10-12,2025-10-19,0
3576,2,Northern Malt,2024-12-03,2024-12-01,1
3577,19,Supply Partners,2025-10-28,2025-10-28,1
3578,13,Hop Global,2026-07-24,2026-07-22,1
3579,8,Belgian Yeast Co,2026-08-03,2026-07-24,1
3580,17,Yeast Innovations,2026-01-27,2026-01-18,1
3581,11,Barley Source,2025-12-10,2025-12-23,0
3582,12,Grain Experts,2026-03-28,2026-04-04,0
3583,8,Belgian Yeast Co,2025-03-22,2025-03-24,0
3584,8,Belgian Yeast Co,2025-02-03,2025-02-09,0
3585,16,Craft Supply Co,2026-07-31,2026-07-28,1
3586,6,Hops Direct,2026-03-11,2026-03-06,1
3587,3,Euro Malt GmbH,2026-10-10,2026-10-06,1
3588,13,Hop Global,2026-07-01,2026-07-11,0
3589,18,Raw Materials Ltd,2026-01-30,2026-01-25,1
3590,3,Euro Malt GmbH,2025-01-22,2025-01-09,1
3591,18,Raw Materials Ltd,2026-10-06,2026-10-04,1
3592,14,Bottle Supply,2025-07-24,2025-07-18,1
3593,16,Craft Supply Co,2025-10-06,2025-10-05,1
3594,5,Brew Logistics,2025-11-12,2025-11-09,1
3595,15,Lager Ingredients,2025-06-09,2025-06-06,1
3596,17,Yeast Innovations,2026-01-28,2026-01-29,0
3597,15,Lager Ingredients,2026-07-18,2026-07-12,1
3598,19,Supply Partners,2024-11-18,2024-11-22,0
3599,9,Packaging UK,2024-12-10,2024-12-07,1
3600,20,Ingredient Hub,2025-02-04,2025-02-04,1
3601,20,Ingredient Hub,2024-11-19,2024-11-19,1
3602,13,Hop Global,2026-07-05,2026-07-10,0
3603,1,Hop Alliance UK,2026-04-23,2026-05-02,0
3604,11,Barley Source,2026-06-03,2026-05-31,1
3605,18,Raw Materials Ltd,2025-02-13,2025-02-13,1
3606,18,Raw Materials Ltd,2025-07-26,2025-07-25,1
3607,15,Lager Ingredients,2025-12-22,2026-01-02,0
3608,13,Hop Global,2025-10-15,2025-10-25,0
3609,13,Hop Global,2025-01-04,2025-01-03,1
3610,15,Lager Ingredients,2025-02-27,2025-02-17,1
3611,3,Euro Malt GmbH,2026-05-16,2026-05-26,0
3612,2,Northern Malt,2025-03-15,2025-03-08,1
3613,7,Malt Brothers,2026-01-29,2026-01-25,1
3614,1,Hop Alliance UK,2026-03-11,2026-03-14,0
3615,4,Premium Yeast,2025-02-25,2025-03-12,0
3616,14,Bottle Supply,2025-05-06,2025-05-10,0
3617,10,Can Solutions,2025-03-15,2025-03-10,1
3618,11,Barley Source,2025-03-05,2025-03-16,0
3619,9,Packaging UK,2025-10-20,2025-10-17,1
3620,5,Brew Logistics,2026-10-18,2026-10-18,1
3621,3,Euro Malt GmbH,2025-10-18,2025-10-14,1
3622,7,Malt Brothers,2026-08-20,2026-08-19,1
3623,1,Hop Alliance UK,2025-08-12,2025-08-24,0
3624,11,Barley Source,2026-09-01,2026-08-31,1
3625,4,Premium Yeast,2026-03-11,2026-03-14,0
3626,1,Hop Alliance UK,2025-10-28,2025-10-25,1
3627,18,Raw Materials Ltd,2025-03-13,2025-03-04,1
3628,16,Craft Supply Co,2025-07-25,2025-07-26,0
3629,3,Euro Malt GmbH,2025-06-12,2025-06-07,1
3630,13,Hop Global,2025-09-20,2025-09-19,1
3631,10,Can Solutions,2026-06-14,2026-06-18,0
3632,10,Can Solutions,2025-01-14,2025-01-17,0
3633,11,Barley Source,2026-07-05,2026-06-29,1
3634,5,Brew Logistics,2026-07-12,2026-07-15,0
3635,20,Ingredient Hub,2025-02-25,2025-02-25,1
3636,10,Can Solutions,2025-01-02,2025-01-13,0
3637,19,Supply Partners,2026-08-21,2026-08-30,0
3638,15,Lager Ingredients,2024-10-23,2024-10-16,1
3639,16,Craft Supply Co,2026-03-10,2026-03-19,0
3640,13,Hop Global,2025-12-18,2025-12-23,0
3641,16,Craft Supply Co,2026-06-17,2026-06-22,0
3642,11,Barley Source,2025-04-25,2025-04-20,1
3643,1,Hop Alliance UK,2026-06-13,2026-06-18,0
3644,16,Craft Supply Co,2025-08-04,2025-08-17,0
3645,2,Northern Malt,2025-09-20,2025-09-25,0
3646,14,Bottle Supply,2025-08-02,2025-08-09,0
3647,20,Ingredient Hub,2025-02-08,2025-02-07,1
3648,13,Hop Global,2024-11-23,2024-11-18,1
3649,19,Supply Partners,2025-12-07,2025-12-07,1
3650,6,Hops Direct,2025-08-03,2025-07-27,1
3651,9,Packaging UK,2025-11-02,2025-11-03,0
3652,3,Euro Malt GmbH,2025-08-20,2025-08-28,0
3653,6,Hops Direct,2026-02-04,2026-02-15,0
3654,5,Brew Logistics,2025-05-28,2025-05-17,1
3655,12,Grain Experts,2025-10-03,2025-09-25,1
3656,10,Can Solutions,2026-03-06,2026-02-28,1
3657,9,Packaging UK,2025-11-23,2025-11-19,1
3658,17,Yeast Innovations,2025-10-13,2025-10-14,0
3659,13,Hop Global,2026-05-06,2026-05-14,0
3660,7,Malt Brothers,2025-05-02,2025-05-02,1
3661,2,Northern Malt,2025-07-22,2025-07-31,0
3662,4,Premium Yeast,2025-03-14,2025-03-27,0
3663,7,Malt Brothers,2026-02-12,2026-02-06,1
3664,20,Ingredient Hub,2026-10-08,2026-10-08,1
3665,15,Lager Ingredients,2026-07-05,2026-07-19,0
3666,12,Grain Experts,2026-02-09,2026-02-04,1
3667,3,Euro Malt GmbH,2026-05-11,2026-05-04,1
3668,7,Malt Brothers,2026-01-19,2026-01-12,1
3669,2,Northern Malt,2025-10-28,2025-11-04,0
3670,1,Hop Alliance UK,2026-09-26,2026-09-28,0
3671,5,Brew Logistics,2026-05-19,2026-05-17,1
3672,14,Bottle Supply,2026-09-21,2026-09-16,1
3673,8,Belgian Yeast Co,2026-09-22,2026-09-27,0
3674,12,Grain Experts,2025-03-24,2025-03-28,0
3675,14,Bottle Supply,2026-08-18,2026-08-13,1
3676,12,Grain Experts,2025-07-27,2025-08-04,0
3677,2,Northern Malt,2025-06-20,2025-06-21,0
3678,7,Malt Brothers,2026-06-04,2026-06-10,0
3679,16,Craft Supply Co,2026-09-27,2026-09-20,1
3680,18,Raw Materials Ltd,2026-08-13,2026-08-07,1
3681,18,Raw Materials Ltd,2025-01-11,2025-01-10,1
3682,17,Yeast Innovations,2025-01-10,2025-01-09,1
3683,19,Supply Partners,2026-06-01,2026-05-26,1
3684,20,Ingredient Hub,2024-12-21,2024-12-09,1
3685,19,Supply Partners,2025-12-17,2025-12-18,0
3686,8,Belgian Yeast Co,2025-07-21,2025-07-16,1
3687,19,Supply Partners,2025-05-11,2025-05-09,1
3688,19,Supply Partners,2026-02-11,2026-02-22,0
3689,3,Euro Malt GmbH,2025-06-10,2025-06-08,1
3690,20,Ingredient Hub,2025-05-05,2025-05-08,0
3691,4,Premium Yeast,2025-12-31,2025-12-24,1
3692,13,Hop Global,2025-06-27,2025-06-23,1
3693,3,Euro Malt GmbH,2026-08-01,2026-07-27,1
3694,10,Can Solutions,2025-04-29,2025-05-04,0
3695,13,Hop Global,2025-04-01,2025-04-02,0
3696,11,Barley Source,2024-11-11,2024-11-13,0
3697,8,Belgian Yeast Co,2024-12-03,2024-12-13,0
3698,18,Raw Materials Ltd,2025-01-17,2025-01-26,0
3699,14,Bottle Supply,2025-03-24,2025-03-11,1
3700,5,Brew Logistics,2025-08-28,2025-08-28,1
3701,12,Grain Experts,2025-02-18,2025-02-28,0
3702,3,Euro Malt GmbH,2026-03-12,2026-03-11,1
3703,19,Supply Partners,2024-12-07,2024-12-12,0
3704,5,Brew Logistics,2025-05-02,2025-05-01,1
3705,8,Belgian Yeast Co,2026-03-24,2026-03-27,0
3706,18,Raw Materials Ltd,2026-03-29,2026-03-22,1
3707,11,Barley Source,2025-11-09,2025-11-09,1
3708,18,Raw Materials Ltd,2026-06-05,2026-06-03,1
3709,12,Grain Experts,2025-01-09,2025-01-06,1
3710,18,Raw Materials Ltd,2025-10-13,2025-10-28,0
3711,13,Hop Global,2025-03-26,2025-03-31,0
3712,8,Belgian Yeast Co,2025-11-29,2025-11-28,1
3713,8,Belgian Yeast Co,2026-02-05,2026-01-30,1
3714,5,Brew Logistics,2026-02-13,2026-02-09,1
3715,8,Belgian Yeast Co,2025-06-24,2025-06-24,1
3716,2,Northern Malt,2026-08-21,2026-09-03,0
3717,13,Hop Global,2025-12-22,2025-12-22,1
3718,20,Ingredient Hub,2026-06-27,2026-06-25,1
3719,19,Supply Partners,2025-03-07,2025-02-28,1
3720,11,Barley Source,2025-12-17,2025-12-14,1
3721,13,Hop Global,2026-09-14,2026-09-06,1
3722,10,Can Solutions,2025-09-25,2025-09-26,0
3723,14,Bottle Supply,2026-09-10,2026-09-07,1
3724,3,Euro Malt GmbH,2024-12-17,2024-12-28,0
3725,15,Lager Ingredients,2025-03-26,2025-03-20,1
3726,9,Packaging UK,2026-07-29,2026-07-27,1
3727,7,Malt Brothers,2026-02-17,2026-02-23,0
3728,20,Ingredient Hub,2026-08-04,2026-08-05,0
3729,3,Euro Malt GmbH,2024-11-08,2024-11-02,1
3730,6,Hops Direct,2025-08-11,2025-08-21,0
3731,1,Hop Alliance UK,2025-08-30,2025-08-28,1
3732,20,Ingredient Hub,2025-04-09,2025-04-13,0
3733,10,Can Solutions,2025-08-15,2025-08-11,1
3734,5,Brew Logistics,2026-06-15,2026-06-16,0
3735,7,Malt Brothers,2026-10-02,2026-09-30,1
3736,4,Premium Yeast,2025-12-26,2025-12-30,0
3737,8,Belgian Yeast Co,2025-08-24,2025-08-28,0
3738,5,Brew Logistics,2025-10-13,2025-10-15,0
3739,4,Premium Yeast,2024-10-26,2024-10-20,1
3740,6,Hops Direct,2026-04-13,2026-04-12,1
3741,9,Packaging UK,2026-02-06,2026-02-04,1
3742,2,Northern Malt,2025-02-04,2025-02-02,1
3743,19,Supply Partners,2025-01-04,2025-01-01,1
3744,9,Packaging UK,2025-04-29,2025-04-16,1
3745,17,Yeast Innovations,2025-01-25,2025-01-26,0
3746,10,Can Solutions,2025-01-03,2025-01-04,0
3747,9,Packaging UK,2026-05-07,2026-05-15,0
3748,16,Craft Supply Co,2026-05-04,2026-04-20,1
3749,14,Bottle Supply,2026-09-14,2026-09-26,0
3750,18,Raw Materials Ltd,2025-08-08,2025-07-30,1
3751,12,Grain Experts,2025-11-08,2025-11-08,1
3752,2,Northern Malt,2025-08-05,2025-08-16,0
3753,16,Craft Supply Co,2025-08-14,2025-08-12,1
3754,20,Ingredient Hub,2025-05-21,2025-05-24,0
3755,5,Brew Logistics,2026-01-31,2026-01-31,1
3756,17,Yeast Innovations,2026-03-29,2026-03-16,1
3757,15,Lager Ingredients,2025-03-20,2025-03-21,0
3758,10,Can Solutions,2026-04-02,2026-03-31,1
3759,5,Brew Logistics,2026-01-19,2026-01-13,1
3760,5,Brew Logistics,2026-09-10,2026-09-04,1
3761,13,Hop Global,2026-01-19,2026-01-30,0
3762,3,Euro Malt GmbH,2025-04-04,2025-03-22,1
3763,3,Euro Malt GmbH,2025-01-03,2025-01-11,0
3764,13,Hop Global,2025-07-26,2025-07-21,1
3765,14,Bottle Supply,2025-09-17,2025-09-15,1
3766,10,Can Solutions,2026-06-05,2026-06-03,1
3767,3,Euro Malt GmbH,2025-05-21,2025-05-16,1
3768,11,Barley Source,2025-02-09,2025-02-16,0
3769,2,Northern Malt,2025-09-08,2025-09-16,0
3770,19,Supply Partners,2025-05-04,2025-05-06,0
3771,14,Bottle Supply,2024-12-29,2024-12-26,1
3772,3,Euro Malt GmbH,2025-04-14,2025-04-23,0
3773,10,Can Solutions,2026-07-13,2026-07-23,0
3774,10,Can Solutions,2025-10-09,2025-10-01,1
3775,15,Lager Ingredients,2026-07-07,2026-06-29,1
3776,1,Hop Alliance UK,2024-11-19,2024-11-19,1
3777,2,Northern Malt,2025-07-14,2025-07-24,0
3778,2,Northern Malt,2026-09-16,2026-09-19,0
3779,12,Grain Experts,2026-06-02,2026-05-30,1
3780,1,Hop Alliance UK,2025-11-23,2025-11-21,1
3781,1,Hop Alliance UK,2024-11-12,2024-11-11,1
3782,16,Craft Supply Co,2025-08-07,2025-08-07,1
3783,12,Grain Experts,2026-03-25,2026-03-22,1
3784,12,Grain Experts,2024-11-29,2024-11-26,1
3785,14,Bottle Supply,2026-06-22,2026-06-21,1
3786,4,Premium Yeast,2025-09-02,2025-08-31,1
3787,9,Packaging UK,2026-06-01,2026-06-07,0
3788,16,Craft Supply Co,2025-04-10,2025-04-09,1
3789,17,Yeast Innovations,2026-03-28,2026-03-26,1
3790,4,Premium Yeast,2025-05-13,2025-05-23,0
3791,19,Supply Partners,2025-08-07,2025-08-05,1
3792,15,Lager Ingredients,2026-01-01,2025-12-22,1
3793,3,Euro Malt GmbH,2024-11-22,2024-11-20,1
3794,12,Grain Experts,2025-07-25,2025-07-17,1
3795,4,Premium Yeast,2026-05-14,2026-05-07,1
3796,11,Barley Source,2025-05-01,2025-04-26,1
3797,20,Ingredient Hub,2025-05-12,2025-05-07,1
3798,1,Hop Alliance UK,2026-07-22,2026-07-18,1
3799,17,Yeast Innovations,2024-11-05,2024-11-17,0
3800,6,Hops Direct,2026-07-25,2026-07-25,1
3801,2,Northern Malt,2025-08-15,2025-08-14,1
3802,5,Brew Logistics,2025-12-14,2025-12-07,1
3803,20,Ingredient Hub,2025-07-18,2025-07-08,1
3804,7,Malt Brothers,2025-04-11,2025-04-14,0
3805,19,Supply Partners,2026-07-28,2026-07-27,1
3806,10,Can Solutions,2025-01-10,2025-01-09,1
3807,2,Northern Malt,2025-03-10,2025-03-09,1
3808,14,Bottle Supply,2025-06-24,2025-07-01,0
3809,13,Hop Global,2026-04-28,2026-05-04,0
3810,15,Lager Ingredients,2026-02-21,2026-02-11,1
3811,1,Hop Alliance UK,2026-05-15,2026-05-12,1
3812,19,Supply Partners,2026-07-05,2026-07-05,1
3813,11,Barley Source,2026-03-27,2026-03-26,1
3814,9,Packaging UK,2025-01-18,2025-01-22,0
3815,13,Hop Global,2026-07-09,2026-07-01,1
3816,18,Raw Materials Ltd,2024-11-10,2024-11-12,0
3817,13,Hop Global,2025-01-01,2024-12-31,1
3818,17,Yeast Innovations,2025-05-13,2025-05-02,1
3819,10,Can Solutions,2026-05-04,2026-04-27,1
3820,4,Premium Yeast,2025-02-21,2025-02-15,1
3821,14,Bottle Supply,2025-05-10,2025-05-11,0
3822,16,Craft Supply Co,2026-01-19,2026-01-18,1
3823,10,Can Solutions,2024-12-03,2024-11-26,1
3824,16,Craft Supply Co,2024-12-04,2024-12-12,0
3825,8,Belgian Yeast Co,2026-05-25,2026-06-01,0
3826,19,Supply Partners,2026-03-21,2026-04-01,0
3827,11,Barley Source,2025-09-01,2025-09-04,0
3828,18,Raw Materials Ltd,2024-11-03,2024-11-14,0
3829,10,Can Solutions,2025-03-15,2025-03-15,1
3830,12,Grain Experts,2024-12-08,2024-12-17,0
3831,9,Packaging UK,2025-02-25,2025-02-21,1
3832,1,Hop Alliance UK,2026-05-04,2026-05-08,0
3833,10,Can Solutions,2026-02-03,2026-01-30,1
3834,4,Premium Yeast,2025-03-19,2025-03-20,0
3835,2,Northern Malt,2024-11-09,2024-11-22,0
3836,3,Euro Malt GmbH,2026-03-13,2026-03-17,0
3837,10,Can Solutions,2025-12-26,2026-01-05,0
3838,15,Lager Ingredients,2025-12-21,2025-12-25,0
3839,14,Bottle Supply,2026-10-11,2026-10-05,1
3840,20,Ingredient Hub,2026-04-01,2026-04-06,0
3841,15,Lager Ingredients,2026-01-08,2026-01-18,0
3842,2,Northern Malt,2026-03-14,2026-03-12,1
3843,15,Lager Ingredients,2026-08-20,2026-08-24,0
3844,9,Packaging UK,2026-10-21,2026-10-21,1
3845,17,Yeast Innovations,2025-09-30,2025-09-21,1
3846,9,Packaging UK,2026-07-15,2026-07-28,0
3847,17,Yeast Innovations,2026-07-27,2026-07-22,1
3848,18,Raw Materials Ltd,2024-10-29,2024-10-29,1
3849,6,Hops Direct,2024-11-11,2024-11-17,0
3850,12,Grain Experts,2025-03-23,2025-03-30,0
3851,8,Belgian Yeast Co,2026-01-20,2026-01-22,0
3852,10,Can Solutions,2025-10-22,2025-10-21,1
3853,14,Bottle Supply,2026-10-16,2026-10-16,1
3854,5,Brew Logistics,2024-12-08,2024-12-09,0
3855,12,Grain Experts,2026-01-26,2026-01-17,1
3856,2,Northern Malt,2026-01-18,2026-01-13,1
3857,4,Premium Yeast,2025-08-03,2025-08-11,0
3858,8,Belgian Yeast Co,2025-03-21,2025-03-14,1
3859,20,Ingredient Hub,2025-03-26,2025-03-30,0
3860,8,Belgian Yeast Co,2026-02-11,2026-02-19,0
3861,17,Yeast Innovations,2025-10-06,2025-10-08,0
3862,1,Hop Alliance UK,2026-10-13,2026-10-13,1
3863,10,Can Solutions,2025-05-21,2025-05-18,1
3864,20,Ingredient Hub,2025-10-04,2025-10-13,0
3865,5,Brew Logistics,2026-05-22,2026-05-29,0
3866,2,Northern Malt,2026-05-24,2026-05-23,1
3867,19,Supply Partners,2024-12-10,2024-12-05,1
3868,8,Belgian Yeast Co,2025-12-11,2025-12-03,1
3869,20,Ingredient Hub,2026-06-13,2026-06-16,0
3870,7,Malt Brothers,2025-07-30,2025-08-13,0
3871,15,Lager Ingredients,2025-09-21,2025-09-21,1
3872,13,Hop Global,2025-07-12,2025-07-07,1
3873,16,Craft Supply Co,2025-03-15,2025-03-05,1
3874,5,Brew Logistics,2025-06-26,2025-07-03,0
3875,6,Hops Direct,2026-08-03,2026-08-14,0
3876,5,Brew Logistics,2025-05-24,2025-05-27,0
3877,4,Premium Yeast,2025-04-28,2025-04-16,1
3878,8,Belgian Yeast Co,2024-11-19,2024-11-19,1
3879,15,Lager Ingredients,2025-11-05,2025-11-14,0
3880,20,Ingredient Hub,2025-11-27,2025-11-23,1
3881,16,Craft Supply Co,2024-11-08,2024-11-02,1
3882,14,Bottle Supply,2025-05-16,2025-05-22,0
3883,10,Can Solutions,2026-04-14,2026-04-08,1
3884,12,Grain Experts,2025-07-23,2025-08-05,0
3885,17,Yeast Innovations,2025-10-14,2025-10-15,0
3886,18,Raw Materials Ltd,2026-06-01,2026-05-28,1
3887,12,Grain Experts,2026-07-18,2026-07-25,0
3888,2,Northern Malt,2025-08-08,2025-08-05,1
3889,8,Belgian Yeast Co,2026-03-31,2026-04-04,0
3890,20,Ingredient Hub,2026-06-01,2026-06-10,0
3891,14,Bottle Supply,2026-07-30,2026-08-06,0
3892,15,Lager Ingredients,2025-11-28,2025-12-05,0
3893,14,Bottle Supply,2026-06-26,2026-07-03,0
3894,16,Craft Supply Co,2025-04-15,2025-04-27,0
3895,9,Packaging UK,2025-04-28,2025-04-25,1
3896,11,Barley Source,2024-11-23,2024-11-20,1
3897,13,Hop Global,2025-08-13,2025-08-13,1
3898,13,Hop Global,2025-04-10,2025-04-01,1
3899,17,Yeast Innovations,2024-12-25,2024-12-27,0
3900,11,Barley Source,2025-08-09,2025-08-09,1
3901,19,Supply Partners,2025-12-19,2025-12-28,0
3902,12,Grain Experts,2026-05-15,2026-05-25,0
3903,19,Supply Partners,2026-04-03,2026-04-04,0
3904,7,Malt Brothers,2026-08-17,2026-08-08,1
3905,20,Ingredient Hub,2024-11-23,2024-11-26,0
3906,14,Bottle Supply,2026-06-28,2026-06-30,0
3907,14,Bottle Supply,2025-11-13,2025-11-24,0
3908,19,Supply Partners,2024-11-03,2024-10-27,1
3909,11,Barley Source,2026-05-17,2026-05-16,1
3910,2,Northern Malt,2025-09-16,2025-09-20,0
3911,14,Bottle Supply,2026-03-01,2026-03-04,0
3912,12,Grain Experts,2025-02-18,2025-02-12,1
3913,15,Lager Ingredients,2026-10-02,2026-09-27,1
3914,18,Raw Materials Ltd,2025-03-23,2025-03-22,1
3915,16,Craft Supply Co,2026-08-31,2026-09-08,0
3916,3,Euro Malt GmbH,2025-08-28,2025-08-25,1
3917,5,Brew Logistics,2025-07-19,2025-07-17,1
3918,9,Packaging UK,2026-08-15,2026-08-11,1
3919,11,Barley Source,2026-06-07,2026-06-02,1
3920,14,Bottle Supply,2026-05-27,2026-05-25,1
3921,12,Grain Experts,2025-06-20,2025-06-26,0
3922,12,Grain Experts,2025-04-16,2025-04-17,0
3923,4,Premium Yeast,2025-10-05,2025-10-12,0
3924,10,Can Solutions,2025-08-23,2025-08-26,0
3925,11,Barley Source,2025-10-17,2025-10-09,1
3926,7,Malt Brothers,2026-09-03,2026-09-06,0
3927,13,Hop Global,2025-01-24,2025-01-25,0
3928,6,Hops Direct,2024-10-27,2024-10-21,1
3929,15,Lager Ingredients,2025-07-28,2025-07-24,1
3930,20,Ingredient Hub,2026-06-04,2026-06-01,1
3931,4,Premium Yeast,2025-03-08,2025-03-13,0
3932,7,Malt Brothers,2026-02-08,2026-02-13,0
3933,2,Northern Malt,2024-12-28,2025-01-07,0
3934,3,Euro Malt GmbH,2026-07-27,2026-07-23,1
3935,10,Can Solutions,2025-04-07,2025-04-03,1
3936,8,Belgian Yeast Co,2026-01-28,2026-01-30,0
3937,19,Supply Partners,2025-03-10,2025-03-06,1
3938,19,Supply Partners,2026-10-14,2026-10-14,1
3939,10,Can Solutions,2025-04-10,2025-04-06,1
3940,14,Bottle Supply,2025-11-18,2025-11-23,0
3941,1,Hop Alliance UK,2025-09-18,2025-09-07,1
3942,3,Euro Malt GmbH,2025-09-28,2025-09-29,0
3943,4,Premium Yeast,2026-02-22,2026-02-13,1
3944,3,Euro Malt GmbH,2025-09-18,2025-09-12,1
3945,2,Northern Malt,2025-04-20,2025-04-26,0
3946,15,Lager Ingredients,2025-11-04,2025-11-02,1
3947,4,Premium Yeast,2025-10-11,2025-10-05,1
3948,13,Hop Global,2025-04-29,2025-05-04,0
3949,5,Brew Logistics,2025-07-02,2025-06-30,1
3950,3,Euro Malt GmbH,2025-07-27,2025-07-28,0
3951,1,Hop Alliance UK,2026-04-22,2026-04-13,1
3952,5,Brew Logistics,2026-06-26,2026-06-26,1
3953,18,Raw Materials Ltd,2025-06-26,2025-06-25,1
3954,1,Hop Alliance UK,2025-06-09,2025-06-02,1
3955,18,Raw Materials Ltd,2025-06-06,2025-06-02,1
3956,6,Hops Direct,2025-09-05,2025-09-03,1
3957,19,Supply Partners,2026-06-24,2026-06-20,1
3958,18,Raw Materials Ltd,2026-01-01,2025-12-28,1
3959,20,Ingredient Hub,2026-01-22,2026-02-01,0
3960,6,Hops Direct,2025-02-26,2025-03-01,0
3961,3,Euro Malt GmbH,2026-06-30,2026-07-08,0
3962,19,Supply Partners,2026-05-14,2026-05-13,1
3963,7,Malt Brothers,2026-08-24,2026-08-23,1
3964,20,Ingredient Hub,2026-08-10,2026-07-30,1
3965,1,Hop Alliance UK,2026-04-09,2026-04-11,0
3966,12,Grain Experts,2025-12-23,2025-12-31,0
3967,19,Supply Partners,2026-10-17,2026-10-04,1
3968,17,Yeast Innovations,2025-06-26,2025-06-28,0
3969,17,Yeast Innovations,2026-07-06,2026-07-01,1
3970,9,Packaging UK,2025-04-13,2025-04-16,0
3971,9,Packaging UK,2026-03-11,2026-02-28,1
3972,11,Barley Source,2026-03-23,2026-03-31,0
3973,17,Yeast Innovations,2026-03-01,2026-02-26,1
3974,9,Packaging UK,2026-03-05,2026-02-28,1
3975,12,Grain Experts,2025-07-16,2025-07-22,0
3976,19,Supply Partners,2025-09-03,2025-09-09,0
3977,19,Supply Partners,2026-03-23,2026-03-23,1
3978,6,Hops Direct,2026-06-03,2026-06-08,0
3979,8,Belgian Yeast Co,2025-05-26,2025-05-25,1
3980,11,Barley Source,2025-08-06,2025-08-03,1
3981,9,Packaging UK,2026-09-09,2026-08-31,1
3982,8,Belgian Yeast Co,2024-12-20,2024-12-20,1
3983,7,Malt Brothers,2025-03-29,2025-03-30,0
3984,13,Hop Global,2026-01-08,2026-01-14,0
3985,20,Ingredient Hub,2026-09-01,2026-08-23,1
3986,19,Supply Partners,2026-10-17,2026-10-17,1
3987,17,Yeast Innovations,2026-01-16,2026-01-17,0
3988,9,Packaging UK,2026-09-01,2026-08-22,1
3989,13,Hop Global,2025-03-28,2025-03-23,1
3990,7,Malt Brothers,2025-04-30,2025-04-17,1
3991,18,Raw Materials Ltd,2025-10-03,2025-10-13,0
3992,19,Supply Partners,2025-10-24,2025-10-18,1
3993,6,Hops Direct,2025-01-22,2025-01-28,0
3994,18,Raw Materials Ltd,2025-04-11,2025-04-14,0
3995,10,Can Solutions,2026-07-28,2026-07-28,1
3996,10,Can Solutions,2025-01-21,2025-01-23,0
3997,3,Euro Malt GmbH,2026-05-27,2026-06-04,0
3998,15,Lager Ingredients,2026-09-27,2026-09-19,1
3999,20,Ingredient Hub,2025-10-18,2025-10-16,1
4000,17,Yeast Innovations,2024-12-02,2024-12-02,1
4001,20,Ingredient Hub,2025-07-16,2025-07-15,1
4002,15,Lager Ingredients,2024-10-23,2024-10-16,1
4003,18,Raw Materials Ltd,2025-04-28,2025-05-02,0
4004,9,Packaging UK,2024-11-22,2024-11-14,1
4005,9,Packaging UK,2025-03-30,2025-03-27,1
4006,1,Hop Alliance UK,2026-04-22,2026-04-26,0
4007,15,Lager Ingredients,2024-10-29,2024-11-03,0
4008,1,Hop Alliance UK,2026-07-21,2026-07-19,1
4009,16,Craft Supply Co,2025-02-18,2025-02-26,0
4010,4,Premium Yeast,2026-05-24,2026-05-27,0
4011,11,Barley Source,2025-07-07,2025-07-12,0
4012,11,Barley Source,2025-03-12,2025-03-06,1
4013,13,Hop Global,2026-03-23,2026-03-27,0
4014,2,Northern Malt,2026-03-02,2026-03-10,0
4015,5,Brew Logistics,2025-06-28,2025-06-23,1
4016,2,Northern Malt,2026-06-06,2026-06-01,1
4017,4,Premium Yeast,2025-03-15,2025-03-24,0
4018,18,Raw Materials Ltd,2025-03-03,2025-02-20,1
4019,12,Grain Experts,2026-01-25,2026-01-23,1
4020,20,Ingredient Hub,2026-05-12,2026-05-06,1
4021,14,Bottle Supply,2025-03-08,2025-03-03,1
4022,7,Malt Brothers,2025-05-29,2025-05-25,1
4023,7,Malt Brothers,2025-02-17,2025-02-10,1
4024,8,Belgian Yeast Co,2025-10-07,2025-10-01,1
4025,4,Premium Yeast,2025-10-01,2025-10-04,0
4026,9,Packaging UK,2026-04-20,2026-04-19,1
4027,6,Hops Direct,2025-07-05,2025-06-29,1
4028,9,Packaging UK,2024-11-12,2024-11-10,1
4029,2,Northern Malt,2025-05-29,2025-06-01,0
4030,19,Supply Partners,2025-11-08,2025-10-31,1
4031,15,Lager Ingredients,2025-05-21,2025-05-17,1
4032,2,Northern Malt,2025-07-24,2025-08-05,0
4033,12,Grain Experts,2026-07-10,2026-07-10,1
4034,8,Belgian Yeast Co,2026-07-05,2026-07-04,1
4035,18,Raw Materials Ltd,2025-10-17,2025-10-15,1
4036,4,Premium Yeast,2024-12-04,2024-12-12,0
4037,20,Ingredient Hub,2025-07-25,2025-07-13,1
4038,8,Belgian Yeast Co,2026-08-21,2026-08-13,1
4039,10,Can Solutions,2026-09-26,2026-09-16,1
4040,10,Can Solutions,2025-02-24,2025-03-02,0
4041,14,Bottle Supply,2025-12-28,2026-01-04,0
4042,9,Packaging UK,2026-08-10,2026-08-07,1
4043,2,Northern Malt,2025-10-08,2025-10-07,1
4044,11,Barley Source,2025-01-18,2025-01-16,1
4045,2,Northern Malt,2025-01-06,2025-01-01,1
4046,10,Can Solutions,2024-11-12,2024-11-18,0
4047,15,Lager Ingredients,2025-06-09,2025-06-05,1
4048,7,Malt Brothers,2025-11-04,2025-10-26,1
4049,4,Premium Yeast,2025-08-26,2025-08-26,1
4050,3,Euro Malt GmbH,2026-05-17,2026-05-16,1
4051,2,Northern Malt,2026-03-06,2026-03-04,1
4052,17,Yeast Innovations,2026-03-23,2026-03-31,0
4053,19,Supply Partners,2025-03-09,2025-03-02,1
4054,11,Barley Source,2025-02-04,2025-02-05,0
4055,19,Supply Partners,2026-06-30,2026-06-28,1
4056,19,Supply Partners,2025-10-17,2025-10-23,0
4057,11,Barley Source,2026-10-16,2026-10-16,1
4058,7,Malt Brothers,2026-09-03,2026-08-24,1
4059,16,Craft Supply Co,2026-05-07,2026-05-06,1
4060,11,Barley Source,2025-12-08,2025-12-12,0
4061,13,Hop Global,2025-09-07,2025-09-12,0
4062,7,Malt Brothers,2026-10-01,2026-10-01,1
4063,12,Grain Experts,2025-01-13,2025-01-20,0
4064,6,Hops Direct,2025-02-25,2025-02-27,0
4065,17,Yeast Innovations,2025-07-09,2025-07-11,0
4066,20,Ingredient Hub,2026-03-09,2026-02-24,1
4067,18,Raw Materials Ltd,2025-04-17,2025-04-16,1
4068,17,Yeast Innovations,2025-02-20,2025-03-04,0
4069,18,Raw Materials Ltd,2024-11-07,2024-11-06,1
4070,20,Ingredient Hub,2025-01-08,2025-01-02,1
4071,19,Supply Partners,2026-04-25,2026-05-02,0
4072,10,Can Solutions,2025-01-05,2025-01-10,0
4073,10,Can Solutions,2026-03-04,2026-03-04,1
4074,5,Brew Logistics,2025-04-04,2025-04-10,0
4075,20,Ingredient Hub,2025-06-08,2025-06-15,0
4076,13,Hop Global,2025-04-19,2025-04-15,1
4077,17,Yeast Innovations,2026-08-14,2026-08-20,0
4078,8,Belgian Yeast Co,2026-09-22,2026-09-19,1
4079,10,Can Solutions,2026-09-18,2026-09-14,1
4080,10,Can Solutions,2025-04-15,2025-04-20,0
4081,2,Northern Malt,2025-02-25,2025-02-27,0
4082,14,Bottle Supply,2025-09-10,2025-09-13,0
4083,14,Bottle Supply,2025-07-09,2025-07-03,1
4084,4,Premium Yeast,2025-05-31,2025-06-04,0
4085,10,Can Solutions,2026-01-28,2026-01-28,1
4086,17,Yeast Innovations,2026-01-19,2026-01-25,0
4087,1,Hop Alliance UK,2026-05-31,2026-05-29,1
4088,17,Yeast Innovations,2026-07-21,2026-07-31,0
4089,9,Packaging UK,2025-11-09,2025-11-03,1
4090,5,Brew Logistics,2026-07-30,2026-08-01,0
4091,16,Craft Supply Co,2025-03-07,2025-03-06,1
4092,6,Hops Direct,2025-02-10,2025-02-16,0
4093,3,Euro Malt GmbH,2026-05-21,2026-05-19,1
4094,8,Belgian Yeast Co,2025-11-22,2025-11-29,0
4095,2,Northern Malt,2026-08-31,2026-08-25,1
4096,18,Raw Materials Ltd,2026-08-23,2026-09-07,0
4097,11,Barley Source,2026-04-19,2026-04-22,0
4098,10,Can Solutions,2025-06-25,2025-07-03,0
4099,4,Premium Yeast,2025-11-05,2025-11-01,1
4100,14,Bottle Supply,2026-05-25,2026-05-25,1
4101,11,Barley Source,2026-08-19,2026-08-14,1
4102,6,Hops Direct,2024-12-03,2024-11-22,1
4103,9,Packaging UK,2026-08-27,2026-09-04,0
4104,8,Belgian Yeast Co,2025-10-24,2025-10-12,1
4105,15,Lager Ingredients,2026-09-03,2026-08-23,1
4106,14,Bottle Supply,2025-06-04,2025-06-01,1
4107,6,Hops Direct,2024-11-11,2024-11-10,1
4108,12,Grain Experts,2025-02-11,2025-02-01,1
4109,7,Malt Brothers,2025-04-15,2025-04-05,1
4110,8,Belgian Yeast Co,2025-11-19,2025-11-19,1
4111,9,Packaging UK,2025-02-04,2025-02-04,1
4112,9,Packaging UK,2025-04-22,2025-05-01,0
4113,18,Raw Materials Ltd,2025-12-29,2026-01-05,0
4114,20,Ingredient Hub,2025-10-09,2025-10-13,0
4115,6,Hops Direct,2026-02-27,2026-02-20,1
4116,20,Ingredient Hub,2025-03-22,2025-03-22,1
4117,19,Supply Partners,2025-04-02,2025-04-02,1
4118,2,Northern Malt,2026-07-22,2026-07-21,1
4119,10,Can Solutions,2025-09-26,2025-10-02,0
4120,20,Ingredient Hub,2026-03-24,2026-03-15,1
4121,3,Euro Malt GmbH,2026-01-06,2025-12-30,1
4122,1,Hop Alliance UK,2025-07-01,2025-07-01,1
4123,18,Raw Materials Ltd,2025-06-22,2025-06-16,1
4124,17,Yeast Innovations,2026-03-16,2026-03-22,0
4125,4,Premium Yeast,2026-08-04,2026-08-03,1
4126,14,Bottle Supply,2026-10-12,2026-10-12,1
4127,7,Malt Brothers,2026-09-12,2026-09-13,0
4128,15,Lager Ingredients,2025-01-20,2025-01-21,0
4129,11,Barley Source,2026-03-10,2026-03-08,1
4130,12,Grain Experts,2025-08-09,2025-08-22,0
4131,19,Supply Partners,2025-11-29,2025-11-28,1
4132,3,Euro Malt GmbH,2025-02-24,2025-02-26,0
4133,9,Packaging UK,2024-12-24,2024-12-29,0
4134,1,Hop Alliance UK,2024-12-09,2024-12-10,0
4135,18,Raw Materials Ltd,2025-06-04,2025-06-13,0
4136,19,Supply Partners,2025-02-11,2025-02-02,1
4137,11,Barley Source,2025-10-23,2025-10-31,0
4138,15,Lager Ingredients,2025-07-16,2025-07-02,1
4139,8,Belgian Yeast Co,2025-02-22,2025-02-22,1
4140,14,Bottle Supply,2026-03-15,2026-03-23,0
4141,17,Yeast Innovations,2025-01-03,2025-01-06,0
4142,11,Barley Source,2025-01-02,2025-01-02,1
4143,11,Barley Source,2026-03-11,2026-03-15,0
4144,11,Barley Source,2025-07-09,2025-07-12,0
4145,2,Northern Malt,2024-11-27,2024-11-27,1
4146,17,Yeast Innovations,2025-11-17,2025-11-24,0
4147,6,Hops Direct,2025-11-29,2025-12-02,0
4148,5,Brew Logistics,2026-09-12,2026-09-01,1
4149,5,Brew Logistics,2026-06-30,2026-06-26,1
4150,4,Premium Yeast,2025-11-23,2025-11-24,0
4151,7,Malt Brothers,2026-01-28,2026-01-30,0
4152,1,Hop Alliance UK,2024-12-29,2025-01-04,0
4153,10,Can Solutions,2024-11-10,2024-11-17,0
4154,9,Packaging UK,2025-08-29,2025-08-24,1
4155,2,Northern Malt,2024-12-25,2024-12-19,1
4156,11,Barley Source,2025-06-16,2025-06-07,1
4157,17,Yeast Innovations,2026-02-26,2026-03-03,0
4158,9,Packaging UK,2026-09-05,2026-09-03,1
4159,9,Packaging UK,2026-02-19,2026-02-16,1
4160,9,Packaging UK,2026-07-22,2026-07-11,1
4161,18,Raw Materials Ltd,2025-12-16,2025-12-17,0
4162,14,Bottle Supply,2025-09-29,2025-09-29,1
4163,14,Bottle Supply,2025-03-05,2025-02-24,1
4164,11,Barley Source,2025-03-30,2025-04-03,0
4165,4,Premium Yeast,2026-07-31,2026-08-06,0
4166,6,Hops Direct,2025-05-25,2025-05-21,1
4167,8,Belgian Yeast Co,2026-09-19,2026-09-15,1
4168,20,Ingredient Hub,2025-08-21,2025-08-25,0
4169,18,Raw Materials Ltd,2025-01-03,2025-01-05,0
4170,12,Grain Experts,2025-11-03,2025-11-06,0
4171,14,Bottle Supply,2025-09-21,2025-09-20,1
4172,5,Brew Logistics,2025-09-30,2025-09-19,1
4173,19,Supply Partners,2024-11-04,2024-10-27,1
4174,19,Supply Partners,2025-11-02,2025-11-04,0
4175,2,Northern Malt,2026-03-06,2026-03-07,0
4176,9,Packaging UK,2025-05-15,2025-05-07,1
4177,13,Hop Global,2026-04-13,2026-04-18,0
4178,15,Lager Ingredients,2026-02-28,2026-03-01,0
4179,14,Bottle Supply,2025-03-25,2025-03-18,1
4180,16,Craft Supply Co,2024-10-28,2024-10-23,1
4181,10,Can Solutions,2026-02-26,2026-02-16,1
4182,1,Hop Alliance UK,2025-11-05,2025-11-04,1
4183,16,Craft Supply Co,2026-08-19,2026-08-20,0
4184,2,Northern Malt,2025-08-16,2025-08-07,1
4185,5,Brew Logistics,2025-08-09,2025-08-20,0
4186,3,Euro Malt GmbH,2026-07-27,2026-07-30,0
4187,4,Premium Yeast,2024-11-09,2024-10-28,1
4188,3,Euro Malt GmbH,2026-08-26,2026-08-19,1
4189,2,Northern Malt,2026-02-07,2026-02-01,1
4190,15,Lager Ingredients,2025-02-07,2025-02-16,0
4191,18,Raw Materials Ltd,2026-01-18,2026-01-22,0
4192,3,Euro Malt GmbH,2024-10-28,2024-10-28,1
4193,6,Hops Direct,2025-06-24,2025-06-29,0
4194,7,Malt Brothers,2026-04-07,2026-04-01,1
4195,5,Brew Logistics,2024-10-22,2024-10-27,0
4196,7,Malt Brothers,2025-07-29,2025-07-30,0
4197,13,Hop Global,2025-10-03,2025-10-01,1
4198,6,Hops Direct,2025-07-14,2025-07-23,0
4199,10,Can Solutions,2026-04-03,2026-04-09,0
4200,13,Hop Global,2026-01-29,2026-01-29,1
4201,13,Hop Global,2025-11-17,2025-11-23,0
4202,20,Ingredient Hub,2025-11-23,2025-11-26,0
4203,16,Craft Supply Co,2025-10-25,2025-11-05,0
4204,11,Barley Source,2025-12-27,2025-12-26,1
4205,6,Hops Direct,2025-11-06,2025-11-16,0
4206,7,Malt Brothers,2025-12-12,2025-12-03,1
4207,11,Barley Source,2025-01-13,2025-01-11,1
4208,1,Hop Alliance UK,2026-04-18,2026-04-19,0
4209,16,Craft Supply Co,2026-10-01,2026-10-01,1
4210,14,Bottle Supply,2024-11-25,2024-11-25,1
4211,5,Brew Logistics,2025-08-07,2025-08-09,0
4212,11,Barley Source,2024-12-18,2024-12-16,1
4213,20,Ingredient Hub,2024-11-17,2024-11-17,1
4214,10,Can Solutions,2026-07-30,2026-07-19,1
4215,7,Malt Brothers,2025-03-17,2025-03-21,0
4216,9,Packaging UK,2024-12-23,2025-01-03,0
4217,19,Supply Partners,2026-05-17,2026-05-30,0
4218,19,Supply Partners,2025-12-02,2025-12-07,0
4219,10,Can Solutions,2026-01-01,2026-01-03,0
4220,13,Hop Global,2025-04-19,2025-04-19,1
4221,3,Euro Malt GmbH,2024-11-19,2024-11-29,0
4222,20,Ingredient Hub,2025-02-20,2025-03-03,0
4223,19,Supply Partners,2024-12-29,2025-01-06,0
4224,19,Supply Partners,2026-10-06,2026-10-06,1
4225,5,Brew Logistics,2025-03-06,2025-03-04,1
4226,7,Malt Brothers,2026-01-31,2026-01-29,1
4227,17,Yeast Innovations,2026-06-06,2026-06-04,1
4228,1,Hop Alliance UK,2025-08-17,2025-08-10,1
4229,17,Yeast Innovations,2026-05-17,2026-05-13,1
4230,20,Ingredient Hub,2026-06-25,2026-06-30,0
4231,5,Brew Logistics,2026-10-10,2026-10-10,1
4232,4,Premium Yeast,2025-11-15,2025-11-25,0
4233,18,Raw Materials Ltd,2026-01-12,2026-01-13,0
4234,7,Malt Brothers,2025-02-06,2025-02-06,1
4235,16,Craft Supply Co,2026-05-22,2026-05-20,1
4236,3,Euro Malt GmbH,2025-12-03,2025-12-05,0
4237,1,Hop Alliance UK,2026-04-17,2026-04-21,0
4238,19,Supply Partners,2025-05-16,2025-05-14,1
4239,11,Barley Source,2026-08-20,2026-08-09,1
4240,12,Grain Experts,2025-09-15,2025-09-12,1
4241,19,Supply Partners,2026-08-21,2026-08-21,1
4242,8,Belgian Yeast Co,2025-02-18,2025-02-11,1
4243,3,Euro Malt GmbH,2026-07-24,2026-07-28,0
4244,11,Barley Source,2026-08-04,2026-07-26,1
4245,20,Ingredient Hub,2026-04-12,2026-04-19,0
4246,1,Hop Alliance UK,2026-08-16,2026-08-07,1
4247,5,Brew Logistics,2026-08-11,2026-08-13,0
4248,15,Lager Ingredients,2025-04-25,2025-04-19,1
4249,11,Barley Source,2024-12-13,2024-12-03,1
4250,2,Northern Malt,2026-09-03,2026-08-28,1
4251,13,Hop Global,2025-11-29,2025-11-23,1
4252,8,Belgian Yeast Co,2025-01-18,2025-01-19,0
4253,13,Hop Global,2025-09-29,2025-10-04,0
4254,14,Bottle Supply,2025-12-09,2025-12-14,0
4255,17,Yeast Innovations,2024-10-24,2024-11-02,0
4256,19,Supply Partners,2026-02-28,2026-03-10,0
4257,20,Ingredient Hub,2024-12-31,2024-12-27,1
4258,6,Hops Direct,2025-02-23,2025-02-17,1
4259,12,Grain Experts,2024-11-11,2024-11-07,1
4260,7,Malt Brothers,2025-04-12,2025-04-17,0
4261,7,Malt Brothers,2026-09-03,2026-09-11,0
4262,15,Lager Ingredients,2026-05-04,2026-05-10,0
4263,13,Hop Global,2025-12-01,2025-11-23,1
4264,15,Lager Ingredients,2024-11-17,2024-11-23,0
4265,10,Can Solutions,2026-06-04,2026-06-06,0
4266,12,Grain Experts,2026-01-25,2026-01-30,0
4267,9,Packaging UK,2026-01-07,2026-01-10,0
4268,17,Yeast Innovations,2025-02-27,2025-02-26,1
4269,9,Packaging UK,2026-03-03,2026-02-26,1
4270,2,Northern Malt,2025-07-15,2025-07-18,0
4271,5,Brew Logistics,2025-07-11,2025-07-04,1
4272,8,Belgian Yeast Co,2026-08-07,2026-08-17,0
4273,17,Yeast Innovations,2025-12-10,2025-12-10,1
4274,19,Supply Partners,2026-01-05,2026-01-08,0
4275,11,Barley Source,2026-03-20,2026-03-29,0
4276,1,Hop Alliance UK,2025-04-30,2025-04-28,1
4277,11,Barley Source,2024-11-07,2024-11-09,0
4278,3,Euro Malt GmbH,2025-06-23,2025-06-19,1
4279,13,Hop Global,2024-12-30,2024-12-29,1
4280,17,Yeast Innovations,2026-02-10,2026-02-25,0
4281,3,Euro Malt GmbH,2026-05-31,2026-05-28,1
4282,2,Northern Malt,2025-12-13,2025-12-06,1
4283,3,Euro Malt GmbH,2025-07-07,2025-06-30,1
4284,13,Hop Global,2025-06-08,2025-06-13,0
4285,5,Brew Logistics,2026-10-10,2026-10-10,1
4286,15,Lager Ingredients,2026-02-22,2026-03-03,0
4287,17,Yeast Innovations,2025-12-31,2025-12-18,1
4288,10,Can Solutions,2025-01-24,2025-01-10,1
4289,3,Euro Malt GmbH,2025-03-25,2025-03-29,0
4290,10,Can Solutions,2026-08-18,2026-08-12,1
4291,17,Yeast Innovations,2024-12-16,2024-12-12,1
4292,14,Bottle Supply,2026-02-25,2026-02-23,1
4293,10,Can Solutions,2025-10-04,2025-10-07,0
4294,7,Malt Brothers,2025-12-08,2025-12-15,0
4295,12,Grain Experts,2026-06-24,2026-06-25,0
4296,19,Supply Partners,2026-07-09,2026-07-06,1
4297,16,Craft Supply Co,2025-11-01,2025-10-28,1
4298,13,Hop Global,2026-10-17,2026-10-03,1
4299,14,Bottle Supply,2026-04-02,2026-03-29,1
4300,11,Barley Source,2026-02-13,2026-02-13,1
4301,5,Brew Logistics,2026-06-06,2026-06-16,0
4302,17,Yeast Innovations,2025-03-31,2025-03-31,1
4303,11,Barley Source,2026-05-03,2026-05-03,1
4304,8,Belgian Yeast Co,2025-05-17,2025-05-08,1
4305,9,Packaging UK,2026-08-10,2026-08-09,1
4306,16,Craft Supply Co,2026-09-05,2026-09-12,0
4307,9,Packaging UK,2026-10-01,2026-09-21,1
4308,19,Supply Partners,2025-11-02,2025-11-06,0
4309,5,Brew Logistics,2025-09-01,2025-08-23,1
4310,20,Ingredient Hub,2026-03-30,2026-04-04,0
4311,18,Raw Materials Ltd,2025-07-01,2025-07-01,1
4312,15,Lager Ingredients,2025-04-27,2025-04-24,1
4313,9,Packaging UK,2024-10-29,2024-10-25,1
4314,19,Supply Partners,2026-07-31,2026-08-13,0
4315,1,Hop Alliance UK,2025-09-28,2025-09-29,0
4316,6,Hops Direct,2025-03-13,2025-03-01,1
4317,17,Yeast Innovations,2025-03-23,2025-03-21,1
4318,18,Raw Materials Ltd,2025-02-06,2025-01-29,1
4319,9,Packaging UK,2025-10-08,2025-10-11,0
4320,5,Brew Logistics,2025-04-28,2025-04-27,1
4321,4,Premium Yeast,2026-07-05,2026-07-04,1
4322,20,Ingredient Hub,2025-11-29,2025-11-23,1
4323,14,Bottle Supply,2025-07-06,2025-07-01,1
4324,12,Grain Experts,2025-09-22,2025-09-21,1
4325,11,Barley Source,2026-01-20,2026-01-28,0
4326,3,Euro Malt GmbH,2024-11-20,2024-11-22,0
4327,1,Hop Alliance UK,2025-09-17,2025-09-16,1
4328,13,Hop Global,2025-09-24,2025-09-22,1
4329,14,Bottle Supply,2025-12-08,2025-12-01,1
4330,5,Brew Logistics,2024-10-19,2024-10-31,0
4331,6,Hops Direct,2024-11-09,2024-11-22,0
4332,13,Hop Global,2024-11-24,2024-12-04,0
4333,6,Hops Direct,2025-08-31,2025-08-25,1
4334,11,Barley Source,2026-08-29,2026-09-05,0
4335,6,Hops Direct,2025-03-28,2025-03-20,1
4336,9,Packaging UK,2026-03-06,2026-02-25,1
4337,17,Yeast Innovations,2026-09-12,2026-09-13,0
4338,18,Raw Materials Ltd,2025-01-11,2025-01-12,0
4339,16,Craft Supply Co,2025-12-26,2025-12-25,1
4340,17,Yeast Innovations,2024-12-22,2025-01-03,0
4341,2,Northern Malt,2025-08-16,2025-08-16,1
4342,5,Brew Logistics,2025-05-16,2025-05-06,1
4343,10,Can Solutions,2026-02-11,2026-02-13,0
4344,1,Hop Alliance UK,2026-01-15,2026-01-04,1
4345,3,Euro Malt GmbH,2026-04-29,2026-05-04,0
4346,13,Hop Global,2026-08-01,2026-08-09,0
4347,12,Grain Experts,2024-12-19,2024-12-19,1
4348,11,Barley Source,2025-02-07,2025-02-06,1
4349,4,Premium Yeast,2025-12-15,2025-12-24,0
4350,3,Euro Malt GmbH,2024-11-06,2024-11-11,0
4351,18,Raw Materials Ltd,2026-09-13,2026-09-11,1
4352,1,Hop Alliance UK,2025-08-04,2025-08-06,0
4353,10,Can Solutions,2025-08-20,2025-08-18,1
4354,10,Can Solutions,2024-11-15,2024-10-31,1
4355,10,Can Solutions,2025-02-04,2025-02-01,1
4356,17,Yeast Innovations,2025-05-21,2025-05-23,0
4357,13,Hop Global,2026-05-10,2026-05-04,1
4358,5,Brew Logistics,2026-06-01,2026-05-30,1
4359,11,Barley Source,2024-12-23,2024-12-23,1
4360,9,Packaging UK,2025-09-10,2025-09-15,0
4361,4,Premium Yeast,2025-10-16,2025-10-15,1
4362,11,Barley Source,2024-12-26,2024-12-15,1
4363,11,Barley Source,2025-03-03,2025-03-05,0
4364,13,Hop Global,2025-03-06,2025-03-06,1
4365,4,Premium Yeast,2024-11-01,2024-10-25,1
4366,18,Raw Materials Ltd,2026-04-11,2026-04-14,0
4367,19,Supply Partners,2026-01-28,2026-01-23,1
4368,19,Supply Partners,2026-02-28,2026-02-17,1
4369,9,Packaging UK,2025-10-27,2025-10-16,1
4370,3,Euro Malt GmbH,2025-03-01,2025-02-23,1
4371,2,Northern Malt,2025-12-10,2025-12-17,0
4372,10,Can Solutions,2026-01-12,2026-01-14,0
4373,18,Raw Materials Ltd,2026-03-28,2026-03-29,0
4374,18,Raw Materials Ltd,2025-06-02,2025-05-24,1
4375,19,Supply Partners,2025-09-24,2025-09-16,1
4376,3,Euro Malt GmbH,2024-11-24,2024-11-22,1
4377,10,Can Solutions,2025-05-02,2025-05-01,1
4378,13,Hop Global,2026-08-06,2026-08-12,0
4379,19,Supply Partners,2025-05-30,2025-05-26,1
4380,16,Craft Supply Co,2026-05-01,2026-04-30,1
4381,10,Can Solutions,2025-04-21,2025-04-24,0
4382,19,Supply Partners,2025-07-09,2025-07-10,0
4383,18,Raw Materials Ltd,2025-08-03,2025-08-02,1
4384,12,Grain Experts,2025-06-04,2025-06-13,0
4385,15,Lager Ingredients,2025-04-29,2025-05-12,0
4386,10,Can Solutions,2026-04-20,2026-04-24,0
4387,14,Bottle Supply,2026-08-03,2026-07-25,1
4388,7,Malt Brothers,2026-05-27,2026-06-03,0
4389,6,Hops Direct,2025-01-26,2025-01-29,0
4390,13,Hop Global,2026-04-15,2026-04-12,1
4391,14,Bottle Supply,2025-04-01,2025-04-07,0
4392,12,Grain Experts,2026-03-13,2026-03-20,0
4393,15,Lager Ingredients,2025-06-06,2025-06-04,1
4394,1,Hop Alliance UK,2026-05-01,2026-05-08,0
4395,14,Bottle Supply,2024-11-04,2024-11-02,1
4396,12,Grain Experts,2026-06-20,2026-06-15,1
4397,17,Yeast Innovations,2024-12-06,2024-11-30,1
4398,15,Lager Ingredients,2026-06-10,2026-06-13,0
4399,15,Lager Ingredients,2025-11-18,2025-11-11,1
4400,20,Ingredient Hub,2026-10-12,2026-10-12,1
4401,12,Grain Experts,2025-09-25,2025-09-29,0
4402,13,Hop Global,2025-09-06,2025-09-06,1
4403,4,Premium Yeast,2026-03-21,2026-03-12,1
4404,15,Lager Ingredients,2026-04-20,2026-04-30,0
4405,16,Craft Supply Co,2026-03-27,2026-03-17,1
4406,1,Hop Alliance UK,2026-07-23,2026-07-30,0
4407,13,Hop Global,2025-01-02,2025-01-11,0
4408,8,Belgian Yeast Co,2025-09-12,2025-09-17,0
4409,11,Barley Source,2025-08-18,2025-08-13,1
4410,12,Grain Experts,2026-09-08,2026-09-11,0
4411,4,Premium Yeast,2025-09-15,2025-09-21,0
4412,9,Packaging UK,2026-09-09,2026-09-17,0
4413,7,Malt Brothers,2025-04-22,2025-05-02,0
4414,17,Yeast Innovations,2025-06-28,2025-06-16,1
4415,20,Ingredient Hub,2025-12-31,2025-12-31,1
4416,18,Raw Materials Ltd,2025-04-27,2025-04-20,1
4417,2,Northern Malt,2026-05-23,2026-05-27,0
4418,9,Packaging UK,2024-12-17,2024-12-13,1
4419,4,Premium Yeast,2025-02-21,2025-02-21,1
4420,10,Can Solutions,2026-03-20,2026-03-18,1
4421,13,Hop Global,2025-05-06,2025-05-12,0
4422,4,Premium Yeast,2026-07-08,2026-07-02,1
4423,9,Packaging UK,2025-10-26,2025-10-24,1
4424,8,Belgian Yeast Co,2025-03-29,2025-03-19,1
4425,10,Can Solutions,2025-07-15,2025-07-10,1
4426,17,Yeast Innovations,2024-12-16,2024-12-20,0
4427,5,Brew Logistics,2026-07-19,2026-07-13,1
4428,5,Brew Logistics,2025-08-19,2025-08-20,0
4429,1,Hop Alliance UK,2026-05-30,2026-05-26,1
4430,16,Craft Supply Co,2025-02-26,2025-02-28,0
4431,11,Barley Source,2026-07-13,2026-07-18,0
4432,19,Supply Partners,2026-03-07,2026-03-12,0
4433,17,Yeast Innovations,2024-11-10,2024-11-07,1
4434,5,Brew Logistics,2026-01-09,2026-01-03,1
4435,2,Northern Malt,2025-09-06,2025-09-11,0
4436,9,Packaging UK,2026-05-12,2026-05-13,0
4437,15,Lager Ingredients,2025-07-08,2025-07-09,0
4438,12,Grain Experts,2025-08-10,2025-08-03,1
4439,8,Belgian Yeast Co,2024-12-02,2024-11-27,1
4440,15,Lager Ingredients,2026-04-14,2026-04-06,1
4441,16,Craft Supply Co,2026-08-12,2026-08-13,0
4442,3,Euro Malt GmbH,2026-05-07,2026-04-27,1
4443,19,Supply Partners,2026-01-27,2026-01-16,1
4444,15,Lager Ingredients,2025-09-19,2025-09-17,1
4445,15,Lager Ingredients,2025-05-28,2025-05-30,0
4446,3,Euro Malt GmbH,2026-09-20,2026-09-27,0
4447,9,Packaging UK,2025-11-24,2025-12-02,0
4448,6,Hops Direct,2025-12-10,2025-11-30,1
4449,20,Ingredient Hub,2024-11-16,2024-11-22,0
4450,19,Supply Partners,2025-08-22,2025-08-25,0
4451,15,Lager Ingredients,2026-07-31,2026-08-07,0
4452,11,Barley Source,2026-02-19,2026-02-15,1
4453,5,Brew Logistics,2026-01-13,2026-01-11,1
4454,8,Belgian Yeast Co,2025-05-26,2025-05-31,0
4455,14,Bottle Supply,2026-02-27,2026-02-27,1
4456,15,Lager Ingredients,2026-04-17,2026-04-18,0
4457,18,Raw Materials Ltd,2026-05-07,2026-04-22,1
4458,2,Northern Malt,2026-07-03,2026-07-05,0
4459,19,Supply Partners,2025-06-24,2025-06-18,1
4460,10,Can Solutions,2025-01-05,2025-01-01,1
4461,17,Yeast Innovations,2026-08-24,2026-08-19,1
4462,18,Raw Materials Ltd,2025-11-24,2025-11-25,0
4463,4,Premium Yeast,2026-07-08,2026-07-15,0
4464,12,Grain Experts,2025-06-15,2025-06-16,0
4465,8,Belgian Yeast Co,2025-10-08,2025-10-05,1
4466,13,Hop Global,2025-10-14,2025-10-09,1
4467,6,Hops Direct,2025-07-21,2025-07-06,1
4468,18,Raw Materials Ltd,2026-01-08,2026-01-17,0
4469,12,Grain Experts,2025-05-28,2025-05-24,1
4470,4,Premium Yeast,2026-07-31,2026-08-03,0
4471,14,Bottle Supply,2025-11-14,2025-11-12,1
4472,17,Yeast Innovations,2025-08-16,2025-08-22,0
4473,14,Bottle Supply,2024-12-03,2024-12-01,1
4474,15,Lager Ingredients,2025-06-09,2025-06-11,0
4475,6,Hops Direct,2026-05-14,2026-05-10,1
4476,12,Grain Experts,2026-02-27,2026-03-11,0
4477,17,Yeast Innovations,2026-04-14,2026-04-13,1
4478,17,Yeast Innovations,2026-08-21,2026-08-16,1
4479,1,Hop Alliance UK,2025-02-11,2025-02-17,0
4480,15,Lager Ingredients,2025-08-05,2025-08-04,1
4481,20,Ingredient Hub,2026-04-05,2026-04-06,0
4482,12,Grain Experts,2026-02-02,2026-02-03,0
4483,10,Can Solutions,2025-06-02,2025-06-04,0
4484,17,Yeast Innovations,2025-10-15,2025-10-14,1
4485,11,Barley Source,2026-05-10,2026-05-16,0
4486,9,Packaging UK,2026-05-27,2026-05-31,0
4487,8,Belgian Yeast Co,2025-03-17,2025-03-12,1
4488,16,Craft Supply Co,2025-11-18,2025-11-08,1
4489,2,Northern Malt,2026-04-09,2026-04-10,0
4490,18,Raw Materials Ltd,2025-01-17,2025-01-26,0
4491,8,Belgian Yeast Co,2025-09-26,2025-09-20,1
4492,17,Yeast Innovations,2024-10-21,2024-10-25,0
4493,8,Belgian Yeast Co,2026-07-29,2026-07-16,1
4494,9,Packaging UK,2024-11-22,2024-11-24,0
4495,7,Malt Brothers,2024-11-08,2024-11-08,1
4496,19,Supply Partners,2024-10-19,2024-10-24,0
4497,10,Can Solutions,2025-10-08,2025-09-24,1
4498,13,Hop Global,2026-04-22,2026-04-27,0
4499,3,Euro Malt GmbH,2026-07-14,2026-07-07,1
4500,16,Craft Supply Co,2026-06-22,2026-06-22,1
4501,13,Hop Global,2025-11-05,2025-11-07,0
4502,10,Can Solutions,2025-05-29,2025-05-22,1
4503,9,Packaging UK,2025-04-30,2025-05-12,0
4504,13,Hop Global,2026-06-25,2026-07-08,0
4505,15,Lager Ingredients,2026-09-25,2026-09-19,1
4506,2,Northern Malt,2025-11-16,2025-11-12,1
4507,3,Euro Malt GmbH,2026-06-28,2026-07-11,0
4508,11,Barley Source,2025-01-07,2025-01-07,1
4509,5,Brew Logistics,2025-12-13,2025-12-17,0
4510,4,Premium Yeast,2025-10-27,2025-10-26,1
4511,17,Yeast Innovations,2025-02-26,2025-02-23,1
4512,19,Supply Partners,2026-10-11,2026-10-11,1
4513,18,Raw Materials Ltd,2025-08-11,2025-08-13,0
4514,8,Belgian Yeast Co,2025-04-09,2025-04-17,0
4515,18,Raw Materials Ltd,2026-10-09,2026-10-05,1
4516,12,Grain Experts,2025-01-19,2025-01-28,0
4517,3,Euro Malt GmbH,2025-08-05,2025-08-10,0
4518,17,Yeast Innovations,2026-03-24,2026-03-17,1
4519,13,Hop Global,2026-07-04,2026-07-11,0
4520,5,Brew Logistics,2026-06-05,2026-06-02,1
4521,17,Yeast Innovations,2025-05-18,2025-05-05,1
4522,14,Bottle Supply,2026-01-18,2026-01-26,0
4523,8,Belgian Yeast Co,2025-08-19,2025-08-14,1
4524,4,Premium Yeast,2025-06-23,2025-06-28,0
4525,20,Ingredient Hub,2025-05-06,2025-05-03,1
4526,11,Barley Source,2026-03-22,2026-03-27,0
4527,13,Hop Global,2026-02-11,2026-02-11,1
4528,17,Yeast Innovations,2026-01-09,2026-01-11,0
4529,5,Brew Logistics,2024-12-30,2024-12-27,1
4530,1,Hop Alliance UK,2024-12-17,2024-12-23,0
4531,13,Hop Global,2025-11-10,2025-11-23,0
4532,10,Can Solutions,2026-05-23,2026-05-23,1
4533,6,Hops Direct,2024-12-13,2024-12-20,0
4534,8,Belgian Yeast Co,2024-10-23,2024-10-30,0
4535,8,Belgian Yeast Co,2026-10-16,2026-10-16,1
4536,9,Packaging UK,2025-02-24,2025-02-26,0
4537,10,Can Solutions,2025-08-29,2025-08-21,1
4538,6,Hops Direct,2024-11-16,2024-11-09,1
4539,6,Hops Direct,2025-01-09,2025-01-12,0
4540,15,Lager Ingredients,2026-06-16,2026-06-26,0
4541,6,Hops Direct,2024-12-28,2024-12-22,1
4542,17,Yeast Innovations,2026-01-02,2026-01-03,0
4543,1,Hop Alliance UK,2025-04-28,2025-04-29,0
4544,12,Grain Experts,2026-05-23,2026-05-15,1
4545,18,Raw Materials Ltd,2025-12-03,2025-12-04,0
4546,1,Hop Alliance UK,2025-07-26,2025-07-26,1
4547,7,Malt Brothers,2025-06-30,2025-07-06,0
4548,9,Packaging UK,2026-03-24,2026-03-18,1
4549,2,Northern Malt,2025-08-12,2025-08-21,0
4550,11,Barley Source,2025-04-13,2025-04-19,0
4551,14,Bottle Supply,2025-03-18,2025-03-09,1
4552,17,Yeast Innovations,2026-01-16,2026-01-24,0
4553,15,Lager Ingredients,2025-01-30,2025-01-22,1
4554,20,Ingredient Hub,2026-02-20,2026-03-07,0
4555,1,Hop Alliance UK,2026-09-06,2026-09-07,0
4556,2,Northern Malt,2025-01-11,2025-01-12,0
4557,2,Northern Malt,2025-09-27,2025-09-20,1
4558,11,Barley Source,2024-12-22,2024-12-20,1
4559,12,Grain Experts,2025-06-27,2025-06-20,1
4560,19,Supply Partners,2025-11-24,2025-11-30,0
4561,9,Packaging UK,2026-01-30,2026-01-26,1
4562,4,Premium Yeast,2025-05-04,2025-05-11,0
4563,20,Ingredient Hub,2025-03-11,2025-03-04,1
4564,7,Malt Brothers,2025-09-10,2025-09-04,1
4565,4,Premium Yeast,2025-02-03,2025-01-24,1
4566,11,Barley Source,2024-11-18,2024-11-13,1
4567,10,Can Solutions,2026-07-31,2026-07-23,1
4568,20,Ingredient Hub,2026-05-01,2026-04-22,1
4569,14,Bottle Supply,2026-02-08,2026-01-28,1
4570,2,Northern Malt,2026-10-08,2026-10-06,1
4571,18,Raw Materials Ltd,2025-07-25,2025-08-04,0
4572,9,Packaging UK,2025-02-26,2025-03-04,0
4573,10,Can Solutions,2026-04-03,2026-04-18,0
4574,14,Bottle Supply,2025-12-10,2025-12-18,0
4575,16,Craft Supply Co,2026-08-01,2026-07-26,1
4576,3,Euro Malt GmbH,2026-02-16,2026-02-20,0
4577,8,Belgian Yeast Co,2024-11-16,2024-11-20,0
4578,3,Euro Malt GmbH,2026-10-12,2026-10-12,1
4579,14,Bottle Supply,2026-07-13,2026-07-13,1
4580,16,Craft Supply Co,2025-10-16,2025-10-14,1
4581,9,Packaging UK,2025-01-04,2025-01-13,0
4582,7,Malt Brothers,2026-01-20,2026-01-23,0
4583,13,Hop Global,2026-08-17,2026-08-18,0
4584,4,Premium Yeast,2026-03-30,2026-03-26,1
4585,1,Hop Alliance UK,2024-12-29,2024-12-22,1
4586,19,Supply Partners,2026-07-07,2026-07-16,0
4587,11,Barley Source,2026-02-15,2026-02-11,1
4588,1,Hop Alliance UK,2024-11-18,2024-11-07,1
4589,16,Craft Supply Co,2025-09-22,2025-10-02,0
4590,18,Raw Materials Ltd,2024-12-18,2024-12-12,1
4591,18,Raw Materials Ltd,2025-12-05,2025-12-10,0
4592,12,Grain Experts,2025-04-16,2025-04-18,0
4593,20,Ingredient Hub,2025-05-25,2025-06-07,0
4594,9,Packaging UK,2026-09-13,2026-09-08,1
4595,12,Grain Experts,2025-08-27,2025-08-22,1
4596,15,Lager Ingredients,2025-05-06,2025-05-06,1
4597,1,Hop Alliance UK,2025-10-27,2025-11-01,0
4598,4,Premium Yeast,2026-06-20,2026-06-22,0
4599,15,Lager Ingredients,2025-04-29,2025-05-06,0
4600,17,Yeast Innovations,2024-11-27,2024-11-27,1
4601,3,Euro Malt GmbH,2026-03-22,2026-03-19,1
4602,5,Brew Logistics,2026-06-07,2026-06-02,1
4603,7,Malt Brothers,2026-06-05,2026-05-31,1
4604,1,Hop Alliance UK,2025-12-30,2025-12-22,1
4605,5,Brew Logistics,2024-11-09,2024-11-12,0
4606,11,Barley Source,2026-04-28,2026-04-18,1
4607,20,Ingredient Hub,2025-02-12,2025-02-11,1
4608,12,Grain Experts,2025-08-18,2025-08-12,1
4609,18,Raw Materials Ltd,2025-05-17,2025-05-16,1
4610,3,Euro Malt GmbH,2025-04-02,2025-04-10,0
4611,9,Packaging UK,2026-08-19,2026-08-30,0
4612,8,Belgian Yeast Co,2024-11-15,2024-11-13,1
4613,4,Premium Yeast,2026-06-07,2026-06-03,1
4614,18,Raw Materials Ltd,2025-05-10,2025-05-07,1
4615,10,Can Solutions,2025-04-25,2025-04-27,0
4616,12,Grain Experts,2026-10-14,2026-10-01,1
4617,11,Barley Source,2025-10-14,2025-10-11,1
4618,5,Brew Logistics,2024-12-04,2024-12-03,1
4619,16,Craft Supply Co,2025-05-11,2025-05-08,1
4620,8,Belgian Yeast Co,2025-06-07,2025-06-11,0
4621,3,Euro Malt GmbH,2025-08-03,2025-08-06,0
4622,5,Brew Logistics,2025-03-13,2025-03-10,1
4623,15,Lager Ingredients,2026-09-20,2026-09-06,1
4624,3,Euro Malt GmbH,2026-01-08,2026-01-12,0
4625,7,Malt Brothers,2025-04-27,2025-05-05,0
4626,5,Brew Logistics,2024-10-31,2024-10-26,1
4627,8,Belgian Yeast Co,2025-12-06,2025-12-10,0
4628,19,Supply Partners,2024-12-02,2024-12-15,0
4629,11,Barley Source,2026-09-19,2026-09-17,1
4630,12,Grain Experts,2025-09-05,2025-08-24,1
4631,9,Packaging UK,2026-04-26,2026-05-03,0
4632,14,Bottle Supply,2025-12-13,2025-12-02,1
4633,4,Premium Yeast,2025-07-18,2025-07-17,1
4634,5,Brew Logistics,2025-03-27,2025-03-24,1
4635,9,Packaging UK,2026-04-15,2026-04-16,0
4636,14,Bottle Supply,2026-04-14,2026-04-21,0
4637,15,Lager Ingredients,2025-02-22,2025-02-22,1
4638,5,Brew Logistics,2024-10-29,2024-11-07,0
4639,11,Barley Source,2025-01-27,2025-01-28,0
4640,3,Euro Malt GmbH,2026-09-13,2026-09-03,1
4641,1,Hop Alliance UK,2025-09-10,2025-09-02,1
4642,17,Yeast Innovations,2025-04-19,2025-04-13,1
4643,5,Brew Logistics,2025-01-01,2025-01-03,0
4644,20,Ingredient Hub,2026-02-28,2026-02-27,1
4645,11,Barley Source,2026-07-18,2026-07-16,1
4646,7,Malt Brothers,2026-02-04,2026-02-09,0
4647,4,Premium Yeast,2025-05-23,2025-05-14,1
4648,17,Yeast Innovations,2026-10-09,2026-09-26,1
4649,19,Supply Partners,2025-06-29,2025-06-28,1
4650,3,Euro Malt GmbH,2026-04-29,2026-05-04,0
4651,7,Malt Brothers,2025-09-07,2025-08-31,1
4652,3,Euro Malt GmbH,2026-01-29,2026-01-28,1
4653,2,Northern Malt,2025-11-05,2025-11-07,0
4654,11,Barley Source,2025-02-18,2025-02-07,1
4655,17,Yeast Innovations,2026-07-17,2026-07-14,1
4656,1,Hop Alliance UK,2025-06-16,2025-06-11,1
4657,12,Grain Experts,2025-05-11,2025-05-06,1
4658,5,Brew Logistics,2026-05-17,2026-05-16,1
4659,18,Raw Materials Ltd,2026-02-09,2026-01-28,1
4660,10,Can Solutions,2026-04-30,2026-04-22,1
4661,7,Malt Brothers,2026-03-01,2026-02-21,1
4662,10,Can Solutions,2026-03-19,2026-03-18,1
4663,11,Barley Source,2025-09-04,2025-09-17,0
4664,19,Supply Partners,2025-09-26,2025-09-26,1
4665,15,Lager Ingredients,2025-07-20,2025-07-18,1
4666,11,Barley Source,2026-03-19,2026-03-21,0
4667,4,Premium Yeast,2026-10-10,2026-10-10,1
4668,20,Ingredient Hub,2026-09-08,2026-09-18,0
4669,13,Hop Global,2025-07-26,2025-07-27,0
4670,14,Bottle Supply,2025-06-08,2025-05-31,1
4671,11,Barley Source,2025-09-29,2025-09-24,1
4672,20,Ingredient Hub,2025-09-13,2025-09-13,1
4673,7,Malt Brothers,2025-09-12,2025-09-17,0
4674,1,Hop Alliance UK,2026-09-10,2026-09-21,0
4675,6,Hops Direct,2025-09-23,2025-09-18,1
4676,19,Supply Partners,2024-11-16,2024-11-21,0
4677,7,Malt Brothers,2025-12-12,2025-12-16,0
4678,5,Brew Logistics,2025-04-07,2025-04-04,1
4679,4,Premium Yeast,2025-02-21,2025-02-28,0
4680,17,Yeast Innovations,2024-12-21,2024-12-22,0
4681,5,Brew Logistics,2026-05-08,2026-05-11,0
4682,17,Yeast Innovations,2026-06-29,2026-07-01,0
4683,5,Brew Logistics,2026-07-03,2026-07-06,0
4684,1,Hop Alliance UK,2026-04-22,2026-04-16,1
4685,3,Euro Malt GmbH,2024-11-03,2024-11-04,0
4686,11,Barley Source,2025-08-11,2025-08-05,1
4687,9,Packaging UK,2025-06-07,2025-06-17,0
4688,9,Packaging UK,2025-12-11,2025-12-05,1
4689,17,Yeast Innovations,2025-05-23,2025-05-14,1
4690,7,Malt Brothers,2026-04-09,2026-04-01,1
4691,14,Bottle Supply,2026-07-16,2026-07-13,1
4692,10,Can Solutions,2026-04-25,2026-04-25,1
4693,20,Ingredient Hub,2024-11-23,2024-11-18,1
4694,6,Hops Direct,2026-08-16,2026-08-14,1
4695,11,Barley Source,2025-09-07,2025-08-29,1
4696,18,Raw Materials Ltd,2025-03-30,2025-03-28,1
4697,4,Premium Yeast,2026-03-23,2026-03-31,0
4698,15,Lager Ingredients,2025-06-24,2025-07-05,0
4699,11,Barley Source,2025-10-31,2025-11-01,0
4700,17,Yeast Innovations,2026-03-08,2026-03-08,1
4701,12,Grain Experts,2025-01-14,2025-01-16,0
4702,20,Ingredient Hub,2025-09-12,2025-09-16,0
4703,8,Belgian Yeast Co,2025-02-26,2025-02-24,1
4704,13,Hop Global,2024-11-23,2024-11-20,1
4705,6,Hops Direct,2026-05-23,2026-05-24,0
4706,1,Hop Alliance UK,2025-09-05,2025-09-19,0
4707,8,Belgian Yeast Co,2026-06-07,2026-06-10,0
4708,7,Malt Brothers,2026-09-17,2026-09-07,1
4709,10,Can Solutions,2025-06-01,2025-06-01,1
4710,12,Grain Experts,2026-08-17,2026-08-24,0
4711,10,Can Solutions,2025-12-16,2025-12-17,0
4712,4,Premium Yeast,2026-06-11,2026-06-07,1
4713,16,Craft Supply Co,2025-11-25,2025-12-01,0
4714,6,Hops Direct,2025-01-08,2025-01-12,0
4715,20,Ingredient Hub,2026-05-20,2026-05-16,1
4716,7,Malt Brothers,2025-01-25,2025-01-24,1
4717,18,Raw Materials Ltd,2024-10-16,2024-10-11,1
4718,18,Raw Materials Ltd,2025-09-22,2025-09-22,1
4719,15,Lager Ingredients,2025-03-22,2025-03-12,1
4720,18,Raw Materials Ltd,2025-05-29,2025-05-29,1
4721,15,Lager Ingredients,2026-06-09,2026-06-08,1
4722,2,Northern Malt,2025-05-07,2025-05-16,0
4723,1,Hop Alliance UK,2026-05-03,2026-05-09,0
4724,2,Northern Malt,2024-11-22,2024-11-15,1
4725,5,Brew Logistics,2026-07-08,2026-07-04,1
4726,19,Supply Partners,2025-12-02,2025-12-06,0
4727,17,Yeast Innovations,2026-06-27,2026-06-30,0
4728,16,Craft Supply Co,2026-01-06,2025-12-30,1
4729,17,Yeast Innovations,2025-02-28,2025-02-13,1
4730,8,Belgian Yeast Co,2026-09-02,2026-09-01,1
4731,10,Can Solutions,2026-03-20,2026-03-25,0
4732,2,Northern Malt,2026-08-06,2026-07-23,1
4733,1,Hop Alliance UK,2025-11-21,2025-12-03,0
4734,12,Grain Experts,2026-03-27,2026-03-30,0
4735,13,Hop Global,2026-08-10,2026-07-30,1
4736,6,Hops Direct,2025-02-08,2025-02-07,1
4737,12,Grain Experts,2026-09-20,2026-09-18,1
4738,4,Premium Yeast,2026-02-14,2026-02-02,1
4739,19,Supply Partners,2024-12-02,2024-11-30,1
4740,15,Lager Ingredients,2025-09-03,2025-09-14,0
4741,6,Hops Direct,2026-03-01,2026-02-18,1
4742,17,Yeast Innovations,2025-10-30,2025-11-05,0
4743,20,Ingredient Hub,2026-01-28,2026-01-22,1
4744,9,Packaging UK,2025-01-22,2025-01-17,1
4745,16,Craft Supply Co,2026-06-21,2026-06-11,1
4746,16,Craft Supply Co,2025-12-05,2025-12-10,0
4747,9,Packaging UK,2025-02-27,2025-03-03,0
4748,1,Hop Alliance UK,2025-05-28,2025-05-21,1
4749,7,Malt Brothers,2026-02-06,2026-01-31,1
4750,14,Bottle Supply,2025-02-14,2025-02-27,0
4751,6,Hops Direct,2024-11-27,2024-11-23,1
4752,2,Northern Malt,2026-02-05,2026-01-31,1
4753,1,Hop Alliance UK,2025-09-20,2025-09-19,1
4754,4,Premium Yeast,2026-03-24,2026-04-07,0
4755,20,Ingredient Hub,2025-06-26,2025-06-23,1
4756,16,Craft Supply Co,2026-06-09,2026-06-11,0
4757,12,Grain Experts,2026-05-12,2026-05-08,1
4758,16,Craft Supply Co,2026-04-03,2026-03-21,1
4759,17,Yeast Innovations,2026-09-05,2026-09-19,0
4760,10,Can Solutions,2025-03-09,2025-03-03,1
4761,1,Hop Alliance UK,2025-03-16,2025-03-09,1
4762,16,Craft Supply Co,2025-04-21,2025-04-26,0
4763,14,Bottle Supply,2025-10-07,2025-09-26,1
4764,18,Raw Materials Ltd,2026-05-29,2026-06-11,0
4765,5,Brew Logistics,2025-11-07,2025-11-19,0
4766,15,Lager Ingredients,2025-09-27,2025-10-01,0
4767,5,Brew Logistics,2025-08-11,2025-08-03,1
4768,9,Packaging UK,2026-01-16,2026-01-18,0
4769,11,Barley Source,2026-05-02,2026-05-01,1
4770,19,Supply Partners,2024-11-21,2024-11-24,0
4771,1,Hop Alliance UK,2025-08-10,2025-08-08,1
4772,4,Premium Yeast,2025-04-04,2025-03-25,1
4773,7,Malt Brothers,2025-11-29,2025-11-23,1
4774,5,Brew Logistics,2025-03-07,2025-02-23,1
4775,16,Craft Supply Co,2026-08-29,2026-08-26,1
4776,15,Lager Ingredients,2025-12-11,2025-12-06,1
4777,10,Can Solutions,2025-11-03,2025-10-28,1
4778,20,Ingredient Hub,2025-06-06,2025-06-06,1
4779,10,Can Solutions,2025-10-19,2025-10-24,0
4780,19,Supply Partners,2025-02-12,2025-02-01,1
4781,9,Packaging UK,2026-08-03,2026-08-05,0
4782,2,Northern Malt,2025-11-16,2025-11-08,1
4783,4,Premium Yeast,2025-07-06,2025-07-14,0
4784,5,Brew Logistics,2025-10-30,2025-10-29,1
4785,8,Belgian Yeast Co,2024-12-25,2025-01-05,0
4786,2,Northern Malt,2026-04-22,2026-04-24,0
4787,8,Belgian Yeast Co,2025-06-25,2025-07-03,0
4788,4,Premium Yeast,2025-10-15,2025-10-24,0
4789,9,Packaging UK,2025-10-15,2025-10-15,1
4790,15,Lager Ingredients,2024-11-29,2024-11-29,1
4791,15,Lager Ingredients,2026-06-17,2026-06-14,1
4792,2,Northern Malt,2026-02-27,2026-03-04,0
4793,17,Yeast Innovations,2026-08-29,2026-08-26,1
4794,4,Premium Yeast,2025-12-05,2025-12-14,0
4795,7,Malt Brothers,2025-06-22,2025-06-21,1
4796,12,Grain Experts,2024-12-02,2024-12-01,1
4797,19,Supply Partners,2024-10-31,2024-11-03,0
4798,5,Brew Logistics,2025-12-25,2026-01-01,0
4799,19,Supply Partners,2026-06-22,2026-06-16,1
4800,11,Barley Source,2025-11-13,2025-11-13,1
4801,3,Euro Malt GmbH,2026-02-19,2026-02-27,0
4802,19,Supply Partners,2025-06-20,2025-06-10,1
4803,2,Northern Malt,2025-11-17,2025-11-22,0
4804,2,Northern Malt,2025-08-19,2025-08-14,1
4805,6,Hops Direct,2026-04-06,2026-04-08,0
4806,1,Hop Alliance UK,2025-10-18,2025-10-22,0
4807,7,Malt Brothers,2026-09-06,2026-08-26,1
4808,17,Yeast Innovations,2026-01-03,2026-01-14,0
4809,14,Bottle Supply,2026-04-17,2026-04-05,1
4810,4,Premium Yeast,2024-11-19,2024-11-16,1
4811,4,Premium Yeast,2026-06-05,2026-06-04,1
4812,12,Grain Experts,2025-12-28,2025-12-21,1
4813,15,Lager Ingredients,2026-09-29,2026-09-30,0
4814,7,Malt Brothers,2026-04-28,2026-04-22,1
4815,11,Barley Source,2025-01-20,2025-01-21,0
4816,19,Supply Partners,2026-10-13,2026-10-13,1
4817,5,Brew Logistics,2025-11-24,2025-11-19,1
4818,11,Barley Source,2025-04-26,2025-05-06,0
4819,6,Hops Direct,2026-09-22,2026-09-30,0
4820,19,Supply Partners,2025-05-29,2025-05-29,1
4821,9,Packaging UK,2024-12-10,2024-12-21,0
4822,6,Hops Direct,2025-06-12,2025-06-10,1
4823,13,Hop Global,2024-11-06,2024-11-07,0
4824,12,Grain Experts,2025-04-13,2025-04-17,0
4825,7,Malt Brothers,2026-05-05,2026-04-27,1
4826,15,Lager Ingredients,2025-10-16,2025-10-21,0
4827,20,Ingredient Hub,2025-03-25,2025-03-24,1
4828,5,Brew Logistics,2026-03-04,2026-03-05,0
4829,18,Raw Materials Ltd,2025-05-31,2025-06-05,0
4830,9,Packaging UK,2026-10-16,2026-10-16,1
4831,14,Bottle Supply,2026-04-24,2026-04-30,0
4832,2,Northern Malt,2025-01-14,2025-01-12,1
4833,13,Hop Global,2025-09-08,2025-09-19,0
4834,3,Euro Malt GmbH,2026-06-17,2026-06-15,1
4835,9,Packaging UK,2026-03-24,2026-03-19,1
4836,7,Malt Brothers,2025-09-09,2025-09-10,0
4837,16,Craft Supply Co,2026-05-01,2026-05-01,1
4838,18,Raw Materials Ltd,2024-12-14,2024-12-13,1
4839,3,Euro Malt GmbH,2025-05-10,2025-05-16,0
4840,7,Malt Brothers,2026-02-01,2026-02-13,0
4841,10,Can Solutions,2025-07-14,2025-07-06,1
4842,3,Euro Malt GmbH,2026-04-03,2026-04-14,0
4843,20,Ingredient Hub,2026-06-15,2026-06-12,1
4844,6,Hops Direct,2025-05-06,2025-04-30,1
4845,10,Can Solutions,2025-09-15,2025-09-03,1
4846,18,Raw Materials Ltd,2026-09-26,2026-09-16,1
4847,6,Hops Direct,2025-01-27,2025-02-01,0
4848,18,Raw Materials Ltd,2026-09-18,2026-09-18,1
4849,5,Brew Logistics,2026-08-27,2026-09-09,0
4850,9,Packaging UK,2026-05-30,2026-05-19,1
4851,14,Bottle Supply,2025-10-19,2025-10-21,0
4852,4,Premium Yeast,2025-03-13,2025-03-10,1
4853,3,Euro Malt GmbH,2024-12-20,2024-12-23,0
4854,4,Premium Yeast,2024-12-29,2025-01-05,0
4855,19,Supply Partners,2025-02-01,2025-01-29,1
4856,14,Bottle Supply,2026-05-31,2026-05-25,1
4857,5,Brew Logistics,2026-09-09,2026-09-07,1
4858,13,Hop Global,2026-05-16,2026-05-24,0
4859,8,Belgian Yeast Co,2026-06-14,2026-06-15,0
4860,2,Northern Malt,2026-04-03,2026-04-04,0
4861,9,Packaging UK,2026-09-06,2026-09-02,1
4862,4,Premium Yeast,2024-10-20,2024-10-15,1
4863,11,Barley Source,2025-09-16,2025-09-14,1
4864,5,Brew Logistics,2025-10-09,2025-10-15,0
4865,16,Craft Supply Co,2026-08-08,2026-08-08,1
4866,8,Belgian Yeast Co,2025-04-05,2025-03-26,1
4867,14,Bottle Supply,2025-02-25,2025-02-23,1
4868,15,Lager Ingredients,2025-05-24,2025-05-23,1
4869,9,Packaging UK,2025-12-31,2025-12-29,1
4870,18,Raw Materials Ltd,2024-11-03,2024-10-29,1
4871,17,Yeast Innovations,2025-06-17,2025-06-22,0
4872,18,Raw Materials Ltd,2025-05-20,2025-05-28,0
4873,20,Ingredient Hub,2024-10-24,2024-10-12,1
4874,3,Euro Malt GmbH,2025-10-21,2025-10-25,0
4875,6,Hops Direct,2025-08-21,2025-08-21,1
4876,13,Hop Global,2025-12-05,2025-12-14,0
4877,7,Malt Brothers,2025-04-03,2025-04-09,0
4878,8,Belgian Yeast Co,2026-01-03,2025-12-21,1
4879,9,Packaging UK,2026-03-03,2026-03-08,0
4880,12,Grain Experts,2024-12-09,2024-12-10,0
4881,5,Brew Logistics,2025-05-09,2025-05-11,0
4882,15,Lager Ingredients,2026-07-02,2026-06-24,1
4883,15,Lager Ingredients,2025-08-26,2025-08-17,1
4884,17,Yeast Innovations,2025-03-27,2025-03-19,1
4885,4,Premium Yeast,2026-04-07,2026-04-12,0
4886,9,Packaging UK,2025-02-05,2025-02-02,1
4887,4,Premium Yeast,2025-12-26,2025-12-26,1
4888,15,Lager Ingredients,2026-06-18,2026-06-25,0
4889,10,Can Solutions,2025-06-23,2025-07-01,0
4890,11,Barley Source,2024-12-25,2024-12-17,1
4891,10,Can Solutions,2025-02-18,2025-02-12,1
4892,9,Packaging UK,2026-08-15,2026-08-12,1
4893,7,Malt Brothers,2025-05-24,2025-05-26,0
4894,8,Belgian Yeast Co,2025-11-02,2025-11-05,0
4895,17,Yeast Innovations,2026-05-06,2026-04-25,1
4896,11,Barley Source,2025-01-31,2025-02-07,0
4897,11,Barley Source,2026-09-10,2026-09-06,1
4898,9,Packaging UK,2026-09-28,2026-09-21,1
4899,4,Premium Yeast,2025-11-10,2025-11-03,1
4900,1,Hop Alliance UK,2025-08-02,2025-08-02,1
4901,20,Ingredient Hub,2025-11-06,2025-11-03,1
4902,16,Craft Supply Co,2025-02-03,2025-01-28,1
4903,17,Yeast Innovations,2026-02-01,2026-01-31,1
4904,4,Premium Yeast,2025-10-05,2025-10-01,1
4905,13,Hop Global,2024-10-29,2024-10-29,1
4906,3,Euro Malt GmbH,2026-09-26,2026-09-19,1
4907,18,Raw Materials Ltd,2025-03-23,2025-03-21,1
4908,16,Craft Supply Co,2024-12-12,2024-12-15,0
4909,12,Grain Experts,2025-02-27,2025-03-03,0
4910,15,Lager Ingredients,2025-06-28,2025-07-05,0
4911,2,Northern Malt,2025-09-30,2025-10-04,0
4912,17,Yeast Innovations,2025-06-09,2025-06-13,0
4913,1,Hop Alliance UK,2025-03-31,2025-04-14,0
4914,10,Can Solutions,2025-05-23,2025-05-31,0
4915,6,Hops Direct,2025-04-17,2025-04-19,0
4916,9,Packaging UK,2025-10-29,2025-10-27,1
4917,1,Hop Alliance UK,2026-07-07,2026-07-10,0
4918,16,Craft Supply Co,2025-11-14,2025-11-09,1
4919,4,Premium Yeast,2025-12-06,2025-11-30,1
4920,20,Ingredient Hub,2025-06-26,2025-06-20,1
4921,16,Craft Supply Co,2025-12-03,2025-11-30,1
4922,12,Grain Experts,2025-08-08,2025-08-01,1
4923,11,Barley Source,2025-12-03,2025-12-02,1
4924,14,Bottle Supply,2024-10-23,2024-10-26,0
4925,6,Hops Direct,2026-04-15,2026-04-07,1
4926,17,Yeast Innovations,2026-05-03,2026-05-07,0
4927,17,Yeast Innovations,2026-02-01,2026-02-07,0
4928,8,Belgian Yeast Co,2026-09-29,2026-09-26,1
4929,15,Lager Ingredients,2025-03-29,2025-03-31,0
4930,3,Euro Malt GmbH,2026-07-09,2026-07-04,1
4931,2,Northern Malt,2024-11-14,2024-11-18,0
4932,10,Can Solutions,2026-01-10,2026-01-09,1
4933,11,Barley Source,2025-11-28,2025-11-22,1
4934,15,Lager Ingredients,2026-07-07,2026-07-09,0
4935,10,Can Solutions,2025-03-08,2025-03-19,0
4936,12,Grain Experts,2025-03-16,2025-03-07,1
4937,2,Northern Malt,2025-04-08,2025-04-19,0
4938,16,Craft Supply Co,2026-07-02,2026-06-28,1
4939,9,Packaging UK,2026-08-27,2026-08-26,1
4940,15,Lager Ingredients,2025-02-27,2025-02-22,1
4941,15,Lager Ingredients,2025-01-24,2025-02-06,0
4942,11,Barley Source,2026-06-06,2026-06-10,0
4943,12,Grain Experts,2025-08-28,2025-08-19,1
4944,4,Premium Yeast,2025-08-10,2025-08-10,1
4945,16,Craft Supply Co,2025-10-09,2025-09-26,1
4946,2,Northern Malt,2026-05-22,2026-05-20,1
4947,2,Northern Malt,2026-02-12,2026-02-17,0
4948,6,Hops Direct,2026-05-30,2026-05-30,1
4949,6,Hops Direct,2025-01-19,2025-01-25,0
4950,14,Bottle Supply,2026-04-23,2026-04-29,0
4951,11,Barley Source,2025-02-16,2025-02-15,1
4952,16,Craft Supply Co,2024-11-29,2024-11-28,1
4953,10,Can Solutions,2025-04-16,2025-04-18,0
4954,11,Barley Source,2025-03-10,2025-03-02,1
4955,1,Hop Alliance UK,2024-10-27,2024-10-29,0
4956,16,Craft Supply Co,2026-06-16,2026-06-19,0
4957,11,Barley Source,2025-12-26,2025-12-24,1
4958,4,Premium Yeast,2026-05-16,2026-05-28,0
4959,8,Belgian Yeast Co,2025-01-20,2025-01-11,1
4960,14,Bottle Supply,2025-11-23,2025-12-07,0
4961,20,Ingredient Hub,2026-06-02,2026-05-27,1
4962,16,Craft Supply Co,2026-04-03,2026-03-30,1
4963,20,Ingredient Hub,2024-12-16,2024-12-22,0
4964,10,Can Solutions,2026-10-04,2026-09-29,1
4965,13,Hop Global,2024-12-08,2024-12-11,0
4966,10,Can Solutions,2024-12-09,2024-12-01,1
4967,10,Can Solutions,2025-06-23,2025-06-22,1
4968,1,Hop Alliance UK,2025-03-26,2025-03-28,0
4969,13,Hop Global,2025-04-18,2025-04-17,1
4970,1,Hop Alliance UK,2026-05-12,2026-05-02,1
4971,16,Craft Supply Co,2024-10-28,2024-10-25,1
4972,14,Bottle Supply,2024-12-28,2024-12-29,0
4973,16,Craft Supply Co,2025-07-31,2025-07-23,1
4974,11,Barley Source,2025-02-01,2025-01-26,1
4975,11,Barley Source,2024-12-28,2025-01-03,0
4976,6,Hops Direct,2026-01-18,2026-01-09,1
4977,11,Barley Source,2025-02-08,2025-02-04,1
4978,14,Bottle Supply,2025-01-31,2025-02-03,0
4979,10,Can Solutions,2025-08-10,2025-07-30,1
4980,2,Northern Malt,2025-01-20,2025-01-08,1
4981,3,Euro Malt GmbH,2024-11-12,2024-11-07,1
4982,7,Malt Brothers,2025-04-10,2025-03-27,1
4983,5,Brew Logistics,2025-06-09,2025-06-12,0
4984,8,Belgian Yeast Co,2026-02-02,2026-01-22,1
4985,2,Northern Malt,2024-10-28,2024-10-23,1
4986,12,Grain Experts,2026-07-24,2026-07-29,0
4987,10,Can Solutions,2025-09-02,2025-08-27,1
4988,13,Hop Global,2026-02-18,2026-02-10,1
4989,14,Bottle Supply,2025-04-04,2025-04-15,0
4990,18,Raw Materials Ltd,2026-06-26,2026-07-09,0
4991,18,Raw Materials Ltd,2024-12-10,2024-12-05,1
4992,3,Euro Malt GmbH,2026-08-23,2026-08-27,0
4993,13,Hop Global,2026-05-16,2026-05-16,1
4994,9,Packaging UK,2026-08-21,2026-08-21,1
4995,15,Lager Ingredients,2026-03-04,2026-03-02,1
4996,5,Brew Logistics,2025-07-24,2025-08-01,0
4997,4,Premium Yeast,2026-09-10,2026-09-07,1
4998,9,Packaging UK,2025-12-15,2025-12-02,1
4999,2,Northern Malt,2026-09-09,2026-09-01,1
5000,9,Packaging UK,2026-06-03,2026-06-03,1
