SalesOrderID,ProductID,OrderDate,Customer,QuantitySold,Revenue
1,9,2024-10-25,Customer_287,98,65.00
2,17,2024-12-16,Customer_15,94,559.00
3,39,2026-06-28,Customer_456,57,526.50
4,31,2026-05-20,Customer_161,32,130.00
5,29,2025-02-19,Customer_308,14,630.50
6,21,2026-09-06,Customer_373,36,13.00
7,19,2026-09-11,Customer_205,39,552.50
8,20,2024-10-23,Customer_381,40,78.00
9,39,2025-10-21,Customer_384,7,208.00
10,10,2025-11-01,Customer_56,54,507.00
11,12,2025-03-09,Customer_69,14,377.00
12,1,2026-03-05,Customer_476,71,513.50
13,10,2025-01-14,Customer_184,49,273.00
14,11,2025-10-09,Customer_287,46,65.00
15,22,2025-10-07,Customer_450,69,136.50
16,50,2025-03-02,Customer_442,96,299.00
17,8,2026-07-17,Customer_218,51,136.50
18,19,2025-01-27,Customer_471,66,71.50
19,46,2025-01-30,Customer_455,9,565.50
20,9,2025-05-11,Customer_498,39,195.00
21,48,2026-06-09,Customer_196,99,13.00
22,16,2025-05-30,Customer_76,19,357.50
23,16,2026-08-11,Customer_214,95,377.00
24,38,2024-11-04,Customer_194,76,273.00
25,2,2026-03-15,Customer_130,20,65.00
26,4,2024-10-15,Customer_155,76,32.50
27,4,2026-07-13,Customer_213,15,45.50
28,43,2025-04-06,Customer_286,97,78.00
29,29,2025-11-26,Customer_152,58,104.00
30,6,2026-02-06,Customer_366,20,318.50
31,8,2025-09-12,Customer_110,61,468.00
32,20,2026-06-19,Customer_418,21,58.50
33,24,2024-11-05,Customer_477,56,305.50
34,25,2026-02-20,Customer_281,4,195.00
35,4,2025-06-16,Customer_6,42,227.50
36,21,2025-08-23,Customer_155,92,19.50
37,42,2024-11-14,Customer_166,25,474.50
38,43,2025-12-12,Customer_398,9,604.50
39,29,2024-10-28,Customer_387,37,71.50
40,34,2026-04-04,Customer_494,33,312.00
41,5,2024-11-25,Customer_318,32,279.50
42,12,2025-09-24,Customer_19,84,188.50
43,18,2025-05-07,Customer_10,14,474.50
44,26,2026-01-05,Customer_154,81,325.00
45,42,2026-05-20,Customer_460,94,32.50
46,47,2025-02-14,Customer_228,25,481.00
47,30,2026-04-09,Customer_354,55,19.50
48,12,2024-11-15,Customer_45,1,286.00
49,26,2024-10-26,Customer_33,42,429.00
50,45,2026-03-03,Customer_476,75,487.50
51,19,2025-09-04,Customer_494,78,481.00
52,14,2026-07-11,Customer_176,67,611.00
53,5,2025-04-14,Customer_127,2,65.00
54,23,2026-09-30,Customer_481,9,208.00
55,40,2025-12-04,Customer_179,49,78.00
56,3,2026-01-28,Customer_29,90,110.50
57,3,2026-07-08,Customer_496,88,448.50
58,36,2024-12-12,Customer_330,93,487.50
59,18,2025-09-08,Customer_231,28,84.50
60,1,2026-03-11,Customer_65,62,591.50
61,16,2025-01-25,Customer_329,89,442.00
62,27,2026-05-26,Customer_162,48,104.00
63,33,2025-03-22,Customer_59,95,169.00
64,11,2026-03-06,Customer_205,43,136.50
65,46,2026-06-01,Customer_424,21,455.00
66,22,2025-12-14,Customer_498,90,461.50
67,9,2025-02-08,Customer_171,78,357.50
68,19,2026-08-14,Customer_472,41,520.00
69,40,2025-10-27,Customer_184,16,175.50
70,35,2026-04-28,Customer_50,53,143.00
71,13,2024-11-13,Customer_180,98,364.00
72,17,2025-02-07,Customer_297,9,6.50
73,44,2024-11-22,Customer_332,14,39.00
74,11,2025-09-11,Customer_321,29,435.50
75,1,2026-08-20,Customer_223,18,474.50
76,43,2026-04-22,Customer_332,15,110.50
77,5,2025-05-12,Customer_297,74,357.50
78,7,2024-11-26,Customer_179,10,578.50
79,44,2024-11-25,Customer_478,3,461.50
80,25,2026-08-09,Customer_146,36,65.00
81,9,2026-03-28,Customer_302,16,377.00
82,4,2025-11-19,Customer_486,60,526.50
83,46,2026-06-16,Customer_4,55,279.50
84,11,2025-04-11,Customer_3,54,422.50
85,19,2026-09-11,Customer_387,49,266.50
86,44,2025-07-20,Customer_184,48,383.50
87,26,2024-12-22,Customer_498,56,104.00
88,41,2025-05-20,Customer_118,31,305.50
89,35,2025-01-16,Customer_381,71,409.50
90,32,2025-03-22,Customer_76,84,617.50
91,33,2025-08-10,Customer_401,38,539.50
92,4,2025-03-07,Customer_87,18,331.50
93,49,2026-03-26,Customer_446,51,13.00
94,19,2026-08-27,Customer_371,11,416.00
95,37,2025-10-24,Customer_289,56,546.00
96,42,2024-10-14,Customer_155,74,494.00
97,17,2025-10-21,Customer_16,72,643.50
98,7,2026-03-03,Customer_387,59,104.00
99,50,2026-07-12,Customer_56,70,221.00
100,26,2024-10-12,Customer_165,31,201.50
101,20,2025-07-16,Customer_128,16,182.00
102,5,2026-06-02,Customer_130,58,513.50
103,8,2026-09-18,Customer_193,95,175.50
104,19,2026-07-14,Customer_482,21,650.00
105,47,2026-08-20,Customer_439,31,637.00
106,24,2025-03-27,Customer_296,59,182.00
107,29,2025-10-31,Customer_17,46,52.00
108,34,2026-03-07,Customer_325,78,266.50
109,15,2026-04-29,Customer_205,92,513.50
110,36,2026-03-31,Customer_301,41,331.50
111,26,2025-03-01,Customer_298,9,552.50
112,34,2025-02-05,Customer_176,89,169.00
113,29,2025-09-11,Customer_287,53,136.50
114,21,2025-11-17,Customer_457,36,253.50
115,24,2025-08-04,Customer_3,81,97.50
116,31,2026-09-18,Customer_363,98,487.50
117,5,2025-08-21,Customer_58,60,65.00
118,40,2026-04-12,Customer_401,65,377.00
119,17,2025-11-29,Customer_387,82,435.50
120,29,2025-12-03,Customer_282,21,370.50
121,23,2025-10-27,Customer_347,19,182.00
122,29,2025-02-08,Customer_231,81,390.00
123,6,2025-05-05,Customer_65,44,364.00
124,21,2025-07-21,Customer_184,78,182.00
125,5,2026-02-10,Customer_188,96,286.00
126,27,2026-09-29,Customer_167,17,624.00
127,41,2026-08-16,Customer_379,65,104.00
128,45,2026-01-27,Customer_79,47,507.00
129,21,2026-09-03,Customer_129,26,643.50
130,11,2026-08-07,Customer_393,38,110.50
131,20,2025-03-15,Customer_137,53,598.00
132,33,2025-09-10,Customer_417,99,637.00
133,7,2025-05-06,Customer_185,43,461.50
134,23,2025-08-04,Customer_55,40,364.00
135,22,2025-11-28,Customer_387,21,494.00
136,15,2025-10-31,Customer_332,41,520.00
137,25,2025-03-13,Customer_63,11,637.00
138,7,2026-02-11,Customer_407,73,312.00
139,5,2025-03-25,Customer_496,9,630.50
140,43,2025-12-19,Customer_205,85,26.00
141,50,2024-11-13,Customer_267,92,520.00
142,3,2024-11-22,Customer_85,64,390.00
143,10,2025-12-19,Customer_246,58,533.00
144,47,2025-07-23,Customer_308,98,474.50
145,49,2025-02-12,Customer_44,73,208.00
146,16,2026-05-29,Customer_429,68,513.50
147,7,2025-05-13,Customer_408,53,97.50
148,7,2024-10-14,Customer_487,25,455.00
149,50,2026-09-20,Customer_133,60,266.50
150,8,2025-09-03,Customer_282,78,507.00
151,5,2025-02-27,Customer_444,29,247.00
152,27,2024-10-11,Customer_224,33,565.50
153,21,2024-11-23,Customer_345,95,195.00
154,7,2025-07-07,Customer_144,94,253.50
155,28,2025-11-02,Customer_262,18,442.00
156,17,2025-06-17,Customer_65,19,344.50
157,1,2025-08-10,Customer_446,31,624.00
158,40,2026-02-23,Customer_407,40,565.50
159,36,2026-08-11,Customer_8,78,624.00
160,5,2026-05-25,Customer_189,49,318.50
161,25,2025-03-02,Customer_226,35,507.00
162,34,2025-11-05,Customer_468,6,403.00
163,9,2025-05-04,Customer_465,79,364.00
164,20,2026-09-22,Customer_347,11,591.50
165,26,2025-01-27,Customer_482,47,617.50
166,6,2026-01-02,Customer_182,96,117.00
167,48,2026-01-07,Customer_427,67,513.50
168,5,2025-03-09,Customer_272,42,201.50
169,40,2025-07-29,Customer_100,75,559.00
170,43,2025-04-23,Customer_379,85,487.50
171,31,2024-12-01,Customer_267,30,455.00
172,41,2025-04-03,Customer_391,33,474.50
173,4,2025-01-21,Customer_264,84,52.00
174,31,2026-05-22,Customer_493,71,416.00
175,30,2025-09-04,Customer_451,54,214.50
176,38,2026-10-02,Customer_492,5,429.00
177,34,2024-11-08,Customer_25,9,260.00
178,36,2025-07-02,Customer_165,32,221.00
179,26,2025-02-11,Customer_89,66,117.00
180,7,2025-04-27,Customer_311,66,71.50
181,45,2024-12-15,Customer_117,85,617.50
182,49,2026-03-29,Customer_168,1,234.00
183,4,2026-05-05,Customer_366,38,208.00
184,34,2025-03-15,Customer_138,96,611.00
185,27,2025-10-19,Customer_279,85,19.50
186,45,2024-11-16,Customer_493,17,104.00
187,15,2026-02-04,Customer_2,32,390.00
188,5,2024-10-11,Customer_385,23,253.50
189,45,2025-04-15,Customer_24,73,32.50
190,2,2026-04-20,Customer_172,62,396.50
191,12,2026-09-22,Customer_411,69,507.00
192,37,2025-12-31,Customer_38,3,552.50
193,4,2025-02-10,Customer_446,50,305.50
194,37,2025-09-13,Customer_495,19,91.00
195,33,2025-06-28,Customer_493,16,39.00
196,5,2026-03-17,Customer_185,60,578.50
197,15,2025-01-29,Customer_431,74,442.00
198,18,2025-02-13,Customer_182,48,461.50
199,41,2026-07-08,Customer_475,39,383.50
200,4,2025-08-02,Customer_203,32,208.00
201,9,2025-02-15,Customer_273,26,273.00
202,39,2026-09-02,Customer_439,17,526.50
203,23,2024-12-13,Customer_407,28,429.00
204,19,2026-04-17,Customer_142,42,273.00
205,15,2025-08-01,Customer_314,6,448.50
206,42,2025-10-29,Customer_127,51,292.50
207,39,2026-04-09,Customer_136,97,169.00
208,29,2026-08-05,Customer_486,38,526.50
209,11,2024-10-22,Customer_54,44,273.00
210,13,2025-12-18,Customer_205,20,552.50
211,18,2026-08-30,Customer_271,31,520.00
212,25,2025-08-23,Customer_302,90,552.50
213,21,2024-12-28,Customer_13,44,559.00
214,14,2025-06-30,Customer_8,85,240.50
215,28,2025-07-04,Customer_412,74,6.50
216,27,2025-06-12,Customer_268,76,201.50
217,36,2024-11-11,Customer_118,68,565.50
218,14,2026-03-04,Customer_394,5,292.50
219,5,2026-06-09,Customer_301,30,429.00
220,37,2026-05-13,Customer_160,8,325.00
221,23,2025-06-07,Customer_149,68,247.00
222,27,2025-01-06,Customer_114,81,598.00
223,21,2026-01-14,Customer_466,91,195.00
224,26,2026-09-17,Customer_359,80,572.00
225,16,2024-11-01,Customer_493,96,299.00
226,3,2026-01-14,Customer_52,23,526.50
227,7,2025-09-21,Customer_468,65,364.00
228,19,2026-04-27,Customer_348,97,45.50
229,40,2025-05-08,Customer_468,97,195.00
230,39,2025-12-16,Customer_298,80,383.50
231,29,2025-07-17,Customer_187,53,474.50
232,30,2026-01-18,Customer_331,95,344.50
233,20,2026-02-11,Customer_112,37,227.50
234,34,2025-08-19,Customer_91,88,344.50
235,40,2026-08-13,Customer_168,100,240.50
236,19,2024-12-21,Customer_466,7,338.00
237,12,2026-07-14,Customer_414,21,390.00
238,48,2026-07-05,Customer_170,28,162.50
239,23,2026-08-13,Customer_479,42,409.50
240,48,2025-10-04,Customer_195,96,117.00
241,16,2025-04-12,Customer_111,11,130.00
242,4,2026-05-23,Customer_352,18,234.00
243,19,2026-05-28,Customer_45,94,390.00
244,25,2026-07-08,Customer_136,30,364.00
245,9,2026-04-29,Customer_376,46,585.00
246,49,2026-08-17,Customer_464,93,201.50
247,22,2025-09-03,Customer_275,11,481.00
248,3,2025-10-22,Customer_320,30,65.00
249,3,2024-10-07,Customer_30,17,578.50
250,39,2026-01-26,Customer_373,96,624.00
251,11,2025-11-04,Customer_404,81,630.50
252,27,2026-01-15,Customer_234,54,52.00
253,29,2025-12-06,Customer_5,76,52.00
254,37,2025-01-16,Customer_258,67,130.00
255,19,2026-09-03,Customer_35,4,442.00
256,40,2025-01-18,Customer_429,54,227.50
257,44,2025-06-10,Customer_164,21,162.50
258,6,2025-12-19,Customer_412,83,117.00
259,25,2025-08-31,Customer_99,47,45.50
260,45,2026-07-04,Customer_351,99,292.50
261,11,2025-04-07,Customer_139,11,318.50
262,17,2025-09-12,Customer_328,50,533.00
263,1,2025-05-05,Customer_278,42,604.50
264,17,2026-08-12,Customer_368,59,104.00
265,23,2024-11-27,Customer_277,22,78.00
266,32,2026-03-31,Customer_246,10,260.00
267,19,2024-10-19,Customer_268,39,572.00
268,38,2024-11-29,Customer_1,19,273.00
269,44,2024-11-11,Customer_120,79,559.00
270,17,2026-03-17,Customer_437,55,611.00
271,49,2024-10-13,Customer_245,25,117.00
272,45,2026-03-23,Customer_315,65,331.50
273,38,2026-04-14,Customer_201,3,286.00
274,40,2025-05-16,Customer_429,85,169.00
275,33,2025-07-25,Customer_93,100,331.50
276,37,2025-09-12,Customer_383,51,578.50
277,18,2025-03-16,Customer_43,97,461.50
278,26,2026-02-11,Customer_9,12,253.50
279,33,2025-11-11,Customer_122,62,234.00
280,15,2025-10-09,Customer_464,25,305.50
281,50,2025-01-22,Customer_92,54,123.50
282,13,2026-10-05,Customer_52,83,585.00
283,6,2026-06-11,Customer_46,32,169.00
284,35,2026-06-19,Customer_479,73,71.50
285,36,2026-04-25,Customer_374,91,643.50
286,44,2025-11-11,Customer_418,68,260.00
287,25,2026-02-26,Customer_312,75,481.00
288,35,2026-01-05,Customer_222,12,240.50
289,43,2026-09-13,Customer_97,20,617.50
290,25,2024-11-30,Customer_349,57,58.50
291,17,2025-09-22,Customer_80,75,136.50
292,41,2026-08-24,Customer_429,29,494.00
293,44,2025-07-31,Customer_106,31,260.00
294,32,2025-04-19,Customer_351,68,351.00
295,43,2024-12-06,Customer_310,93,208.00
296,2,2025-11-09,Customer_300,10,52.00
297,6,2025-09-26,Customer_146,48,429.00
298,28,2025-04-24,Customer_366,57,546.00
299,8,2025-04-07,Customer_292,82,201.50
300,41,2025-06-07,Customer_409,32,208.00
301,32,2026-06-20,Customer_334,65,422.50
302,48,2025-05-24,Customer_270,64,221.00
303,46,2026-10-04,Customer_405,6,6.50
304,26,2026-01-04,Customer_380,80,344.50
305,45,2025-08-22,Customer_166,42,461.50
306,25,2026-09-24,Customer_212,35,143.00
307,15,2025-11-03,Customer_68,33,292.50
308,22,2025-08-20,Customer_219,33,565.50
309,12,2025-01-15,Customer_107,68,325.00
310,29,2024-11-21,Customer_397,25,234.00
311,14,2025-04-25,Customer_446,78,32.50
312,32,2026-01-20,Customer_85,52,247.00
313,35,2025-09-27,Customer_150,52,429.00
314,19,2024-12-07,Customer_434,20,273.00
315,4,2024-10-11,Customer_182,61,520.00
316,37,2026-09-20,Customer_438,44,565.50
317,22,2024-12-25,Customer_241,22,637.00
318,25,2025-09-17,Customer_258,16,143.00
319,23,2025-09-14,Customer_227,15,104.00
320,11,2026-04-30,Customer_64,56,552.50
321,11,2024-12-30,Customer_184,4,364.00
322,41,2026-02-17,Customer_32,18,630.50
323,49,2026-03-12,Customer_2,86,617.50
324,49,2025-11-14,Customer_286,79,377.00
325,30,2026-09-13,Customer_425,60,624.00
326,34,2026-09-23,Customer_18,39,195.00
327,29,2025-10-14,Customer_64,82,182.00
328,48,2026-08-23,Customer_328,69,435.50
329,16,2025-08-03,Customer_266,33,318.50
330,28,2025-03-04,Customer_56,42,526.50
331,19,2025-02-10,Customer_479,9,481.00
332,38,2025-02-28,Customer_373,35,416.00
333,44,2025-12-22,Customer_287,9,117.00
334,48,2026-07-01,Customer_382,71,130.00
335,39,2025-10-26,Customer_289,58,299.00
336,13,2026-07-19,Customer_372,18,188.50
337,20,2026-07-13,Customer_312,69,351.00
338,35,2025-08-05,Customer_252,47,195.00
339,1,2024-12-03,Customer_234,40,312.00
340,49,2025-09-13,Customer_70,90,383.50
341,21,2025-01-09,Customer_280,77,195.00
342,9,2025-08-09,Customer_196,79,104.00
343,3,2026-04-10,Customer_1,99,312.00
344,28,2026-02-12,Customer_166,63,630.50
345,32,2026-05-07,Customer_79,56,448.50
346,44,2026-02-16,Customer_110,46,331.50
347,21,2024-10-23,Customer_182,88,253.50
348,3,2025-04-17,Customer_88,56,175.50
349,18,2025-07-25,Customer_301,87,279.50
350,42,2025-04-07,Customer_202,23,149.50
351,12,2025-07-13,Customer_236,1,104.00
352,37,2025-10-01,Customer_457,89,468.00
353,37,2025-10-03,Customer_99,82,533.00
354,44,2026-03-06,Customer_21,27,253.50
355,35,2025-11-14,Customer_90,44,442.00
356,17,2025-03-25,Customer_20,49,526.50
357,6,2026-08-27,Customer_317,7,273.00
358,20,2025-10-10,Customer_443,33,292.50
359,30,2025-01-07,Customer_83,2,130.00
360,3,2025-02-26,Customer_5,69,435.50
361,10,2025-04-05,Customer_407,41,442.00
362,7,2025-02-15,Customer_108,65,13.00
363,28,2025-01-11,Customer_190,61,546.00
364,3,2025-03-31,Customer_211,85,481.00
365,20,2025-06-01,Customer_95,54,624.00
366,33,2026-07-26,Customer_178,35,546.00
367,29,2026-03-20,Customer_107,36,552.50
368,48,2026-01-14,Customer_338,68,6.50
369,14,2026-09-25,Customer_366,36,520.00
370,26,2024-12-26,Customer_286,2,416.00
371,26,2025-06-27,Customer_276,70,624.00
372,43,2025-03-13,Customer_468,89,416.00
373,5,2024-10-23,Customer_221,14,533.00
374,37,2026-08-28,Customer_378,96,546.00
375,12,2026-05-04,Customer_337,27,13.00
376,1,2025-10-09,Customer_50,12,260.00
377,41,2026-01-08,Customer_485,44,370.50
378,36,2025-12-09,Customer_104,36,123.50
379,1,2025-11-01,Customer_370,85,364.00
380,28,2025-06-06,Customer_322,8,234.00
381,27,2026-07-11,Customer_264,87,52.00
382,29,2026-06-22,Customer_62,56,533.00
383,35,2025-04-17,Customer_24,96,260.00
384,45,2025-07-14,Customer_369,19,455.00
385,21,2025-05-28,Customer_13,43,598.00
386,20,2024-12-25,Customer_195,15,52.00
387,45,2025-05-07,Customer_226,16,390.00
388,46,2025-06-11,Customer_295,32,416.00
389,5,2025-04-18,Customer_30,80,182.00
390,46,2026-03-16,Customer_325,70,344.50
391,46,2025-01-24,Customer_169,51,188.50
392,36,2026-02-09,Customer_73,85,117.00
393,29,2025-06-29,Customer_379,20,591.50
394,32,2026-03-27,Customer_500,74,143.00
395,44,2026-06-02,Customer_341,19,513.50
396,44,2025-09-10,Customer_372,71,71.50
397,20,2025-07-16,Customer_496,66,78.00
398,15,2026-06-23,Customer_368,80,390.00
399,43,2025-02-24,Customer_452,25,448.50
400,22,2025-12-12,Customer_272,75,487.50
401,30,2025-01-23,Customer_453,39,52.00
402,27,2025-05-02,Customer_378,29,123.50
403,17,2024-10-28,Customer_491,63,208.00
404,31,2025-08-04,Customer_122,83,429.00
405,29,2025-10-12,Customer_30,36,617.50
406,20,2026-03-06,Customer_9,93,390.00
407,22,2025-11-23,Customer_301,89,39.00
408,16,2025-10-10,Customer_413,21,552.50
409,45,2024-10-10,Customer_233,65,585.00
410,26,2025-11-14,Customer_79,19,598.00
411,32,2024-11-20,Customer_57,99,416.00
412,13,2025-06-30,Customer_478,35,494.00
413,26,2025-05-26,Customer_444,14,201.50
414,1,2026-07-26,Customer_476,73,377.00
415,25,2025-08-18,Customer_324,59,195.00
416,19,2026-03-10,Customer_367,2,266.50
417,17,2025-12-29,Customer_73,78,338.00
418,27,2025-12-08,Customer_393,12,143.00
419,38,2026-06-04,Customer_227,58,91.00
420,3,2025-02-21,Customer_304,35,247.00
421,44,2025-08-24,Customer_479,24,377.00
422,7,2025-01-24,Customer_124,41,162.50
423,8,2026-07-20,Customer_106,49,507.00
424,16,2026-07-10,Customer_34,13,26.00
425,6,2025-11-21,Customer_222,98,13.00
426,46,2025-04-18,Customer_447,18,377.00
427,23,2025-04-11,Customer_491,32,312.00
428,11,2025-06-22,Customer_399,100,123.50
429,25,2026-06-09,Customer_70,38,52.00
430,42,2026-07-28,Customer_179,64,565.50
431,44,2025-03-12,Customer_161,97,370.50
432,40,2025-04-28,Customer_346,46,201.50
433,32,2025-08-28,Customer_321,71,110.50
434,36,2024-10-13,Customer_483,86,487.50
435,5,2025-03-28,Customer_329,75,318.50
436,1,2024-12-13,Customer_293,96,624.00
437,35,2025-07-11,Customer_142,58,611.00
438,36,2025-11-21,Customer_126,13,318.50
439,7,2026-04-12,Customer_1,66,565.50
440,2,2026-01-06,Customer_378,65,474.50
441,24,2025-09-13,Customer_138,74,338.00
442,8,2024-11-05,Customer_231,78,227.50
443,27,2026-08-01,Customer_337,83,52.00
444,23,2025-08-05,Customer_309,74,442.00
445,30,2026-03-27,Customer_84,79,435.50
446,32,2026-03-26,Customer_184,92,442.00
447,32,2025-10-17,Customer_76,96,52.00
448,17,2025-05-22,Customer_312,21,572.00
449,35,2025-12-20,Customer_386,72,279.50
450,15,2026-05-30,Customer_412,94,611.00
451,35,2025-08-08,Customer_85,37,214.50
452,24,2025-06-08,Customer_317,82,409.50
453,45,2026-02-05,Customer_384,64,253.50
454,43,2026-09-30,Customer_140,15,533.00
455,37,2025-06-07,Customer_148,20,364.00
456,33,2026-09-13,Customer_268,98,149.50
457,50,2025-12-16,Customer_162,21,422.50
458,34,2025-05-26,Customer_246,95,325.00
459,30,2026-04-11,Customer_334,97,201.50
460,14,2025-04-15,Customer_402,13,526.50
461,49,2026-07-14,Customer_186,95,260.00
462,30,2026-08-22,Customer_453,82,253.50
463,5,2026-05-01,Customer_267,37,351.00
464,2,2026-09-12,Customer_111,82,97.50
465,14,2024-12-19,Customer_291,87,266.50
466,40,2025-01-22,Customer_400,18,604.50
467,19,2026-01-17,Customer_491,83,494.00
468,37,2025-11-13,Customer_153,64,565.50
469,3,2025-01-12,Customer_84,69,65.00
470,41,2026-06-15,Customer_381,13,468.00
471,27,2026-03-18,Customer_408,23,487.50
472,9,2024-12-15,Customer_115,59,39.00
473,44,2025-12-21,Customer_363,15,325.00
474,29,2025-08-31,Customer_25,33,78.00
475,19,2025-07-11,Customer_108,43,604.50
476,41,2025-09-30,Customer_389,99,468.00
477,15,2026-06-14,Customer_436,47,338.00
478,40,2026-09-29,Customer_252,85,351.00
479,13,2025-08-11,Customer_150,64,546.00
480,4,2026-01-14,Customer_75,90,13.00
481,25,2024-10-13,Customer_53,89,318.50
482,44,2024-11-20,Customer_150,42,650.00
483,8,2025-02-20,Customer_11,11,65.00
484,33,2026-04-21,Customer_266,82,65.00
485,35,2025-12-25,Customer_282,67,487.50
486,24,2025-04-09,Customer_430,26,156.00
487,5,2025-05-26,Customer_322,90,468.00
488,36,2026-08-08,Customer_114,59,559.00
489,35,2026-08-28,Customer_111,39,513.50
490,19,2025-10-09,Customer_45,54,357.50
491,19,2026-04-17,Customer_271,72,364.00
492,16,2025-01-13,Customer_73,32,136.50
493,19,2026-06-01,Customer_212,3,494.00
494,10,2026-01-11,Customer_102,2,110.50
495,12,2025-05-08,Customer_299,37,273.00
496,43,2026-05-22,Customer_454,91,65.00
497,13,2026-04-18,Customer_94,65,201.50
498,28,2025-03-20,Customer_498,98,299.00
499,19,2026-06-15,Customer_347,8,279.50
500,9,2025-06-02,Customer_387,9,58.50
501,40,2026-06-21,Customer_497,41,500.50
502,7,2024-12-16,Customer_353,66,325.00
503,27,2024-11-10,Customer_56,50,513.50
504,7,2025-03-14,Customer_447,95,39.00
505,47,2025-07-19,Customer_389,68,227.50
506,30,2024-12-20,Customer_130,20,500.50
507,5,2026-08-18,Customer_145,11,65.00
508,31,2025-05-15,Customer_269,12,117.00
509,42,2026-03-26,Customer_143,37,110.50
510,7,2025-06-05,Customer_452,72,175.50
511,48,2025-02-25,Customer_118,9,416.00
512,17,2024-10-13,Customer_414,2,71.50
513,21,2026-05-22,Customer_241,38,643.50
514,40,2026-08-08,Customer_397,16,513.50
515,22,2025-02-12,Customer_169,11,39.00
516,10,2026-03-16,Customer_173,68,409.50
517,20,2026-07-16,Customer_316,55,526.50
518,31,2025-02-20,Customer_211,97,416.00
519,21,2026-04-08,Customer_313,81,643.50
520,42,2025-10-28,Customer_154,70,611.00
521,47,2026-04-02,Customer_443,88,169.00
522,6,2026-07-30,Customer_447,49,201.50
523,48,2024-10-20,Customer_141,92,247.00
524,38,2026-06-10,Customer_438,21,331.50
525,22,2024-10-30,Customer_304,66,188.50
526,12,2025-11-30,Customer_429,84,513.50
527,5,2026-07-04,Customer_386,15,390.00
528,30,2026-06-19,Customer_85,2,643.50
529,19,2025-08-31,Customer_104,32,162.50
530,37,2025-05-29,Customer_346,39,598.00
531,34,2024-12-24,Customer_403,48,292.50
532,34,2024-12-16,Customer_69,29,416.00
533,5,2025-01-08,Customer_146,78,45.50
534,36,2025-09-07,Customer_35,71,78.00
535,15,2026-05-10,Customer_479,46,195.00
536,49,2026-01-12,Customer_262,58,559.00
537,24,2026-07-02,Customer_217,16,494.00
538,34,2026-06-16,Customer_78,87,175.50
539,5,2026-01-26,Customer_137,15,539.50
540,26,2024-12-12,Customer_422,44,45.50
541,47,2025-03-17,Customer_41,97,91.00
542,1,2025-07-11,Customer_394,56,572.00
543,16,2025-08-12,Customer_406,38,286.00
544,34,2025-03-12,Customer_108,63,611.00
545,43,2025-05-21,Customer_173,39,91.00
546,29,2024-11-12,Customer_339,26,104.00
547,28,2026-09-03,Customer_233,2,611.00
548,19,2026-09-30,Customer_147,55,58.50
549,38,2026-02-19,Customer_118,82,513.50
550,12,2026-02-23,Customer_401,66,429.00
551,35,2026-06-25,Customer_444,100,32.50
552,8,2026-04-19,Customer_39,2,253.50
553,35,2025-10-04,Customer_355,58,130.00
554,20,2026-08-25,Customer_130,25,559.00
555,18,2026-05-18,Customer_157,35,416.00
556,49,2025-03-17,Customer_470,48,487.50
557,26,2026-03-14,Customer_237,31,604.50
558,12,2026-05-17,Customer_192,14,71.50
559,29,2026-02-17,Customer_164,41,429.00
560,22,2025-11-22,Customer_143,52,637.00
561,11,2025-07-11,Customer_139,98,416.00
562,5,2025-06-01,Customer_253,72,637.00
563,22,2025-01-08,Customer_345,73,325.00
564,30,2024-10-30,Customer_219,63,130.00
565,32,2026-08-20,Customer_93,68,325.00
566,9,2026-01-06,Customer_41,32,6.50
567,12,2025-08-15,Customer_366,61,123.50
568,22,2025-06-28,Customer_146,85,292.50
569,26,2026-06-15,Customer_429,46,383.50
570,42,2026-06-06,Customer_385,45,130.00
571,15,2025-10-21,Customer_118,13,455.00
572,1,2025-03-17,Customer_428,66,26.00
573,48,2025-04-23,Customer_231,6,585.00
574,50,2025-04-01,Customer_426,40,188.50
575,23,2025-05-20,Customer_474,63,292.50
576,23,2026-02-05,Customer_417,36,175.50
577,34,2026-03-26,Customer_44,14,455.00
578,43,2024-12-11,Customer_343,53,91.00
579,41,2026-01-23,Customer_280,95,539.50
580,8,2026-07-15,Customer_13,29,162.50
581,36,2025-03-15,Customer_187,37,591.50
582,23,2025-06-09,Customer_12,18,539.50
583,4,2026-06-22,Customer_273,58,6.50
584,20,2025-03-26,Customer_224,26,357.50
585,40,2026-09-07,Customer_267,63,351.00
586,25,2026-01-26,Customer_24,39,143.00
587,47,2026-05-04,Customer_428,97,58.50
588,40,2026-04-13,Customer_207,56,312.00
589,44,2025-01-14,Customer_434,65,416.00
590,8,2025-10-06,Customer_133,49,312.00
591,4,2024-10-19,Customer_240,32,357.50
592,36,2024-12-03,Customer_57,4,52.00
593,2,2024-12-31,Customer_432,11,422.50
594,8,2024-10-24,Customer_260,10,585.00
595,5,2026-01-14,Customer_421,17,390.00
596,37,2026-09-28,Customer_98,48,422.50
597,19,2025-05-27,Customer_268,45,331.50
598,13,2025-08-26,Customer_440,20,104.00
599,34,2026-06-29,Customer_456,21,299.00
600,21,2026-08-01,Customer_22,69,448.50
601,40,2025-10-23,Customer_415,96,240.50
602,41,2025-06-04,Customer_263,20,416.00
603,42,2026-09-10,Customer_212,35,585.00
604,2,2026-02-03,Customer_285,30,97.50
605,3,2026-07-10,Customer_36,2,318.50
606,33,2025-03-04,Customer_397,69,45.50
607,35,2026-04-28,Customer_340,40,409.50
608,37,2026-02-26,Customer_59,12,403.00
609,45,2026-02-13,Customer_362,74,58.50
610,25,2025-04-11,Customer_494,94,6.50
611,49,2025-12-31,Customer_81,13,156.00
612,41,2024-11-18,Customer_346,95,422.50
613,40,2026-03-23,Customer_479,18,533.00
614,3,2025-12-27,Customer_415,5,500.50
615,5,2025-05-10,Customer_145,99,364.00
616,36,2025-07-30,Customer_167,28,32.50
617,35,2025-02-13,Customer_303,83,390.00
618,41,2025-12-16,Customer_332,37,494.00
619,4,2025-08-21,Customer_143,16,78.00
620,28,2025-07-07,Customer_146,29,65.00
621,3,2024-11-26,Customer_394,45,396.50
622,7,2025-03-20,Customer_273,82,32.50
623,22,2025-01-29,Customer_144,28,227.50
624,27,2025-10-16,Customer_419,83,344.50
625,33,2026-08-05,Customer_295,19,500.50
626,4,2024-10-24,Customer_206,20,637.00
627,43,2026-05-18,Customer_377,64,572.00
628,30,2025-04-29,Customer_258,87,396.50
629,35,2025-11-04,Customer_484,11,91.00
630,48,2025-02-24,Customer_364,53,71.50
631,32,2024-12-03,Customer_128,88,299.00
632,24,2026-04-25,Customer_134,62,201.50
633,4,2025-06-18,Customer_294,92,117.00
634,10,2026-06-13,Customer_288,74,227.50
635,13,2025-04-18,Customer_5,3,565.50
636,39,2026-05-25,Customer_116,38,312.00
637,20,2025-05-25,Customer_279,52,52.00
638,5,2025-11-10,Customer_10,76,617.50
639,45,2025-05-17,Customer_102,87,591.50
640,19,2025-06-17,Customer_104,1,520.00
641,42,2025-01-16,Customer_461,19,175.50
642,14,2024-11-01,Customer_281,94,357.50
643,8,2025-01-12,Customer_51,53,533.00
644,15,2026-02-07,Customer_127,61,364.00
645,13,2025-06-09,Customer_235,85,611.00
646,22,2025-06-04,Customer_73,71,435.50
647,10,2025-12-20,Customer_492,80,552.50
648,36,2025-12-12,Customer_454,81,201.50
649,33,2025-06-11,Customer_492,19,487.50
650,45,2026-02-17,Customer_177,81,526.50
651,22,2025-03-10,Customer_68,42,611.00
652,48,2026-09-09,Customer_490,30,188.50
653,47,2025-07-14,Customer_491,64,539.50
654,32,2025-04-15,Customer_26,17,162.50
655,8,2026-05-11,Customer_286,43,175.50
656,47,2025-06-20,Customer_405,20,208.00
657,19,2025-03-20,Customer_296,73,448.50
658,23,2025-04-13,Customer_243,88,377.00
659,42,2026-07-11,Customer_75,27,26.00
660,15,2025-12-21,Customer_356,3,78.00
661,36,2024-10-22,Customer_98,12,234.00
662,20,2026-04-01,Customer_313,79,117.00
663,2,2026-01-23,Customer_443,65,318.50
664,18,2025-08-25,Customer_267,26,149.50
665,5,2026-06-28,Customer_122,69,143.00
666,34,2025-03-22,Customer_379,96,533.00
667,18,2025-03-23,Customer_126,21,110.50
668,38,2025-11-03,Customer_400,82,494.00
669,17,2025-10-17,Customer_380,32,123.50
670,13,2025-08-22,Customer_29,43,292.50
671,26,2025-09-07,Customer_56,20,552.50
672,29,2025-02-12,Customer_117,36,325.00
673,7,2025-08-23,Customer_85,7,299.00
674,16,2025-06-12,Customer_1,97,643.50
675,21,2025-04-03,Customer_137,5,520.00
676,36,2025-08-06,Customer_361,25,136.50
677,40,2025-11-30,Customer_386,62,422.50
678,6,2026-03-08,Customer_262,28,520.00
679,8,2026-06-01,Customer_259,12,585.00
680,40,2024-10-16,Customer_476,87,526.50
681,29,2024-11-29,Customer_407,36,78.00
682,47,2025-01-01,Customer_422,54,526.50
683,6,2025-10-31,Customer_242,45,546.00
684,31,2025-10-25,Customer_136,82,312.00
685,6,2024-11-05,Customer_466,76,117.00
686,7,2025-11-26,Customer_76,86,240.50
687,22,2024-12-22,Customer_311,43,416.00
688,17,2026-07-08,Customer_136,69,364.00
689,39,2024-11-16,Customer_51,18,546.00
690,40,2024-11-16,Customer_137,89,487.50
691,23,2026-03-23,Customer_342,61,604.50
692,45,2025-04-20,Customer_314,64,201.50
693,25,2026-06-08,Customer_39,85,591.50
694,5,2025-03-15,Customer_419,48,357.50
695,28,2025-09-15,Customer_138,94,351.00
696,6,2026-03-28,Customer_85,58,598.00
697,24,2025-01-29,Customer_491,66,351.00
698,45,2026-03-05,Customer_109,57,71.50
699,19,2026-05-26,Customer_295,32,260.00
700,27,2024-10-08,Customer_496,77,500.50
701,36,2025-08-13,Customer_316,25,325.00
702,48,2025-01-06,Customer_428,95,260.00
703,21,2025-06-12,Customer_376,100,409.50
704,49,2025-01-27,Customer_62,12,520.00
705,10,2025-09-30,Customer_307,92,286.00
706,26,2025-08-24,Customer_275,93,240.50
707,29,2026-05-29,Customer_406,18,188.50
708,6,2025-03-19,Customer_398,49,227.50
709,24,2025-10-07,Customer_385,54,487.50
710,31,2026-04-20,Customer_457,32,234.00
711,29,2025-12-23,Customer_496,78,39.00
712,41,2024-12-05,Customer_362,22,221.00
713,10,2024-11-27,Customer_139,22,344.50
714,28,2025-05-09,Customer_95,25,598.00
715,50,2026-09-22,Customer_44,51,84.50
716,2,2026-07-21,Customer_186,59,318.50
717,28,2025-12-31,Customer_146,73,45.50
718,31,2025-06-11,Customer_423,27,448.50
719,15,2026-03-26,Customer_278,37,136.50
720,39,2025-10-04,Customer_473,94,520.00
721,38,2025-05-23,Customer_87,4,598.00
722,31,2025-09-16,Customer_466,80,448.50
723,10,2024-12-15,Customer_150,46,39.00
724,25,2024-11-29,Customer_63,16,572.00
725,1,2025-11-09,Customer_94,27,474.50
726,48,2026-05-05,Customer_111,100,169.00
727,4,2026-03-07,Customer_378,89,507.00
728,43,2025-02-26,Customer_266,86,507.00
729,5,2025-12-28,Customer_63,95,325.00
730,22,2024-11-24,Customer_483,23,455.00
731,37,2025-07-03,Customer_359,68,461.50
732,4,2026-08-05,Customer_208,59,448.50
733,21,2025-08-24,Customer_264,12,422.50
734,15,2024-11-29,Customer_382,32,97.50
735,38,2026-05-03,Customer_287,57,598.00
736,48,2025-06-19,Customer_203,21,435.50
737,45,2026-08-17,Customer_237,36,370.50
738,21,2025-01-19,Customer_335,28,292.50
739,19,2025-07-15,Customer_72,74,344.50
740,34,2025-05-26,Customer_176,19,318.50
741,1,2025-09-05,Customer_394,20,383.50
742,16,2025-06-17,Customer_92,92,71.50
743,38,2025-03-17,Customer_324,66,266.50
744,45,2025-05-19,Customer_478,45,26.00
745,7,2025-11-06,Customer_29,91,39.00
746,13,2026-05-25,Customer_295,22,377.00
747,3,2025-04-27,Customer_439,70,188.50
748,27,2025-01-20,Customer_361,54,214.50
749,13,2025-08-05,Customer_224,18,149.50
750,8,2025-10-10,Customer_8,20,130.00
751,32,2025-06-27,Customer_214,78,442.00
752,24,2025-07-01,Customer_324,24,305.50
753,24,2026-05-04,Customer_19,71,377.00
754,21,2025-02-04,Customer_411,41,214.50
755,19,2025-01-22,Customer_236,34,409.50
756,15,2026-01-17,Customer_13,79,494.00
757,37,2024-11-21,Customer_421,1,604.50
758,6,2024-11-21,Customer_199,59,507.00
759,36,2026-03-09,Customer_313,29,429.00
760,41,2026-04-10,Customer_5,100,117.00
761,24,2025-06-29,Customer_13,84,123.50
762,37,2025-10-12,Customer_479,14,585.00
763,25,2026-09-03,Customer_321,22,578.50
764,39,2026-07-23,Customer_492,64,13.00
765,17,2026-07-15,Customer_391,27,201.50
766,47,2025-02-22,Customer_313,84,572.00
767,36,2025-07-04,Customer_374,90,559.00
768,11,2025-01-03,Customer_226,17,240.50
769,4,2025-04-05,Customer_17,74,195.00
770,17,2025-08-12,Customer_326,59,201.50
771,1,2026-01-12,Customer_91,26,149.50
772,41,2025-10-29,Customer_99,93,58.50
773,37,2026-09-07,Customer_76,47,546.00
774,1,2024-11-30,Customer_437,97,520.00
775,6,2025-06-10,Customer_80,53,162.50
776,50,2025-06-05,Customer_19,4,377.00
777,6,2025-10-27,Customer_472,6,97.50
778,24,2025-06-04,Customer_229,69,78.00
779,29,2025-08-16,Customer_48,88,344.50
780,39,2026-02-27,Customer_324,90,52.00
781,27,2025-09-17,Customer_256,25,572.00
782,11,2026-08-14,Customer_238,9,286.00
783,19,2025-05-21,Customer_487,93,611.00
784,41,2026-01-22,Customer_82,76,143.00
785,46,2025-10-23,Customer_279,15,266.50
786,49,2026-01-27,Customer_311,65,221.00
787,29,2025-10-03,Customer_81,95,273.00
788,40,2026-01-14,Customer_171,66,240.50
789,12,2026-04-19,Customer_412,94,45.50
790,5,2025-04-20,Customer_89,55,637.00
791,2,2026-01-12,Customer_387,17,500.50
792,26,2025-07-26,Customer_217,23,461.50
793,46,2025-02-22,Customer_353,12,377.00
794,4,2025-10-08,Customer_389,70,396.50
795,11,2024-10-29,Customer_15,8,422.50
796,48,2024-10-16,Customer_131,74,162.50
797,50,2026-06-26,Customer_155,50,390.00
798,3,2026-03-03,Customer_291,4,253.50
799,13,2025-10-27,Customer_443,79,338.00
800,42,2025-10-05,Customer_341,53,344.50
801,34,2025-08-26,Customer_132,36,500.50
802,15,2026-06-24,Customer_252,89,396.50
803,1,2025-11-16,Customer_122,56,390.00
804,28,2026-09-27,Customer_320,59,578.50
805,47,2026-01-04,Customer_197,81,403.00
806,18,2025-06-27,Customer_436,60,578.50
807,20,2024-12-16,Customer_57,47,455.00
808,44,2026-03-22,Customer_125,71,617.50
809,17,2026-08-27,Customer_267,7,416.00
810,34,2025-10-08,Customer_331,33,312.00
811,3,2024-10-08,Customer_120,93,533.00
812,5,2025-08-18,Customer_435,23,630.50
813,48,2025-09-27,Customer_38,69,45.50
814,49,2025-01-10,Customer_9,74,318.50
815,20,2025-04-08,Customer_37,75,266.50
816,40,2024-10-24,Customer_14,99,416.00
817,36,2025-03-01,Customer_157,82,292.50
818,32,2025-07-05,Customer_163,91,130.00
819,25,2025-10-12,Customer_275,31,611.00
820,18,2025-06-14,Customer_409,8,338.00
821,50,2025-12-12,Customer_125,76,266.50
822,30,2025-12-09,Customer_314,80,591.50
823,4,2026-04-18,Customer_102,64,52.00
824,31,2025-04-14,Customer_412,19,461.50
825,36,2024-11-09,Customer_51,44,58.50
826,30,2025-03-16,Customer_419,98,266.50
827,44,2025-08-02,Customer_312,61,188.50
828,22,2025-12-06,Customer_39,55,331.50
829,13,2025-06-22,Customer_414,38,507.00
830,14,2025-09-06,Customer_375,19,26.00
831,43,2024-12-07,Customer_152,12,6.50
832,18,2025-06-21,Customer_412,63,598.00
833,48,2026-06-05,Customer_42,61,188.50
834,22,2025-02-01,Customer_322,29,71.50
835,15,2025-12-10,Customer_482,77,643.50
836,18,2025-09-23,Customer_186,25,455.00
837,10,2025-12-15,Customer_272,72,494.00
838,39,2024-12-05,Customer_430,81,253.50
839,49,2025-04-23,Customer_268,17,513.50
840,37,2026-10-05,Customer_142,86,188.50
841,40,2025-12-31,Customer_387,59,546.00
842,1,2025-05-31,Customer_495,31,156.00
843,34,2024-11-28,Customer_36,60,104.00
844,34,2026-06-06,Customer_49,34,169.00
845,29,2026-03-22,Customer_183,43,546.00
846,47,2025-09-10,Customer_293,12,162.50
847,45,2026-07-16,Customer_202,8,637.00
848,14,2026-03-29,Customer_274,90,422.50
849,21,2026-08-19,Customer_213,71,403.00
850,42,2026-09-25,Customer_38,45,292.50
851,48,2026-07-26,Customer_451,68,598.00
852,5,2025-03-28,Customer_138,21,507.00
853,49,2026-08-10,Customer_4,88,539.50
854,41,2025-04-17,Customer_100,69,312.00
855,19,2025-03-11,Customer_79,6,643.50
856,15,2025-08-12,Customer_297,62,344.50
857,38,2025-11-09,Customer_437,52,390.00
858,1,2025-03-04,Customer_249,62,604.50
859,44,2025-11-18,Customer_94,57,494.00
860,40,2025-04-30,Customer_164,99,585.00
861,43,2025-10-20,Customer_351,36,260.00
862,31,2025-02-08,Customer_168,70,643.50
863,45,2025-08-04,Customer_413,2,175.50
864,14,2026-09-01,Customer_401,58,442.00
865,35,2025-06-19,Customer_454,25,429.00
866,50,2025-10-01,Customer_321,52,227.50
867,27,2026-03-10,Customer_11,30,136.50
868,2,2026-09-20,Customer_351,19,39.00
869,2,2025-08-17,Customer_398,2,338.00
870,27,2025-05-22,Customer_55,6,240.50
871,10,2025-01-03,Customer_41,78,351.00
872,34,2026-05-31,Customer_123,5,143.00
873,50,2025-09-19,Customer_6,100,169.00
874,5,2026-07-13,Customer_242,32,526.50
875,16,2025-05-07,Customer_211,84,110.50
876,5,2025-05-07,Customer_452,12,52.00
877,38,2026-05-24,Customer_409,84,305.50
878,47,2026-09-17,Customer_250,35,221.00
879,3,2025-01-07,Customer_8,55,117.00
880,6,2026-05-17,Customer_158,41,143.00
881,38,2025-05-17,Customer_61,91,201.50
882,26,2026-01-31,Customer_449,29,520.00
883,44,2024-12-28,Customer_151,71,214.50
884,6,2026-09-06,Customer_349,98,169.00
885,11,2026-02-04,Customer_2,48,559.00
886,6,2026-02-20,Customer_233,84,201.50
887,12,2025-02-03,Customer_347,7,58.50
888,24,2026-08-26,Customer_484,96,19.50
889,13,2026-05-11,Customer_77,26,396.50
890,1,2025-12-16,Customer_60,65,351.00
891,29,2025-05-07,Customer_118,23,591.50
892,8,2026-04-23,Customer_301,68,130.00
893,15,2026-02-04,Customer_110,10,494.00
894,48,2026-09-15,Customer_180,84,364.00
895,25,2024-12-02,Customer_351,86,266.50
896,13,2025-09-13,Customer_176,94,338.00
897,3,2026-01-24,Customer_360,92,130.00
898,50,2026-09-20,Customer_296,71,604.50
899,33,2024-12-24,Customer_377,86,461.50
900,6,2024-11-11,Customer_201,88,572.00
901,11,2025-10-30,Customer_104,74,156.00
902,38,2025-08-30,Customer_196,39,279.50
903,31,2025-12-08,Customer_471,43,624.00
904,35,2026-03-16,Customer_282,48,214.50
905,32,2024-12-13,Customer_415,69,91.00
906,41,2024-11-23,Customer_254,20,390.00
907,35,2025-12-26,Customer_303,71,195.00
908,36,2025-02-26,Customer_478,60,247.00
909,14,2025-12-01,Customer_27,100,533.00
910,35,2025-11-24,Customer_132,16,565.50
911,33,2025-05-04,Customer_200,59,630.50
912,39,2025-02-13,Customer_189,81,45.50
913,32,2025-11-07,Customer_366,33,325.00
914,35,2025-04-20,Customer_229,95,331.50
915,24,2025-01-29,Customer_335,3,513.50
916,21,2025-11-15,Customer_280,40,214.50
917,24,2025-02-05,Customer_198,31,214.50
918,48,2026-06-08,Customer_499,67,520.00
919,18,2026-06-07,Customer_265,50,279.50
920,3,2025-10-21,Customer_66,16,305.50
921,3,2026-02-25,Customer_234,70,162.50
922,12,2025-12-30,Customer_58,94,136.50
923,33,2026-06-19,Customer_230,73,442.00
924,4,2025-03-15,Customer_125,38,383.50
925,13,2026-05-28,Customer_185,61,572.00
926,25,2025-05-10,Customer_340,39,435.50
927,33,2025-04-28,Customer_140,62,487.50
928,39,2026-03-31,Customer_361,69,357.50
929,24,2026-06-26,Customer_314,91,58.50
930,45,2026-03-09,Customer_490,82,110.50
931,10,2026-06-02,Customer_238,79,39.00
932,40,2024-12-09,Customer_237,54,539.50
933,17,2024-12-24,Customer_100,90,526.50
934,21,2026-08-27,Customer_462,58,546.00
935,44,2025-02-05,Customer_476,99,383.50
936,30,2025-05-18,Customer_356,96,162.50
937,2,2026-10-04,Customer_82,41,585.00
938,45,2024-10-25,Customer_173,7,325.00
939,22,2025-05-07,Customer_102,28,13.00
940,49,2025-01-07,Customer_193,53,312.00
941,45,2025-03-02,Customer_389,87,351.00
942,36,2026-03-25,Customer_116,40,559.00
943,27,2026-03-15,Customer_122,67,455.00
944,15,2025-07-01,Customer_429,31,273.00
945,19,2025-04-10,Customer_227,63,637.00
946,22,2025-09-10,Customer_243,89,305.50
947,28,2024-12-29,Customer_405,14,331.50
948,12,2026-04-03,Customer_403,65,156.00
949,13,2025-09-26,Customer_240,90,110.50
950,20,2025-01-12,Customer_460,72,468.00
951,15,2024-12-07,Customer_448,62,130.00
952,16,2026-06-17,Customer_169,95,175.50
953,8,2025-05-25,Customer_222,94,338.00
954,6,2025-12-19,Customer_287,78,97.50
955,47,2026-08-14,Customer_173,77,13.00
956,36,2026-05-31,Customer_499,74,585.00
957,43,2024-10-21,Customer_500,91,468.00
958,11,2026-03-24,Customer_274,31,442.00
959,46,2025-05-02,Customer_244,48,403.00
960,10,2025-12-07,Customer_179,93,429.00
961,46,2026-03-19,Customer_195,91,312.00
962,21,2026-08-18,Customer_195,41,240.50
963,19,2024-10-29,Customer_271,9,162.50
964,11,2025-02-12,Customer_175,91,149.50
965,46,2025-06-04,Customer_231,88,637.00
966,18,2025-10-02,Customer_481,20,234.00
967,14,2025-03-08,Customer_427,10,416.00
968,9,2025-09-25,Customer_245,14,396.50
969,11,2025-05-02,Customer_117,8,286.00
970,26,2025-11-05,Customer_410,19,630.50
971,43,2025-01-21,Customer_114,71,273.00
972,36,2026-01-30,Customer_484,47,377.00
973,22,2025-09-25,Customer_160,33,624.00
974,20,2025-10-15,Customer_154,58,520.00
975,35,2025-08-29,Customer_497,6,533.00
976,7,2026-04-16,Customer_496,70,221.00
977,49,2026-04-17,Customer_93,15,162.50
978,8,2026-08-04,Customer_247,91,520.00
979,19,2026-05-08,Customer_26,37,520.00
980,12,2025-04-17,Customer_331,35,110.50
981,24,2025-01-02,Customer_35,56,403.00
982,14,2026-08-29,Customer_412,94,149.50
983,31,2025-12-16,Customer_119,65,45.50
984,11,2026-06-27,Customer_214,95,351.00
985,45,2024-11-19,Customer_420,55,273.00
986,15,2025-02-28,Customer_336,36,643.50
987,48,2024-10-07,Customer_159,76,253.50
988,40,2026-03-13,Customer_434,18,591.50
989,14,2026-09-17,Customer_335,78,91.00
990,49,2025-09-02,Customer_48,17,65.00
991,17,2026-03-28,Customer_169,22,325.00
992,35,2025-11-08,Customer_40,44,201.50
993,34,2026-08-24,Customer_469,17,403.00
994,28,2026-08-21,Customer_204,25,273.00
995,12,2026-06-08,Customer_359,73,552.50
996,46,2025-06-15,Customer_492,12,331.50
997,2,2025-06-28,Customer_100,26,201.50
998,1,2026-04-29,Customer_420,87,351.00
999,16,2025-04-03,Customer_398,95,565.50
1000,36,2025-02-13,Customer_130,80,520.00
1001,44,2026-03-26,Customer_472,16,396.50
1002,19,2025-10-09,Customer_78,30,39.00
1003,28,2026-01-15,Customer_421,77,52.00
1004,36,2025-11-06,Customer_337,23,71.50
1005,13,2024-12-04,Customer_144,81,630.50
1006,46,2025-12-23,Customer_162,4,559.00
1007,7,2025-01-21,Customer_6,54,130.00
1008,4,2026-03-27,Customer_159,2,292.50
1009,31,2025-07-28,Customer_316,41,377.00
1010,15,2024-12-02,Customer_470,76,58.50
1011,25,2026-02-04,Customer_457,64,136.50
1012,41,2026-09-12,Customer_195,47,58.50
1013,7,2025-03-01,Customer_498,43,182.00
1014,47,2026-06-21,Customer_445,12,136.50
1015,18,2026-03-09,Customer_449,95,468.00
1016,48,2026-08-06,Customer_469,85,533.00
1017,13,2026-06-10,Customer_420,24,468.00
1018,34,2025-10-24,Customer_335,13,97.50
1019,31,2026-02-17,Customer_384,50,240.50
1020,9,2026-08-03,Customer_30,14,468.00
1021,38,2026-06-30,Customer_91,90,364.00
1022,14,2026-08-21,Customer_18,95,78.00
1023,49,2025-09-15,Customer_74,60,45.50
1024,46,2026-01-03,Customer_304,95,201.50
1025,47,2026-03-30,Customer_115,23,422.50
1026,31,2026-02-05,Customer_103,30,624.00
1027,50,2025-01-29,Customer_244,82,650.00
1028,38,2026-01-13,Customer_217,66,364.00
1029,32,2026-02-09,Customer_63,25,403.00
1030,12,2025-07-14,Customer_224,90,370.50
1031,23,2025-06-18,Customer_337,96,279.50
1032,26,2025-05-07,Customer_310,49,260.00
1033,39,2026-08-28,Customer_363,76,533.00
1034,23,2026-04-28,Customer_349,3,559.00
1035,46,2026-10-05,Customer_291,54,52.00
1036,9,2025-07-12,Customer_54,74,13.00
1037,10,2025-07-10,Customer_333,82,390.00
1038,49,2026-08-14,Customer_358,88,513.50
1039,24,2025-02-16,Customer_35,13,552.50
1040,26,2025-11-15,Customer_189,4,39.00
1041,48,2025-03-14,Customer_215,27,104.00
1042,14,2024-12-08,Customer_394,22,32.50
1043,31,2026-06-12,Customer_367,95,344.50
1044,33,2025-02-12,Customer_268,43,247.00
1045,26,2025-09-22,Customer_118,70,13.00
1046,38,2026-05-10,Customer_16,7,52.00
1047,16,2025-08-09,Customer_150,12,617.50
1048,25,2025-09-01,Customer_140,33,565.50
1049,49,2026-09-23,Customer_103,76,650.00
1050,8,2026-04-23,Customer_472,27,175.50
1051,32,2025-04-28,Customer_195,4,552.50
1052,31,2026-06-14,Customer_222,26,162.50
1053,44,2025-12-27,Customer_393,93,182.00
1054,30,2025-09-30,Customer_143,12,637.00
1055,21,2025-01-10,Customer_432,83,214.50
1056,7,2026-03-18,Customer_94,52,539.50
1057,12,2026-03-02,Customer_127,53,19.50
1058,24,2025-05-18,Customer_251,18,104.00
1059,5,2025-12-23,Customer_237,69,104.00
1060,2,2026-08-29,Customer_390,33,110.50
1061,28,2025-05-20,Customer_226,79,91.00
1062,40,2025-12-01,Customer_151,66,585.00
1063,40,2026-03-12,Customer_338,84,539.50
1064,29,2025-08-27,Customer_388,93,442.00
1065,30,2025-02-22,Customer_398,37,32.50
1066,24,2025-10-12,Customer_204,82,169.00
1067,29,2024-12-31,Customer_403,80,253.50
1068,48,2026-04-17,Customer_37,39,403.00
1069,14,2024-12-19,Customer_123,4,552.50
1070,22,2026-04-17,Customer_443,71,552.50
1071,45,2025-12-15,Customer_32,21,305.50
1072,33,2025-12-19,Customer_289,26,539.50
1073,1,2026-06-23,Customer_241,85,19.50
1074,37,2024-10-22,Customer_404,71,370.50
1075,12,2024-10-17,Customer_201,63,136.50
1076,17,2025-05-18,Customer_281,9,149.50
1077,10,2024-11-02,Customer_176,77,260.00
1078,39,2026-05-26,Customer_89,77,494.00
1079,32,2026-06-21,Customer_245,99,500.50
1080,19,2026-04-27,Customer_147,49,533.00
1081,12,2026-05-17,Customer_92,21,123.50
1082,3,2025-09-16,Customer_397,9,461.50
1083,6,2025-10-17,Customer_1,93,78.00
1084,39,2026-05-01,Customer_311,76,546.00
1085,42,2024-12-05,Customer_301,20,273.00
1086,27,2025-02-17,Customer_369,76,409.50
1087,30,2026-04-07,Customer_421,96,195.00
1088,36,2026-05-16,Customer_315,17,520.00
1089,9,2025-07-26,Customer_127,53,435.50
1090,47,2026-04-01,Customer_324,19,299.00
1091,25,2025-04-17,Customer_247,60,481.00
1092,47,2026-01-20,Customer_78,47,572.00
1093,42,2025-08-26,Customer_106,66,188.50
1094,16,2026-03-07,Customer_67,46,344.50
1095,22,2025-06-27,Customer_430,76,396.50
1096,1,2025-05-10,Customer_243,57,149.50
1097,9,2026-08-31,Customer_217,76,19.50
1098,44,2025-02-22,Customer_310,96,396.50
1099,48,2025-03-09,Customer_481,38,305.50
1100,46,2025-10-29,Customer_450,37,240.50
1101,9,2025-12-15,Customer_364,48,13.00
1102,26,2025-05-07,Customer_59,81,182.00
1103,12,2025-06-29,Customer_71,81,461.50
1104,27,2025-01-21,Customer_388,43,123.50
1105,30,2025-12-16,Customer_391,2,539.50
1106,17,2024-11-06,Customer_477,8,318.50
1107,10,2026-02-28,Customer_280,44,97.50
1108,36,2025-10-06,Customer_272,18,357.50
1109,49,2025-10-07,Customer_261,17,539.50
1110,4,2025-12-19,Customer_433,53,6.50
1111,13,2025-12-05,Customer_361,36,234.00
1112,35,2026-04-16,Customer_460,45,325.00
1113,36,2025-03-24,Customer_330,100,149.50
1114,6,2026-08-20,Customer_460,2,45.50
1115,22,2025-09-30,Customer_33,84,130.00
1116,18,2026-05-25,Customer_152,52,286.00
1117,38,2026-07-14,Customer_447,30,520.00
1118,17,2026-03-25,Customer_209,70,39.00
1119,19,2024-11-07,Customer_368,20,78.00
1120,39,2026-06-21,Customer_433,66,169.00
1121,30,2026-04-12,Customer_35,60,650.00
1122,36,2024-11-05,Customer_147,69,487.50
1123,25,2024-12-14,Customer_273,92,221.00
1124,26,2025-08-05,Customer_53,55,201.50
1125,44,2025-04-21,Customer_483,73,195.00
1126,19,2026-04-24,Customer_438,97,565.50
1127,43,2026-04-15,Customer_400,81,578.50
1128,19,2025-09-23,Customer_478,63,539.50
1129,29,2025-12-10,Customer_272,56,448.50
1130,12,2025-01-06,Customer_31,49,227.50
1131,16,2026-08-20,Customer_167,8,442.00
1132,26,2025-06-27,Customer_432,97,455.00
1133,45,2026-05-13,Customer_94,76,169.00
1134,29,2026-09-21,Customer_327,68,370.50
1135,35,2025-11-11,Customer_136,40,19.50
1136,14,2025-02-02,Customer_167,25,461.50
1137,10,2026-07-10,Customer_458,55,65.00
1138,41,2025-10-21,Customer_259,94,429.00
1139,43,2025-09-29,Customer_113,6,611.00
1140,49,2025-02-08,Customer_499,10,435.50
1141,46,2025-06-14,Customer_421,61,240.50
1142,32,2026-10-04,Customer_379,20,104.00
1143,37,2026-04-26,Customer_196,17,481.00
1144,48,2025-07-05,Customer_217,56,32.50
1145,19,2026-07-18,Customer_62,62,351.00
1146,34,2024-12-07,Customer_383,37,409.50
1147,25,2025-05-22,Customer_140,23,260.00
1148,8,2024-10-22,Customer_205,42,227.50
1149,11,2026-02-17,Customer_31,81,526.50
1150,4,2026-02-06,Customer_432,71,461.50
1151,3,2025-05-21,Customer_435,36,149.50
1152,3,2025-06-12,Customer_140,21,149.50
1153,47,2025-04-29,Customer_318,94,370.50
1154,43,2025-12-16,Customer_431,59,32.50
1155,20,2025-08-07,Customer_145,80,565.50
1156,50,2025-11-14,Customer_143,67,234.00
1157,48,2026-02-19,Customer_345,91,32.50
1158,19,2025-12-06,Customer_258,23,474.50
1159,39,2025-01-26,Customer_400,40,175.50
1160,23,2025-05-20,Customer_299,53,598.00
1161,29,2024-11-20,Customer_18,64,156.00
1162,15,2025-05-07,Customer_224,95,292.50
1163,41,2026-01-22,Customer_269,77,26.00
1164,9,2026-09-17,Customer_398,7,149.50
1165,10,2025-05-10,Customer_394,77,266.50
1166,7,2026-07-25,Customer_25,12,513.50
1167,2,2026-08-02,Customer_174,100,494.00
1168,4,2025-04-29,Customer_472,46,481.00
1169,10,2025-07-09,Customer_55,36,585.00
1170,17,2026-02-16,Customer_448,75,650.00
1171,17,2026-07-12,Customer_248,19,58.50
1172,16,2025-03-13,Customer_22,98,507.00
1173,7,2025-08-08,Customer_74,17,240.50
1174,36,2025-06-14,Customer_347,37,552.50
1175,11,2025-04-20,Customer_456,94,208.00
1176,16,2025-07-29,Customer_156,43,526.50
1177,11,2025-09-22,Customer_92,90,578.50
1178,6,2026-07-06,Customer_189,79,552.50
1179,17,2024-11-22,Customer_5,5,149.50
1180,46,2025-05-26,Customer_217,80,455.00
1181,48,2025-10-16,Customer_427,7,370.50
1182,32,2024-12-19,Customer_176,57,370.50
1183,26,2025-12-09,Customer_329,96,182.00
1184,47,2025-12-08,Customer_248,53,435.50
1185,3,2025-02-06,Customer_151,52,279.50
1186,41,2026-09-18,Customer_341,49,578.50
1187,31,2026-02-25,Customer_154,83,539.50
1188,28,2025-10-26,Customer_478,92,598.00
1189,19,2024-12-04,Customer_103,66,331.50
1190,21,2026-02-12,Customer_341,63,26.00
1191,4,2024-12-07,Customer_279,45,578.50
1192,14,2026-08-04,Customer_244,68,611.00
1193,37,2026-02-11,Customer_429,58,39.00
1194,45,2025-04-30,Customer_113,48,409.50
1195,48,2025-01-20,Customer_24,19,539.50
1196,45,2025-10-12,Customer_454,36,357.50
1197,13,2026-01-31,Customer_474,9,338.00
1198,8,2026-03-11,Customer_415,10,240.50
1199,14,2024-12-07,Customer_468,98,221.00
1200,33,2024-11-30,Customer_118,35,227.50
1201,46,2025-04-14,Customer_299,29,461.50
1202,42,2025-07-17,Customer_271,27,52.00
1203,13,2025-10-23,Customer_91,74,221.00
1204,29,2024-12-21,Customer_373,65,143.00
1205,20,2025-05-31,Customer_23,88,91.00
1206,46,2025-01-09,Customer_326,61,273.00
1207,26,2026-01-11,Customer_387,82,643.50
1208,1,2025-11-11,Customer_338,98,422.50
1209,38,2024-12-06,Customer_470,22,91.00
1210,9,2025-08-01,Customer_50,10,169.00
1211,16,2024-10-18,Customer_165,26,435.50
1212,30,2024-12-18,Customer_25,11,305.50
1213,17,2025-12-27,Customer_212,11,13.00
1214,48,2025-11-14,Customer_47,54,624.00
1215,41,2025-02-12,Customer_469,78,169.00
1216,35,2024-11-21,Customer_282,47,156.00
1217,4,2026-08-05,Customer_77,78,513.50
1218,11,2026-06-17,Customer_498,73,273.00
1219,17,2024-12-30,Customer_420,89,45.50
1220,3,2025-06-22,Customer_59,69,604.50
1221,7,2026-06-21,Customer_367,33,71.50
1222,16,2026-07-22,Customer_9,80,19.50
1223,20,2025-10-31,Customer_474,78,591.50
1224,38,2026-04-20,Customer_202,62,299.00
1225,19,2024-11-13,Customer_151,81,318.50
1226,40,2024-12-22,Customer_246,7,357.50
1227,15,2025-01-22,Customer_103,80,370.50
1228,5,2024-12-21,Customer_123,88,338.00
1229,20,2025-05-14,Customer_365,18,429.00
1230,23,2025-04-07,Customer_230,8,104.00
1231,25,2026-02-04,Customer_157,13,630.50
1232,36,2025-05-04,Customer_172,54,604.50
1233,2,2025-07-31,Customer_291,52,273.00
1234,40,2025-11-16,Customer_140,57,377.00
1235,36,2025-01-23,Customer_197,75,45.50
1236,34,2026-07-04,Customer_320,62,422.50
1237,50,2025-04-06,Customer_499,91,630.50
1238,37,2026-08-03,Customer_171,48,130.00
1239,36,2025-07-07,Customer_377,61,91.00
1240,36,2025-02-19,Customer_230,5,71.50
1241,34,2026-01-15,Customer_289,31,292.50
1242,11,2026-08-10,Customer_429,59,403.00
1243,31,2025-04-27,Customer_454,85,650.00
1244,10,2025-10-28,Customer_365,60,539.50
1245,26,2026-04-20,Customer_490,30,403.00
1246,44,2026-01-20,Customer_99,52,130.00
1247,43,2024-10-12,Customer_76,96,227.50
1248,24,2025-08-23,Customer_242,74,422.50
1249,41,2025-04-25,Customer_85,40,84.50
1250,20,2025-04-10,Customer_390,22,143.00
1251,27,2025-04-12,Customer_90,75,305.50
1252,10,2026-02-21,Customer_306,36,52.00
1253,4,2025-11-14,Customer_32,70,468.00
1254,30,2026-06-29,Customer_442,65,539.50
1255,16,2026-09-02,Customer_287,52,396.50
1256,33,2026-03-22,Customer_490,100,266.50
1257,40,2026-01-30,Customer_442,81,84.50
1258,43,2024-11-29,Customer_295,24,513.50
1259,35,2026-03-20,Customer_321,14,526.50
1260,18,2026-07-14,Customer_127,96,130.00
1261,8,2026-01-31,Customer_426,5,325.00
1262,29,2025-10-27,Customer_133,86,604.50
1263,3,2026-01-13,Customer_378,54,279.50
1264,25,2026-09-10,Customer_84,97,286.00
1265,37,2026-08-24,Customer_114,67,370.50
1266,7,2025-07-06,Customer_453,40,52.00
1267,45,2024-10-07,Customer_486,57,338.00
1268,47,2024-10-25,Customer_35,55,591.50
1269,9,2026-05-21,Customer_168,61,526.50
1270,25,2026-03-13,Customer_195,19,448.50
1271,39,2026-08-18,Customer_439,93,123.50
1272,32,2024-11-16,Customer_160,11,604.50
1273,21,2025-11-03,Customer_110,36,559.00
1274,31,2025-02-03,Customer_456,78,500.50
1275,50,2025-09-10,Customer_237,49,591.50
1276,37,2025-10-08,Customer_165,33,611.00
1277,35,2026-09-01,Customer_328,23,253.50
1278,42,2025-03-17,Customer_381,65,188.50
1279,11,2025-07-10,Customer_340,41,611.00
1280,18,2025-01-16,Customer_63,56,416.00
1281,24,2026-07-31,Customer_404,88,162.50
1282,14,2025-12-01,Customer_385,72,136.50
1283,24,2025-08-08,Customer_241,28,494.00
1284,17,2025-05-07,Customer_483,87,468.00
1285,37,2025-06-29,Customer_417,93,234.00
1286,6,2025-05-06,Customer_328,28,221.00
1287,14,2024-11-25,Customer_379,9,104.00
1288,48,2026-05-25,Customer_261,84,552.50
1289,31,2024-12-01,Customer_131,31,403.00
1290,47,2025-08-17,Customer_196,68,182.00
1291,1,2025-03-13,Customer_174,88,123.50
1292,11,2025-02-28,Customer_140,91,279.50
1293,11,2024-12-27,Customer_55,58,442.00
1294,6,2026-08-24,Customer_77,31,195.00
1295,30,2026-07-14,Customer_37,68,578.50
1296,11,2024-12-01,Customer_124,82,604.50
1297,41,2026-01-01,Customer_456,49,461.50
1298,49,2025-08-18,Customer_126,43,565.50
1299,6,2025-10-15,Customer_378,67,539.50
1300,42,2025-10-05,Customer_349,42,273.00
1301,4,2025-11-30,Customer_332,69,247.00
1302,8,2024-11-13,Customer_157,97,377.00
1303,16,2026-05-05,Customer_344,32,364.00
1304,46,2025-11-14,Customer_92,75,598.00
1305,40,2025-08-22,Customer_153,99,325.00
1306,27,2026-06-30,Customer_226,75,643.50
1307,44,2026-08-10,Customer_49,8,58.50
1308,22,2025-03-22,Customer_249,3,273.00
1309,21,2026-08-06,Customer_58,41,6.50
1310,44,2026-04-25,Customer_417,92,338.00
1311,37,2026-01-22,Customer_435,13,637.00
1312,39,2024-11-11,Customer_321,44,182.00
1313,45,2025-11-22,Customer_286,26,52.00
1314,7,2025-01-15,Customer_226,59,331.50
1315,33,2026-01-18,Customer_190,66,136.50
1316,31,2024-10-18,Customer_5,30,208.00
1317,12,2024-11-09,Customer_201,35,78.00
1318,26,2026-05-22,Customer_149,58,403.00
1319,21,2025-05-08,Customer_191,32,611.00
1320,10,2025-07-02,Customer_182,6,117.00
1321,39,2026-09-01,Customer_83,29,604.50
1322,3,2025-09-12,Customer_349,41,110.50
1323,26,2026-03-20,Customer_446,93,435.50
1324,49,2025-06-21,Customer_54,95,201.50
1325,22,2025-10-28,Customer_129,49,416.00
1326,15,2026-07-30,Customer_371,75,364.00
1327,3,2026-05-18,Customer_480,5,104.00
1328,50,2025-04-10,Customer_192,5,84.50
1329,30,2025-03-05,Customer_330,6,416.00
1330,12,2025-10-21,Customer_487,47,468.00
1331,49,2026-05-11,Customer_93,3,591.50
1332,10,2024-12-23,Customer_356,89,331.50
1333,30,2026-05-19,Customer_402,60,559.00
1334,47,2025-10-07,Customer_384,24,104.00
1335,24,2025-09-26,Customer_358,72,52.00
1336,43,2025-01-02,Customer_68,74,247.00
1337,25,2025-09-27,Customer_153,9,468.00
1338,23,2026-07-22,Customer_285,14,383.50
1339,28,2025-12-26,Customer_440,53,572.00
1340,49,2026-08-13,Customer_428,82,604.50
1341,43,2025-08-04,Customer_97,78,175.50
1342,39,2025-08-08,Customer_474,96,546.00
1343,48,2025-11-12,Customer_23,38,513.50
1344,1,2025-12-23,Customer_188,11,611.00
1345,36,2025-07-18,Customer_249,19,604.50
1346,37,2026-03-16,Customer_210,64,247.00
1347,44,2025-03-06,Customer_476,35,162.50
1348,26,2025-11-22,Customer_111,93,598.00
1349,23,2026-04-28,Customer_170,97,585.00
1350,17,2024-11-20,Customer_284,60,390.00
1351,28,2026-09-23,Customer_388,66,234.00
1352,1,2025-10-26,Customer_259,7,604.50
1353,17,2026-08-11,Customer_280,22,195.00
1354,18,2026-02-10,Customer_1,82,45.50
1355,22,2025-11-13,Customer_405,8,117.00
1356,13,2025-04-26,Customer_460,51,526.50
1357,36,2025-02-05,Customer_182,2,130.00
1358,16,2025-05-01,Customer_469,85,357.50
1359,2,2024-11-14,Customer_42,9,539.50
1360,44,2024-12-04,Customer_107,80,247.00
1361,41,2025-06-14,Customer_435,50,299.00
1362,19,2025-04-11,Customer_226,52,331.50
1363,14,2025-09-04,Customer_477,74,6.50
1364,3,2025-03-06,Customer_215,51,377.00
1365,44,2026-10-02,Customer_365,47,598.00
1366,45,2025-12-12,Customer_441,78,370.50
1367,47,2024-10-26,Customer_474,4,552.50
1368,39,2025-09-24,Customer_196,97,247.00
1369,43,2025-05-19,Customer_324,25,604.50
1370,21,2026-03-03,Customer_342,39,208.00
1371,15,2026-08-31,Customer_394,44,130.00
1372,22,2025-04-14,Customer_76,79,377.00
1373,26,2026-09-05,Customer_407,39,169.00
1374,8,2026-02-23,Customer_178,58,65.00
1375,14,2025-12-21,Customer_196,81,32.50
1376,43,2026-05-09,Customer_403,40,26.00
1377,7,2025-06-04,Customer_35,25,383.50
1378,20,2024-10-12,Customer_178,64,78.00
1379,19,2024-10-20,Customer_307,4,19.50
1380,4,2026-04-02,Customer_354,84,32.50
1381,25,2025-09-22,Customer_120,33,156.00
1382,43,2025-11-04,Customer_224,43,487.50
1383,32,2025-09-22,Customer_297,69,643.50
1384,31,2024-12-07,Customer_148,34,643.50
1385,42,2024-11-12,Customer_286,73,6.50
1386,8,2025-07-17,Customer_259,32,442.00
1387,29,2026-01-03,Customer_20,50,104.00
1388,26,2025-03-14,Customer_286,66,58.50
1389,5,2024-10-06,Customer_68,94,169.00
1390,14,2026-03-02,Customer_171,52,312.00
1391,40,2025-12-01,Customer_53,65,338.00
1392,15,2025-10-23,Customer_331,5,429.00
1393,33,2026-09-18,Customer_31,43,409.50
1394,2,2025-01-14,Customer_170,3,286.00
1395,7,2025-02-24,Customer_499,66,156.00
1396,4,2026-05-18,Customer_96,50,474.50
1397,3,2025-08-26,Customer_380,42,305.50
1398,44,2025-06-30,Customer_273,75,630.50
1399,19,2024-10-25,Customer_281,61,468.00
1400,40,2025-01-16,Customer_232,30,195.00
1401,33,2026-02-25,Customer_396,17,175.50
1402,25,2025-09-05,Customer_61,53,305.50
1403,46,2025-07-05,Customer_64,39,26.00
1404,15,2026-08-15,Customer_80,20,650.00
1405,29,2025-04-26,Customer_391,20,565.50
1406,45,2025-11-22,Customer_446,6,494.00
1407,1,2025-11-23,Customer_197,31,136.50
1408,44,2026-05-19,Customer_98,11,318.50
1409,38,2025-07-10,Customer_148,11,195.00
1410,20,2025-11-08,Customer_426,20,78.00
1411,31,2025-05-01,Customer_269,25,461.50
1412,1,2026-07-23,Customer_1,30,383.50
1413,13,2026-09-14,Customer_180,43,247.00
1414,46,2024-11-08,Customer_71,100,279.50
1415,45,2025-09-09,Customer_424,85,591.50
1416,25,2026-01-21,Customer_448,15,156.00
1417,17,2025-08-22,Customer_370,22,221.00
1418,31,2026-09-26,Customer_89,24,396.50
1419,8,2026-01-29,Customer_214,40,617.50
1420,7,2025-11-26,Customer_343,15,338.00
1421,48,2025-10-19,Customer_408,4,299.00
1422,32,2026-05-27,Customer_78,4,117.00
1423,17,2025-12-19,Customer_52,60,156.00
1424,33,2025-09-09,Customer_24,54,624.00
1425,26,2026-09-11,Customer_321,40,91.00
1426,9,2025-08-11,Customer_316,20,247.00
1427,35,2025-10-25,Customer_209,47,234.00
1428,33,2024-12-20,Customer_186,18,461.50
1429,39,2025-12-16,Customer_393,17,487.50
1430,13,2025-01-23,Customer_443,92,474.50
1431,47,2025-08-05,Customer_79,86,331.50
1432,3,2025-04-08,Customer_184,27,39.00
1433,41,2024-11-08,Customer_51,57,234.00
1434,49,2024-12-17,Customer_359,74,643.50
1435,3,2025-11-06,Customer_331,74,357.50
1436,23,2025-12-19,Customer_240,62,416.00
1437,9,2026-03-09,Customer_255,80,377.00
1438,28,2025-03-10,Customer_240,31,149.50
1439,33,2025-03-27,Customer_430,81,383.50
1440,38,2024-11-28,Customer_459,6,500.50
1441,14,2026-09-09,Customer_392,86,591.50
1442,30,2026-08-21,Customer_472,71,357.50
1443,47,2025-01-31,Customer_402,60,513.50
1444,22,2026-08-12,Customer_36,27,357.50
1445,28,2024-10-21,Customer_469,95,539.50
1446,17,2025-06-23,Customer_422,45,598.00
1447,34,2025-12-04,Customer_190,66,156.00
1448,18,2026-06-13,Customer_132,43,312.00
1449,36,2026-07-18,Customer_109,51,136.50
1450,22,2025-05-20,Customer_239,32,208.00
1451,16,2024-11-20,Customer_467,68,162.50
1452,35,2024-10-16,Customer_19,19,260.00
1453,11,2025-10-21,Customer_229,78,156.00
1454,50,2025-07-11,Customer_479,50,416.00
1455,21,2025-10-27,Customer_255,7,338.00
1456,38,2025-04-17,Customer_131,34,338.00
1457,27,2025-07-03,Customer_37,15,299.00
1458,50,2024-11-03,Customer_56,95,279.50
1459,33,2026-06-12,Customer_425,88,448.50
1460,49,2025-01-10,Customer_474,69,442.00
1461,14,2026-03-24,Customer_309,61,351.00
1462,24,2026-04-05,Customer_160,92,507.00
1463,20,2026-07-26,Customer_406,89,481.00
1464,38,2026-09-23,Customer_327,87,617.50
1465,46,2025-06-11,Customer_475,4,461.50
1466,23,2025-09-21,Customer_167,21,331.50
1467,14,2025-05-17,Customer_251,27,559.00
1468,37,2026-07-31,Customer_213,55,299.00
1469,30,2025-02-09,Customer_253,52,169.00
1470,48,2026-01-01,Customer_123,25,123.50
1471,24,2026-03-28,Customer_231,3,357.50
1472,26,2025-04-25,Customer_458,99,273.00
1473,45,2026-01-26,Customer_20,51,45.50
1474,27,2026-05-11,Customer_91,88,71.50
1475,11,2025-09-12,Customer_270,67,234.00
1476,8,2025-10-07,Customer_80,93,383.50
1477,45,2025-05-27,Customer_182,88,611.00
1478,47,2024-11-14,Customer_364,43,481.00
1479,26,2026-03-25,Customer_414,90,630.50
1480,31,2024-12-09,Customer_458,5,52.00
1481,23,2026-05-26,Customer_305,7,136.50
1482,25,2026-04-24,Customer_102,6,390.00
1483,27,2026-09-16,Customer_450,27,45.50
1484,21,2026-04-04,Customer_333,98,78.00
1485,28,2025-02-10,Customer_425,65,396.50
1486,41,2026-08-03,Customer_273,8,650.00
1487,39,2025-09-13,Customer_426,33,149.50
1488,43,2026-01-02,Customer_73,47,71.50
1489,7,2026-08-28,Customer_493,33,487.50
1490,12,2024-12-31,Customer_396,55,78.00
1491,31,2026-02-21,Customer_234,15,572.00
1492,15,2025-10-23,Customer_340,36,240.50
1493,28,2026-03-30,Customer_257,68,214.50
1494,5,2025-04-29,Customer_117,94,494.00
1495,39,2025-04-06,Customer_380,3,611.00
1496,29,2026-01-04,Customer_403,75,507.00
1497,27,2025-03-16,Customer_111,43,208.00
1498,34,2026-04-02,Customer_421,67,279.50
1499,3,2026-03-18,Customer_375,99,292.50
1500,9,2024-12-04,Customer_296,43,279.50
1501,41,2025-02-20,Customer_288,52,201.50
1502,22,2025-09-03,Customer_92,83,448.50
1503,10,2024-11-11,Customer_274,59,78.00
1504,23,2025-02-15,Customer_36,9,52.00
1505,33,2025-05-22,Customer_353,1,494.00
1506,25,2025-05-02,Customer_363,31,474.50
1507,37,2026-10-01,Customer_68,18,58.50
1508,11,2026-01-21,Customer_473,53,338.00
1509,7,2026-10-05,Customer_244,22,182.00
1510,21,2024-12-28,Customer_3,15,273.00
1511,22,2024-12-23,Customer_462,17,572.00
1512,37,2025-10-16,Customer_172,34,396.50
1513,26,2026-02-10,Customer_178,25,390.00
1514,26,2026-05-15,Customer_108,44,578.50
1515,37,2025-08-03,Customer_25,85,312.00
1516,20,2026-03-25,Customer_352,5,630.50
1517,50,2024-12-02,Customer_183,5,182.00
1518,14,2024-11-08,Customer_305,100,624.00
1519,13,2024-12-01,Customer_374,100,286.00
1520,2,2026-06-10,Customer_98,55,546.00
1521,19,2026-08-28,Customer_167,64,565.50
1522,50,2026-05-09,Customer_452,57,299.00
1523,5,2026-01-25,Customer_494,6,123.50
1524,22,2025-11-08,Customer_402,97,45.50
1525,8,2025-01-29,Customer_290,12,84.50
1526,33,2026-04-02,Customer_212,27,455.00
1527,14,2026-05-11,Customer_319,72,110.50
1528,11,2025-11-01,Customer_203,17,481.00
1529,31,2025-04-24,Customer_422,45,409.50
1530,42,2024-12-03,Customer_478,7,52.00
1531,29,2026-05-29,Customer_489,86,637.00
1532,19,2025-03-12,Customer_105,59,364.00
1533,23,2025-05-31,Customer_487,69,325.00
1534,50,2025-04-05,Customer_456,94,45.50
1535,20,2026-02-12,Customer_296,34,585.00
1536,17,2026-03-12,Customer_391,63,136.50
1537,8,2025-04-02,Customer_450,86,409.50
1538,27,2025-05-04,Customer_211,49,136.50
1539,43,2025-03-07,Customer_465,29,162.50
1540,36,2025-10-08,Customer_291,27,260.00
1541,1,2025-01-02,Customer_296,75,494.00
1542,18,2026-04-16,Customer_309,4,208.00
1543,11,2025-02-03,Customer_373,19,520.00
1544,29,2025-09-14,Customer_210,90,409.50
1545,8,2026-01-18,Customer_153,76,487.50
1546,39,2024-10-08,Customer_212,38,32.50
1547,11,2025-10-15,Customer_138,82,474.50
1548,10,2026-03-01,Customer_189,22,533.00
1549,28,2025-11-15,Customer_55,12,273.00
1550,36,2026-02-10,Customer_383,89,578.50
1551,50,2025-12-28,Customer_416,15,416.00
1552,10,2026-09-26,Customer_174,71,318.50
1553,44,2024-11-27,Customer_108,52,546.00
1554,18,2024-10-23,Customer_467,50,143.00
1555,12,2026-05-22,Customer_314,63,97.50
1556,15,2025-06-19,Customer_90,23,6.50
1557,5,2026-02-21,Customer_461,83,377.00
1558,36,2026-01-15,Customer_59,91,45.50
1559,46,2025-11-10,Customer_89,97,377.00
1560,38,2025-04-20,Customer_385,42,455.00
1561,20,2026-09-27,Customer_70,57,598.00
1562,48,2024-11-09,Customer_334,51,500.50
1563,22,2025-11-18,Customer_164,89,513.50
1564,44,2026-08-02,Customer_499,11,97.50
1565,19,2025-02-16,Customer_131,45,507.00
1566,25,2025-07-23,Customer_374,50,461.50
1567,18,2025-08-29,Customer_482,63,19.50
1568,37,2025-07-18,Customer_67,52,539.50
1569,2,2024-12-29,Customer_307,43,117.00
1570,32,2026-09-09,Customer_190,99,650.00
1571,18,2025-04-04,Customer_350,11,19.50
1572,9,2026-07-18,Customer_418,27,604.50
1573,11,2026-03-27,Customer_7,63,71.50
1574,7,2024-10-25,Customer_249,77,260.00
1575,37,2026-02-13,Customer_275,44,520.00
1576,15,2025-05-29,Customer_124,53,429.00
1577,47,2026-03-15,Customer_433,93,201.50
1578,7,2025-05-18,Customer_107,85,26.00
1579,11,2025-06-02,Customer_428,26,331.50
1580,25,2024-10-13,Customer_2,100,6.50
1581,19,2024-10-25,Customer_266,69,318.50
1582,27,2024-11-10,Customer_421,54,435.50
1583,42,2025-12-05,Customer_111,55,559.00
1584,37,2025-09-22,Customer_163,94,247.00
1585,14,2025-03-11,Customer_220,27,617.50
1586,45,2025-10-11,Customer_211,46,520.00
1587,16,2026-04-13,Customer_456,22,500.50
1588,45,2026-06-23,Customer_472,65,448.50
1589,13,2026-06-22,Customer_225,65,84.50
1590,12,2026-07-24,Customer_446,54,344.50
1591,45,2026-06-29,Customer_410,20,247.00
1592,39,2024-12-01,Customer_393,57,32.50
1593,9,2024-10-23,Customer_421,92,182.00
1594,22,2025-10-23,Customer_255,35,416.00
1595,11,2026-08-01,Customer_483,62,338.00
1596,8,2024-10-18,Customer_466,24,474.50
1597,24,2025-11-03,Customer_304,100,539.50
1598,8,2025-11-10,Customer_159,73,208.00
1599,50,2025-06-18,Customer_365,72,52.00
1600,21,2025-05-05,Customer_139,81,526.50
1601,26,2025-12-25,Customer_217,43,507.00
1602,2,2026-01-19,Customer_276,77,188.50
1603,15,2025-11-21,Customer_151,51,91.00
1604,34,2025-12-18,Customer_366,7,429.00
1605,18,2026-06-21,Customer_470,19,136.50
1606,10,2026-01-05,Customer_330,5,500.50
1607,50,2026-07-27,Customer_346,31,500.50
1608,50,2024-12-18,Customer_351,93,91.00
1609,29,2025-05-13,Customer_463,12,32.50
1610,33,2024-11-08,Customer_375,38,630.50
1611,19,2025-11-29,Customer_30,3,494.00
1612,4,2024-10-12,Customer_337,96,175.50
1613,23,2026-03-18,Customer_476,41,156.00
1614,15,2025-04-26,Customer_328,33,162.50
1615,35,2026-08-01,Customer_345,52,188.50
1616,32,2025-04-03,Customer_21,79,208.00
1617,32,2026-05-21,Customer_366,70,585.00
1618,26,2026-08-07,Customer_188,98,422.50
1619,38,2026-09-11,Customer_126,65,585.00
1620,23,2025-06-23,Customer_202,54,565.50
1621,39,2024-12-26,Customer_256,55,136.50
1622,2,2025-12-14,Customer_172,87,97.50
1623,44,2026-01-18,Customer_462,27,195.00
1624,17,2026-05-08,Customer_256,42,45.50
1625,13,2025-10-17,Customer_475,37,357.50
1626,36,2026-07-03,Customer_389,93,591.50
1627,5,2026-02-23,Customer_35,11,84.50
1628,15,2025-10-16,Customer_211,33,520.00
1629,26,2026-09-22,Customer_211,15,591.50
1630,17,2026-01-05,Customer_186,71,494.00
1631,36,2025-05-25,Customer_99,39,169.00
1632,10,2026-06-09,Customer_231,46,494.00
1633,18,2026-04-28,Customer_479,6,572.00
1634,18,2026-06-23,Customer_434,88,370.50
1635,27,2025-03-27,Customer_486,93,552.50
1636,20,2025-12-01,Customer_431,45,513.50
1637,35,2025-04-18,Customer_8,82,65.00
1638,14,2026-03-09,Customer_52,28,143.00
1639,24,2025-05-25,Customer_152,53,45.50
1640,18,2025-11-03,Customer_342,34,97.50
1641,47,2025-04-19,Customer_418,76,292.50
1642,25,2025-06-20,Customer_156,1,214.50
1643,35,2025-08-13,Customer_383,67,396.50
1644,36,2025-12-19,Customer_455,22,299.00
1645,43,2025-12-19,Customer_129,80,546.00
1646,43,2026-07-27,Customer_94,11,221.00
1647,1,2025-03-18,Customer_361,22,624.00
1648,30,2025-04-22,Customer_429,39,559.00
1649,21,2026-08-25,Customer_215,50,611.00
1650,36,2024-11-23,Customer_211,47,305.50
1651,39,2025-05-17,Customer_384,5,591.50
1652,50,2026-07-01,Customer_431,14,260.00
1653,48,2026-08-31,Customer_387,34,6.50
1654,24,2025-11-12,Customer_113,73,182.00
1655,26,2024-11-20,Customer_138,18,643.50
1656,23,2025-05-27,Customer_225,12,617.50
1657,4,2025-08-15,Customer_40,52,227.50
1658,40,2026-01-04,Customer_412,33,227.50
1659,29,2025-05-24,Customer_453,52,65.00
1660,15,2026-10-01,Customer_134,20,507.00
1661,8,2026-08-13,Customer_100,45,643.50
1662,26,2025-11-06,Customer_423,85,104.00
1663,44,2025-02-21,Customer_467,69,331.50
1664,3,2025-04-23,Customer_189,71,299.00
1665,29,2025-06-21,Customer_425,30,396.50
1666,46,2024-10-26,Customer_338,55,260.00
1667,44,2026-01-02,Customer_39,71,208.00
1668,47,2025-11-03,Customer_395,99,6.50
1669,30,2026-02-23,Customer_183,17,565.50
1670,26,2025-10-02,Customer_408,76,260.00
1671,50,2025-06-28,Customer_240,14,240.50
1672,30,2026-03-03,Customer_340,69,117.00
1673,11,2025-06-02,Customer_415,91,442.00
1674,41,2026-04-08,Customer_154,74,143.00
1675,37,2025-05-21,Customer_420,48,338.00
1676,33,2025-12-16,Customer_493,13,78.00
1677,6,2025-02-04,Customer_265,20,552.50
1678,45,2026-05-11,Customer_250,72,175.50
1679,5,2026-03-24,Customer_395,55,45.50
1680,7,2025-02-13,Customer_268,95,546.00
1681,10,2025-11-19,Customer_370,94,468.00
1682,36,2025-05-06,Customer_205,16,19.50
1683,16,2024-10-08,Customer_54,48,240.50
1684,24,2025-08-04,Customer_442,32,325.00
1685,23,2026-08-05,Customer_413,41,331.50
1686,11,2025-03-04,Customer_262,88,474.50
1687,6,2025-03-31,Customer_355,24,123.50
1688,20,2025-03-19,Customer_432,82,52.00
1689,49,2024-11-17,Customer_495,28,39.00
1690,42,2025-10-22,Customer_137,92,227.50
1691,45,2024-10-21,Customer_469,53,416.00
1692,24,2025-01-15,Customer_352,84,442.00
1693,43,2026-05-04,Customer_331,89,260.00
1694,13,2025-03-25,Customer_254,54,435.50
1695,7,2025-06-30,Customer_276,90,78.00
1696,18,2026-05-19,Customer_450,21,247.00
1697,12,2025-03-15,Customer_154,23,364.00
1698,31,2026-07-03,Customer_391,5,429.00
1699,10,2026-01-24,Customer_125,85,617.50
1700,21,2025-05-24,Customer_55,11,71.50
1701,31,2025-03-19,Customer_267,22,435.50
1702,28,2025-01-02,Customer_426,19,370.50
1703,48,2026-07-30,Customer_92,62,6.50
1704,41,2026-06-17,Customer_451,17,318.50
1705,19,2026-04-20,Customer_88,21,383.50
1706,46,2025-10-16,Customer_450,3,221.00
1707,40,2025-11-22,Customer_44,12,188.50
1708,14,2025-05-10,Customer_127,100,156.00
1709,47,2024-12-20,Customer_78,37,78.00
1710,38,2026-10-05,Customer_391,87,13.00
1711,44,2024-11-07,Customer_313,2,591.50
1712,19,2025-11-26,Customer_403,5,45.50
1713,24,2026-03-15,Customer_295,37,162.50
1714,23,2025-02-14,Customer_94,34,182.00
1715,28,2026-07-17,Customer_392,88,19.50
1716,23,2024-10-11,Customer_464,12,149.50
1717,10,2026-03-25,Customer_386,6,6.50
1718,37,2025-05-20,Customer_272,49,416.00
1719,24,2024-11-30,Customer_194,4,214.50
1720,34,2025-02-13,Customer_232,28,325.00
1721,12,2026-02-03,Customer_340,56,39.00
1722,46,2025-04-14,Customer_254,13,136.50
1723,27,2025-12-31,Customer_269,70,32.50
1724,2,2026-09-19,Customer_382,11,617.50
1725,1,2025-03-29,Customer_176,25,78.00
1726,2,2025-04-09,Customer_73,86,481.00
1727,14,2025-02-24,Customer_157,16,539.50
1728,27,2025-01-02,Customer_212,66,344.50
1729,42,2026-02-17,Customer_220,52,630.50
1730,2,2024-10-30,Customer_71,23,39.00
1731,26,2026-02-12,Customer_322,69,299.00
1732,50,2025-06-13,Customer_461,80,481.00
1733,47,2026-05-31,Customer_188,47,383.50
1734,48,2025-07-07,Customer_58,48,390.00
1735,18,2025-03-14,Customer_121,49,331.50
1736,1,2025-10-16,Customer_102,19,201.50
1737,39,2025-11-19,Customer_462,12,253.50
1738,13,2025-01-03,Customer_438,93,6.50
1739,16,2025-07-12,Customer_451,76,247.00
1740,2,2026-06-07,Customer_381,20,650.00
1741,27,2025-10-02,Customer_472,71,338.00
1742,21,2026-05-03,Customer_320,5,305.50
1743,13,2026-01-28,Customer_11,2,318.50
1744,44,2026-08-18,Customer_9,43,175.50
1745,38,2025-07-19,Customer_462,72,377.00
1746,12,2024-12-11,Customer_72,61,201.50
1747,37,2025-11-10,Customer_313,97,227.50
1748,8,2025-08-28,Customer_65,19,435.50
1749,27,2024-11-12,Customer_64,20,117.00
1750,20,2026-09-01,Customer_2,32,208.00
1751,15,2026-04-28,Customer_349,39,520.00
1752,46,2025-11-03,Customer_230,94,104.00
1753,1,2026-02-01,Customer_60,50,260.00
1754,47,2025-05-15,Customer_264,56,318.50
1755,28,2025-08-30,Customer_380,100,325.00
1756,26,2026-06-30,Customer_305,41,650.00
1757,32,2026-01-04,Customer_267,45,52.00
1758,15,2025-05-24,Customer_428,45,260.00
1759,37,2024-10-25,Customer_1,67,123.50
1760,25,2026-09-26,Customer_100,7,279.50
1761,1,2025-01-10,Customer_366,61,455.00
1762,40,2024-11-01,Customer_162,5,396.50
1763,14,2024-10-17,Customer_390,99,162.50
1764,47,2026-01-11,Customer_471,90,195.00
1765,7,2026-01-05,Customer_150,11,390.00
1766,15,2026-07-16,Customer_141,16,71.50
1767,19,2025-06-24,Customer_447,30,442.00
1768,16,2025-11-27,Customer_371,51,97.50
1769,24,2025-08-19,Customer_308,81,474.50
1770,43,2024-12-30,Customer_175,27,474.50
1771,13,2026-03-08,Customer_241,75,19.50
1772,29,2024-11-04,Customer_293,36,247.00
1773,24,2025-01-08,Customer_122,32,611.00
1774,36,2026-07-02,Customer_235,15,221.00
1775,50,2026-09-09,Customer_83,32,6.50
1776,37,2025-01-20,Customer_31,91,84.50
1777,39,2025-09-20,Customer_177,42,487.50
1778,35,2026-08-05,Customer_4,62,578.50
1779,33,2026-06-05,Customer_138,48,266.50
1780,29,2024-12-10,Customer_298,88,169.00
1781,23,2025-01-25,Customer_9,98,435.50
1782,27,2025-06-04,Customer_369,7,84.50
1783,36,2025-08-13,Customer_297,67,611.00
1784,20,2026-01-14,Customer_336,80,91.00
1785,25,2025-06-25,Customer_74,41,260.00
1786,8,2025-05-05,Customer_344,32,565.50
1787,8,2025-11-16,Customer_144,73,591.50
1788,26,2025-04-15,Customer_337,34,585.00
1789,39,2024-10-25,Customer_193,54,546.00
1790,48,2026-09-16,Customer_393,56,494.00
1791,17,2025-10-17,Customer_286,39,357.50
1792,50,2025-09-01,Customer_403,100,71.50
1793,40,2025-01-25,Customer_410,43,552.50
1794,44,2026-03-25,Customer_433,89,487.50
1795,18,2025-01-05,Customer_138,72,143.00
1796,27,2026-01-08,Customer_233,95,552.50
1797,35,2025-06-29,Customer_28,91,546.00
1798,48,2026-05-06,Customer_286,30,266.50
1799,44,2025-05-13,Customer_225,37,19.50
1800,49,2026-07-25,Customer_497,70,455.00
1801,21,2025-03-12,Customer_411,86,383.50
1802,35,2025-04-28,Customer_157,28,481.00
1803,41,2026-06-04,Customer_333,40,130.00
1804,18,2026-03-16,Customer_221,43,45.50
1805,16,2025-12-31,Customer_483,40,182.00
1806,1,2025-09-23,Customer_317,61,351.00
1807,5,2025-04-13,Customer_272,59,507.00
1808,18,2024-12-07,Customer_265,51,377.00
1809,35,2025-11-22,Customer_489,86,162.50
1810,23,2026-05-11,Customer_80,86,6.50
1811,50,2025-02-08,Customer_196,45,565.50
1812,30,2025-03-02,Customer_25,10,565.50
1813,21,2026-07-06,Customer_126,1,455.00
1814,36,2026-02-15,Customer_234,25,526.50
1815,49,2026-06-17,Customer_351,75,260.00
1816,3,2024-11-05,Customer_468,53,357.50
1817,30,2025-11-16,Customer_292,19,156.00
1818,26,2025-12-25,Customer_166,39,19.50
1819,46,2025-11-06,Customer_186,6,409.50
1820,28,2026-06-12,Customer_489,46,130.00
1821,44,2025-11-07,Customer_427,80,32.50
1822,17,2025-04-19,Customer_45,49,513.50
1823,3,2026-08-31,Customer_188,74,26.00
1824,3,2025-09-26,Customer_22,74,26.00
1825,36,2025-10-24,Customer_306,37,299.00
1826,31,2025-03-11,Customer_464,52,513.50
1827,17,2026-08-19,Customer_358,53,149.50
1828,3,2026-03-04,Customer_41,20,78.00
1829,22,2025-01-02,Customer_296,30,494.00
1830,42,2026-02-11,Customer_257,70,175.50
1831,37,2025-07-15,Customer_48,4,117.00
1832,41,2026-04-18,Customer_256,7,526.50
1833,18,2026-08-02,Customer_38,27,578.50
1834,3,2025-01-24,Customer_237,37,377.00
1835,14,2026-01-01,Customer_274,48,149.50
1836,19,2025-10-31,Customer_126,11,305.50
1837,2,2025-06-08,Customer_85,89,526.50
1838,31,2026-01-26,Customer_152,76,117.00
1839,17,2025-02-09,Customer_248,59,45.50
1840,31,2024-10-14,Customer_460,60,487.50
1841,45,2025-01-29,Customer_289,87,357.50
1842,44,2026-04-24,Customer_394,6,45.50
1843,30,2025-10-16,Customer_317,91,19.50
1844,9,2026-03-30,Customer_35,26,253.50
1845,24,2025-12-20,Customer_101,20,175.50
1846,9,2025-11-27,Customer_173,41,617.50
1847,47,2025-07-12,Customer_493,38,84.50
1848,2,2026-02-01,Customer_211,65,370.50
1849,23,2026-02-26,Customer_362,39,643.50
1850,41,2025-07-24,Customer_373,29,188.50
1851,11,2025-12-30,Customer_499,91,299.00
1852,49,2025-04-21,Customer_203,93,299.00
1853,15,2026-01-29,Customer_194,46,435.50
1854,32,2026-08-08,Customer_100,51,585.00
1855,25,2025-02-05,Customer_290,21,377.00
1856,45,2025-11-20,Customer_285,23,91.00
1857,29,2026-05-29,Customer_220,50,500.50
1858,17,2026-07-24,Customer_82,48,182.00
1859,24,2025-07-26,Customer_117,20,65.00
1860,36,2025-12-06,Customer_353,22,351.00
1861,41,2026-09-17,Customer_433,13,377.00
1862,46,2026-01-22,Customer_210,52,299.00
1863,37,2026-04-26,Customer_203,3,487.50
1864,11,2026-01-18,Customer_220,87,52.00
1865,33,2025-12-09,Customer_385,56,123.50
1866,46,2025-09-25,Customer_449,12,39.00
1867,14,2025-01-28,Customer_415,23,422.50
1868,48,2025-06-14,Customer_396,98,559.00
1869,40,2026-05-09,Customer_345,30,58.50
1870,27,2025-02-04,Customer_177,3,507.00
1871,47,2026-03-18,Customer_301,67,448.50
1872,38,2025-07-16,Customer_489,17,214.50
1873,47,2025-10-10,Customer_116,90,143.00
1874,20,2026-03-01,Customer_315,9,448.50
1875,27,2026-07-28,Customer_452,90,357.50
1876,29,2025-03-10,Customer_49,78,247.00
1877,33,2026-09-20,Customer_318,47,318.50
1878,26,2026-08-27,Customer_289,66,487.50
1879,33,2024-11-08,Customer_132,5,533.00
1880,35,2026-07-29,Customer_344,6,318.50
1881,18,2026-08-02,Customer_325,38,78.00
1882,45,2025-03-28,Customer_258,13,188.50
1883,3,2024-11-29,Customer_301,71,175.50
1884,48,2026-05-23,Customer_56,40,429.00
1885,11,2026-04-12,Customer_96,71,273.00
1886,12,2026-07-01,Customer_204,96,344.50
1887,11,2026-06-27,Customer_287,1,468.00
1888,46,2026-07-04,Customer_118,24,585.00
1889,30,2025-04-14,Customer_390,91,416.00
1890,30,2025-07-08,Customer_308,65,650.00
1891,7,2025-01-13,Customer_440,54,247.00
1892,6,2026-03-10,Customer_309,80,292.50
1893,5,2026-03-25,Customer_422,42,312.00
1894,29,2025-08-03,Customer_40,14,513.50
1895,22,2025-06-11,Customer_345,84,572.00
1896,17,2025-06-13,Customer_423,49,559.00
1897,2,2024-11-22,Customer_429,49,266.50
1898,42,2025-05-21,Customer_66,88,461.50
1899,45,2024-10-15,Customer_90,34,455.00
1900,4,2026-08-31,Customer_285,68,442.00
1901,47,2025-02-23,Customer_270,60,494.00
1902,35,2026-09-07,Customer_19,46,403.00
1903,5,2025-01-04,Customer_46,5,208.00
1904,7,2026-07-05,Customer_171,17,84.50
1905,21,2025-11-20,Customer_119,39,578.50
1906,50,2025-10-23,Customer_177,78,19.50
1907,22,2026-07-08,Customer_485,13,234.00
1908,22,2025-01-13,Customer_441,72,143.00
1909,19,2025-06-15,Customer_37,35,221.00
1910,49,2026-05-24,Customer_465,83,448.50
1911,29,2025-04-26,Customer_242,48,507.00
1912,35,2025-04-27,Customer_229,26,357.50
1913,36,2025-08-26,Customer_185,6,526.50
1914,29,2025-11-09,Customer_297,87,331.50
1915,17,2024-11-18,Customer_32,92,123.50
1916,16,2025-08-07,Customer_196,77,143.00
1917,49,2024-10-25,Customer_316,18,403.00
1918,2,2026-02-22,Customer_10,44,318.50
1919,37,2026-07-04,Customer_205,80,221.00
1920,33,2026-09-30,Customer_301,20,442.00
1921,11,2026-09-15,Customer_77,84,487.50
1922,13,2025-07-10,Customer_257,84,175.50
1923,46,2026-06-11,Customer_399,63,6.50
1924,39,2025-03-27,Customer_243,100,344.50
1925,50,2026-01-20,Customer_85,70,260.00
1926,39,2025-03-11,Customer_61,44,162.50
1927,7,2025-08-25,Customer_8,1,526.50
1928,46,2025-12-21,Customer_466,33,19.50
1929,39,2025-09-13,Customer_411,32,383.50
1930,35,2026-09-22,Customer_255,87,513.50
1931,12,2025-01-21,Customer_388,76,188.50
1932,1,2026-01-08,Customer_217,6,468.00
1933,40,2026-08-03,Customer_65,26,643.50
1934,46,2026-07-29,Customer_28,10,19.50
1935,21,2025-03-23,Customer_388,17,188.50
1936,8,2025-11-01,Customer_157,20,461.50
1937,26,2025-08-23,Customer_465,58,604.50
1938,28,2025-01-26,Customer_306,92,429.00
1939,27,2025-12-17,Customer_181,41,318.50
1940,32,2025-01-03,Customer_441,97,149.50
1941,48,2024-12-24,Customer_290,56,273.00
1942,28,2026-08-24,Customer_367,81,344.50
1943,30,2025-02-13,Customer_1,50,292.50
1944,42,2025-01-12,Customer_353,20,468.00
1945,12,2024-10-06,Customer_151,35,273.00
1946,23,2025-04-06,Customer_382,73,117.00
1947,39,2025-03-01,Customer_350,46,312.00
1948,8,2025-02-02,Customer_302,12,370.50
1949,32,2025-04-29,Customer_149,32,390.00
1950,25,2026-06-29,Customer_144,46,299.00
1951,49,2025-07-15,Customer_339,85,305.50
1952,12,2025-05-07,Customer_223,43,468.00
1953,33,2026-06-02,Customer_181,92,299.00
1954,41,2026-02-06,Customer_118,67,91.00
1955,13,2026-03-12,Customer_20,40,403.00
1956,27,2026-08-28,Customer_279,15,552.50
1957,40,2026-01-05,Customer_414,14,533.00
1958,37,2025-04-01,Customer_12,51,84.50
1959,33,2025-11-18,Customer_469,63,286.00
1960,46,2026-04-09,Customer_178,1,305.50
1961,3,2025-03-13,Customer_7,100,461.50
1962,15,2025-12-20,Customer_381,52,175.50
1963,50,2026-06-16,Customer_109,60,487.50
1964,45,2026-04-30,Customer_322,14,325.00
1965,41,2025-11-08,Customer_232,8,201.50
1966,38,2025-05-10,Customer_485,14,604.50
1967,27,2025-01-17,Customer_53,99,442.00
1968,27,2025-01-27,Customer_205,100,461.50
1969,41,2025-10-21,Customer_196,48,624.00
1970,43,2026-07-05,Customer_364,9,416.00
1971,3,2026-05-01,Customer_98,87,240.50
1972,7,2026-06-20,Customer_391,1,58.50
1973,41,2026-01-30,Customer_303,77,585.00
1974,38,2025-07-28,Customer_401,81,429.00
1975,11,2025-01-26,Customer_328,64,266.50
1976,39,2025-09-25,Customer_447,27,52.00
1977,12,2025-03-07,Customer_95,81,253.50
1978,46,2026-06-19,Customer_436,68,344.50
1979,29,2025-11-28,Customer_221,81,312.00
1980,26,2025-11-10,Customer_28,23,546.00
1981,9,2026-01-29,Customer_141,8,565.50
1982,19,2024-12-31,Customer_245,66,279.50
1983,5,2026-07-27,Customer_117,29,208.00
1984,16,2025-06-08,Customer_236,67,149.50
1985,32,2025-02-12,Customer_319,63,156.00
1986,18,2025-06-08,Customer_157,86,208.00
1987,21,2025-05-31,Customer_406,91,494.00
1988,25,2026-07-27,Customer_263,47,364.00
1989,26,2025-11-30,Customer_149,9,448.50
1990,9,2026-05-31,Customer_128,34,435.50
1991,4,2024-11-13,Customer_58,57,162.50
1992,10,2025-07-09,Customer_35,1,52.00
1993,50,2026-01-31,Customer_373,58,572.00
1994,40,2026-04-06,Customer_120,26,19.50
1995,23,2026-03-23,Customer_185,73,58.50
1996,32,2025-03-23,Customer_295,89,474.50
1997,2,2024-10-28,Customer_276,56,71.50
1998,8,2025-12-29,Customer_376,95,65.00
1999,45,2026-10-04,Customer_466,7,546.00
2000,1,2025-01-21,Customer_21,24,156.00
2001,26,2025-06-11,Customer_35,65,117.00
2002,44,2024-11-11,Customer_221,41,143.00
2003,31,2026-04-29,Customer_99,27,611.00
2004,43,2026-07-24,Customer_91,86,351.00
2005,30,2025-09-01,Customer_399,59,390.00
2006,20,2024-10-14,Customer_178,4,351.00
2007,31,2026-03-18,Customer_307,62,286.00
2008,10,2025-01-17,Customer_209,42,565.50
2009,37,2025-12-09,Customer_268,26,546.00
2010,13,2025-03-16,Customer_233,46,292.50
2011,42,2025-09-27,Customer_308,57,377.00
2012,10,2025-06-25,Customer_360,51,383.50
2013,25,2026-04-03,Customer_433,51,617.50
2014,49,2026-04-06,Customer_453,9,604.50
2015,4,2026-02-27,Customer_394,50,552.50
2016,14,2026-04-03,Customer_24,60,195.00
2017,8,2026-03-22,Customer_305,49,513.50
2018,10,2026-02-22,Customer_27,68,279.50
2019,44,2026-01-10,Customer_443,30,331.50
2020,25,2026-08-03,Customer_235,65,292.50
2021,2,2026-05-09,Customer_207,97,409.50
2022,17,2026-06-08,Customer_42,77,474.50
2023,15,2024-12-27,Customer_86,32,442.00
2024,24,2025-01-13,Customer_324,87,240.50
2025,5,2026-06-01,Customer_497,19,266.50
2026,42,2026-06-04,Customer_396,63,39.00
2027,47,2025-04-11,Customer_12,7,91.00
2028,49,2025-12-26,Customer_235,78,344.50
2029,25,2026-09-11,Customer_69,62,13.00
2030,44,2026-08-27,Customer_447,17,45.50
2031,32,2025-11-18,Customer_82,47,598.00
2032,19,2026-06-01,Customer_114,74,169.00
2033,47,2025-05-18,Customer_53,67,383.50
2034,42,2026-05-26,Customer_165,6,169.00
2035,36,2026-06-28,Customer_38,9,351.00
2036,13,2025-10-07,Customer_326,92,468.00
2037,43,2024-12-21,Customer_359,13,598.00
2038,22,2025-04-09,Customer_450,43,383.50
2039,27,2024-10-23,Customer_58,32,78.00
2040,22,2025-02-17,Customer_240,78,630.50
2041,28,2025-07-12,Customer_36,56,474.50
2042,40,2026-03-04,Customer_469,19,58.50
2043,46,2025-08-21,Customer_77,12,45.50
2044,49,2025-07-26,Customer_491,35,143.00
2045,22,2024-12-28,Customer_181,48,13.00
2046,23,2025-08-14,Customer_405,100,305.50
2047,23,2026-06-01,Customer_367,96,507.00
2048,34,2024-11-17,Customer_407,4,403.00
2049,13,2026-05-13,Customer_232,81,45.50
2050,50,2025-03-05,Customer_254,85,552.50
2051,16,2025-08-19,Customer_440,96,474.50
2052,28,2025-10-17,Customer_216,71,253.50
2053,44,2025-03-02,Customer_453,50,234.00
2054,29,2025-10-25,Customer_1,27,526.50
2055,20,2025-02-17,Customer_401,52,526.50
2056,25,2025-01-11,Customer_221,71,253.50
2057,5,2026-02-04,Customer_417,94,650.00
2058,10,2026-03-27,Customer_494,32,84.50
2059,26,2026-08-02,Customer_88,15,188.50
2060,1,2025-11-01,Customer_115,28,331.50
2061,33,2025-01-22,Customer_269,35,585.00
2062,13,2024-11-08,Customer_196,76,383.50
2063,15,2025-03-16,Customer_241,73,312.00
2064,31,2025-02-17,Customer_32,65,208.00
2065,34,2025-05-15,Customer_94,52,214.50
2066,47,2026-10-05,Customer_205,42,97.50
2067,8,2025-01-04,Customer_416,29,487.50
2068,27,2024-12-22,Customer_365,61,292.50
2069,13,2026-08-24,Customer_40,98,26.00
2070,25,2026-09-26,Customer_269,3,442.00
2071,14,2026-10-04,Customer_149,95,201.50
2072,42,2025-12-28,Customer_276,64,624.00
2073,5,2025-05-23,Customer_216,63,26.00
2074,4,2025-08-19,Customer_385,35,409.50
2075,26,2025-07-07,Customer_158,55,604.50
2076,46,2025-03-19,Customer_347,24,344.50
2077,37,2026-08-27,Customer_317,16,422.50
2078,41,2026-09-30,Customer_409,82,214.50
2079,31,2026-08-16,Customer_18,51,474.50
2080,42,2026-06-12,Customer_103,47,149.50
2081,16,2026-10-05,Customer_386,48,45.50
2082,35,2024-11-23,Customer_378,88,32.50
2083,35,2025-01-30,Customer_102,2,195.00
2084,20,2026-08-17,Customer_199,23,13.00
2085,8,2025-03-21,Customer_363,40,604.50
2086,33,2025-01-13,Customer_139,2,71.50
2087,43,2025-03-20,Customer_397,7,286.00
2088,17,2025-10-20,Customer_455,76,591.50
2089,39,2026-01-15,Customer_325,71,650.00
2090,29,2026-04-25,Customer_55,28,312.00
2091,46,2025-01-29,Customer_443,90,195.00
2092,14,2025-07-20,Customer_123,9,260.00
2093,43,2026-06-27,Customer_205,83,539.50
2094,30,2024-10-11,Customer_453,24,533.00
2095,19,2025-11-06,Customer_487,32,279.50
2096,39,2025-12-07,Customer_328,45,559.00
2097,6,2026-03-15,Customer_26,100,442.00
2098,35,2025-09-20,Customer_199,13,253.50
2099,21,2024-10-31,Customer_348,37,130.00
2100,48,2026-09-16,Customer_221,13,84.50
2101,28,2026-08-19,Customer_433,50,253.50
2102,30,2026-01-11,Customer_70,59,175.50
2103,15,2025-01-27,Customer_35,81,546.00
2104,45,2025-09-28,Customer_192,23,565.50
2105,23,2026-06-19,Customer_92,70,279.50
2106,49,2025-09-17,Customer_187,15,429.00
2107,19,2025-10-24,Customer_424,32,169.00
2108,50,2026-04-13,Customer_8,13,468.00
2109,8,2025-04-20,Customer_207,50,214.50
2110,16,2026-04-13,Customer_291,12,214.50
2111,2,2026-01-07,Customer_497,65,585.00
2112,45,2024-12-25,Customer_163,46,624.00
2113,36,2024-10-16,Customer_28,58,45.50
2114,30,2026-06-25,Customer_116,24,643.50
2115,23,2025-03-19,Customer_442,51,45.50
2116,33,2025-09-09,Customer_106,10,468.00
2117,49,2026-04-01,Customer_131,42,650.00
2118,40,2025-01-28,Customer_261,42,195.00
2119,2,2026-03-23,Customer_462,94,500.50
2120,4,2026-03-07,Customer_32,49,240.50
2121,15,2024-11-30,Customer_281,30,292.50
2122,10,2026-03-05,Customer_208,80,266.50
2123,5,2025-03-17,Customer_355,68,91.00
2124,6,2026-08-13,Customer_52,58,182.00
2125,22,2025-02-03,Customer_500,2,448.50
2126,28,2025-04-20,Customer_412,91,331.50
2127,47,2026-09-02,Customer_110,91,247.00
2128,33,2025-06-08,Customer_77,4,32.50
2129,31,2026-03-23,Customer_256,32,546.00
2130,3,2026-08-14,Customer_286,84,195.00
2131,2,2026-08-24,Customer_169,8,253.50
2132,45,2025-04-22,Customer_430,59,429.00
2133,35,2025-12-05,Customer_157,67,195.00
2134,15,2025-04-18,Customer_187,89,351.00
2135,6,2025-12-10,Customer_357,22,260.00
2136,4,2025-05-14,Customer_157,10,52.00
2137,46,2025-05-30,Customer_339,100,162.50
2138,34,2025-10-31,Customer_314,54,6.50
2139,46,2025-02-13,Customer_18,5,71.50
2140,46,2026-07-03,Customer_445,31,611.00
2141,9,2025-07-14,Customer_476,81,312.00
2142,25,2025-12-11,Customer_173,54,188.50
2143,18,2024-10-14,Customer_471,56,429.00
2144,18,2026-09-03,Customer_345,19,364.00
2145,24,2026-03-31,Customer_377,93,104.00
2146,25,2026-01-07,Customer_382,5,526.50
2147,36,2025-04-17,Customer_356,6,279.50
2148,16,2026-03-29,Customer_189,73,240.50
2149,38,2026-08-28,Customer_260,41,97.50
2150,46,2025-04-22,Customer_455,88,572.00
2151,44,2025-06-28,Customer_338,84,416.00
2152,20,2025-10-30,Customer_56,55,266.50
2153,9,2025-08-07,Customer_68,52,260.00
2154,3,2024-11-07,Customer_294,3,6.50
2155,38,2026-07-21,Customer_335,29,45.50
2156,49,2026-07-26,Customer_357,46,578.50
2157,31,2024-11-13,Customer_124,34,461.50
2158,12,2025-04-17,Customer_497,54,156.00
2159,15,2025-05-26,Customer_162,100,130.00
2160,8,2025-07-02,Customer_5,22,6.50
2161,38,2024-12-06,Customer_197,89,481.00
2162,27,2026-02-09,Customer_210,91,182.00
2163,40,2025-03-04,Customer_39,17,448.50
2164,49,2024-11-14,Customer_29,79,552.50
2165,17,2026-03-14,Customer_302,19,637.00
2166,49,2024-12-25,Customer_188,79,598.00
2167,34,2026-08-24,Customer_433,3,299.00
2168,48,2025-12-19,Customer_139,38,377.00
2169,27,2026-05-31,Customer_468,92,292.50
2170,27,2025-08-25,Customer_338,41,325.00
2171,29,2024-11-05,Customer_484,74,578.50
2172,22,2026-07-22,Customer_365,93,234.00
2173,41,2026-07-08,Customer_394,44,182.00
2174,2,2026-06-27,Customer_205,53,650.00
2175,1,2025-11-30,Customer_193,79,351.00
2176,41,2025-10-13,Customer_60,8,526.50
2177,43,2025-12-10,Customer_257,87,357.50
2178,38,2025-02-08,Customer_423,16,624.00
2179,4,2026-09-22,Customer_280,99,416.00
2180,9,2025-12-11,Customer_164,85,591.50
2181,36,2024-10-06,Customer_322,62,455.00
2182,17,2025-04-19,Customer_216,24,149.50
2183,47,2025-10-07,Customer_297,64,357.50
2184,39,2025-10-29,Customer_457,33,585.00
2185,19,2024-10-24,Customer_4,17,624.00
2186,15,2025-06-02,Customer_111,66,65.00
2187,40,2026-06-05,Customer_369,65,578.50
2188,10,2025-02-02,Customer_390,47,318.50
2189,25,2024-10-23,Customer_160,32,448.50
2190,28,2026-06-12,Customer_398,98,136.50
2191,1,2026-07-12,Customer_448,99,487.50
2192,27,2026-05-10,Customer_179,59,442.00
2193,24,2026-08-01,Customer_484,81,71.50
2194,21,2025-03-11,Customer_446,55,286.00
2195,7,2026-07-23,Customer_214,100,468.00
2196,34,2024-11-15,Customer_463,3,611.00
2197,47,2025-04-14,Customer_100,27,65.00
2198,30,2026-06-16,Customer_263,52,130.00
2199,44,2025-04-26,Customer_427,13,286.00
2200,12,2026-02-28,Customer_167,67,435.50
2201,10,2026-09-22,Customer_493,72,598.00
2202,34,2025-11-28,Customer_94,55,221.00
2203,37,2026-03-24,Customer_127,31,13.00
2204,35,2024-10-16,Customer_397,58,526.50
2205,39,2024-12-15,Customer_85,54,110.50
2206,2,2026-05-14,Customer_32,53,442.00
2207,19,2025-11-28,Customer_15,51,84.50
2208,32,2025-02-23,Customer_41,51,520.00
2209,13,2026-05-20,Customer_77,61,604.50
2210,25,2026-06-04,Customer_112,18,136.50
2211,16,2025-07-07,Customer_316,1,494.00
2212,27,2024-11-13,Customer_277,47,169.00
2213,50,2025-11-04,Customer_391,82,273.00
2214,22,2025-02-12,Customer_333,21,78.00
2215,43,2026-04-09,Customer_66,70,13.00
2216,10,2025-08-05,Customer_444,25,26.00
2217,46,2025-08-11,Customer_367,44,19.50
2218,39,2025-10-16,Customer_483,90,182.00
2219,44,2026-01-05,Customer_286,2,396.50
2220,22,2025-09-08,Customer_415,91,552.50
2221,17,2026-09-13,Customer_132,98,377.00
2222,2,2026-02-13,Customer_376,41,32.50
2223,34,2026-08-14,Customer_246,58,533.00
2224,26,2026-06-07,Customer_465,99,260.00
2225,32,2025-12-07,Customer_52,93,169.00
2226,10,2026-10-02,Customer_482,12,71.50
2227,34,2025-04-27,Customer_335,58,390.00
2228,17,2025-09-23,Customer_278,27,240.50
2229,28,2026-02-05,Customer_92,53,201.50
2230,48,2025-03-27,Customer_335,42,58.50
2231,3,2025-10-31,Customer_349,84,19.50
2232,29,2026-08-02,Customer_458,42,279.50
2233,16,2025-04-28,Customer_16,84,78.00
2234,49,2024-11-15,Customer_297,33,221.00
2235,37,2025-12-10,Customer_145,99,481.00
2236,49,2025-10-20,Customer_313,42,344.50
2237,19,2026-06-28,Customer_210,1,286.00
2238,8,2025-06-28,Customer_221,71,292.50
2239,43,2025-08-21,Customer_233,91,175.50
2240,32,2026-05-31,Customer_489,38,110.50
2241,26,2025-04-27,Customer_272,89,370.50
2242,44,2024-11-12,Customer_341,8,318.50
2243,24,2025-07-18,Customer_135,49,149.50
2244,34,2025-06-26,Customer_474,44,19.50
2245,48,2025-05-15,Customer_155,55,52.00
2246,5,2026-06-14,Customer_346,70,91.00
2247,20,2025-12-06,Customer_455,39,253.50
2248,32,2026-06-29,Customer_208,98,130.00
2249,41,2025-04-20,Customer_322,87,58.50
2250,37,2025-08-03,Customer_356,83,539.50
2251,11,2026-08-16,Customer_118,54,65.00
2252,28,2025-08-02,Customer_71,24,91.00
2253,32,2025-02-11,Customer_46,61,390.00
2254,38,2026-07-16,Customer_177,43,533.00
2255,19,2024-11-24,Customer_191,14,253.50
2256,24,2026-01-26,Customer_48,88,364.00
2257,30,2025-12-23,Customer_424,32,468.00
2258,40,2025-11-18,Customer_237,63,383.50
2259,8,2025-07-27,Customer_403,1,383.50
2260,37,2026-07-27,Customer_198,36,604.50
2261,22,2025-10-08,Customer_364,2,643.50
2262,4,2025-10-19,Customer_285,24,377.00
2263,19,2026-03-05,Customer_198,12,546.00
2264,9,2025-11-22,Customer_178,88,84.50
2265,34,2025-08-26,Customer_396,23,526.50
2266,40,2026-04-27,Customer_382,34,624.00
2267,47,2026-02-27,Customer_65,84,240.50
2268,2,2024-12-22,Customer_261,54,409.50
2269,26,2026-08-08,Customer_206,20,71.50
2270,29,2024-12-03,Customer_311,55,455.00
2271,46,2025-09-13,Customer_103,7,175.50
2272,11,2025-03-14,Customer_354,63,65.00
2273,17,2025-05-25,Customer_35,23,377.00
2274,7,2025-07-10,Customer_111,51,214.50
2275,46,2025-08-07,Customer_267,20,585.00
2276,30,2025-02-18,Customer_284,23,312.00
2277,16,2026-03-01,Customer_445,19,383.50
2278,36,2025-08-11,Customer_493,81,6.50
2279,28,2025-12-08,Customer_66,24,377.00
2280,19,2026-03-18,Customer_221,87,26.00
2281,31,2026-04-06,Customer_15,63,130.00
2282,3,2025-01-28,Customer_18,31,630.50
2283,9,2026-02-06,Customer_448,48,201.50
2284,47,2025-11-27,Customer_422,35,364.00
2285,7,2026-03-26,Customer_439,88,331.50
2286,8,2025-09-16,Customer_301,3,266.50
2287,15,2026-07-20,Customer_172,53,572.00
2288,36,2026-05-06,Customer_116,70,227.50
2289,48,2026-09-15,Customer_159,39,149.50
2290,11,2025-06-24,Customer_206,29,494.00
2291,5,2025-09-07,Customer_16,70,201.50
2292,24,2024-11-26,Customer_390,20,383.50
2293,27,2026-04-10,Customer_421,4,117.00
2294,44,2025-12-09,Customer_6,84,520.00
2295,41,2024-12-31,Customer_224,76,591.50
2296,15,2025-01-18,Customer_258,69,546.00
2297,3,2026-03-29,Customer_91,88,539.50
2298,14,2025-05-10,Customer_380,47,468.00
2299,20,2025-06-15,Customer_149,41,598.00
2300,42,2026-10-03,Customer_14,37,240.50
2301,17,2025-03-11,Customer_55,24,351.00
2302,38,2025-12-29,Customer_317,26,481.00
2303,41,2026-05-02,Customer_199,51,247.00
2304,19,2026-02-03,Customer_272,75,357.50
2305,45,2025-03-21,Customer_447,23,97.50
2306,49,2025-02-03,Customer_114,40,26.00
2307,7,2025-05-14,Customer_31,29,195.00
2308,46,2026-07-17,Customer_3,16,403.00
2309,16,2026-04-23,Customer_470,75,247.00
2310,21,2025-02-04,Customer_2,27,409.50
2311,3,2026-06-21,Customer_315,42,201.50
2312,21,2025-02-18,Customer_423,14,546.00
2313,43,2026-09-02,Customer_121,90,65.00
2314,12,2026-10-02,Customer_40,91,403.00
2315,34,2026-01-17,Customer_183,36,539.50
2316,41,2025-01-17,Customer_37,21,71.50
2317,25,2025-05-28,Customer_33,80,351.00
2318,41,2026-09-08,Customer_35,85,585.00
2319,6,2025-06-21,Customer_418,88,533.00
2320,10,2024-11-12,Customer_238,31,507.00
2321,3,2025-12-12,Customer_11,50,214.50
2322,31,2026-04-05,Customer_133,87,123.50
2323,34,2025-11-21,Customer_28,26,279.50
2324,9,2025-11-12,Customer_399,60,260.00
2325,26,2024-11-29,Customer_384,36,149.50
2326,37,2025-08-24,Customer_36,79,338.00
2327,18,2026-09-23,Customer_345,19,390.00
2328,15,2025-07-05,Customer_211,59,26.00
2329,30,2025-02-22,Customer_377,30,260.00
2330,19,2025-04-19,Customer_403,39,357.50
2331,35,2024-12-24,Customer_290,15,143.00
2332,17,2026-02-20,Customer_497,71,487.50
2333,29,2025-09-03,Customer_108,41,396.50
2334,27,2025-12-29,Customer_15,26,65.00
2335,24,2026-08-31,Customer_127,20,448.50
2336,12,2025-07-24,Customer_334,95,305.50
2337,28,2025-06-05,Customer_490,51,578.50
2338,7,2025-12-21,Customer_51,36,377.00
2339,50,2026-06-30,Customer_146,1,32.50
2340,43,2025-09-24,Customer_22,11,617.50
2341,23,2025-02-10,Customer_500,39,591.50
2342,11,2026-07-01,Customer_246,60,546.00
2343,25,2026-08-03,Customer_274,44,598.00
2344,20,2025-04-19,Customer_363,6,195.00
2345,43,2026-07-02,Customer_294,2,182.00
2346,29,2026-10-05,Customer_167,71,149.50
2347,14,2025-05-14,Customer_355,10,325.00
2348,30,2025-03-14,Customer_36,33,403.00
2349,30,2026-03-19,Customer_203,37,260.00
2350,1,2026-09-17,Customer_333,50,325.00
2351,4,2025-04-29,Customer_294,90,637.00
2352,14,2025-01-14,Customer_371,3,344.50
2353,37,2026-03-23,Customer_477,11,130.00
2354,16,2026-03-03,Customer_135,14,91.00
2355,24,2025-07-31,Customer_295,4,214.50
2356,19,2024-11-27,Customer_423,97,422.50
2357,23,2024-12-28,Customer_207,16,208.00
2358,37,2024-11-29,Customer_186,26,227.50
2359,43,2026-09-17,Customer_255,78,507.00
2360,13,2026-09-08,Customer_294,40,234.00
2361,46,2025-07-29,Customer_249,33,539.50
2362,42,2026-05-03,Customer_333,32,117.00
2363,44,2026-04-09,Customer_387,76,136.50
2364,40,2026-04-05,Customer_452,7,572.00
2365,48,2024-12-09,Customer_215,72,6.50
2366,6,2025-12-19,Customer_168,53,416.00
2367,3,2026-01-04,Customer_320,64,305.50
2368,17,2026-01-02,Customer_258,99,494.00
2369,2,2025-11-14,Customer_135,19,487.50
2370,5,2025-04-24,Customer_283,67,318.50
2371,43,2025-08-16,Customer_19,91,305.50
2372,11,2025-10-12,Customer_47,67,455.00
2373,4,2025-09-26,Customer_398,92,188.50
2374,48,2025-09-02,Customer_443,82,461.50
2375,46,2025-10-27,Customer_198,91,513.50
2376,43,2025-02-27,Customer_237,49,286.00
2377,39,2026-01-13,Customer_382,76,91.00
2378,31,2025-12-12,Customer_213,4,565.50
2379,15,2025-12-21,Customer_63,39,279.50
2380,36,2026-07-20,Customer_443,54,19.50
2381,36,2025-09-19,Customer_378,72,559.00
2382,7,2025-05-18,Customer_50,44,357.50
2383,50,2025-10-18,Customer_16,40,442.00
2384,24,2026-05-09,Customer_217,67,500.50
2385,13,2025-05-22,Customer_333,85,455.00
2386,4,2026-03-05,Customer_126,29,598.00
2387,41,2025-07-30,Customer_66,26,526.50
2388,39,2026-01-07,Customer_410,51,195.00
2389,15,2024-10-30,Customer_434,100,227.50
2390,2,2025-12-06,Customer_41,49,604.50
2391,7,2026-01-05,Customer_294,28,572.00
2392,15,2026-07-11,Customer_100,73,565.50
2393,21,2025-08-06,Customer_28,72,188.50
2394,36,2025-01-30,Customer_20,60,351.00
2395,22,2026-08-18,Customer_20,86,396.50
2396,23,2024-12-29,Customer_188,18,240.50
2397,15,2025-12-05,Customer_3,95,390.00
2398,16,2025-08-23,Customer_103,83,338.00
2399,37,2026-08-20,Customer_224,89,195.00
2400,30,2025-02-12,Customer_227,63,409.50
2401,11,2025-03-08,Customer_311,56,162.50
2402,1,2026-03-06,Customer_401,32,429.00
2403,25,2025-07-09,Customer_445,42,71.50
2404,21,2025-04-17,Customer_365,86,604.50
2405,39,2025-01-18,Customer_356,7,65.00
2406,38,2026-10-03,Customer_432,68,429.00
2407,15,2026-02-26,Customer_248,78,104.00
2408,50,2025-04-30,Customer_71,47,201.50
2409,44,2026-02-24,Customer_114,99,578.50
2410,42,2025-10-22,Customer_472,15,637.00
2411,8,2025-11-03,Customer_139,5,572.00
2412,31,2025-07-04,Customer_112,91,650.00
2413,29,2025-09-21,Customer_470,93,585.00
2414,13,2025-06-11,Customer_204,83,611.00
2415,2,2025-01-07,Customer_436,72,273.00
2416,30,2026-09-02,Customer_221,23,214.50
2417,50,2026-01-22,Customer_28,51,442.00
2418,1,2025-09-22,Customer_179,60,286.00
2419,43,2026-01-01,Customer_414,37,45.50
2420,8,2024-11-17,Customer_118,51,266.50
2421,6,2025-10-15,Customer_265,30,240.50
2422,45,2025-07-14,Customer_88,100,52.00
2423,49,2026-01-05,Customer_140,84,565.50
2424,4,2026-01-19,Customer_332,96,533.00
2425,24,2025-03-17,Customer_289,69,182.00
2426,24,2025-07-10,Customer_482,59,84.50
2427,24,2025-10-31,Customer_199,4,494.00
2428,45,2026-06-27,Customer_66,74,260.00
2429,33,2025-08-29,Customer_164,25,214.50
2430,30,2026-05-30,Customer_61,52,643.50
2431,46,2026-07-09,Customer_376,86,500.50
2432,21,2025-12-08,Customer_152,36,396.50
2433,33,2024-11-30,Customer_410,87,208.00
2434,16,2026-08-06,Customer_42,95,260.00
2435,48,2025-05-26,Customer_118,8,273.00
2436,27,2025-05-18,Customer_123,75,357.50
2437,20,2026-04-16,Customer_145,47,448.50
2438,15,2024-11-19,Customer_371,41,442.00
2439,5,2025-10-20,Customer_289,96,507.00
2440,6,2025-01-20,Customer_333,60,390.00
2441,42,2024-11-12,Customer_215,74,390.00
2442,25,2026-03-25,Customer_400,50,26.00
2443,22,2026-09-23,Customer_348,42,539.50
2444,41,2025-04-18,Customer_85,27,637.00
2445,50,2024-10-07,Customer_207,56,461.50
2446,37,2026-04-05,Customer_457,40,247.00
2447,5,2026-03-18,Customer_106,78,539.50
2448,41,2025-06-02,Customer_164,17,104.00
2449,34,2025-09-05,Customer_81,67,110.50
2450,17,2026-01-10,Customer_163,23,149.50
2451,40,2025-05-18,Customer_289,36,273.00
2452,43,2025-12-23,Customer_184,77,572.00
2453,23,2024-12-06,Customer_287,53,169.00
2454,8,2026-10-05,Customer_118,88,143.00
2455,19,2025-08-19,Customer_373,71,130.00
2456,34,2026-03-17,Customer_23,81,357.50
2457,8,2025-04-19,Customer_144,25,143.00
2458,47,2025-09-25,Customer_19,50,331.50
2459,28,2025-06-29,Customer_355,87,500.50
2460,20,2025-12-09,Customer_460,47,175.50
2461,30,2025-03-01,Customer_411,24,221.00
2462,47,2026-08-25,Customer_232,71,169.00
2463,9,2026-03-12,Customer_370,100,585.00
2464,20,2024-11-26,Customer_369,46,526.50
2465,28,2026-07-13,Customer_76,8,344.50
2466,1,2024-12-27,Customer_353,67,208.00
2467,25,2026-08-26,Customer_6,21,481.00
2468,28,2026-06-19,Customer_325,21,143.00
2469,26,2026-03-29,Customer_237,9,585.00
2470,35,2025-10-26,Customer_19,80,201.50
2471,3,2025-05-24,Customer_122,50,409.50
2472,24,2026-06-02,Customer_307,52,71.50
2473,43,2025-04-30,Customer_143,6,630.50
2474,21,2025-12-16,Customer_82,15,455.00
2475,5,2025-08-13,Customer_7,2,13.00
2476,25,2024-12-30,Customer_313,17,26.00
2477,14,2024-10-15,Customer_358,2,97.50
2478,13,2026-04-22,Customer_392,53,26.00
2479,25,2025-12-30,Customer_470,61,572.00
2480,3,2025-03-22,Customer_363,12,377.00
2481,46,2025-08-24,Customer_136,20,637.00
2482,3,2025-12-12,Customer_265,3,78.00
2483,43,2025-03-07,Customer_333,34,279.50
2484,24,2026-09-09,Customer_257,3,318.50
2485,16,2025-02-23,Customer_324,13,617.50
2486,44,2026-04-01,Customer_421,74,403.00
2487,22,2026-04-26,Customer_87,15,175.50
2488,2,2025-05-16,Customer_476,51,195.00
2489,24,2025-04-09,Customer_172,20,104.00
2490,41,2025-07-04,Customer_63,73,585.00
2491,1,2026-07-16,Customer_414,99,110.50
2492,31,2026-07-18,Customer_227,49,84.50
2493,12,2024-11-29,Customer_129,61,325.00
2494,25,2026-06-18,Customer_242,66,325.00
2495,42,2025-03-25,Customer_251,47,643.50
2496,21,2025-02-08,Customer_145,5,247.00
2497,21,2026-04-13,Customer_485,78,299.00
2498,10,2025-09-17,Customer_304,48,240.50
2499,37,2025-03-09,Customer_381,36,331.50
2500,21,2025-07-29,Customer_316,24,156.00
2501,36,2026-01-04,Customer_399,83,169.00
2502,49,2025-10-29,Customer_293,77,650.00
2503,8,2026-07-28,Customer_259,55,266.50
2504,50,2025-04-10,Customer_51,99,481.00
2505,9,2025-12-21,Customer_26,40,240.50
2506,20,2025-11-03,Customer_366,4,650.00
2507,15,2025-10-29,Customer_454,14,260.00
2508,45,2025-04-28,Customer_354,39,175.50
2509,33,2025-10-15,Customer_428,71,442.00
2510,14,2026-08-27,Customer_302,31,422.50
2511,38,2026-02-13,Customer_164,11,591.50
2512,46,2026-02-03,Customer_473,28,260.00
2513,16,2025-08-22,Customer_144,64,442.00
2514,10,2024-11-23,Customer_206,82,273.00
2515,27,2026-06-19,Customer_132,63,572.00
2516,2,2026-09-25,Customer_399,46,188.50
2517,14,2025-01-18,Customer_380,98,338.00
2518,32,2026-01-06,Customer_257,5,507.00
2519,9,2024-11-12,Customer_128,19,162.50
2520,11,2025-06-15,Customer_44,95,624.00
2521,38,2026-06-16,Customer_112,100,481.00
2522,5,2026-06-14,Customer_430,33,409.50
2523,27,2024-11-25,Customer_271,33,338.00
2524,4,2026-03-06,Customer_491,38,97.50
2525,12,2025-01-19,Customer_436,71,214.50
2526,20,2025-03-27,Customer_397,68,565.50
2527,11,2026-02-11,Customer_118,17,533.00
2528,13,2026-09-24,Customer_227,45,221.00
2529,45,2026-03-15,Customer_440,100,253.50
2530,28,2025-11-26,Customer_405,20,338.00
2531,13,2026-07-10,Customer_374,85,474.50
2532,19,2025-08-20,Customer_229,83,214.50
2533,45,2024-12-12,Customer_408,22,344.50
2534,37,2025-03-16,Customer_205,25,364.00
2535,25,2025-07-08,Customer_271,39,234.00
2536,5,2026-06-26,Customer_285,79,377.00
2537,37,2025-02-15,Customer_242,94,26.00
2538,26,2026-08-10,Customer_86,3,104.00
2539,7,2026-08-13,Customer_93,36,169.00
2540,12,2026-03-09,Customer_318,47,253.50
2541,5,2025-04-27,Customer_185,65,650.00
2542,44,2025-04-08,Customer_164,35,513.50
2543,37,2026-08-23,Customer_432,28,546.00
2544,10,2025-01-27,Customer_386,3,585.00
2545,12,2025-03-01,Customer_134,80,455.00
2546,32,2025-12-23,Customer_327,33,604.50
2547,50,2025-08-05,Customer_50,1,45.50
2548,32,2025-08-21,Customer_292,28,312.00
2549,43,2025-03-10,Customer_331,3,201.50
2550,28,2026-08-22,Customer_374,38,247.00
2551,3,2025-08-06,Customer_400,4,461.50
2552,8,2025-11-04,Customer_339,100,526.50
2553,42,2026-07-16,Customer_215,9,149.50
2554,10,2025-06-15,Customer_290,16,45.50
2555,45,2026-08-06,Customer_252,3,513.50
2556,35,2025-08-20,Customer_284,50,481.00
2557,34,2026-04-09,Customer_389,34,403.00
2558,38,2026-08-09,Customer_150,9,429.00
2559,16,2025-05-19,Customer_431,19,260.00
2560,7,2025-06-04,Customer_341,69,370.50
2561,31,2024-10-14,Customer_38,12,32.50
2562,27,2025-11-08,Customer_11,36,52.00
2563,11,2025-08-28,Customer_309,32,643.50
2564,46,2024-11-17,Customer_194,64,364.00
2565,47,2026-09-21,Customer_437,99,650.00
2566,23,2025-02-26,Customer_491,43,292.50
2567,31,2026-01-01,Customer_35,5,175.50
2568,9,2026-09-16,Customer_151,52,26.00
2569,48,2025-12-31,Customer_416,25,19.50
2570,10,2026-06-17,Customer_300,3,227.50
2571,15,2025-02-09,Customer_20,79,435.50
2572,11,2026-07-24,Customer_188,63,169.00
2573,47,2025-01-21,Customer_264,61,507.00
2574,11,2024-11-01,Customer_400,90,117.00
2575,33,2025-10-31,Customer_237,64,513.50
2576,34,2026-04-14,Customer_499,44,182.00
2577,7,2025-09-02,Customer_267,20,617.50
2578,36,2026-03-11,Customer_406,58,533.00
2579,43,2026-06-26,Customer_414,36,312.00
2580,40,2026-04-12,Customer_395,27,533.00
2581,4,2025-12-28,Customer_111,42,591.50
2582,4,2025-07-18,Customer_270,53,507.00
2583,19,2026-01-04,Customer_29,57,533.00
2584,1,2024-11-27,Customer_39,85,214.50
2585,46,2025-11-14,Customer_35,55,338.00
2586,30,2025-09-21,Customer_149,57,149.50
2587,24,2025-01-11,Customer_430,23,149.50
2588,25,2024-12-28,Customer_97,49,513.50
2589,46,2025-05-17,Customer_74,66,481.00
2590,44,2026-03-22,Customer_126,19,338.00
2591,33,2026-03-20,Customer_404,41,169.00
2592,24,2025-05-11,Customer_75,55,513.50
2593,39,2025-12-10,Customer_67,52,240.50
2594,10,2025-05-16,Customer_21,42,643.50
2595,5,2025-10-28,Customer_227,54,403.00
2596,21,2025-01-03,Customer_157,87,429.00
2597,31,2024-10-06,Customer_205,87,520.00
2598,43,2024-12-11,Customer_176,90,357.50
2599,38,2025-12-12,Customer_257,58,299.00
2600,5,2026-06-20,Customer_487,3,19.50
2601,47,2026-05-01,Customer_361,52,442.00
2602,2,2026-04-15,Customer_374,8,409.50
2603,22,2025-07-11,Customer_404,9,539.50
2604,37,2026-01-19,Customer_298,40,429.00
2605,48,2026-09-20,Customer_361,74,279.50
2606,42,2026-08-14,Customer_444,54,312.00
2607,14,2026-04-20,Customer_212,99,416.00
2608,48,2025-06-24,Customer_360,96,565.50
2609,21,2025-02-18,Customer_246,68,325.00
2610,28,2026-01-01,Customer_213,63,78.00
2611,17,2026-09-24,Customer_324,5,247.00
2612,42,2025-11-27,Customer_355,98,617.50
2613,44,2024-12-10,Customer_70,33,643.50
2614,23,2025-04-29,Customer_238,66,117.00
2615,23,2025-06-24,Customer_481,31,396.50
2616,47,2025-08-19,Customer_412,65,175.50
2617,50,2025-06-15,Customer_313,8,448.50
2618,45,2025-07-02,Customer_452,37,279.50
2619,20,2026-08-09,Customer_463,53,500.50
2620,6,2025-11-17,Customer_114,96,650.00
2621,36,2025-07-06,Customer_474,67,585.00
2622,14,2026-09-29,Customer_5,29,260.00
2623,9,2025-08-03,Customer_152,78,637.00
2624,6,2026-06-25,Customer_157,46,97.50
2625,33,2026-02-08,Customer_480,65,481.00
2626,45,2025-06-18,Customer_115,80,591.50
2627,16,2026-04-02,Customer_126,85,585.00
2628,35,2026-03-18,Customer_276,68,292.50
2629,33,2024-11-08,Customer_22,18,507.00
2630,39,2025-12-30,Customer_416,38,208.00
2631,39,2026-08-29,Customer_221,66,598.00
2632,5,2025-12-26,Customer_208,16,598.00
2633,48,2026-02-03,Customer_156,38,286.00
2634,48,2026-10-05,Customer_282,91,533.00
2635,32,2024-12-12,Customer_289,28,383.50
2636,17,2025-12-07,Customer_28,74,351.00
2637,36,2025-01-01,Customer_274,40,221.00
2638,3,2026-06-08,Customer_15,54,182.00
2639,28,2025-03-03,Customer_22,96,312.00
2640,27,2026-09-16,Customer_123,33,487.50
2641,8,2026-05-19,Customer_196,96,260.00
2642,38,2025-11-21,Customer_342,13,149.50
2643,1,2025-04-10,Customer_153,78,71.50
2644,36,2025-04-01,Customer_143,69,299.00
2645,20,2025-05-22,Customer_216,60,65.00
2646,16,2025-12-04,Customer_167,45,286.00
2647,32,2024-11-05,Customer_377,74,442.00
2648,7,2025-09-07,Customer_344,63,578.50
2649,24,2026-06-25,Customer_20,99,84.50
2650,12,2026-01-31,Customer_130,2,13.00
2651,34,2026-07-12,Customer_461,58,604.50
2652,29,2026-01-17,Customer_356,41,351.00
2653,40,2025-11-18,Customer_221,71,448.50
2654,26,2024-10-12,Customer_371,3,442.00
2655,50,2024-12-29,Customer_428,76,357.50
2656,25,2024-10-21,Customer_66,84,221.00
2657,14,2026-03-06,Customer_213,88,474.50
2658,49,2025-03-06,Customer_382,83,136.50
2659,17,2026-02-05,Customer_334,50,578.50
2660,4,2025-02-19,Customer_185,44,572.00
2661,5,2025-12-19,Customer_404,83,520.00
2662,37,2025-01-20,Customer_23,49,175.50
2663,41,2026-01-17,Customer_300,57,396.50
2664,26,2024-10-25,Customer_461,4,429.00
2665,5,2026-01-08,Customer_227,30,39.00
2666,6,2025-07-05,Customer_223,45,630.50
2667,46,2026-09-23,Customer_18,45,240.50
2668,19,2025-10-28,Customer_160,29,299.00
2669,48,2025-12-20,Customer_138,69,494.00
2670,15,2026-02-24,Customer_3,99,169.00
2671,38,2025-03-03,Customer_81,3,201.50
2672,5,2025-10-20,Customer_329,22,305.50
2673,12,2025-07-27,Customer_243,11,136.50
2674,25,2025-09-17,Customer_123,31,78.00
2675,48,2025-04-05,Customer_28,87,318.50
2676,4,2025-06-22,Customer_107,99,143.00
2677,12,2026-09-15,Customer_125,11,552.50
2678,34,2026-08-04,Customer_292,53,416.00
2679,12,2025-12-03,Customer_320,60,247.00
2680,10,2024-10-14,Customer_48,10,474.50
2681,32,2026-04-30,Customer_419,7,546.00
2682,11,2025-08-02,Customer_289,34,617.50
2683,33,2025-01-03,Customer_157,58,247.00
2684,32,2024-11-20,Customer_146,9,377.00
2685,3,2025-01-19,Customer_437,6,435.50
2686,34,2026-09-29,Customer_206,18,617.50
2687,19,2024-12-29,Customer_30,80,455.00
2688,6,2025-03-23,Customer_70,87,136.50
2689,45,2025-12-12,Customer_298,11,32.50
2690,44,2025-03-18,Customer_210,83,13.00
2691,27,2026-02-22,Customer_475,60,208.00
2692,2,2025-05-26,Customer_437,98,396.50
2693,24,2025-05-17,Customer_85,74,182.00
2694,22,2025-08-30,Customer_361,36,84.50
2695,45,2026-07-21,Customer_178,26,266.50
2696,8,2026-07-28,Customer_456,8,578.50
2697,36,2025-02-12,Customer_25,25,585.00
2698,50,2025-07-28,Customer_297,15,383.50
2699,48,2026-09-02,Customer_340,68,474.50
2700,38,2026-07-14,Customer_72,84,546.00
2701,9,2025-08-05,Customer_371,79,409.50
2702,35,2025-12-04,Customer_219,72,188.50
2703,44,2025-01-12,Customer_235,16,117.00
2704,16,2024-10-17,Customer_445,97,26.00
2705,17,2025-05-25,Customer_270,10,253.50
2706,48,2026-07-28,Customer_457,71,390.00
2707,46,2026-07-18,Customer_320,18,78.00
2708,23,2025-03-20,Customer_252,32,351.00
2709,36,2025-01-16,Customer_331,21,312.00
2710,41,2025-09-02,Customer_10,38,448.50
2711,4,2024-11-28,Customer_293,67,19.50
2712,25,2026-10-04,Customer_384,11,117.00
2713,17,2026-07-07,Customer_150,23,162.50
2714,42,2026-01-26,Customer_182,29,292.50
2715,4,2026-08-05,Customer_416,18,273.00
2716,9,2026-08-22,Customer_4,90,344.50
2717,1,2026-06-25,Customer_107,57,344.50
2718,47,2026-03-11,Customer_93,91,188.50
2719,3,2025-09-05,Customer_152,10,312.00
2720,3,2025-01-11,Customer_38,2,240.50
2721,13,2025-07-24,Customer_457,76,591.50
2722,46,2025-11-27,Customer_222,98,409.50
2723,48,2025-02-12,Customer_359,89,617.50
2724,8,2026-06-05,Customer_136,78,136.50
2725,41,2026-07-08,Customer_346,91,234.00
2726,8,2025-02-26,Customer_100,20,338.00
2727,42,2025-02-10,Customer_224,86,617.50
2728,27,2025-11-16,Customer_443,33,227.50
2729,31,2025-09-15,Customer_496,79,435.50
2730,28,2026-07-28,Customer_419,21,221.00
2731,22,2025-06-17,Customer_313,7,481.00
2732,30,2025-01-04,Customer_341,52,650.00
2733,11,2025-10-12,Customer_238,53,578.50
2734,4,2025-04-18,Customer_313,73,182.00
2735,45,2026-02-18,Customer_317,89,45.50
2736,12,2024-10-06,Customer_471,64,513.50
2737,6,2025-09-19,Customer_270,90,156.00
2738,33,2025-06-15,Customer_123,39,468.00
2739,38,2025-07-17,Customer_398,50,325.00
2740,35,2024-12-02,Customer_285,63,533.00
2741,17,2025-09-09,Customer_250,13,578.50
2742,32,2026-02-03,Customer_150,84,292.50
2743,30,2024-11-25,Customer_131,66,208.00
2744,17,2025-02-01,Customer_454,9,58.50
2745,5,2026-04-02,Customer_42,73,643.50
2746,16,2026-02-01,Customer_200,64,286.00
2747,18,2025-07-11,Customer_118,50,201.50
2748,12,2025-10-28,Customer_496,28,585.00
2749,42,2025-10-02,Customer_342,32,169.00
2750,31,2025-03-26,Customer_264,59,383.50
2751,18,2025-05-12,Customer_294,99,325.00
2752,38,2026-05-14,Customer_137,44,390.00
2753,38,2025-01-09,Customer_310,76,279.50
2754,3,2025-05-30,Customer_434,83,585.00
2755,24,2024-12-28,Customer_113,71,461.50
2756,44,2026-03-20,Customer_113,16,13.00
2757,3,2026-01-06,Customer_202,6,208.00
2758,2,2026-06-25,Customer_227,31,318.50
2759,41,2026-02-18,Customer_31,28,565.50
2760,13,2026-01-07,Customer_339,30,383.50
2761,45,2025-04-10,Customer_307,23,6.50
2762,48,2026-09-24,Customer_437,76,13.00
2763,36,2026-09-20,Customer_108,68,617.50
2764,20,2026-07-09,Customer_343,65,260.00
2765,46,2025-03-10,Customer_375,68,396.50
2766,12,2026-06-29,Customer_300,44,650.00
2767,9,2026-02-17,Customer_371,67,84.50
2768,48,2025-03-06,Customer_332,70,273.00
2769,16,2025-05-10,Customer_378,52,338.00
2770,49,2025-10-03,Customer_463,32,286.00
2771,14,2025-07-14,Customer_348,41,117.00
2772,41,2026-03-13,Customer_96,16,52.00
2773,49,2025-08-26,Customer_365,56,416.00
2774,21,2026-04-25,Customer_307,57,630.50
2775,8,2026-06-14,Customer_330,25,286.00
2776,22,2024-10-30,Customer_407,77,455.00
2777,26,2025-05-08,Customer_333,57,461.50
2778,46,2026-05-06,Customer_479,15,221.00
2779,31,2025-04-27,Customer_223,18,240.50
2780,43,2025-10-01,Customer_378,62,396.50
2781,46,2024-11-09,Customer_492,34,442.00
2782,41,2026-06-27,Customer_297,81,52.00
2783,32,2024-11-07,Customer_125,11,201.50
2784,4,2024-12-12,Customer_128,73,487.50
2785,42,2024-12-10,Customer_249,39,611.00
2786,28,2026-01-19,Customer_300,96,403.00
2787,13,2025-11-18,Customer_425,99,292.50
2788,50,2025-07-26,Customer_7,83,253.50
2789,13,2025-12-02,Customer_41,78,448.50
2790,8,2026-09-28,Customer_157,4,390.00
2791,12,2024-12-05,Customer_423,20,598.00
2792,44,2025-11-28,Customer_352,31,91.00
2793,50,2026-03-07,Customer_76,95,377.00
2794,28,2026-06-14,Customer_137,40,325.00
2795,40,2025-01-27,Customer_234,10,429.00
2796,24,2025-12-28,Customer_218,89,630.50
2797,50,2025-07-09,Customer_16,58,338.00
2798,30,2025-04-13,Customer_94,10,312.00
2799,39,2025-03-29,Customer_388,52,494.00
2800,45,2024-12-16,Customer_368,35,227.50
2801,30,2025-12-08,Customer_108,4,403.00
2802,11,2026-04-06,Customer_158,36,617.50
2803,4,2026-01-11,Customer_38,1,377.00
2804,20,2024-11-25,Customer_76,96,45.50
2805,43,2025-06-01,Customer_493,88,611.00
2806,31,2025-11-28,Customer_403,37,416.00
2807,5,2025-12-09,Customer_308,15,617.50
2808,7,2026-05-06,Customer_433,77,338.00
2809,12,2025-10-12,Customer_275,55,578.50
2810,14,2026-08-16,Customer_279,16,292.50
2811,38,2026-09-13,Customer_286,23,364.00
2812,9,2025-01-23,Customer_313,98,208.00
2813,15,2025-12-02,Customer_211,15,526.50
2814,35,2025-02-11,Customer_98,14,227.50
2815,47,2024-11-27,Customer_465,52,169.00
2816,45,2026-08-01,Customer_188,57,643.50
2817,30,2025-08-26,Customer_186,5,91.00
2818,14,2024-11-13,Customer_295,28,572.00
2819,41,2026-08-03,Customer_293,72,533.00
2820,36,2026-10-03,Customer_7,84,481.00
2821,29,2025-10-23,Customer_319,86,468.00
2822,49,2025-07-01,Customer_287,64,370.50
2823,12,2024-12-29,Customer_416,22,143.00
2824,24,2025-06-13,Customer_81,67,539.50
2825,25,2026-01-08,Customer_174,74,377.00
2826,47,2025-11-25,Customer_375,35,78.00
2827,43,2026-05-08,Customer_305,32,175.50
2828,34,2025-11-10,Customer_59,42,370.50
2829,21,2026-08-31,Customer_410,80,182.00
2830,49,2026-07-18,Customer_31,26,65.00
2831,42,2025-10-13,Customer_301,75,409.50
2832,40,2025-07-31,Customer_284,44,591.50
2833,14,2025-09-15,Customer_356,39,260.00
2834,23,2026-09-11,Customer_361,42,526.50
2835,9,2024-10-23,Customer_444,82,344.50
2836,19,2025-09-19,Customer_419,17,370.50
2837,19,2024-11-07,Customer_116,18,474.50
2838,46,2025-09-04,Customer_26,32,39.00
2839,40,2025-05-01,Customer_11,39,637.00
2840,34,2024-10-09,Customer_329,76,117.00
2841,39,2025-12-06,Customer_145,92,403.00
2842,43,2025-06-06,Customer_208,72,455.00
2843,27,2026-06-23,Customer_239,56,552.50
2844,43,2026-06-06,Customer_146,18,422.50
2845,17,2026-04-14,Customer_325,94,117.00
2846,40,2026-05-26,Customer_382,13,461.50
2847,29,2025-10-19,Customer_101,33,377.00
2848,11,2025-11-29,Customer_40,60,130.00
2849,41,2026-05-27,Customer_214,71,318.50
2850,26,2026-06-16,Customer_327,43,279.50
2851,48,2024-12-23,Customer_435,60,455.00
2852,8,2026-08-15,Customer_290,62,624.00
2853,23,2025-10-09,Customer_36,67,552.50
2854,35,2025-02-07,Customer_254,45,370.50
2855,37,2025-10-08,Customer_436,75,52.00
2856,50,2026-01-17,Customer_267,17,169.00
2857,31,2025-12-16,Customer_186,86,481.00
2858,14,2025-04-05,Customer_45,17,422.50
2859,26,2026-04-04,Customer_36,34,234.00
2860,16,2025-09-29,Customer_452,38,162.50
2861,3,2025-08-26,Customer_289,90,97.50
2862,3,2026-07-28,Customer_291,46,364.00
2863,14,2026-02-26,Customer_357,68,435.50
2864,24,2025-06-17,Customer_346,8,630.50
2865,8,2026-05-04,Customer_478,99,481.00
2866,41,2025-02-03,Customer_242,29,312.00
2867,26,2026-05-26,Customer_247,76,435.50
2868,25,2025-09-18,Customer_140,36,227.50
2869,27,2025-05-22,Customer_457,28,279.50
2870,5,2025-07-18,Customer_178,23,624.00
2871,39,2025-05-04,Customer_210,10,195.00
2872,39,2024-12-13,Customer_219,85,52.00
2873,49,2025-09-21,Customer_122,32,234.00
2874,12,2025-07-20,Customer_131,48,416.00
2875,7,2025-05-28,Customer_22,25,45.50
2876,13,2025-03-26,Customer_364,14,578.50
2877,33,2025-08-06,Customer_410,30,221.00
2878,41,2025-07-15,Customer_294,64,520.00
2879,12,2025-03-30,Customer_266,53,468.00
2880,29,2025-07-07,Customer_34,86,104.00
2881,45,2025-08-10,Customer_218,25,390.00
2882,6,2024-11-29,Customer_107,18,97.50
2883,50,2025-04-13,Customer_323,67,266.50
2884,8,2026-03-08,Customer_311,49,643.50
2885,29,2024-11-17,Customer_14,69,409.50
2886,28,2026-09-15,Customer_350,9,266.50
2887,26,2025-05-31,Customer_458,37,344.50
2888,40,2025-10-12,Customer_264,68,279.50
2889,35,2026-07-21,Customer_330,93,175.50
2890,31,2026-08-16,Customer_277,31,45.50
2891,41,2024-11-15,Customer_394,42,396.50
2892,34,2025-01-26,Customer_249,12,162.50
2893,48,2026-01-15,Customer_461,23,78.00
2894,31,2025-08-26,Customer_491,69,84.50
2895,16,2025-09-21,Customer_75,21,13.00
2896,31,2026-06-04,Customer_108,70,65.00
2897,50,2026-08-18,Customer_42,4,240.50
2898,50,2026-06-23,Customer_247,64,221.00
2899,48,2026-02-28,Customer_114,4,377.00
2900,5,2025-02-07,Customer_343,46,299.00
2901,44,2024-12-06,Customer_38,65,520.00
2902,38,2026-07-06,Customer_357,95,227.50
2903,48,2025-07-16,Customer_159,49,474.50
2904,13,2025-01-02,Customer_125,41,13.00
2905,4,2024-11-13,Customer_138,1,650.00
2906,6,2026-08-16,Customer_334,92,637.00
2907,32,2025-08-25,Customer_185,12,117.00
2908,21,2025-03-03,Customer_307,65,45.50
2909,16,2024-10-24,Customer_125,35,435.50
2910,37,2026-08-17,Customer_207,59,409.50
2911,3,2025-01-31,Customer_300,68,461.50
2912,37,2025-11-04,Customer_485,5,442.00
2913,25,2026-07-03,Customer_410,68,45.50
2914,27,2025-08-18,Customer_107,24,279.50
2915,22,2026-01-16,Customer_408,54,214.50
2916,17,2025-06-20,Customer_29,47,474.50
2917,4,2025-10-22,Customer_121,57,266.50
2918,36,2025-07-30,Customer_262,55,253.50
2919,28,2025-02-06,Customer_396,53,266.50
2920,1,2026-06-15,Customer_437,91,643.50
2921,18,2025-09-17,Customer_76,54,526.50
2922,41,2026-06-28,Customer_166,58,442.00
2923,11,2025-03-16,Customer_412,59,325.00
2924,30,2025-09-02,Customer_412,45,169.00
2925,11,2025-08-15,Customer_329,34,351.00
2926,46,2026-03-02,Customer_108,98,201.50
2927,50,2026-04-02,Customer_205,35,585.00
2928,7,2026-09-10,Customer_305,10,117.00
2929,11,2025-05-14,Customer_345,50,58.50
2930,19,2026-04-12,Customer_378,79,565.50
2931,18,2026-03-03,Customer_375,60,117.00
2932,14,2026-04-06,Customer_340,66,611.00
2933,49,2025-04-09,Customer_325,53,260.00
2934,18,2026-06-08,Customer_423,64,455.00
2935,18,2025-07-25,Customer_6,70,58.50
2936,37,2025-07-19,Customer_469,22,136.50
2937,39,2025-07-23,Customer_91,45,364.00
2938,28,2025-06-12,Customer_294,70,513.50
2939,25,2026-04-08,Customer_288,14,429.00
2940,32,2026-04-11,Customer_473,92,299.00
2941,40,2025-06-21,Customer_364,6,604.50
2942,22,2025-04-07,Customer_52,41,546.00
2943,7,2026-06-04,Customer_488,58,312.00
2944,6,2025-09-17,Customer_202,11,481.00
2945,47,2024-10-08,Customer_148,95,325.00
2946,26,2025-11-25,Customer_248,41,494.00
2947,30,2025-08-08,Customer_78,54,468.00
2948,13,2025-08-12,Customer_59,75,481.00
2949,12,2025-10-20,Customer_1,11,227.50
2950,45,2025-01-17,Customer_60,13,84.50
2951,8,2026-03-23,Customer_132,17,435.50
2952,41,2026-08-01,Customer_14,90,91.00
2953,36,2025-01-18,Customer_358,78,351.00
2954,32,2025-05-10,Customer_383,38,117.00
2955,3,2025-07-26,Customer_314,72,448.50
2956,47,2026-02-26,Customer_237,14,617.50
2957,40,2026-07-28,Customer_394,22,364.00
2958,26,2024-10-12,Customer_232,32,234.00
2959,5,2026-06-18,Customer_405,13,253.50
2960,18,2025-02-14,Customer_55,97,188.50
2961,10,2025-06-27,Customer_275,32,630.50
2962,32,2025-03-05,Customer_142,65,637.00
2963,11,2025-03-21,Customer_392,29,604.50
2964,45,2026-07-19,Customer_53,17,201.50
2965,26,2025-07-31,Customer_210,56,266.50
2966,14,2026-08-16,Customer_317,60,526.50
2967,8,2025-10-29,Customer_358,17,598.00
2968,23,2026-05-14,Customer_215,6,507.00
2969,35,2026-07-25,Customer_411,23,481.00
2970,46,2026-02-17,Customer_272,98,364.00
2971,3,2025-03-18,Customer_294,26,331.50
2972,12,2025-08-03,Customer_119,88,13.00
2973,25,2025-02-04,Customer_93,6,435.50
2974,34,2025-01-17,Customer_18,48,611.00
2975,5,2025-11-21,Customer_21,41,195.00
2976,44,2025-04-08,Customer_152,13,266.50
2977,22,2025-03-21,Customer_272,10,409.50
2978,21,2026-02-18,Customer_349,17,104.00
2979,24,2024-10-08,Customer_82,20,273.00
2980,31,2024-10-25,Customer_411,12,624.00
2981,36,2026-02-16,Customer_308,69,117.00
2982,32,2024-12-24,Customer_309,17,364.00
2983,33,2024-12-29,Customer_399,64,136.50
2984,6,2025-03-13,Customer_150,12,357.50
2985,23,2025-01-19,Customer_155,98,630.50
2986,12,2026-01-18,Customer_410,27,97.50
2987,28,2025-08-20,Customer_428,4,175.50
2988,22,2026-07-17,Customer_215,2,175.50
2989,28,2026-08-21,Customer_276,31,234.00
2990,9,2026-06-29,Customer_368,56,533.00
2991,1,2025-05-02,Customer_309,23,539.50
2992,42,2026-09-18,Customer_102,49,559.00
2993,2,2024-11-12,Customer_208,18,435.50
2994,34,2025-02-22,Customer_451,44,45.50
2995,14,2025-08-04,Customer_457,51,305.50
2996,31,2026-06-30,Customer_436,36,325.00
2997,12,2025-11-21,Customer_73,31,312.00
2998,1,2025-11-26,Customer_43,21,117.00
2999,24,2025-05-21,Customer_24,91,325.00
3000,30,2025-11-07,Customer_132,90,585.00
3001,1,2025-07-23,Customer_457,73,6.50
3002,15,2025-06-10,Customer_356,78,344.50
3003,28,2025-11-14,Customer_261,21,240.50
3004,9,2025-07-19,Customer_231,69,552.50
3005,5,2025-07-30,Customer_45,78,299.00
3006,32,2026-04-01,Customer_37,86,91.00
3007,40,2026-06-28,Customer_127,32,507.00
3008,27,2026-02-16,Customer_344,58,585.00
3009,16,2025-12-08,Customer_126,10,221.00
3010,32,2025-03-27,Customer_230,12,377.00
3011,3,2025-02-05,Customer_270,3,84.50
3012,18,2025-12-10,Customer_419,4,461.50
3013,37,2026-08-13,Customer_137,27,533.00
3014,22,2026-02-08,Customer_313,100,65.00
3015,42,2025-09-24,Customer_421,20,169.00
3016,35,2025-10-07,Customer_245,100,513.50
3017,50,2025-12-08,Customer_402,23,221.00
3018,2,2026-02-05,Customer_392,41,435.50
3019,41,2025-09-30,Customer_276,55,494.00
3020,35,2026-04-24,Customer_53,2,565.50
3021,38,2025-09-21,Customer_175,100,520.00
3022,18,2025-08-01,Customer_411,12,494.00
3023,41,2025-03-11,Customer_273,50,71.50
3024,8,2025-03-20,Customer_477,52,507.00
3025,20,2025-12-17,Customer_161,1,481.00
3026,48,2025-01-05,Customer_310,85,110.50
3027,12,2025-08-09,Customer_168,7,500.50
3028,43,2026-03-05,Customer_280,36,260.00
3029,26,2026-01-01,Customer_77,7,390.00
3030,45,2026-04-16,Customer_97,11,52.00
3031,11,2025-09-28,Customer_295,55,175.50
3032,50,2025-07-31,Customer_462,97,117.00
3033,4,2026-07-22,Customer_347,87,182.00
3034,12,2026-02-20,Customer_365,38,572.00
3035,45,2025-11-13,Customer_414,11,539.50
3036,36,2025-06-27,Customer_228,95,240.50
3037,7,2025-09-19,Customer_60,90,429.00
3038,48,2025-03-07,Customer_444,95,312.00
3039,29,2025-07-22,Customer_30,59,247.00
3040,47,2024-10-18,Customer_443,30,58.50
3041,50,2025-10-23,Customer_168,52,396.50
3042,13,2024-11-25,Customer_177,82,130.00
3043,50,2025-03-03,Customer_54,44,364.00
3044,43,2025-09-14,Customer_36,46,39.00
3045,38,2024-10-31,Customer_405,50,110.50
3046,23,2026-04-29,Customer_40,64,273.00
3047,26,2026-08-03,Customer_63,31,292.50
3048,11,2026-05-13,Customer_472,5,104.00
3049,8,2025-11-08,Customer_75,3,26.00
3050,16,2025-05-11,Customer_226,73,474.50
3051,22,2025-10-19,Customer_226,50,494.00
3052,24,2024-10-18,Customer_8,24,591.50
3053,5,2025-11-07,Customer_301,21,175.50
3054,16,2025-04-03,Customer_140,88,494.00
3055,31,2025-02-13,Customer_278,7,201.50
3056,50,2026-07-09,Customer_138,98,468.00
3057,41,2026-03-16,Customer_417,73,182.00
3058,28,2025-09-09,Customer_129,22,377.00
3059,19,2025-01-11,Customer_103,82,513.50
3060,7,2025-01-11,Customer_35,35,435.50
3061,3,2025-10-14,Customer_376,89,643.50
3062,37,2025-11-09,Customer_439,63,507.00
3063,23,2025-07-31,Customer_288,98,325.00
3064,47,2025-12-21,Customer_234,20,383.50
3065,13,2026-04-23,Customer_489,30,468.00
3066,37,2026-07-05,Customer_25,46,182.00
3067,39,2025-01-31,Customer_107,43,487.50
3068,34,2026-03-21,Customer_264,89,526.50
3069,2,2026-03-04,Customer_178,8,513.50
3070,10,2024-12-20,Customer_475,53,526.50
3071,37,2026-06-07,Customer_447,5,175.50
3072,34,2025-03-28,Customer_98,23,45.50
3073,34,2025-09-03,Customer_7,45,110.50
3074,8,2025-12-26,Customer_315,84,26.00
3075,46,2025-06-18,Customer_435,61,149.50
3076,18,2026-05-10,Customer_383,93,273.00
3077,24,2025-05-31,Customer_9,83,351.00
3078,37,2026-03-27,Customer_257,92,240.50
3079,33,2026-04-17,Customer_400,32,364.00
3080,26,2025-10-31,Customer_391,93,318.50
3081,26,2025-03-24,Customer_498,91,637.00
3082,29,2025-01-19,Customer_296,93,149.50
3083,17,2025-12-15,Customer_75,88,71.50
3084,37,2026-08-31,Customer_115,80,253.50
3085,34,2024-10-18,Customer_460,46,611.00
3086,8,2026-01-26,Customer_484,49,357.50
3087,5,2026-09-23,Customer_62,30,247.00
3088,2,2026-05-10,Customer_223,56,318.50
3089,30,2025-10-13,Customer_182,50,273.00
3090,36,2026-02-08,Customer_262,100,364.00
3091,10,2026-08-17,Customer_307,13,45.50
3092,28,2025-02-12,Customer_23,97,266.50
3093,15,2026-04-29,Customer_104,6,182.00
3094,18,2025-12-01,Customer_256,73,604.50
3095,17,2025-06-28,Customer_377,26,448.50
3096,12,2025-03-11,Customer_398,9,195.00
3097,16,2025-03-20,Customer_242,11,266.50
3098,24,2025-10-19,Customer_336,89,539.50
3099,6,2024-11-14,Customer_463,15,286.00
3100,38,2026-08-13,Customer_475,23,149.50
3101,20,2025-10-07,Customer_215,11,487.50
3102,41,2026-07-13,Customer_335,5,442.00
3103,9,2026-05-28,Customer_212,80,234.00
3104,10,2025-01-06,Customer_486,49,344.50
3105,41,2026-08-06,Customer_371,81,52.00
3106,49,2025-05-29,Customer_32,98,117.00
3107,44,2024-11-24,Customer_456,86,338.00
3108,42,2026-09-14,Customer_180,40,455.00
3109,18,2025-01-22,Customer_84,93,13.00
3110,13,2026-07-02,Customer_90,29,539.50
3111,2,2024-12-08,Customer_385,50,481.00
3112,32,2025-03-30,Customer_176,35,617.50
3113,40,2026-08-16,Customer_469,49,58.50
3114,37,2025-08-10,Customer_24,28,630.50
3115,36,2024-12-21,Customer_284,85,403.00
3116,7,2025-05-24,Customer_161,80,552.50
3117,50,2024-10-27,Customer_52,28,598.00
3118,3,2025-07-23,Customer_352,42,26.00
3119,26,2026-03-16,Customer_381,53,162.50
3120,5,2026-04-06,Customer_415,8,643.50
3121,16,2025-11-05,Customer_190,45,318.50
3122,13,2024-12-21,Customer_249,82,422.50
3123,11,2025-12-09,Customer_216,51,383.50
3124,35,2026-07-12,Customer_167,76,364.00
3125,50,2024-12-03,Customer_1,16,227.50
3126,47,2026-09-24,Customer_370,73,520.00
3127,23,2024-10-15,Customer_52,48,110.50
3128,44,2026-05-11,Customer_380,80,409.50
3129,1,2026-03-08,Customer_244,5,598.00
3130,27,2026-08-18,Customer_135,87,435.50
3131,16,2026-08-17,Customer_315,20,468.00
3132,42,2024-12-12,Customer_57,40,500.50
3133,42,2026-02-24,Customer_118,42,442.00
3134,43,2026-06-07,Customer_227,72,175.50
3135,37,2026-07-26,Customer_109,67,195.00
3136,33,2025-02-08,Customer_300,73,149.50
3137,37,2026-03-07,Customer_472,49,442.00
3138,8,2024-11-23,Customer_304,59,234.00
3139,37,2024-11-05,Customer_450,7,136.50
3140,34,2025-03-19,Customer_216,26,325.00
3141,31,2025-03-20,Customer_451,27,552.50
3142,45,2025-06-10,Customer_284,29,143.00
3143,25,2025-05-12,Customer_402,87,442.00
3144,39,2025-04-09,Customer_137,84,65.00
3145,18,2025-12-12,Customer_313,58,175.50
3146,35,2025-10-23,Customer_101,52,45.50
3147,2,2026-04-20,Customer_26,88,565.50
3148,34,2025-08-21,Customer_114,1,546.00
3149,33,2024-10-25,Customer_485,27,130.00
3150,32,2026-09-07,Customer_294,16,104.00
3151,7,2025-04-13,Customer_383,6,247.00
3152,28,2026-07-28,Customer_201,46,273.00
3153,43,2025-09-22,Customer_277,66,624.00
3154,34,2024-11-20,Customer_100,15,513.50
3155,48,2026-08-05,Customer_199,68,201.50
3156,23,2026-05-15,Customer_400,41,201.50
3157,19,2026-01-15,Customer_250,26,221.00
3158,32,2026-02-18,Customer_388,22,390.00
3159,1,2024-10-26,Customer_483,64,273.00
3160,2,2024-10-13,Customer_199,14,591.50
3161,39,2024-11-08,Customer_208,1,552.50
3162,13,2025-09-10,Customer_469,49,643.50
3163,4,2026-04-17,Customer_12,2,487.50
3164,16,2025-07-10,Customer_61,95,364.00
3165,40,2025-08-14,Customer_368,54,214.50
3166,16,2025-05-18,Customer_117,70,578.50
3167,29,2026-08-15,Customer_70,93,110.50
3168,16,2026-01-16,Customer_139,87,448.50
3169,13,2025-11-12,Customer_53,46,6.50
3170,21,2026-02-08,Customer_160,28,500.50
3171,12,2026-08-07,Customer_75,95,468.00
3172,22,2024-11-05,Customer_322,94,273.00
3173,14,2025-09-12,Customer_190,21,52.00
3174,16,2026-09-29,Customer_176,75,429.00
3175,10,2026-09-17,Customer_490,81,65.00
3176,49,2025-12-10,Customer_455,63,292.50
3177,35,2025-07-16,Customer_50,81,104.00
3178,20,2024-10-08,Customer_436,98,208.00
3179,27,2025-08-18,Customer_258,68,591.50
3180,17,2025-04-17,Customer_271,49,578.50
3181,32,2025-08-19,Customer_106,23,604.50
3182,24,2025-01-12,Customer_427,37,221.00
3183,10,2026-07-10,Customer_255,16,377.00
3184,16,2026-04-11,Customer_386,74,500.50
3185,30,2025-05-17,Customer_101,94,52.00
3186,49,2026-04-04,Customer_363,32,403.00
3187,13,2025-07-12,Customer_27,5,123.50
3188,17,2025-10-10,Customer_257,13,182.00
3189,23,2025-11-07,Customer_309,32,162.50
3190,26,2025-12-16,Customer_289,71,13.00
3191,22,2025-09-04,Customer_187,19,624.00
3192,45,2025-04-16,Customer_28,14,91.00
3193,3,2026-06-11,Customer_394,62,403.00
3194,2,2026-01-22,Customer_253,88,253.50
3195,39,2025-02-04,Customer_112,63,39.00
3196,43,2026-04-02,Customer_179,27,253.50
3197,17,2025-06-15,Customer_58,97,273.00
3198,23,2025-03-05,Customer_300,96,435.50
3199,26,2025-11-29,Customer_282,23,507.00
3200,6,2025-02-08,Customer_421,98,637.00
3201,21,2025-02-17,Customer_38,38,253.50
3202,49,2025-01-10,Customer_190,84,52.00
3203,41,2025-05-09,Customer_345,14,78.00
3204,35,2025-03-02,Customer_461,81,507.00
3205,7,2026-06-19,Customer_203,68,617.50
3206,5,2025-03-23,Customer_466,99,169.00
3207,6,2025-07-04,Customer_212,74,19.50
3208,38,2026-08-22,Customer_51,43,565.50
3209,12,2024-12-03,Customer_353,89,318.50
3210,46,2025-03-03,Customer_404,20,396.50
3211,38,2025-07-26,Customer_78,19,273.00
3212,33,2026-05-23,Customer_107,97,84.50
3213,49,2026-03-23,Customer_419,97,546.00
3214,3,2025-09-15,Customer_273,30,494.00
3215,12,2026-02-22,Customer_115,16,461.50
3216,3,2025-05-05,Customer_454,23,526.50
3217,14,2026-02-17,Customer_302,18,143.00
3218,31,2026-04-22,Customer_6,31,526.50
3219,33,2026-02-17,Customer_114,66,162.50
3220,14,2026-07-17,Customer_333,93,208.00
3221,7,2026-04-03,Customer_399,81,650.00
3222,11,2025-11-21,Customer_177,100,383.50
3223,40,2025-09-08,Customer_163,53,58.50
3224,39,2024-12-01,Customer_452,5,520.00
3225,28,2025-05-12,Customer_33,49,32.50
3226,30,2025-06-02,Customer_167,12,136.50
3227,34,2026-01-22,Customer_492,79,643.50
3228,12,2026-01-18,Customer_176,24,507.00
3229,21,2025-07-19,Customer_398,42,604.50
3230,10,2026-04-17,Customer_402,93,65.00
3231,17,2025-09-09,Customer_336,88,130.00
3232,43,2024-10-06,Customer_449,49,195.00
3233,6,2026-01-28,Customer_87,35,422.50
3234,27,2025-09-16,Customer_277,37,390.00
3235,40,2024-12-15,Customer_114,14,195.00
3236,45,2024-10-23,Customer_466,12,416.00
3237,14,2025-05-06,Customer_3,89,611.00
3238,24,2025-05-15,Customer_218,100,299.00
3239,32,2025-11-19,Customer_138,59,403.00
3240,7,2025-02-20,Customer_172,47,123.50
3241,20,2025-04-26,Customer_444,42,344.50
3242,31,2025-10-24,Customer_333,95,260.00
3243,3,2025-01-02,Customer_100,92,221.00
3244,32,2026-02-28,Customer_129,72,383.50
3245,23,2025-11-24,Customer_133,68,643.50
3246,26,2024-10-17,Customer_207,37,617.50
3247,15,2025-10-24,Customer_359,56,422.50
3248,9,2026-09-24,Customer_350,82,364.00
3249,44,2024-11-21,Customer_28,49,455.00
3250,23,2025-12-03,Customer_171,44,286.00
3251,44,2025-03-25,Customer_352,34,533.00
3252,32,2026-07-12,Customer_417,49,396.50
3253,48,2024-12-13,Customer_429,3,162.50
3254,32,2026-07-09,Customer_396,55,383.50
3255,46,2025-06-30,Customer_58,40,552.50
3256,24,2026-07-30,Customer_46,38,32.50
3257,11,2025-11-09,Customer_422,72,195.00
3258,6,2026-07-22,Customer_120,26,409.50
3259,9,2025-02-11,Customer_401,25,357.50
3260,7,2025-05-24,Customer_28,92,565.50
3261,33,2025-11-28,Customer_478,43,318.50
3262,43,2025-02-17,Customer_182,33,403.00
3263,28,2025-08-01,Customer_432,95,442.00
3264,26,2025-07-02,Customer_23,6,136.50
3265,10,2026-02-06,Customer_126,59,195.00
3266,2,2025-06-12,Customer_405,79,429.00
3267,38,2026-05-24,Customer_192,91,143.00
3268,7,2026-01-31,Customer_498,27,6.50
3269,43,2025-05-02,Customer_178,85,208.00
3270,7,2025-02-16,Customer_471,48,130.00
3271,12,2026-06-28,Customer_198,85,585.00
3272,26,2026-01-17,Customer_245,10,292.50
3273,15,2026-02-16,Customer_370,88,39.00
3274,14,2025-10-17,Customer_479,22,487.50
3275,32,2025-08-14,Customer_346,17,416.00
3276,10,2025-08-24,Customer_47,21,312.00
3277,35,2026-04-13,Customer_473,12,97.50
3278,6,2025-04-21,Customer_285,52,299.00
3279,34,2026-03-23,Customer_489,7,526.50
3280,17,2026-05-04,Customer_74,77,188.50
3281,50,2026-08-09,Customer_401,70,604.50
3282,5,2026-09-20,Customer_392,94,91.00
3283,47,2025-06-05,Customer_122,94,71.50
3284,44,2025-07-15,Customer_449,10,58.50
3285,39,2025-10-02,Customer_329,12,214.50
3286,19,2025-06-18,Customer_277,70,448.50
3287,18,2026-08-21,Customer_455,76,6.50
3288,4,2024-10-14,Customer_461,8,97.50
3289,45,2026-09-08,Customer_380,40,507.00
3290,36,2026-06-29,Customer_414,42,572.00
3291,42,2026-01-02,Customer_41,67,604.50
3292,17,2026-01-31,Customer_230,45,429.00
3293,39,2026-02-03,Customer_273,26,266.50
3294,1,2026-08-10,Customer_67,31,591.50
3295,26,2025-03-21,Customer_264,100,442.00
3296,15,2025-06-04,Customer_458,87,494.00
3297,21,2025-06-22,Customer_4,3,286.00
3298,1,2025-05-16,Customer_101,12,253.50
3299,8,2026-04-11,Customer_67,21,84.50
3300,4,2025-04-05,Customer_416,19,123.50
3301,30,2026-05-28,Customer_241,68,357.50
3302,32,2025-02-20,Customer_306,95,435.50
3303,36,2025-07-02,Customer_227,5,539.50
3304,48,2025-10-01,Customer_74,93,455.00
3305,23,2024-11-01,Customer_256,75,260.00
3306,50,2026-07-25,Customer_446,30,435.50
3307,18,2025-04-29,Customer_416,49,559.00
3308,47,2025-09-06,Customer_309,98,13.00
3309,12,2025-07-04,Customer_363,3,455.00
3310,12,2026-03-18,Customer_88,12,357.50
3311,41,2026-01-16,Customer_482,2,409.50
3312,15,2024-11-23,Customer_111,66,240.50
3313,38,2025-07-20,Customer_452,94,286.00
3314,29,2026-09-23,Customer_343,79,455.00
3315,41,2024-11-03,Customer_125,56,182.00
3316,36,2025-10-06,Customer_351,71,578.50
3317,24,2025-04-27,Customer_259,63,182.00
3318,8,2024-10-31,Customer_180,34,338.00
3319,9,2025-01-02,Customer_180,34,546.00
3320,37,2025-08-16,Customer_21,76,247.00
3321,17,2025-01-03,Customer_399,99,162.50
3322,44,2024-10-28,Customer_252,9,162.50
3323,29,2026-01-03,Customer_202,91,585.00
3324,13,2025-04-14,Customer_93,3,643.50
3325,24,2025-12-22,Customer_317,55,539.50
3326,26,2024-10-26,Customer_92,81,195.00
3327,6,2025-10-22,Customer_390,82,240.50
3328,39,2024-11-25,Customer_153,19,91.00
3329,7,2026-05-30,Customer_263,34,78.00
3330,47,2025-11-05,Customer_353,44,351.00
3331,43,2025-05-16,Customer_417,66,247.00
3332,24,2025-01-01,Customer_113,73,6.50
3333,41,2026-05-26,Customer_242,44,637.00
3334,36,2025-10-02,Customer_443,44,110.50
3335,39,2024-10-27,Customer_255,7,247.00
3336,41,2026-03-24,Customer_188,12,643.50
3337,14,2026-07-23,Customer_262,31,331.50
3338,14,2025-03-11,Customer_437,92,604.50
3339,14,2025-06-24,Customer_52,8,552.50
3340,3,2026-03-17,Customer_95,92,117.00
3341,14,2026-04-24,Customer_102,88,123.50
3342,43,2025-07-01,Customer_391,52,598.00
3343,8,2024-12-23,Customer_199,78,162.50
3344,19,2026-01-31,Customer_130,61,455.00
3345,42,2025-06-11,Customer_237,18,195.00
3346,40,2026-09-07,Customer_495,6,32.50
3347,9,2026-05-15,Customer_411,10,169.00
3348,13,2026-07-17,Customer_454,11,325.00
3349,24,2026-07-20,Customer_165,20,468.00
3350,15,2026-03-11,Customer_340,45,292.50
3351,5,2025-06-01,Customer_144,84,208.00
3352,49,2025-10-27,Customer_52,46,227.50
3353,8,2026-06-01,Customer_229,17,429.00
3354,29,2025-08-25,Customer_208,53,279.50
3355,43,2025-07-08,Customer_496,59,565.50
3356,14,2025-07-25,Customer_70,65,149.50
3357,39,2026-05-05,Customer_238,74,234.00
3358,23,2026-05-06,Customer_364,13,637.00
3359,17,2025-10-09,Customer_278,8,169.00
3360,9,2025-09-02,Customer_172,97,143.00
3361,35,2024-10-16,Customer_136,99,409.50
3362,13,2024-10-20,Customer_162,66,130.00
3363,10,2024-11-11,Customer_6,85,214.50
3364,21,2025-09-23,Customer_110,62,637.00
3365,41,2026-09-11,Customer_237,16,65.00
3366,44,2025-11-06,Customer_308,89,32.50
3367,2,2025-08-20,Customer_234,63,409.50
3368,33,2026-10-03,Customer_165,70,325.00
3369,25,2026-07-14,Customer_77,60,78.00
3370,25,2025-09-21,Customer_454,26,162.50
3371,41,2026-05-26,Customer_354,33,227.50
3372,23,2025-01-09,Customer_34,35,539.50
3373,45,2025-05-23,Customer_457,4,305.50
3374,32,2025-10-28,Customer_450,12,266.50
3375,10,2025-09-02,Customer_226,73,19.50
3376,4,2026-09-10,Customer_30,27,175.50
3377,7,2024-10-24,Customer_125,36,6.50
3378,18,2026-02-26,Customer_439,80,130.00
3379,8,2026-04-05,Customer_193,93,201.50
3380,19,2026-07-27,Customer_416,16,487.50
3381,43,2026-03-31,Customer_152,84,357.50
3382,25,2025-04-23,Customer_278,8,162.50
3383,15,2025-06-16,Customer_298,93,130.00
3384,26,2025-11-12,Customer_342,49,201.50
3385,27,2026-01-26,Customer_255,91,240.50
3386,25,2025-02-14,Customer_223,95,487.50
3387,47,2025-05-08,Customer_18,55,182.00
3388,17,2025-04-25,Customer_414,36,461.50
3389,26,2024-12-20,Customer_225,63,409.50
3390,35,2026-05-12,Customer_156,7,32.50
3391,5,2026-05-22,Customer_58,7,637.00
3392,47,2026-07-11,Customer_211,63,84.50
3393,16,2024-11-29,Customer_474,19,572.00
3394,2,2025-06-24,Customer_40,70,643.50
3395,17,2026-08-22,Customer_426,86,71.50
3396,11,2024-12-09,Customer_481,85,39.00
3397,4,2025-05-25,Customer_236,32,91.00
3398,25,2026-08-14,Customer_345,96,468.00
3399,39,2026-01-27,Customer_497,15,97.50
3400,29,2026-07-23,Customer_87,81,526.50
3401,24,2024-12-12,Customer_30,56,461.50
3402,43,2026-01-27,Customer_94,36,188.50
3403,45,2026-06-02,Customer_270,30,201.50
3404,47,2024-12-29,Customer_245,43,195.00
3405,12,2025-08-05,Customer_20,7,182.00
3406,2,2026-09-15,Customer_139,34,637.00
3407,6,2026-05-16,Customer_273,84,318.50
3408,37,2025-07-30,Customer_62,97,325.00
3409,28,2025-03-01,Customer_205,70,461.50
3410,3,2025-08-18,Customer_280,91,351.00
3411,4,2025-07-07,Customer_245,87,611.00
3412,2,2025-03-13,Customer_229,88,169.00
3413,11,2025-04-11,Customer_380,3,650.00
3414,20,2025-05-20,Customer_71,28,188.50
3415,1,2026-01-11,Customer_96,20,565.50
3416,35,2025-12-02,Customer_86,23,162.50
3417,11,2026-06-30,Customer_276,21,591.50
3418,16,2026-01-07,Customer_62,15,318.50
3419,8,2026-05-06,Customer_388,26,97.50
3420,21,2025-06-29,Customer_136,44,364.00
3421,46,2026-08-27,Customer_227,38,299.00
3422,37,2024-11-19,Customer_450,15,266.50
3423,46,2025-08-05,Customer_281,17,416.00
3424,10,2026-05-15,Customer_255,69,292.50
3425,24,2026-02-08,Customer_486,52,598.00
3426,34,2025-03-01,Customer_436,62,91.00
3427,50,2026-07-09,Customer_496,46,247.00
3428,8,2024-12-19,Customer_457,63,487.50
3429,18,2026-08-21,Customer_167,80,13.00
3430,43,2025-01-17,Customer_431,41,260.00
3431,4,2024-12-18,Customer_473,31,500.50
3432,24,2025-01-03,Customer_318,81,247.00
3433,12,2026-09-27,Customer_494,60,487.50
3434,17,2026-04-14,Customer_438,48,279.50
3435,32,2026-05-03,Customer_318,68,156.00
3436,47,2024-10-06,Customer_190,80,110.50
3437,11,2026-04-27,Customer_255,42,383.50
3438,12,2026-07-14,Customer_398,20,331.50
3439,47,2026-05-17,Customer_259,27,305.50
3440,43,2025-12-03,Customer_289,59,422.50
3441,33,2025-11-04,Customer_260,78,487.50
3442,11,2026-05-28,Customer_167,94,565.50
3443,25,2024-10-19,Customer_264,37,422.50
3444,5,2026-09-17,Customer_138,47,422.50
3445,33,2026-01-31,Customer_445,6,429.00
3446,4,2025-03-05,Customer_35,8,13.00
3447,1,2026-09-10,Customer_211,32,130.00
3448,12,2025-06-20,Customer_455,16,357.50
3449,22,2025-11-07,Customer_373,61,78.00
3450,3,2024-10-20,Customer_78,21,136.50
3451,2,2026-02-26,Customer_263,32,526.50
3452,37,2026-07-04,Customer_464,19,305.50
3453,23,2026-03-11,Customer_411,82,19.50
3454,49,2025-12-09,Customer_27,71,97.50
3455,31,2025-04-24,Customer_324,17,403.00
3456,20,2026-06-27,Customer_434,65,175.50
3457,20,2026-10-02,Customer_56,24,624.00
3458,33,2026-05-18,Customer_40,55,45.50
3459,19,2026-09-08,Customer_476,84,559.00
3460,1,2025-12-10,Customer_104,20,136.50
3461,18,2026-03-07,Customer_46,96,377.00
3462,39,2026-04-16,Customer_244,4,630.50
3463,45,2025-07-16,Customer_340,63,143.00
3464,1,2026-06-11,Customer_149,41,474.50
3465,47,2024-10-29,Customer_367,52,578.50
3466,45,2026-06-16,Customer_418,84,175.50
3467,6,2026-09-19,Customer_44,4,78.00
3468,36,2026-05-15,Customer_161,10,13.00
3469,17,2025-10-30,Customer_234,21,136.50
3470,39,2025-08-04,Customer_304,68,578.50
3471,31,2026-03-21,Customer_41,2,266.50
3472,32,2025-08-16,Customer_352,9,487.50
3473,6,2024-10-26,Customer_396,35,396.50
3474,34,2025-12-21,Customer_329,37,396.50
3475,9,2025-04-20,Customer_209,43,507.00
3476,21,2026-07-11,Customer_206,100,208.00
3477,15,2026-08-24,Customer_477,78,442.00
3478,16,2025-10-02,Customer_31,19,182.00
3479,42,2024-12-14,Customer_491,85,65.00
3480,18,2025-05-04,Customer_484,45,533.00
3481,25,2025-07-06,Customer_274,85,32.50
3482,16,2026-02-20,Customer_121,100,481.00
3483,42,2024-11-26,Customer_448,79,604.50
3484,44,2026-03-08,Customer_463,64,455.00
3485,12,2025-05-15,Customer_283,32,71.50
3486,26,2026-05-17,Customer_250,48,351.00
3487,10,2025-09-28,Customer_401,6,136.50
3488,31,2025-05-15,Customer_14,25,149.50
3489,41,2025-11-15,Customer_443,15,260.00
3490,27,2026-09-24,Customer_78,51,383.50
3491,22,2025-06-11,Customer_152,15,572.00
3492,10,2025-05-17,Customer_224,23,234.00
3493,17,2025-11-15,Customer_379,18,630.50
3494,27,2025-04-16,Customer_34,9,650.00
3495,19,2025-05-21,Customer_315,92,624.00
3496,24,2025-08-12,Customer_452,47,552.50
3497,5,2024-12-08,Customer_426,39,169.00
3498,30,2026-03-16,Customer_291,78,578.50
3499,19,2025-09-11,Customer_44,57,351.00
3500,43,2026-05-01,Customer_372,82,533.00
3501,6,2025-06-18,Customer_224,26,377.00
3502,49,2025-12-17,Customer_37,27,357.50
3503,34,2025-08-02,Customer_16,55,19.50
3504,4,2025-05-15,Customer_204,99,104.00
3505,27,2025-04-01,Customer_476,26,84.50
3506,32,2025-03-28,Customer_85,28,188.50
3507,5,2025-02-24,Customer_279,100,156.00
3508,12,2025-01-10,Customer_157,27,299.00
3509,11,2025-06-26,Customer_183,76,247.00
3510,48,2025-04-19,Customer_63,99,117.00
3511,9,2025-01-13,Customer_487,1,58.50
3512,7,2025-07-04,Customer_489,68,403.00
3513,24,2025-11-11,Customer_469,78,409.50
3514,37,2025-07-07,Customer_370,38,468.00
3515,19,2026-05-27,Customer_126,77,123.50
3516,44,2026-04-25,Customer_395,14,598.00
3517,41,2025-02-12,Customer_136,25,45.50
3518,25,2026-04-20,Customer_36,92,442.00
3519,33,2025-04-05,Customer_433,65,292.50
3520,40,2026-02-11,Customer_176,92,403.00
3521,42,2024-11-03,Customer_256,75,565.50
3522,4,2025-10-23,Customer_409,75,65.00
3523,9,2024-10-20,Customer_464,97,526.50
3524,3,2025-03-29,Customer_278,88,58.50
3525,5,2025-07-11,Customer_28,66,201.50
3526,1,2026-08-10,Customer_57,61,188.50
3527,9,2025-06-10,Customer_367,59,39.00
3528,22,2026-02-06,Customer_210,14,253.50
3529,43,2025-05-11,Customer_284,7,624.00
3530,22,2024-12-21,Customer_473,86,273.00
3531,34,2025-11-12,Customer_465,68,507.00
3532,39,2025-02-27,Customer_62,100,474.50
3533,9,2026-04-14,Customer_271,41,97.50
3534,26,2024-11-24,Customer_58,37,390.00
3535,50,2024-10-06,Customer_348,94,396.50
3536,44,2026-09-22,Customer_291,30,110.50
3537,19,2024-12-05,Customer_498,55,409.50
3538,6,2025-06-22,Customer_208,100,351.00
3539,11,2025-11-16,Customer_249,92,338.00
3540,7,2025-11-22,Customer_338,23,585.00
3541,1,2024-10-17,Customer_67,92,650.00
3542,12,2025-08-22,Customer_460,42,91.00
3543,26,2026-07-15,Customer_477,71,585.00
3544,50,2026-02-02,Customer_139,7,175.50
3545,2,2025-07-30,Customer_297,74,546.00
3546,18,2026-01-07,Customer_175,75,448.50
3547,12,2025-05-13,Customer_497,96,487.50
3548,17,2025-06-10,Customer_270,99,435.50
3549,3,2026-02-19,Customer_458,81,455.00
3550,2,2025-10-21,Customer_439,18,117.00
3551,10,2025-06-26,Customer_100,64,442.00
3552,39,2025-07-21,Customer_84,16,591.50
3553,4,2024-10-13,Customer_225,27,526.50
3554,8,2025-04-15,Customer_375,11,383.50
3555,23,2025-10-07,Customer_39,51,279.50
3556,2,2024-11-03,Customer_407,32,162.50
3557,4,2025-01-18,Customer_450,25,377.00
3558,39,2024-10-12,Customer_247,16,539.50
3559,23,2024-11-07,Customer_40,15,292.50
3560,26,2026-09-01,Customer_109,38,442.00
3561,21,2026-05-29,Customer_249,20,351.00
3562,11,2025-06-28,Customer_197,89,227.50
3563,16,2025-06-02,Customer_326,33,221.00
3564,46,2024-10-25,Customer_318,54,143.00
3565,42,2024-12-11,Customer_498,37,286.00
3566,16,2025-03-05,Customer_321,59,221.00
3567,34,2026-09-18,Customer_256,14,91.00
3568,6,2026-01-09,Customer_287,33,643.50
3569,14,2025-01-13,Customer_404,18,156.00
3570,45,2025-10-08,Customer_128,67,318.50
3571,26,2025-09-13,Customer_57,55,279.50
3572,39,2026-08-19,Customer_372,98,331.50
3573,30,2026-06-22,Customer_268,85,143.00
3574,3,2025-10-22,Customer_76,9,188.50
3575,23,2025-08-28,Customer_30,64,45.50
3576,27,2025-12-04,Customer_376,96,396.50
3577,47,2026-08-29,Customer_153,38,117.00
3578,7,2026-04-12,Customer_425,79,208.00
3579,17,2024-11-14,Customer_74,43,338.00
3580,36,2026-09-26,Customer_341,78,221.00
3581,49,2025-05-10,Customer_95,67,409.50
3582,24,2025-06-27,Customer_425,48,227.50
3583,45,2025-07-07,Customer_331,1,468.00
3584,30,2026-07-11,Customer_33,83,39.00
3585,7,2026-01-13,Customer_176,16,585.00
3586,16,2025-04-09,Customer_25,17,630.50
3587,30,2026-06-22,Customer_134,85,422.50
3588,21,2024-12-22,Customer_22,60,117.00
3589,8,2025-03-22,Customer_221,59,481.00
3590,3,2026-06-16,Customer_315,7,325.00
3591,6,2026-04-10,Customer_148,46,526.50
3592,33,2025-09-17,Customer_128,74,71.50
3593,11,2025-09-26,Customer_484,44,435.50
3594,35,2025-07-09,Customer_431,86,286.00
3595,46,2025-06-02,Customer_55,96,617.50
3596,43,2026-03-04,Customer_221,26,383.50
3597,45,2025-02-05,Customer_24,18,214.50
3598,33,2025-08-08,Customer_72,64,357.50
3599,41,2024-10-10,Customer_101,28,78.00
3600,2,2025-02-27,Customer_273,59,383.50
3601,8,2025-10-09,Customer_132,84,273.00
3602,28,2026-04-28,Customer_338,43,260.00
3603,19,2026-05-24,Customer_339,71,429.00
3604,24,2024-11-27,Customer_43,2,533.00
3605,43,2025-10-22,Customer_317,13,364.00
3606,22,2025-09-21,Customer_44,45,26.00
3607,48,2026-07-29,Customer_371,66,175.50
3608,38,2026-08-31,Customer_311,57,175.50
3609,18,2025-06-29,Customer_369,98,19.50
3610,11,2026-04-25,Customer_360,36,377.00
3611,26,2025-10-21,Customer_72,5,71.50
3612,5,2025-07-26,Customer_469,55,650.00
3613,18,2026-04-27,Customer_457,31,331.50
3614,28,2025-01-24,Customer_26,61,143.00
3615,36,2026-08-06,Customer_484,77,578.50
3616,8,2025-11-22,Customer_197,1,39.00
3617,46,2026-06-18,Customer_238,77,221.00
3618,13,2026-03-13,Customer_66,53,448.50
3619,29,2024-11-11,Customer_67,89,377.00
3620,43,2026-08-25,Customer_22,35,468.00
3621,42,2026-09-17,Customer_287,71,474.50
3622,3,2026-01-08,Customer_109,38,520.00
3623,37,2025-01-03,Customer_403,60,26.00
3624,48,2026-06-28,Customer_472,28,110.50
3625,36,2025-05-16,Customer_204,56,546.00
3626,33,2025-06-26,Customer_372,50,325.00
3627,49,2026-02-21,Customer_486,32,390.00
3628,6,2024-10-30,Customer_351,100,117.00
3629,23,2026-07-16,Customer_312,77,162.50
3630,12,2024-12-08,Customer_118,68,533.00
3631,3,2024-12-19,Customer_125,70,578.50
3632,43,2025-11-29,Customer_253,57,286.00
3633,34,2026-06-09,Customer_141,64,97.50
3634,12,2026-09-10,Customer_65,77,253.50
3635,30,2024-12-16,Customer_279,41,357.50
3636,35,2025-02-26,Customer_359,10,630.50
3637,10,2025-05-15,Customer_443,75,279.50
3638,26,2025-09-09,Customer_382,79,253.50
3639,11,2025-12-17,Customer_143,63,143.00
3640,23,2026-09-07,Customer_337,95,429.00
3641,13,2026-04-10,Customer_462,8,643.50
3642,46,2026-08-14,Customer_32,22,591.50
3643,8,2024-10-20,Customer_90,11,195.00
3644,20,2026-02-25,Customer_86,89,585.00
3645,8,2026-04-01,Customer_48,55,143.00
3646,1,2026-07-12,Customer_221,52,559.00
3647,42,2025-08-29,Customer_381,47,604.50
3648,10,2026-09-18,Customer_151,55,617.50
3649,9,2026-01-24,Customer_74,59,117.00
3650,13,2026-08-22,Customer_52,2,13.00
3651,20,2025-10-31,Customer_120,38,357.50
3652,32,2025-11-02,Customer_16,82,650.00
3653,10,2025-01-09,Customer_482,93,624.00
3654,2,2025-02-01,Customer_389,97,6.50
3655,38,2025-01-19,Customer_378,52,494.00
3656,25,2026-09-23,Customer_447,7,429.00
3657,15,2024-11-13,Customer_458,33,195.00
3658,50,2024-12-14,Customer_165,31,266.50
3659,48,2026-10-05,Customer_228,87,338.00
3660,11,2026-01-14,Customer_202,56,13.00
3661,17,2025-05-26,Customer_87,65,58.50
3662,6,2026-09-07,Customer_137,36,234.00
3663,44,2025-02-19,Customer_104,63,578.50
3664,25,2025-06-11,Customer_480,99,481.00
3665,38,2024-11-25,Customer_187,68,65.00
3666,43,2026-05-05,Customer_254,46,221.00
3667,26,2026-06-07,Customer_86,4,578.50
3668,25,2026-04-09,Customer_145,97,208.00
3669,19,2025-05-31,Customer_455,58,403.00
3670,1,2025-09-24,Customer_320,82,299.00
3671,45,2025-04-21,Customer_431,22,565.50
3672,19,2025-04-11,Customer_290,14,221.00
3673,50,2025-05-16,Customer_319,89,591.50
3674,18,2026-03-17,Customer_110,99,234.00
3675,23,2026-03-18,Customer_212,38,351.00
3676,50,2026-08-21,Customer_338,25,52.00
3677,38,2025-07-14,Customer_358,5,526.50
3678,14,2025-07-26,Customer_308,93,442.00
3679,25,2025-07-24,Customer_160,73,422.50
3680,29,2024-12-09,Customer_388,43,598.00
3681,37,2026-03-02,Customer_198,91,624.00
3682,37,2025-09-19,Customer_76,10,318.50
3683,23,2025-01-05,Customer_110,35,370.50
3684,17,2026-08-06,Customer_372,36,182.00
3685,27,2025-03-01,Customer_253,33,318.50
3686,4,2025-07-01,Customer_87,85,624.00
3687,1,2025-06-09,Customer_447,2,591.50
3688,1,2025-10-23,Customer_16,98,188.50
3689,34,2026-04-28,Customer_157,86,279.50
3690,14,2026-03-31,Customer_137,53,104.00
3691,49,2026-05-01,Customer_186,96,26.00
3692,15,2026-08-21,Customer_399,88,435.50
3693,43,2026-05-31,Customer_344,86,409.50
3694,6,2025-11-02,Customer_347,23,130.00
3695,25,2026-08-10,Customer_290,70,214.50
3696,14,2025-08-22,Customer_408,11,52.00
3697,35,2025-06-26,Customer_38,34,78.00
3698,37,2025-06-14,Customer_357,79,598.00
3699,6,2026-05-31,Customer_35,62,299.00
3700,13,2025-03-25,Customer_56,92,598.00
3701,5,2025-02-19,Customer_360,41,214.50
3702,37,2026-02-10,Customer_244,56,253.50
3703,41,2025-03-11,Customer_243,40,97.50
3704,23,2026-03-03,Customer_476,93,175.50
3705,30,2025-01-26,Customer_128,95,292.50
3706,13,2025-08-18,Customer_244,66,149.50
3707,37,2026-06-06,Customer_177,25,162.50
3708,27,2026-02-16,Customer_279,100,416.00
3709,36,2025-09-27,Customer_402,69,6.50
3710,28,2024-11-09,Customer_98,38,500.50
3711,3,2026-09-22,Customer_352,61,195.00
3712,31,2024-12-29,Customer_185,75,214.50
3713,44,2026-02-25,Customer_81,85,513.50
3714,22,2026-03-30,Customer_104,31,487.50
3715,34,2025-09-22,Customer_110,32,84.50
3716,42,2025-10-12,Customer_240,35,143.00
3717,39,2025-04-19,Customer_231,7,572.00
3718,25,2025-10-10,Customer_479,34,188.50
3719,31,2025-10-29,Customer_273,94,104.00
3720,4,2026-04-30,Customer_282,62,292.50
3721,1,2025-10-23,Customer_18,72,591.50
3722,44,2024-12-12,Customer_320,39,474.50
3723,12,2026-09-25,Customer_137,99,598.00
3724,19,2025-12-25,Customer_462,3,403.00
3725,9,2025-01-21,Customer_329,8,351.00
3726,41,2024-10-23,Customer_141,40,266.50
3727,2,2025-01-01,Customer_269,65,461.50
3728,39,2025-11-18,Customer_381,69,227.50
3729,32,2024-12-30,Customer_68,49,604.50
3730,25,2025-09-08,Customer_258,5,188.50
3731,10,2025-11-23,Customer_78,60,201.50
3732,40,2025-01-14,Customer_201,55,208.00
3733,32,2026-03-13,Customer_244,88,364.00
3734,2,2025-06-26,Customer_225,17,58.50
3735,14,2025-08-25,Customer_194,95,52.00
3736,20,2025-08-08,Customer_429,28,32.50
3737,10,2024-12-28,Customer_83,55,188.50
3738,44,2026-03-01,Customer_433,53,71.50
3739,45,2025-09-09,Customer_110,54,208.00
3740,41,2025-03-16,Customer_413,96,494.00
3741,41,2025-07-11,Customer_9,23,247.00
3742,23,2024-12-29,Customer_485,80,331.50
3743,42,2025-10-21,Customer_481,17,52.00
3744,3,2025-04-08,Customer_360,2,455.00
3745,8,2025-09-03,Customer_193,81,585.00
3746,11,2025-12-25,Customer_496,97,253.50
3747,47,2025-01-16,Customer_196,53,442.00
3748,5,2026-07-08,Customer_229,37,357.50
3749,32,2024-10-10,Customer_124,61,182.00
3750,13,2025-03-15,Customer_62,2,13.00
3751,23,2026-06-06,Customer_354,80,32.50
3752,35,2025-05-05,Customer_324,2,520.00
3753,35,2024-12-17,Customer_404,96,104.00
3754,30,2025-06-14,Customer_270,31,6.50
3755,29,2025-09-18,Customer_323,18,331.50
3756,35,2025-10-31,Customer_44,46,240.50
3757,14,2025-05-22,Customer_228,91,468.00
3758,6,2025-10-10,Customer_100,24,331.50
3759,14,2024-11-23,Customer_285,10,377.00
3760,11,2026-02-06,Customer_149,17,370.50
3761,21,2025-05-20,Customer_7,21,461.50
3762,40,2025-05-22,Customer_223,5,585.00
3763,6,2025-03-03,Customer_151,80,143.00
3764,15,2025-07-11,Customer_230,32,585.00
3765,19,2025-12-11,Customer_113,36,344.50
3766,22,2025-10-07,Customer_419,48,221.00
3767,20,2025-05-04,Customer_71,69,344.50
3768,5,2025-09-04,Customer_112,65,45.50
3769,28,2026-05-19,Customer_193,70,201.50
3770,2,2025-06-24,Customer_225,83,286.00
3771,50,2025-01-07,Customer_11,63,97.50
3772,48,2026-05-30,Customer_257,75,201.50
3773,42,2025-06-10,Customer_180,62,344.50
3774,4,2026-07-06,Customer_92,80,123.50
3775,14,2024-11-28,Customer_30,15,169.00
3776,48,2026-06-23,Customer_136,10,208.00
3777,48,2025-03-25,Customer_35,20,13.00
3778,42,2025-09-21,Customer_318,94,266.50
3779,17,2025-06-02,Customer_284,51,416.00
3780,35,2025-10-27,Customer_355,21,247.00
3781,28,2025-03-10,Customer_311,92,26.00
3782,46,2026-01-23,Customer_487,36,598.00
3783,42,2025-11-20,Customer_431,4,468.00
3784,35,2026-01-27,Customer_21,42,598.00
3785,11,2024-11-01,Customer_309,28,26.00
3786,45,2025-01-23,Customer_333,90,117.00
3787,4,2025-05-19,Customer_247,51,487.50
3788,25,2025-06-08,Customer_373,22,429.00
3789,9,2025-02-14,Customer_123,84,422.50
3790,26,2025-12-12,Customer_383,29,26.00
3791,10,2024-12-31,Customer_302,76,513.50
3792,33,2026-06-20,Customer_338,59,182.00
3793,9,2025-08-04,Customer_358,21,312.00
3794,14,2025-03-20,Customer_461,87,585.00
3795,39,2026-04-14,Customer_100,31,130.00
3796,47,2026-07-19,Customer_312,86,175.50
3797,42,2026-06-24,Customer_373,65,292.50
3798,46,2025-09-15,Customer_449,40,429.00
3799,43,2026-02-10,Customer_419,59,344.50
3800,13,2026-04-12,Customer_239,72,468.00
3801,48,2025-11-16,Customer_487,87,312.00
3802,19,2026-03-25,Customer_152,96,572.00
3803,23,2025-06-26,Customer_406,84,500.50
3804,24,2025-05-24,Customer_433,51,364.00
3805,13,2025-11-22,Customer_462,7,455.00
3806,30,2026-07-24,Customer_181,35,416.00
3807,5,2026-07-23,Customer_228,3,169.00
3808,4,2026-03-21,Customer_173,8,539.50
3809,26,2026-04-06,Customer_198,67,630.50
3810,44,2025-10-12,Customer_366,32,188.50
3811,12,2025-10-02,Customer_337,67,234.00
3812,48,2026-08-31,Customer_212,100,143.00
3813,8,2026-08-05,Customer_412,74,383.50
3814,43,2026-07-04,Customer_348,3,611.00
3815,29,2025-02-16,Customer_402,61,182.00
3816,39,2025-07-04,Customer_269,34,520.00
3817,45,2025-04-09,Customer_256,65,624.00
3818,14,2025-04-27,Customer_496,46,351.00
3819,17,2025-07-21,Customer_172,26,104.00
3820,14,2026-05-15,Customer_21,22,91.00
3821,21,2025-01-02,Customer_134,6,169.00
3822,41,2025-12-23,Customer_371,66,344.50
3823,10,2026-01-10,Customer_368,62,364.00
3824,3,2026-02-11,Customer_443,52,117.00
3825,43,2025-06-03,Customer_203,93,71.50
3826,6,2025-07-25,Customer_173,59,539.50
3827,34,2025-11-05,Customer_273,67,32.50
3828,7,2025-03-31,Customer_468,7,481.00
3829,41,2025-11-06,Customer_226,61,370.50
3830,15,2026-03-24,Customer_412,10,312.00
3831,41,2026-08-31,Customer_299,25,214.50
3832,13,2026-01-23,Customer_359,14,84.50
3833,44,2025-10-13,Customer_187,57,338.00
3834,24,2025-12-11,Customer_199,63,487.50
3835,37,2025-01-25,Customer_263,19,260.00
3836,49,2025-04-17,Customer_405,33,247.00
3837,47,2024-12-15,Customer_285,31,195.00
3838,13,2026-01-14,Customer_303,35,279.50
3839,21,2025-01-16,Customer_331,86,526.50
3840,48,2025-07-21,Customer_267,21,325.00
3841,24,2024-12-08,Customer_390,94,500.50
3842,32,2024-11-08,Customer_352,68,442.00
3843,4,2025-01-28,Customer_135,78,279.50
3844,18,2025-03-13,Customer_189,7,409.50
3845,22,2026-04-23,Customer_60,21,201.50
3846,24,2026-01-05,Customer_314,34,390.00
3847,22,2024-10-11,Customer_195,62,591.50
3848,6,2025-08-10,Customer_15,41,630.50
3849,28,2025-01-13,Customer_379,76,305.50
3850,34,2025-10-15,Customer_333,23,149.50
3851,29,2026-05-24,Customer_176,50,19.50
3852,35,2025-05-12,Customer_418,6,539.50
3853,47,2024-12-10,Customer_158,55,149.50
3854,38,2025-02-19,Customer_346,12,123.50
3855,6,2025-08-29,Customer_383,5,221.00
3856,12,2026-01-04,Customer_150,70,26.00
3857,28,2026-03-14,Customer_458,60,234.00
3858,26,2026-09-05,Customer_437,7,422.50
3859,50,2026-08-26,Customer_109,25,546.00
3860,5,2025-07-26,Customer_130,34,6.50
3861,26,2026-03-21,Customer_280,82,273.00
3862,35,2025-05-23,Customer_66,31,572.00
3863,27,2026-06-18,Customer_109,10,45.50
3864,33,2025-08-20,Customer_336,3,305.50
3865,30,2025-12-07,Customer_369,9,6.50
3866,4,2026-06-15,Customer_316,12,305.50
3867,18,2025-06-07,Customer_144,73,357.50
3868,7,2026-06-10,Customer_102,8,286.00
3869,19,2024-12-09,Customer_323,79,429.00
3870,32,2026-08-24,Customer_39,34,526.50
3871,42,2025-04-10,Customer_143,95,370.50
3872,26,2026-05-10,Customer_76,90,39.00
3873,26,2025-08-13,Customer_290,9,591.50
3874,16,2025-02-26,Customer_453,82,468.00
3875,24,2024-10-29,Customer_146,30,32.50
3876,40,2025-10-21,Customer_12,37,429.00
3877,42,2026-09-28,Customer_325,58,52.00
3878,18,2025-04-24,Customer_368,38,273.00
3879,13,2025-09-17,Customer_250,45,539.50
3880,23,2025-03-31,Customer_207,94,351.00
3881,12,2026-04-26,Customer_420,28,162.50
3882,10,2025-11-16,Customer_40,65,500.50
3883,45,2025-04-20,Customer_52,34,487.50
3884,45,2025-03-13,Customer_314,92,136.50
3885,45,2025-09-10,Customer_226,20,539.50
3886,43,2026-06-30,Customer_154,29,208.00
3887,19,2025-04-23,Customer_220,42,143.00
3888,38,2025-08-09,Customer_343,50,91.00
3889,41,2025-09-18,Customer_164,85,6.50
3890,30,2024-11-07,Customer_374,66,149.50
3891,25,2025-11-06,Customer_259,87,312.00
3892,46,2024-10-13,Customer_415,78,481.00
3893,50,2026-06-21,Customer_187,48,188.50
3894,39,2025-03-13,Customer_462,42,130.00
3895,50,2025-07-16,Customer_309,58,195.00
3896,1,2025-12-03,Customer_248,66,182.00
3897,41,2025-08-11,Customer_427,93,286.00
3898,22,2025-01-29,Customer_53,70,513.50
3899,41,2025-05-15,Customer_416,57,338.00
3900,25,2026-02-27,Customer_5,54,351.00
3901,47,2025-07-21,Customer_448,78,13.00
3902,24,2026-01-09,Customer_49,36,455.00
3903,36,2026-03-06,Customer_429,24,435.50
3904,17,2025-12-04,Customer_32,82,227.50
3905,40,2025-01-14,Customer_451,93,630.50
3906,28,2025-08-02,Customer_185,40,266.50
3907,47,2025-12-15,Customer_441,81,234.00
3908,14,2026-03-24,Customer_355,73,221.00
3909,31,2026-08-09,Customer_305,6,130.00
3910,38,2025-02-21,Customer_81,3,578.50
3911,27,2026-05-10,Customer_182,72,305.50
3912,11,2025-10-18,Customer_483,32,604.50
3913,24,2025-06-12,Customer_47,39,195.00
3914,33,2025-10-20,Customer_264,81,338.00
3915,38,2024-12-28,Customer_127,23,396.50
3916,31,2025-07-24,Customer_358,17,227.50
3917,31,2025-01-01,Customer_460,88,221.00
3918,34,2026-08-30,Customer_142,85,149.50
3919,6,2025-10-15,Customer_24,37,39.00
3920,26,2025-09-14,Customer_51,1,494.00
3921,21,2024-10-23,Customer_463,28,130.00
3922,32,2026-08-17,Customer_337,85,123.50
3923,38,2025-08-18,Customer_314,10,435.50
3924,50,2026-06-14,Customer_109,22,331.50
3925,32,2026-02-11,Customer_210,13,494.00
3926,27,2025-09-04,Customer_40,77,409.50
3927,1,2026-01-04,Customer_284,100,429.00
3928,20,2026-01-11,Customer_439,66,247.00
3929,6,2025-04-02,Customer_15,76,461.50
3930,38,2026-06-30,Customer_105,26,136.50
3931,47,2026-09-02,Customer_149,17,91.00
3932,8,2026-03-04,Customer_424,77,175.50
3933,2,2025-12-07,Customer_247,62,240.50
3934,12,2026-09-16,Customer_471,66,611.00
3935,40,2026-02-16,Customer_361,38,429.00
3936,30,2024-12-17,Customer_98,88,169.00
3937,39,2025-08-13,Customer_1,26,6.50
3938,1,2025-02-04,Customer_364,47,123.50
3939,42,2025-08-21,Customer_121,49,507.00
3940,41,2025-11-13,Customer_151,41,611.00
3941,35,2025-07-10,Customer_10,78,422.50
3942,16,2025-04-03,Customer_174,93,422.50
3943,44,2025-05-22,Customer_108,49,357.50
3944,48,2025-12-16,Customer_191,95,279.50
3945,10,2025-01-31,Customer_53,76,416.00
3946,50,2025-11-15,Customer_138,72,377.00
3947,18,2025-09-05,Customer_47,61,71.50
3948,25,2025-07-07,Customer_334,93,390.00
3949,14,2025-01-07,Customer_384,35,526.50
3950,36,2026-07-13,Customer_355,84,546.00
3951,38,2024-12-24,Customer_18,80,507.00
3952,47,2026-09-09,Customer_362,84,539.50
3953,34,2025-02-25,Customer_406,77,6.50
3954,19,2025-04-28,Customer_155,24,552.50
3955,30,2025-05-19,Customer_302,81,396.50
3956,13,2026-05-07,Customer_479,30,260.00
3957,28,2026-07-16,Customer_227,86,598.00
3958,43,2025-05-13,Customer_110,35,123.50
3959,24,2026-07-27,Customer_203,41,338.00
3960,28,2024-12-16,Customer_291,89,123.50
3961,20,2026-04-19,Customer_69,40,507.00
3962,44,2024-11-11,Customer_242,22,435.50
3963,33,2025-07-03,Customer_463,91,520.00
3964,18,2026-02-13,Customer_242,41,507.00
3965,23,2024-11-09,Customer_92,40,227.50
3966,41,2025-11-08,Customer_297,36,71.50
3967,33,2025-09-14,Customer_241,1,591.50
3968,43,2025-10-18,Customer_219,72,26.00
3969,13,2025-12-01,Customer_473,77,39.00
3970,7,2025-07-26,Customer_163,52,292.50
3971,39,2025-10-23,Customer_118,94,630.50
3972,11,2024-10-31,Customer_99,69,370.50
3973,32,2025-03-11,Customer_261,26,377.00
3974,18,2025-12-14,Customer_488,17,357.50
3975,16,2024-10-28,Customer_297,4,507.00
3976,23,2026-04-05,Customer_77,97,143.00
3977,38,2026-04-21,Customer_68,10,279.50
3978,7,2026-06-30,Customer_407,15,292.50
3979,21,2025-03-10,Customer_474,97,526.50
3980,40,2026-05-06,Customer_495,1,591.50
3981,25,2026-07-24,Customer_9,72,143.00
3982,14,2025-02-01,Customer_356,27,507.00
3983,47,2025-03-20,Customer_211,66,130.00
3984,1,2025-08-01,Customer_407,5,416.00
3985,48,2024-10-24,Customer_352,67,370.50
3986,12,2026-08-13,Customer_340,51,221.00
3987,40,2026-04-07,Customer_42,77,84.50
3988,34,2025-07-18,Customer_167,93,318.50
3989,8,2024-12-08,Customer_201,61,279.50
3990,7,2026-06-04,Customer_382,13,175.50
3991,50,2025-01-27,Customer_468,85,65.00
3992,23,2025-04-23,Customer_470,71,201.50
3993,45,2026-09-15,Customer_94,2,123.50
3994,46,2025-01-23,Customer_434,55,572.00
3995,33,2026-07-06,Customer_36,74,260.00
3996,12,2025-10-06,Customer_369,6,617.50
3997,9,2026-08-14,Customer_6,15,617.50
3998,18,2026-09-18,Customer_172,29,416.00
3999,5,2025-04-24,Customer_295,61,260.00
4000,40,2025-03-01,Customer_147,36,234.00
4001,40,2025-01-12,Customer_211,51,6.50
4002,38,2026-06-07,Customer_91,48,84.50
4003,34,2025-02-16,Customer_429,75,71.50
4004,47,2024-12-25,Customer_395,73,84.50
4005,10,2026-05-01,Customer_242,2,520.00
4006,43,2024-12-03,Customer_199,98,474.50
4007,33,2026-10-05,Customer_106,99,162.50
4008,37,2024-11-21,Customer_492,7,292.50
4009,33,2025-06-12,Customer_479,97,539.50
4010,16,2025-11-25,Customer_449,58,383.50
4011,28,2026-06-01,Customer_173,55,624.00
4012,39,2024-12-22,Customer_436,73,643.50
4013,20,2025-02-25,Customer_241,81,448.50
4014,7,2026-09-04,Customer_394,46,110.50
4015,2,2025-09-10,Customer_405,70,123.50
4016,10,2026-09-21,Customer_68,50,162.50
4017,2,2025-08-18,Customer_461,85,331.50
4018,37,2024-12-10,Customer_442,21,591.50
4019,1,2024-12-04,Customer_49,20,292.50
4020,23,2026-02-05,Customer_292,76,182.00
4021,25,2026-03-23,Customer_485,20,461.50
4022,49,2026-04-19,Customer_306,31,591.50
4023,34,2026-01-21,Customer_468,37,26.00
4024,44,2025-04-26,Customer_104,53,195.00
4025,26,2024-12-03,Customer_30,42,442.00
4026,34,2025-02-28,Customer_389,41,364.00
4027,43,2026-08-16,Customer_218,15,195.00
4028,13,2026-06-15,Customer_319,48,357.50
4029,28,2024-11-05,Customer_378,28,45.50
4030,17,2025-08-01,Customer_328,80,195.00
4031,25,2025-01-25,Customer_61,2,136.50
4032,7,2026-09-20,Customer_128,94,468.00
4033,5,2025-09-20,Customer_40,82,461.50
4034,39,2025-06-17,Customer_216,4,156.00
4035,20,2026-07-12,Customer_292,28,552.50
4036,24,2025-08-02,Customer_2,10,507.00
4037,20,2025-01-17,Customer_414,14,377.00
4038,34,2026-08-26,Customer_488,40,617.50
4039,40,2025-05-23,Customer_250,92,650.00
4040,21,2024-11-26,Customer_439,99,455.00
4041,13,2026-08-31,Customer_357,63,650.00
4042,50,2025-11-23,Customer_356,22,617.50
4043,25,2026-09-10,Customer_142,45,403.00
4044,35,2025-09-30,Customer_10,40,416.00
4045,31,2025-10-06,Customer_223,75,318.50
4046,16,2025-05-23,Customer_261,34,117.00
4047,45,2025-08-15,Customer_447,50,221.00
4048,33,2026-08-13,Customer_127,20,318.50
4049,19,2025-08-10,Customer_364,73,26.00
4050,44,2025-02-18,Customer_129,25,162.50
4051,43,2025-01-31,Customer_456,16,539.50
4052,12,2025-08-09,Customer_49,78,520.00
4053,21,2025-09-06,Customer_181,20,630.50
4054,14,2025-12-29,Customer_9,31,110.50
4055,15,2026-02-11,Customer_438,33,110.50
4056,27,2025-05-06,Customer_194,52,318.50
4057,13,2025-06-28,Customer_192,32,130.00
4058,17,2025-03-03,Customer_203,80,312.00
4059,26,2025-01-23,Customer_324,41,526.50
4060,26,2025-06-26,Customer_160,38,468.00
4061,4,2026-06-12,Customer_179,58,637.00
4062,20,2025-11-21,Customer_436,30,461.50
4063,40,2026-01-19,Customer_138,2,162.50
4064,34,2026-03-26,Customer_215,74,546.00
4065,9,2026-09-23,Customer_287,61,481.00
4066,25,2024-11-20,Customer_482,34,52.00
4067,24,2025-01-17,Customer_466,53,266.50
4068,11,2025-10-17,Customer_178,33,52.00
4069,22,2025-10-19,Customer_426,44,6.50
4070,22,2025-01-02,Customer_76,80,630.50
4071,13,2024-12-27,Customer_256,29,58.50
4072,28,2025-08-01,Customer_133,89,546.00
4073,32,2024-11-02,Customer_435,76,604.50
4074,46,2026-04-30,Customer_274,60,481.00
4075,44,2025-08-11,Customer_154,7,624.00
4076,24,2026-03-27,Customer_312,64,26.00
4077,17,2025-08-26,Customer_384,96,617.50
4078,7,2025-03-21,Customer_332,97,643.50
4079,6,2026-04-19,Customer_170,13,624.00
4080,40,2025-04-14,Customer_457,8,500.50
4081,32,2025-12-15,Customer_187,94,130.00
4082,48,2025-11-05,Customer_296,24,58.50
4083,34,2025-11-23,Customer_331,21,643.50
4084,17,2026-03-29,Customer_201,55,318.50
4085,37,2025-05-17,Customer_406,82,97.50
4086,4,2025-07-14,Customer_471,1,507.00
4087,24,2026-05-12,Customer_10,7,611.00
4088,34,2026-08-19,Customer_138,77,286.00
4089,1,2025-09-28,Customer_353,76,175.50
4090,36,2025-01-13,Customer_489,88,266.50
4091,23,2024-10-16,Customer_22,81,409.50
4092,48,2025-01-01,Customer_322,80,474.50
4093,43,2026-03-19,Customer_455,73,572.00
4094,47,2024-11-06,Customer_486,54,110.50
4095,20,2026-09-22,Customer_463,62,526.50
4096,26,2026-03-31,Customer_177,81,435.50
4097,10,2024-12-11,Customer_287,57,559.00
4098,18,2024-11-09,Customer_5,64,71.50
4099,1,2026-08-12,Customer_211,72,188.50
4100,18,2024-10-31,Customer_374,48,312.00
4101,28,2026-01-26,Customer_402,1,585.00
4102,43,2024-11-16,Customer_202,6,572.00
4103,5,2026-09-01,Customer_465,38,474.50
4104,28,2026-08-20,Customer_175,64,494.00
4105,41,2026-08-23,Customer_265,44,279.50
4106,2,2025-08-04,Customer_113,54,585.00
4107,8,2026-03-27,Customer_219,42,84.50
4108,37,2025-04-11,Customer_229,5,143.00
4109,40,2026-09-01,Customer_303,90,19.50
4110,13,2025-07-06,Customer_411,13,585.00
4111,24,2024-11-29,Customer_420,77,611.00
4112,41,2025-06-02,Customer_367,12,182.00
4113,31,2025-09-11,Customer_34,62,546.00
4114,9,2026-08-02,Customer_80,40,630.50
4115,25,2025-07-08,Customer_312,8,84.50
4116,44,2025-03-22,Customer_251,30,266.50
4117,24,2025-08-16,Customer_64,8,598.00
4118,2,2026-01-17,Customer_309,92,481.00
4119,37,2026-06-13,Customer_360,58,162.50
4120,24,2025-07-14,Customer_480,12,520.00
4121,4,2025-10-31,Customer_362,33,6.50
4122,50,2024-11-22,Customer_497,81,604.50
4123,19,2026-02-07,Customer_460,33,143.00
4124,29,2024-12-12,Customer_240,75,240.50
4125,30,2025-06-22,Customer_305,1,390.00
4126,11,2026-07-16,Customer_365,6,136.50
4127,40,2025-01-01,Customer_408,19,474.50
4128,8,2025-09-08,Customer_181,89,143.00
4129,42,2025-10-02,Customer_322,77,494.00
4130,17,2025-09-23,Customer_473,88,227.50
4131,4,2025-04-16,Customer_103,47,474.50
4132,9,2025-10-15,Customer_270,57,84.50
4133,43,2025-05-15,Customer_69,37,377.00
4134,34,2026-05-19,Customer_183,90,78.00
4135,26,2025-07-20,Customer_285,51,253.50
4136,44,2026-03-28,Customer_409,81,84.50
4137,41,2026-05-24,Customer_239,6,227.50
4138,22,2024-11-05,Customer_182,54,650.00
4139,34,2025-05-26,Customer_473,52,279.50
4140,41,2025-04-22,Customer_358,10,533.00
4141,3,2024-11-04,Customer_23,36,585.00
4142,26,2026-09-28,Customer_299,69,650.00
4143,3,2025-06-21,Customer_278,84,240.50
4144,1,2026-06-23,Customer_268,5,201.50
4145,20,2026-08-05,Customer_461,49,247.00
4146,29,2026-06-05,Customer_371,59,637.00
4147,24,2025-05-29,Customer_6,47,149.50
4148,4,2025-10-06,Customer_430,32,442.00
4149,48,2026-01-12,Customer_228,43,247.00
4150,50,2025-10-12,Customer_92,56,364.00
4151,23,2026-01-31,Customer_484,4,45.50
4152,11,2025-01-20,Customer_324,14,598.00
4153,18,2026-03-29,Customer_389,29,325.00
4154,3,2025-05-05,Customer_83,20,572.00
4155,10,2026-09-01,Customer_216,92,123.50
4156,14,2025-08-29,Customer_451,77,357.50
4157,42,2026-07-21,Customer_488,54,149.50
4158,43,2026-03-10,Customer_387,30,110.50
4159,35,2024-12-23,Customer_29,75,422.50
4160,33,2024-10-25,Customer_416,57,331.50
4161,18,2026-06-01,Customer_388,58,305.50
4162,47,2026-03-01,Customer_450,86,78.00
4163,12,2024-12-25,Customer_115,50,71.50
4164,27,2025-04-27,Customer_498,88,533.00
4165,32,2025-06-30,Customer_75,92,539.50
4166,7,2025-11-24,Customer_114,95,149.50
4167,37,2025-06-10,Customer_474,87,552.50
4168,31,2026-07-18,Customer_30,21,468.00
4169,34,2026-09-21,Customer_241,42,624.00
4170,17,2025-08-03,Customer_12,88,364.00
4171,12,2025-08-27,Customer_261,45,58.50
4172,27,2024-11-13,Customer_467,67,169.00
4173,26,2025-11-21,Customer_311,22,136.50
4174,35,2026-07-07,Customer_472,10,292.50
4175,24,2025-07-01,Customer_415,74,630.50
4176,7,2024-10-22,Customer_130,73,500.50
4177,35,2025-12-31,Customer_368,9,247.00
4178,30,2025-01-01,Customer_104,76,104.00
4179,13,2026-07-16,Customer_183,65,455.00
4180,36,2025-05-09,Customer_453,92,494.00
4181,45,2026-01-15,Customer_234,99,383.50
4182,1,2025-04-18,Customer_262,5,377.00
4183,43,2025-12-12,Customer_93,44,156.00
4184,41,2025-04-05,Customer_185,35,279.50
4185,3,2026-04-22,Customer_462,26,539.50
4186,16,2026-10-03,Customer_450,81,104.00
4187,24,2026-07-19,Customer_122,94,136.50
4188,17,2025-07-24,Customer_38,52,442.00
4189,44,2026-04-16,Customer_425,64,253.50
4190,41,2025-05-01,Customer_294,87,416.00
4191,28,2025-06-09,Customer_363,50,416.00
4192,23,2024-12-01,Customer_132,43,325.00
4193,26,2025-10-12,Customer_249,6,123.50
4194,41,2025-05-27,Customer_237,28,104.00
4195,5,2026-02-17,Customer_348,5,123.50
4196,9,2026-09-02,Customer_373,13,585.00
4197,17,2025-11-17,Customer_149,29,175.50
4198,31,2026-09-13,Customer_91,57,533.00
4199,43,2025-06-21,Customer_456,21,546.00
4200,45,2024-10-26,Customer_348,23,149.50
4201,27,2026-02-17,Customer_407,88,208.00
4202,24,2025-01-27,Customer_192,19,331.50
4203,12,2025-06-05,Customer_431,96,403.00
4204,30,2025-11-15,Customer_154,39,240.50
4205,9,2025-11-10,Customer_264,8,305.50
4206,5,2024-10-29,Customer_329,69,403.00
4207,27,2025-06-01,Customer_175,97,136.50
4208,36,2024-10-15,Customer_297,42,286.00
4209,31,2024-10-19,Customer_448,74,136.50
4210,12,2026-06-21,Customer_373,3,416.00
4211,32,2024-10-13,Customer_214,3,370.50
4212,40,2025-08-16,Customer_372,56,338.00
4213,18,2025-11-06,Customer_412,97,442.00
4214,44,2026-03-24,Customer_45,20,318.50
4215,4,2025-08-02,Customer_273,45,227.50
4216,20,2025-04-11,Customer_7,62,611.00
4217,41,2025-01-20,Customer_307,95,292.50
4218,25,2025-06-12,Customer_88,72,143.00
4219,18,2025-10-26,Customer_342,17,97.50
4220,37,2026-01-10,Customer_76,92,175.50
4221,47,2024-12-18,Customer_208,23,188.50
4222,39,2025-10-26,Customer_252,92,247.00
4223,40,2025-08-20,Customer_287,52,97.50
4224,25,2024-12-16,Customer_367,72,13.00
4225,17,2024-10-28,Customer_420,81,273.00
4226,32,2026-01-31,Customer_68,17,13.00
4227,24,2026-05-21,Customer_304,63,455.00
4228,38,2025-06-19,Customer_244,21,357.50
4229,32,2025-01-09,Customer_51,84,383.50
4230,28,2026-05-06,Customer_74,33,487.50
4231,22,2025-08-16,Customer_265,60,201.50
4232,26,2025-05-02,Customer_134,91,357.50
4233,39,2026-05-04,Customer_456,51,104.00
4234,38,2025-08-11,Customer_128,10,650.00
4235,2,2026-06-07,Customer_397,87,474.50
4236,11,2026-08-21,Customer_34,92,494.00
4237,37,2025-01-12,Customer_349,19,403.00
4238,45,2026-08-18,Customer_280,65,533.00
4239,6,2026-02-03,Customer_388,88,32.50
4240,39,2025-06-21,Customer_344,47,13.00
4241,36,2025-10-14,Customer_112,92,52.00
4242,23,2025-01-23,Customer_393,42,604.50
4243,8,2025-07-31,Customer_363,96,351.00
4244,44,2026-08-01,Customer_358,21,45.50
4245,44,2025-12-14,Customer_6,97,572.00
4246,19,2025-02-05,Customer_267,53,169.00
4247,13,2026-01-14,Customer_12,50,117.00
4248,4,2026-06-01,Customer_83,49,370.50
4249,32,2025-07-21,Customer_120,84,123.50
4250,6,2026-02-15,Customer_30,37,240.50
4251,49,2025-06-21,Customer_465,59,455.00
4252,45,2025-01-02,Customer_276,94,643.50
4253,25,2025-04-17,Customer_492,81,357.50
4254,2,2025-07-29,Customer_55,38,474.50
4255,5,2024-12-07,Customer_226,33,208.00
4256,41,2026-06-21,Customer_478,26,292.50
4257,1,2025-12-12,Customer_445,52,97.50
4258,49,2025-05-06,Customer_351,68,383.50
4259,4,2025-12-26,Customer_418,10,357.50
4260,9,2026-01-31,Customer_147,7,325.00
4261,45,2025-08-28,Customer_356,97,331.50
4262,36,2025-02-01,Customer_79,13,598.00
4263,29,2025-05-03,Customer_318,58,39.00
4264,15,2026-08-18,Customer_170,88,143.00
4265,21,2025-06-12,Customer_227,11,104.00
4266,35,2025-03-02,Customer_136,61,97.50
4267,7,2025-03-20,Customer_381,80,253.50
4268,40,2024-12-19,Customer_306,85,325.00
4269,15,2025-06-18,Customer_4,35,364.00
4270,34,2024-12-24,Customer_195,26,526.50
4271,48,2025-12-06,Customer_230,49,650.00
4272,1,2026-03-19,Customer_375,89,637.00
4273,48,2024-10-17,Customer_434,15,604.50
4274,43,2026-05-22,Customer_157,52,325.00
4275,45,2025-01-24,Customer_295,26,377.00
4276,37,2026-05-05,Customer_403,21,559.00
4277,27,2025-12-09,Customer_265,97,630.50
4278,30,2026-05-17,Customer_155,22,344.50
4279,5,2024-12-13,Customer_110,50,234.00
4280,22,2025-01-15,Customer_211,81,351.00
4281,41,2025-01-12,Customer_375,25,500.50
4282,6,2025-06-21,Customer_50,91,6.50
4283,50,2025-03-22,Customer_40,87,286.00
4284,37,2025-09-02,Customer_261,80,234.00
4285,46,2025-07-06,Customer_465,16,247.00
4286,10,2026-09-26,Customer_102,77,169.00
4287,15,2026-08-25,Customer_304,96,552.50
4288,43,2025-08-02,Customer_439,41,370.50
4289,3,2025-09-06,Customer_126,9,227.50
4290,2,2025-06-18,Customer_31,97,461.50
4291,27,2025-09-05,Customer_491,23,123.50
4292,10,2026-01-12,Customer_380,82,396.50
4293,3,2024-12-24,Customer_223,68,481.00
4294,18,2024-11-02,Customer_209,15,45.50
4295,9,2025-08-20,Customer_219,26,247.00
4296,43,2025-06-26,Customer_357,59,403.00
4297,41,2025-01-09,Customer_263,75,500.50
4298,44,2024-12-09,Customer_301,91,487.50
4299,42,2026-09-10,Customer_121,45,260.00
4300,23,2026-09-15,Customer_112,82,533.00
4301,43,2026-08-31,Customer_399,64,182.00
4302,39,2026-06-21,Customer_43,44,299.00
4303,50,2025-09-02,Customer_414,77,559.00
4304,31,2026-09-03,Customer_350,95,507.00
4305,34,2025-09-25,Customer_3,83,559.00
4306,49,2024-10-21,Customer_396,24,312.00
4307,13,2024-12-12,Customer_114,29,325.00
4308,3,2026-05-11,Customer_49,52,71.50
4309,9,2026-07-20,Customer_361,62,637.00
4310,37,2025-02-20,Customer_212,41,344.50
4311,18,2025-10-01,Customer_250,27,565.50
4312,44,2025-01-05,Customer_301,23,565.50
4313,34,2026-02-03,Customer_320,35,182.00
4314,1,2024-10-12,Customer_94,29,325.00
4315,50,2026-07-17,Customer_182,25,461.50
4316,37,2025-03-18,Customer_287,43,370.50
4317,42,2024-12-03,Customer_226,45,325.00
4318,5,2026-08-05,Customer_73,14,104.00
4319,36,2025-02-21,Customer_431,57,565.50
4320,12,2026-03-26,Customer_461,28,338.00
4321,47,2024-12-06,Customer_472,59,45.50
4322,45,2025-07-24,Customer_289,76,637.00
4323,4,2025-08-30,Customer_8,39,455.00
4324,3,2026-08-30,Customer_94,88,84.50
4325,47,2026-02-01,Customer_239,88,591.50
4326,6,2025-03-20,Customer_152,13,533.00
4327,12,2025-06-13,Customer_285,30,260.00
4328,21,2025-07-22,Customer_86,93,97.50
4329,24,2025-06-14,Customer_428,69,279.50
4330,6,2025-03-25,Customer_146,100,91.00
4331,50,2026-07-15,Customer_287,64,97.50
4332,13,2025-01-24,Customer_185,88,559.00
4333,39,2025-11-23,Customer_159,80,45.50
4334,48,2025-03-24,Customer_6,68,130.00
4335,47,2024-12-15,Customer_362,93,429.00
4336,34,2026-01-07,Customer_59,9,286.00
4337,5,2025-07-13,Customer_59,81,487.50
4338,36,2026-04-29,Customer_63,94,533.00
4339,11,2024-10-17,Customer_77,41,253.50
4340,39,2026-02-27,Customer_441,98,552.50
4341,16,2025-10-23,Customer_363,1,487.50
4342,3,2025-09-24,Customer_15,87,318.50
4343,10,2026-09-16,Customer_148,11,591.50
4344,16,2026-09-22,Customer_43,28,650.00
4345,49,2026-03-31,Customer_396,78,559.00
4346,38,2026-01-10,Customer_311,66,19.50
4347,34,2025-07-25,Customer_444,61,71.50
4348,9,2026-07-07,Customer_434,56,201.50
4349,38,2025-09-25,Customer_313,28,520.00
4350,48,2024-12-23,Customer_468,1,6.50
4351,36,2025-07-16,Customer_51,42,260.00
4352,16,2024-11-20,Customer_432,56,162.50
4353,31,2026-08-22,Customer_89,6,305.50
4354,28,2025-02-23,Customer_340,77,422.50
4355,40,2025-12-09,Customer_85,29,156.00
4356,11,2026-09-08,Customer_98,7,279.50
4357,4,2025-12-27,Customer_425,38,247.00
4358,43,2025-09-20,Customer_222,11,624.00
4359,20,2024-12-26,Customer_396,21,175.50
4360,27,2026-08-29,Customer_100,68,162.50
4361,46,2026-04-17,Customer_293,74,279.50
4362,14,2026-05-16,Customer_354,85,234.00
4363,26,2025-03-08,Customer_306,70,429.00
4364,17,2026-08-06,Customer_262,47,364.00
4365,46,2026-01-26,Customer_2,48,643.50
4366,2,2025-04-06,Customer_432,25,585.00
4367,24,2025-06-29,Customer_242,30,221.00
4368,36,2026-04-23,Customer_460,91,357.50
4369,10,2024-11-06,Customer_387,71,578.50
4370,8,2026-09-21,Customer_9,14,312.00
4371,17,2026-04-08,Customer_88,9,279.50
4372,23,2026-04-30,Customer_427,67,383.50
4373,49,2026-09-04,Customer_415,74,507.00
4374,18,2026-06-21,Customer_65,22,422.50
4375,24,2026-09-27,Customer_400,88,344.50
4376,42,2026-07-25,Customer_448,79,273.00
4377,1,2025-02-06,Customer_394,84,39.00
4378,33,2025-07-11,Customer_78,72,468.00
4379,23,2024-10-21,Customer_216,5,156.00
4380,26,2026-02-17,Customer_433,21,494.00
4381,1,2026-04-05,Customer_294,90,299.00
4382,11,2026-05-26,Customer_218,84,500.50
4383,42,2025-11-19,Customer_235,71,156.00
4384,30,2026-04-25,Customer_186,100,396.50
4385,45,2025-03-29,Customer_308,67,318.50
4386,7,2025-02-09,Customer_316,31,383.50
4387,35,2025-03-21,Customer_358,21,253.50
4388,16,2025-04-17,Customer_295,66,286.00
4389,40,2026-02-28,Customer_308,47,71.50
4390,31,2025-01-25,Customer_476,78,520.00
4391,9,2024-11-16,Customer_136,6,123.50
4392,12,2025-11-26,Customer_286,35,286.00
4393,6,2025-12-18,Customer_27,44,84.50
4394,36,2026-04-13,Customer_114,70,208.00
4395,45,2026-09-23,Customer_206,25,643.50
4396,4,2026-01-22,Customer_89,79,78.00
4397,1,2025-01-26,Customer_490,58,546.00
4398,18,2026-03-13,Customer_1,75,260.00
4399,41,2025-04-09,Customer_231,69,253.50
4400,18,2025-06-13,Customer_350,44,286.00
4401,36,2026-08-14,Customer_245,12,273.00
4402,28,2026-09-07,Customer_123,37,188.50
4403,30,2025-07-02,Customer_281,42,162.50
4404,4,2024-11-26,Customer_150,90,123.50
4405,1,2025-04-10,Customer_248,82,481.00
4406,13,2026-08-27,Customer_444,91,357.50
4407,40,2025-09-17,Customer_267,27,247.00
4408,32,2025-07-17,Customer_419,5,26.00
4409,23,2025-05-31,Customer_106,32,149.50
4410,28,2025-09-06,Customer_310,29,468.00
4411,42,2026-03-03,Customer_454,96,195.00
4412,14,2026-01-01,Customer_349,30,6.50
4413,12,2024-10-15,Customer_213,58,403.00
4414,14,2025-03-07,Customer_94,99,97.50
4415,31,2025-09-06,Customer_387,93,182.00
4416,2,2025-07-28,Customer_207,70,357.50
4417,41,2024-10-16,Customer_73,5,624.00
4418,7,2026-08-09,Customer_406,99,617.50
4419,7,2025-05-06,Customer_266,31,260.00
4420,39,2026-04-06,Customer_322,17,71.50
4421,26,2025-08-02,Customer_321,92,227.50
4422,6,2024-12-09,Customer_266,74,500.50
4423,34,2024-12-07,Customer_189,70,273.00
4424,2,2025-04-03,Customer_447,61,182.00
4425,8,2026-02-18,Customer_88,40,565.50
4426,13,2026-03-23,Customer_291,77,533.00
4427,31,2026-03-18,Customer_228,78,455.00
4428,15,2025-05-20,Customer_72,37,416.00
4429,13,2026-10-01,Customer_461,51,390.00
4430,23,2026-09-18,Customer_435,88,604.50
4431,37,2026-09-30,Customer_302,3,494.00
4432,6,2024-10-16,Customer_200,20,344.50
4433,32,2024-12-31,Customer_41,16,13.00
4434,24,2026-05-30,Customer_497,5,104.00
4435,26,2026-03-12,Customer_391,74,91.00
4436,45,2025-12-11,Customer_261,85,416.00
4437,48,2025-12-15,Customer_19,5,195.00
4438,11,2025-02-15,Customer_500,13,442.00
4439,3,2025-01-24,Customer_140,95,461.50
4440,38,2026-06-23,Customer_421,33,71.50
4441,6,2025-12-30,Customer_39,89,312.00
4442,29,2026-05-21,Customer_46,32,286.00
4443,23,2026-02-13,Customer_208,12,312.00
4444,31,2024-11-25,Customer_350,8,364.00
4445,22,2026-05-12,Customer_274,75,650.00
4446,13,2025-11-27,Customer_411,33,169.00
4447,1,2025-07-03,Customer_92,35,513.50
4448,4,2026-07-22,Customer_72,100,279.50
4449,48,2025-02-28,Customer_322,95,260.00
4450,12,2026-01-16,Customer_303,43,279.50
4451,30,2026-06-30,Customer_74,57,598.00
4452,36,2025-07-03,Customer_64,78,253.50
4453,16,2026-08-15,Customer_274,62,494.00
4454,18,2025-09-25,Customer_329,68,39.00
4455,3,2025-06-22,Customer_193,62,643.50
4456,37,2026-07-29,Customer_320,19,396.50
4457,19,2026-04-18,Customer_390,14,630.50
4458,21,2024-11-18,Customer_248,70,357.50
4459,25,2026-08-12,Customer_389,67,71.50
4460,12,2026-03-22,Customer_123,88,13.00
4461,27,2026-01-22,Customer_457,22,136.50
4462,2,2025-09-11,Customer_88,77,214.50
4463,30,2025-03-09,Customer_53,21,344.50
4464,26,2025-10-06,Customer_132,1,455.00
4465,5,2025-07-09,Customer_142,70,156.00
4466,46,2025-04-14,Customer_247,88,52.00
4467,4,2026-05-28,Customer_24,17,91.00
4468,45,2025-02-05,Customer_457,46,143.00
4469,22,2026-08-10,Customer_448,17,201.50
4470,15,2025-02-15,Customer_56,48,429.00
4471,49,2025-10-06,Customer_3,43,312.00
4472,33,2026-08-04,Customer_419,37,227.50
4473,35,2026-06-28,Customer_181,98,71.50
4474,29,2024-11-15,Customer_269,35,442.00
4475,15,2025-09-12,Customer_367,58,143.00
4476,47,2025-12-12,Customer_187,88,396.50
4477,16,2025-12-12,Customer_94,96,357.50
4478,50,2026-02-12,Customer_476,17,26.00
4479,45,2026-02-20,Customer_385,15,201.50
4480,32,2025-10-13,Customer_368,54,338.00
4481,50,2026-08-09,Customer_431,94,26.00
4482,23,2026-04-05,Customer_19,14,338.00
4483,37,2024-11-18,Customer_139,90,435.50
4484,28,2026-06-18,Customer_197,5,279.50
4485,28,2025-11-14,Customer_321,61,526.50
4486,34,2026-01-23,Customer_69,40,169.00
4487,32,2025-07-10,Customer_24,42,13.00
4488,43,2026-05-28,Customer_371,88,533.00
4489,23,2024-10-18,Customer_161,54,65.00
4490,6,2026-03-23,Customer_299,42,377.00
4491,2,2026-02-28,Customer_83,53,617.50
4492,12,2025-01-19,Customer_474,61,468.00
4493,23,2026-04-14,Customer_483,63,624.00
4494,26,2025-11-16,Customer_490,85,234.00
4495,32,2025-03-19,Customer_434,22,266.50
4496,33,2026-10-05,Customer_63,98,84.50
4497,38,2025-08-23,Customer_439,82,494.00
4498,14,2026-06-16,Customer_413,24,377.00
4499,19,2025-03-05,Customer_453,92,130.00
4500,45,2026-05-07,Customer_225,65,422.50
4501,12,2025-01-14,Customer_111,22,26.00
4502,50,2025-07-26,Customer_355,97,637.00
4503,19,2026-06-28,Customer_370,3,110.50
4504,38,2025-01-03,Customer_223,7,273.00
4505,38,2025-12-04,Customer_419,66,344.50
4506,39,2024-12-28,Customer_254,73,578.50
4507,43,2026-01-02,Customer_392,36,383.50
4508,38,2025-02-14,Customer_246,36,585.00
4509,38,2024-10-21,Customer_202,17,637.00
4510,17,2025-02-05,Customer_115,22,65.00
4511,29,2025-02-07,Customer_439,63,383.50
4512,48,2025-01-17,Customer_151,42,364.00
4513,23,2025-11-06,Customer_375,32,507.00
4514,38,2026-03-07,Customer_500,19,110.50
4515,5,2025-08-13,Customer_385,61,299.00
4516,27,2025-05-25,Customer_317,25,286.00
4517,7,2026-07-18,Customer_369,57,97.50
4518,27,2026-10-01,Customer_107,93,370.50
4519,39,2026-07-31,Customer_7,31,188.50
4520,18,2025-08-28,Customer_410,77,533.00
4521,2,2024-12-10,Customer_230,10,201.50
4522,9,2025-04-13,Customer_265,34,416.00
4523,1,2026-04-21,Customer_25,43,617.50
4524,23,2025-06-22,Customer_148,96,110.50
4525,24,2026-08-23,Customer_159,82,338.00
4526,45,2024-10-22,Customer_118,15,481.00
4527,29,2026-04-07,Customer_253,72,52.00
4528,24,2026-04-28,Customer_471,3,279.50
4529,30,2025-09-15,Customer_479,48,214.50
4530,28,2025-05-13,Customer_134,72,409.50
4531,41,2026-04-06,Customer_184,67,234.00
4532,34,2026-09-29,Customer_359,98,611.00
4533,6,2026-02-20,Customer_314,58,429.00
4534,5,2026-04-05,Customer_451,64,331.50
4535,41,2025-11-03,Customer_188,94,526.50
4536,34,2025-03-24,Customer_438,12,364.00
4537,44,2025-02-17,Customer_421,91,188.50
4538,35,2024-11-24,Customer_65,97,156.00
4539,40,2024-12-26,Customer_363,93,630.50
4540,11,2026-09-16,Customer_436,60,182.00
4541,46,2026-07-02,Customer_184,93,97.50
4542,33,2024-10-27,Customer_471,83,396.50
4543,47,2025-06-10,Customer_79,52,624.00
4544,50,2025-03-12,Customer_286,1,325.00
4545,7,2025-08-07,Customer_377,81,162.50
4546,12,2026-04-23,Customer_16,76,617.50
4547,36,2026-05-23,Customer_41,4,13.00
4548,24,2026-07-11,Customer_455,70,162.50
4549,14,2025-07-19,Customer_399,69,97.50
4550,40,2026-08-30,Customer_490,93,604.50
4551,11,2025-04-12,Customer_349,64,344.50
4552,29,2024-11-16,Customer_80,63,487.50
4553,46,2026-08-31,Customer_387,66,390.00
4554,43,2025-06-14,Customer_81,51,552.50
4555,16,2026-07-11,Customer_307,57,182.00
4556,21,2025-04-02,Customer_467,1,26.00
4557,9,2024-11-06,Customer_128,52,422.50
4558,39,2026-02-23,Customer_151,15,162.50
4559,47,2025-03-12,Customer_308,33,240.50
4560,41,2026-08-23,Customer_400,82,201.50
4561,19,2025-01-28,Customer_346,99,331.50
4562,8,2026-06-08,Customer_127,72,19.50
4563,21,2026-08-01,Customer_380,55,175.50
4564,10,2026-01-13,Customer_335,15,299.00
4565,38,2024-11-08,Customer_15,97,546.00
4566,5,2025-01-20,Customer_350,21,130.00
4567,17,2026-01-17,Customer_47,69,273.00
4568,24,2026-07-03,Customer_171,93,565.50
4569,48,2025-05-22,Customer_433,19,409.50
4570,12,2026-10-05,Customer_100,24,273.00
4571,35,2026-04-19,Customer_298,22,123.50
4572,37,2026-01-01,Customer_360,59,305.50
4573,17,2026-04-29,Customer_204,93,578.50
4574,17,2025-02-28,Customer_265,55,591.50
4575,13,2025-04-20,Customer_330,3,78.00
4576,12,2024-11-02,Customer_175,2,559.00
4577,29,2025-06-09,Customer_342,49,442.00
4578,11,2025-03-18,Customer_41,46,598.00
4579,34,2025-01-15,Customer_209,56,260.00
4580,1,2025-06-02,Customer_195,42,149.50
4581,9,2024-12-05,Customer_338,65,78.00
4582,25,2025-09-12,Customer_263,19,247.00
4583,21,2025-08-01,Customer_173,57,39.00
4584,2,2025-04-12,Customer_120,54,468.00
4585,23,2025-04-20,Customer_491,53,143.00
4586,16,2025-03-15,Customer_301,12,604.50
4587,8,2026-06-05,Customer_226,31,110.50
4588,49,2026-09-22,Customer_185,79,130.00
4589,20,2025-02-10,Customer_330,92,143.00
4590,47,2025-08-01,Customer_92,92,45.50
4591,30,2025-08-28,Customer_16,34,481.00
4592,48,2026-04-14,Customer_359,39,578.50
4593,18,2026-07-15,Customer_36,54,78.00
4594,22,2026-01-06,Customer_418,98,591.50
4595,33,2025-03-19,Customer_157,59,416.00
4596,30,2025-01-09,Customer_442,34,247.00
4597,6,2025-09-11,Customer_34,14,507.00
4598,9,2025-01-19,Customer_358,65,455.00
4599,6,2025-09-15,Customer_160,82,71.50
4600,13,2025-06-03,Customer_164,46,299.00
4601,42,2025-09-30,Customer_392,41,325.00
4602,4,2026-07-10,Customer_446,20,45.50
4603,40,2025-12-08,Customer_296,38,604.50
4604,41,2026-04-09,Customer_374,33,208.00
4605,34,2025-11-09,Customer_86,64,273.00
4606,39,2026-05-05,Customer_125,36,266.50
4607,19,2025-05-07,Customer_166,7,52.00
4608,8,2026-04-29,Customer_253,38,598.00
4609,38,2026-04-10,Customer_384,62,143.00
4610,38,2025-03-29,Customer_315,25,325.00
4611,15,2026-03-25,Customer_417,27,461.50
4612,48,2026-05-31,Customer_281,71,474.50
4613,7,2026-08-04,Customer_312,86,253.50
4614,13,2025-01-23,Customer_61,10,617.50
4615,20,2025-02-20,Customer_245,60,6.50
4616,3,2025-10-11,Customer_355,85,78.00
4617,8,2025-09-14,Customer_158,67,572.00
4618,10,2026-05-07,Customer_334,78,273.00
4619,29,2025-12-05,Customer_60,20,435.50
4620,41,2026-08-01,Customer_415,40,234.00
4621,9,2025-11-10,Customer_95,33,110.50
4622,1,2025-03-23,Customer_447,12,162.50
4623,42,2026-07-08,Customer_497,88,6.50
4624,25,2025-01-17,Customer_324,93,468.00
4625,10,2026-08-11,Customer_228,34,292.50
4626,30,2025-11-19,Customer_430,35,266.50
4627,17,2025-08-04,Customer_396,25,357.50
4628,7,2026-03-11,Customer_220,54,169.00
4629,41,2025-03-17,Customer_97,74,143.00
4630,9,2026-05-31,Customer_174,30,637.00
4631,8,2026-09-05,Customer_54,99,91.00
4632,43,2024-12-29,Customer_224,75,351.00
4633,44,2025-07-14,Customer_451,94,286.00
4634,24,2026-05-20,Customer_364,32,565.50
4635,7,2025-10-26,Customer_291,22,487.50
4636,33,2025-07-14,Customer_132,16,331.50
4637,39,2026-09-04,Customer_177,11,260.00
4638,7,2025-08-08,Customer_485,91,468.00
4639,20,2024-10-29,Customer_294,57,84.50
4640,8,2026-05-01,Customer_98,42,500.50
4641,23,2025-03-21,Customer_260,8,533.00
4642,49,2025-01-20,Customer_364,41,45.50
4643,11,2026-02-08,Customer_86,70,552.50
4644,31,2025-08-25,Customer_379,53,643.50
4645,19,2025-07-25,Customer_375,46,247.00
4646,25,2026-09-24,Customer_390,46,331.50
4647,11,2024-10-19,Customer_56,65,188.50
4648,26,2026-07-05,Customer_409,11,338.00
4649,13,2026-09-27,Customer_462,10,169.00
4650,3,2026-05-13,Customer_142,57,370.50
4651,26,2025-12-04,Customer_304,21,377.00
4652,22,2025-03-28,Customer_347,72,136.50
4653,19,2026-06-07,Customer_464,11,175.50
4654,23,2025-03-16,Customer_451,35,474.50
4655,14,2026-02-17,Customer_49,18,604.50
4656,10,2025-05-25,Customer_151,77,630.50
4657,41,2026-04-28,Customer_435,45,273.00
4658,34,2026-08-13,Customer_261,66,578.50
4659,14,2026-02-27,Customer_45,65,461.50
4660,49,2025-01-12,Customer_458,100,117.00
4661,10,2025-05-08,Customer_160,39,526.50
4662,15,2024-10-20,Customer_382,17,357.50
4663,44,2024-11-03,Customer_357,2,474.50
4664,43,2026-06-08,Customer_3,42,630.50
4665,44,2025-04-22,Customer_451,85,39.00
4666,39,2025-10-28,Customer_411,51,422.50
4667,39,2025-06-04,Customer_379,19,91.00
4668,6,2025-12-28,Customer_182,79,299.00
4669,29,2025-06-13,Customer_366,26,643.50
4670,37,2025-07-16,Customer_95,38,45.50
4671,31,2025-03-19,Customer_170,10,325.00
4672,34,2026-09-17,Customer_387,92,611.00
4673,20,2026-03-21,Customer_339,48,416.00
4674,49,2026-10-03,Customer_382,31,435.50
4675,31,2025-03-17,Customer_226,80,32.50
4676,50,2024-10-10,Customer_433,20,604.50
4677,20,2025-10-17,Customer_221,51,487.50
4678,46,2025-06-02,Customer_199,44,201.50
4679,5,2025-12-17,Customer_436,93,396.50
4680,36,2025-02-08,Customer_340,83,58.50
4681,39,2026-09-29,Customer_139,39,559.00
4682,29,2025-06-17,Customer_300,2,273.00
4683,45,2026-05-10,Customer_487,29,539.50
4684,2,2025-01-23,Customer_197,88,630.50
4685,49,2026-01-21,Customer_102,6,253.50
4686,10,2024-10-22,Customer_383,49,533.00
4687,8,2025-06-03,Customer_437,10,507.00
4688,14,2025-07-30,Customer_243,58,136.50
4689,49,2024-12-07,Customer_431,22,585.00
4690,34,2025-12-23,Customer_186,83,338.00
4691,42,2025-08-23,Customer_111,2,26.00
4692,15,2026-07-22,Customer_461,6,97.50
4693,4,2026-09-29,Customer_401,22,487.50
4694,43,2025-05-22,Customer_3,59,253.50
4695,11,2026-03-30,Customer_219,81,26.00
4696,15,2025-07-21,Customer_454,24,364.00
4697,22,2026-07-17,Customer_325,92,572.00
4698,47,2026-06-12,Customer_455,7,416.00
4699,33,2025-03-08,Customer_235,38,286.00
4700,10,2025-01-18,Customer_27,62,403.00
4701,23,2026-01-03,Customer_419,89,136.50
4702,6,2025-11-05,Customer_234,27,130.00
4703,34,2025-07-07,Customer_75,88,383.50
4704,11,2024-12-28,Customer_79,74,65.00
4705,24,2025-04-12,Customer_58,87,591.50
4706,26,2026-02-09,Customer_228,77,351.00
4707,27,2025-09-29,Customer_476,87,539.50
4708,22,2025-01-13,Customer_449,16,487.50
4709,27,2025-05-11,Customer_61,99,247.00
4710,19,2026-01-22,Customer_399,93,136.50
4711,32,2025-12-10,Customer_158,72,143.00
4712,47,2025-04-26,Customer_297,63,533.00
4713,2,2026-07-08,Customer_116,75,364.00
4714,4,2025-11-07,Customer_74,58,513.50
4715,29,2026-05-13,Customer_447,36,455.00
4716,2,2025-09-10,Customer_493,40,260.00
4717,17,2025-03-17,Customer_114,22,481.00
4718,46,2025-07-24,Customer_75,87,208.00
4719,6,2025-12-07,Customer_222,99,630.50
4720,8,2026-02-01,Customer_222,79,611.00
4721,20,2025-04-12,Customer_491,20,468.00
4722,4,2024-11-16,Customer_354,2,611.00
4723,44,2026-03-27,Customer_356,74,227.50
4724,30,2026-06-15,Customer_160,52,299.00
4725,13,2025-09-14,Customer_221,5,650.00
4726,12,2024-10-13,Customer_187,22,110.50
4727,13,2025-05-05,Customer_344,19,19.50
4728,25,2025-12-24,Customer_385,7,474.50
4729,4,2025-06-18,Customer_7,54,253.50
4730,19,2025-10-16,Customer_264,96,110.50
4731,10,2025-02-22,Customer_94,17,364.00
4732,47,2024-11-04,Customer_478,7,149.50
4733,36,2025-08-28,Customer_216,25,624.00
4734,41,2026-02-20,Customer_265,74,585.00
4735,25,2025-05-12,Customer_125,64,630.50
4736,33,2026-03-12,Customer_454,80,403.00
4737,12,2025-02-07,Customer_254,67,403.00
4738,43,2026-06-16,Customer_46,10,104.00
4739,18,2026-02-26,Customer_171,88,364.00
4740,28,2026-02-06,Customer_49,35,130.00
4741,22,2024-12-08,Customer_435,74,156.00
4742,33,2025-07-31,Customer_193,62,500.50
4743,47,2025-05-25,Customer_120,85,26.00
4744,43,2026-04-25,Customer_90,100,39.00
4745,34,2026-01-31,Customer_142,98,286.00
4746,23,2025-06-22,Customer_497,6,221.00
4747,3,2025-05-20,Customer_385,51,617.50
4748,32,2026-02-23,Customer_348,57,572.00
4749,37,2026-03-04,Customer_336,74,650.00
4750,37,2026-04-21,Customer_345,41,266.50
4751,33,2025-10-28,Customer_356,18,344.50
4752,1,2025-12-19,Customer_165,98,448.50
4753,25,2025-03-13,Customer_4,54,299.00
4754,25,2025-10-07,Customer_35,51,598.00
4755,37,2025-01-09,Customer_46,17,565.50
4756,40,2026-01-27,Customer_463,66,585.00
4757,30,2025-04-22,Customer_81,44,325.00
4758,9,2025-02-17,Customer_216,5,84.50
4759,30,2025-07-01,Customer_125,16,370.50
4760,40,2025-03-21,Customer_63,62,455.00
4761,1,2025-09-19,Customer_482,16,643.50
4762,33,2026-06-24,Customer_153,35,539.50
4763,25,2025-11-19,Customer_359,79,533.00
4764,48,2026-01-17,Customer_228,36,572.00
4765,6,2025-03-20,Customer_485,63,416.00
4766,39,2025-01-30,Customer_210,29,279.50
4767,46,2025-02-23,Customer_217,93,253.50
4768,33,2025-04-27,Customer_186,58,175.50
4769,27,2026-07-02,Customer_493,81,474.50
4770,23,2025-02-02,Customer_196,38,292.50
4771,23,2025-11-06,Customer_114,98,494.00
4772,28,2025-12-21,Customer_67,93,227.50
4773,23,2025-03-20,Customer_26,19,78.00
4774,2,2025-07-08,Customer_156,24,240.50
4775,27,2026-06-14,Customer_368,74,143.00
4776,1,2024-10-06,Customer_212,16,630.50
4777,36,2026-04-19,Customer_427,8,84.50
4778,32,2025-02-26,Customer_292,52,507.00
4779,13,2025-11-14,Customer_444,8,416.00
4780,40,2026-09-08,Customer_216,20,591.50
4781,36,2026-05-29,Customer_133,10,279.50
4782,1,2026-03-07,Customer_431,10,117.00
4783,25,2025-10-04,Customer_223,22,78.00
4784,3,2025-06-06,Customer_138,65,351.00
4785,11,2025-03-05,Customer_149,55,6.50
4786,17,2026-04-30,Customer_53,62,305.50
4787,4,2025-05-29,Customer_291,44,591.50
4788,46,2025-08-24,Customer_341,85,52.00
4789,37,2025-08-09,Customer_21,21,520.00
4790,8,2024-12-01,Customer_371,19,461.50
4791,20,2025-05-11,Customer_262,49,442.00
4792,37,2026-02-27,Customer_253,78,539.50
4793,40,2025-01-24,Customer_444,28,143.00
4794,12,2026-07-19,Customer_158,97,247.00
4795,48,2026-07-31,Customer_389,42,357.50
4796,4,2026-01-21,Customer_450,78,104.00
4797,30,2026-06-28,Customer_338,52,507.00
4798,37,2026-03-15,Customer_330,25,162.50
4799,48,2024-10-18,Customer_92,62,526.50
4800,10,2025-06-25,Customer_117,2,13.00
4801,46,2024-11-05,Customer_376,11,565.50
4802,32,2026-05-20,Customer_65,89,390.00
4803,49,2024-12-23,Customer_269,3,526.50
4804,42,2024-10-24,Customer_176,4,266.50
4805,25,2025-11-13,Customer_174,84,156.00
4806,12,2025-10-14,Customer_297,25,234.00
4807,37,2025-12-21,Customer_300,31,448.50
4808,12,2025-04-01,Customer_491,98,325.00
4809,32,2025-12-07,Customer_222,50,318.50
4810,46,2026-04-20,Customer_250,15,611.00
4811,11,2025-11-06,Customer_456,31,390.00
4812,43,2025-06-11,Customer_499,68,156.00
4813,49,2025-10-13,Customer_353,14,422.50
4814,5,2025-05-14,Customer_268,75,364.00
4815,33,2025-06-30,Customer_422,35,286.00
4816,21,2024-11-14,Customer_403,11,403.00
4817,16,2025-02-04,Customer_363,66,370.50
4818,20,2026-06-02,Customer_65,34,390.00
4819,2,2026-07-26,Customer_206,22,26.00
4820,10,2025-06-18,Customer_154,83,104.00
4821,5,2025-06-30,Customer_205,81,435.50
4822,43,2026-03-01,Customer_380,7,214.50
4823,11,2025-11-10,Customer_97,3,253.50
4824,40,2025-05-21,Customer_117,7,19.50
4825,46,2025-01-17,Customer_258,47,416.00
4826,20,2025-06-01,Customer_484,100,630.50
4827,46,2025-10-26,Customer_337,50,156.00
4828,19,2025-03-06,Customer_476,96,117.00
4829,3,2025-04-25,Customer_500,43,201.50
4830,8,2025-05-20,Customer_444,100,149.50
4831,4,2025-05-04,Customer_474,20,123.50
4832,37,2024-11-21,Customer_262,42,162.50
4833,20,2025-05-16,Customer_56,41,448.50
4834,10,2025-08-02,Customer_271,77,19.50
4835,21,2026-03-05,Customer_294,13,546.00
4836,4,2026-02-22,Customer_299,57,32.50
4837,47,2025-09-06,Customer_43,83,52.00
4838,1,2025-08-10,Customer_156,40,442.00
4839,16,2025-04-15,Customer_108,54,409.50
4840,13,2026-04-25,Customer_44,21,481.00
4841,20,2026-09-01,Customer_422,95,338.00
4842,48,2025-12-31,Customer_390,6,195.00
4843,26,2025-08-22,Customer_202,5,123.50
4844,46,2025-02-11,Customer_297,61,195.00
4845,29,2025-12-31,Customer_146,27,591.50
4846,38,2025-02-16,Customer_291,36,6.50
4847,43,2024-10-31,Customer_143,26,364.00
4848,26,2025-01-07,Customer_356,52,91.00
4849,45,2025-07-13,Customer_483,56,162.50
4850,27,2025-04-23,Customer_146,69,448.50
4851,9,2025-12-15,Customer_295,6,19.50
4852,13,2025-03-01,Customer_337,36,507.00
4853,28,2026-02-07,Customer_28,72,455.00
4854,7,2025-12-30,Customer_218,23,19.50
4855,50,2026-04-09,Customer_163,31,513.50
4856,22,2025-01-18,Customer_23,74,429.00
4857,16,2026-08-23,Customer_151,69,572.00
4858,16,2025-10-02,Customer_36,76,500.50
4859,15,2026-07-15,Customer_241,17,162.50
4860,27,2025-01-05,Customer_209,52,292.50
4861,21,2025-04-06,Customer_457,27,45.50
4862,5,2025-05-22,Customer_67,22,377.00
4863,26,2026-02-06,Customer_305,67,552.50
4864,24,2026-07-09,Customer_152,93,572.00
4865,19,2024-10-24,Customer_468,96,572.00
4866,24,2026-09-22,Customer_46,72,208.00
4867,15,2026-02-05,Customer_33,46,578.50
4868,20,2026-03-19,Customer_37,74,448.50
4869,13,2024-11-22,Customer_177,2,474.50
4870,15,2026-02-05,Customer_280,19,650.00
4871,33,2025-11-02,Customer_204,16,195.00
4872,10,2026-02-14,Customer_224,42,39.00
4873,30,2025-11-27,Customer_256,30,214.50
4874,22,2025-04-12,Customer_3,43,175.50
4875,6,2025-03-21,Customer_115,25,45.50
4876,37,2025-09-12,Customer_128,36,149.50
4877,33,2026-01-01,Customer_464,53,84.50
4878,9,2025-05-09,Customer_151,46,214.50
4879,30,2026-03-06,Customer_25,92,52.00
4880,35,2026-09-29,Customer_434,77,338.00
4881,4,2025-11-23,Customer_141,6,286.00
4882,18,2024-10-13,Customer_202,11,136.50
4883,10,2024-12-07,Customer_492,49,585.00
4884,31,2025-02-11,Customer_167,44,162.50
4885,25,2026-05-18,Customer_242,85,227.50
4886,33,2024-10-15,Customer_405,11,409.50
4887,29,2025-08-10,Customer_490,99,357.50
4888,45,2026-06-13,Customer_340,70,416.00
4889,21,2025-08-02,Customer_192,67,624.00
4890,35,2025-05-16,Customer_104,45,71.50
4891,48,2024-11-15,Customer_180,31,617.50
4892,31,2024-12-31,Customer_187,41,312.00
4893,46,2024-12-17,Customer_326,86,448.50
4894,22,2025-05-19,Customer_159,63,494.00
4895,14,2025-06-11,Customer_111,91,13.00
4896,30,2024-10-07,Customer_92,1,630.50
4897,48,2026-08-14,Customer_210,13,52.00
4898,35,2025-05-18,Customer_129,39,624.00
4899,29,2025-06-12,Customer_147,50,312.00
4900,13,2026-08-13,Customer_65,75,487.50
4901,41,2025-02-26,Customer_395,34,344.50
4902,49,2025-04-18,Customer_362,17,624.00
4903,23,2025-06-22,Customer_297,56,253.50
4904,31,2025-01-08,Customer_213,29,97.50
4905,47,2026-07-11,Customer_313,1,578.50
4906,23,2024-12-06,Customer_202,78,221.00
4907,50,2025-04-29,Customer_232,20,123.50
4908,6,2025-02-17,Customer_237,15,578.50
4909,4,2025-11-20,Customer_485,34,494.00
4910,37,2025-07-30,Customer_369,14,630.50
4911,30,2025-05-24,Customer_276,86,117.00
4912,12,2024-11-28,Customer_223,80,299.00
4913,47,2025-01-04,Customer_382,91,435.50
4914,28,2025-12-03,Customer_423,66,208.00
4915,13,2026-09-04,Customer_437,19,442.00
4916,25,2025-04-01,Customer_129,3,565.50
4917,48,2024-12-23,Customer_331,16,429.00
4918,43,2025-04-17,Customer_220,81,598.00
4919,37,2025-09-26,Customer_352,45,468.00
4920,30,2026-01-20,Customer_125,94,559.00
4921,25,2025-12-07,Customer_185,53,416.00
4922,24,2024-11-26,Customer_300,26,448.50
4923,36,2024-11-29,Customer_416,28,32.50
4924,33,2025-03-28,Customer_213,88,487.50
4925,32,2024-11-26,Customer_52,51,429.00
4926,1,2026-04-04,Customer_433,96,208.00
4927,25,2025-11-15,Customer_184,67,32.50
4928,20,2025-01-12,Customer_37,99,474.50
4929,11,2024-12-03,Customer_382,41,565.50
4930,15,2026-04-10,Customer_299,70,338.00
4931,14,2025-12-02,Customer_446,90,234.00
4932,29,2026-05-15,Customer_205,92,494.00
4933,37,2026-08-14,Customer_419,40,585.00
4934,26,2025-05-23,Customer_433,4,539.50
4935,20,2026-02-01,Customer_308,69,299.00
4936,39,2026-06-14,Customer_26,36,468.00
4937,43,2026-07-15,Customer_293,28,377.00
4938,23,2026-04-24,Customer_149,86,617.50
4939,34,2026-03-06,Customer_403,98,552.50
4940,11,2026-06-20,Customer_461,57,494.00
4941,34,2026-09-27,Customer_372,38,539.50
4942,36,2025-02-01,Customer_261,70,390.00
4943,23,2024-12-02,Customer_154,21,149.50
4944,10,2025-04-11,Customer_124,91,526.50
4945,4,2024-11-24,Customer_168,62,377.00
4946,24,2026-07-02,Customer_466,43,500.50
4947,34,2026-08-10,Customer_309,22,390.00
4948,14,2025-05-31,Customer_27,30,377.00
4949,10,2026-06-26,Customer_336,51,71.50
4950,9,2026-05-22,Customer_347,21,136.50
4951,25,2026-06-03,Customer_391,72,156.00
4952,19,2026-03-27,Customer_343,66,240.50
4953,41,2025-06-09,Customer_90,62,578.50
4954,4,2024-10-26,Customer_96,22,162.50
4955,39,2025-06-28,Customer_142,55,325.00
4956,44,2025-03-30,Customer_235,29,416.00
4957,31,2025-05-22,Customer_389,30,572.00
4958,10,2026-08-11,Customer_145,80,468.00
4959,8,2026-08-04,Customer_115,87,429.00
4960,18,2026-01-28,Customer_167,85,136.50
4961,9,2026-08-17,Customer_358,16,188.50
4962,10,2026-03-24,Customer_204,67,143.00
4963,19,2024-10-19,Customer_11,83,331.50
4964,18,2024-10-23,Customer_275,12,58.50
4965,23,2025-08-09,Customer_38,8,117.00
4966,24,2025-04-25,Customer_125,95,481.00
4967,38,2026-09-12,Customer_215,93,6.50
4968,5,2026-05-19,Customer_309,55,32.50
4969,14,2025-02-20,Customer_418,21,364.00
4970,17,2026-03-17,Customer_10,16,149.50
4971,38,2026-04-03,Customer_398,92,13.00
4972,46,2026-01-16,Customer_290,56,507.00
4973,44,2026-07-16,Customer_54,43,526.50
4974,25,2025-01-10,Customer_22,36,539.50
4975,2,2025-02-12,Customer_350,38,520.00
4976,45,2026-04-20,Customer_51,26,234.00
4977,22,2025-03-13,Customer_219,50,617.50
4978,26,2025-12-31,Customer_404,36,637.00
4979,13,2026-07-04,Customer_392,63,78.00
4980,46,2026-08-07,Customer_12,69,26.00
4981,42,2026-06-28,Customer_290,40,45.50
4982,13,2025-04-25,Customer_151,14,331.50
4983,36,2025-08-13,Customer_11,98,312.00
4984,30,2025-05-17,Customer_194,20,611.00
4985,22,2026-05-16,Customer_29,15,578.50
4986,16,2025-10-06,Customer_71,5,364.00
4987,8,2025-08-23,Customer_249,98,617.50
4988,36,2025-03-14,Customer_135,33,442.00
4989,36,2025-03-07,Customer_219,83,45.50
4990,10,2026-01-23,Customer_483,11,19.50
4991,37,2026-05-28,Customer_3,84,500.50
4992,23,2026-07-23,Customer_49,30,169.00
4993,14,2026-01-16,Customer_485,25,344.50
4994,36,2025-07-02,Customer_423,31,214.50
4995,27,2025-09-28,Customer_99,60,71.50
4996,20,2025-12-12,Customer_13,65,32.50
4997,43,2026-01-11,Customer_141,70,390.00
4998,35,2025-02-05,Customer_172,37,591.50
4999,31,2026-03-21,Customer_452,42,156.00
5000,27,2026-08-09,Customer_38,4,26.00
5001,31,2024-10-15,Customer_367,49,461.50
5002,12,2025-12-09,Customer_269,3,149.50
5003,18,2026-02-14,Customer_402,67,591.50
5004,38,2026-01-29,Customer_500,79,123.50
5005,31,2026-06-20,Customer_76,51,143.00
5006,42,2025-08-12,Customer_353,69,318.50
5007,34,2025-12-24,Customer_84,26,396.50
5008,1,2026-06-01,Customer_20,31,91.00
5009,38,2025-08-12,Customer_417,94,539.50
5010,2,2025-05-23,Customer_325,68,279.50
5011,49,2026-01-14,Customer_56,53,195.00
5012,40,2026-07-11,Customer_232,38,513.50
5013,39,2026-10-02,Customer_263,100,481.00
5014,49,2026-08-14,Customer_450,45,390.00
5015,35,2026-07-05,Customer_154,8,370.50
5016,20,2025-02-12,Customer_37,25,448.50
5017,14,2026-01-22,Customer_463,18,357.50
5018,17,2025-02-09,Customer_159,2,637.00
5019,24,2025-05-29,Customer_287,69,383.50
5020,7,2026-07-20,Customer_359,91,539.50
5021,30,2025-03-26,Customer_387,70,104.00
5022,34,2026-09-05,Customer_257,85,149.50
5023,22,2026-05-13,Customer_500,3,162.50
5024,14,2025-12-15,Customer_118,75,500.50
5025,25,2025-04-20,Customer_423,52,169.00
5026,24,2025-05-28,Customer_372,83,637.00
5027,39,2026-04-08,Customer_61,68,240.50
5028,48,2026-05-26,Customer_254,40,221.00
5029,42,2025-11-17,Customer_35,72,585.00
5030,24,2026-07-29,Customer_341,60,279.50
5031,13,2026-01-29,Customer_341,45,292.50
5032,29,2025-04-30,Customer_275,32,240.50
5033,35,2026-03-09,Customer_257,30,13.00
5034,28,2024-11-23,Customer_127,78,539.50
5035,40,2025-07-06,Customer_223,39,585.00
5036,50,2026-03-05,Customer_204,32,435.50
5037,15,2025-12-23,Customer_133,31,52.00
5038,22,2026-05-12,Customer_100,93,351.00
5039,19,2025-07-24,Customer_121,98,253.50
5040,6,2026-05-21,Customer_277,83,286.00
5041,40,2025-10-12,Customer_499,87,234.00
5042,50,2026-04-13,Customer_293,45,611.00
5043,38,2025-12-11,Customer_481,16,260.00
5044,37,2025-12-02,Customer_205,66,201.50
5045,18,2026-04-22,Customer_275,23,123.50
5046,11,2025-03-09,Customer_14,5,26.00
5047,24,2025-02-22,Customer_226,23,13.00
5048,37,2026-03-08,Customer_365,79,377.00
5049,42,2024-11-21,Customer_82,90,650.00
5050,15,2025-06-27,Customer_308,90,585.00
5051,42,2026-03-11,Customer_148,15,260.00
5052,41,2025-08-23,Customer_395,34,344.50
5053,26,2026-07-06,Customer_464,72,474.50
5054,32,2024-11-06,Customer_473,85,643.50
5055,24,2024-10-28,Customer_372,12,143.00
5056,20,2026-07-12,Customer_416,93,123.50
5057,45,2025-01-12,Customer_377,32,286.00
5058,48,2026-02-25,Customer_454,35,494.00
5059,27,2026-02-16,Customer_77,33,539.50
5060,47,2024-10-20,Customer_127,31,130.00
5061,25,2026-04-08,Customer_86,3,383.50
5062,29,2026-09-09,Customer_206,6,169.00
5063,18,2026-02-08,Customer_340,83,260.00
5064,14,2024-11-07,Customer_387,67,552.50
5065,19,2025-05-03,Customer_187,14,383.50
5066,6,2025-11-07,Customer_18,61,58.50
5067,19,2025-01-09,Customer_150,94,71.50
5068,16,2026-07-25,Customer_241,80,188.50
5069,18,2025-07-05,Customer_470,61,435.50
5070,20,2025-12-31,Customer_240,85,260.00
5071,6,2026-01-19,Customer_161,68,559.00
5072,4,2024-10-25,Customer_375,86,377.00
5073,38,2024-10-16,Customer_404,99,273.00
5074,8,2026-06-15,Customer_197,83,507.00
5075,33,2025-03-23,Customer_484,9,78.00
5076,44,2026-08-17,Customer_190,100,403.00
5077,24,2025-05-03,Customer_119,68,416.00
5078,47,2025-05-29,Customer_461,51,559.00
5079,37,2025-02-12,Customer_443,67,97.50
5080,34,2025-10-21,Customer_176,37,591.50
5081,35,2024-10-28,Customer_162,13,162.50
5082,17,2025-07-13,Customer_99,53,377.00
5083,34,2025-09-16,Customer_42,20,416.00
5084,30,2025-07-06,Customer_64,37,494.00
5085,27,2025-07-31,Customer_435,72,195.00
5086,35,2025-03-27,Customer_160,56,292.50
5087,18,2025-01-31,Customer_362,40,643.50
5088,12,2025-09-04,Customer_420,99,565.50
5089,20,2025-04-08,Customer_427,44,461.50
5090,12,2026-04-11,Customer_24,81,156.00
5091,18,2024-12-27,Customer_353,68,253.50
5092,25,2025-09-04,Customer_253,89,494.00
5093,21,2024-12-24,Customer_256,7,390.00
5094,14,2025-11-20,Customer_442,97,357.50
5095,44,2025-09-28,Customer_367,12,13.00
5096,15,2026-04-29,Customer_115,50,318.50
5097,24,2026-01-01,Customer_302,41,604.50
5098,23,2025-08-24,Customer_217,86,143.00
5099,21,2025-05-18,Customer_252,40,110.50
5100,5,2026-02-12,Customer_258,86,559.00
5101,11,2025-10-25,Customer_464,5,130.00
5102,37,2026-05-04,Customer_183,39,58.50
5103,4,2026-02-28,Customer_289,63,182.00
5104,12,2026-03-29,Customer_421,38,500.50
5105,48,2026-05-05,Customer_350,29,422.50
5106,24,2026-06-09,Customer_137,72,409.50
5107,6,2025-05-28,Customer_389,81,110.50
5108,25,2025-04-04,Customer_446,19,650.00
5109,2,2025-09-18,Customer_218,79,546.00
5110,9,2025-10-20,Customer_227,36,429.00
5111,5,2025-04-11,Customer_391,46,442.00
5112,32,2024-10-23,Customer_377,64,305.50
5113,34,2026-03-24,Customer_418,15,84.50
5114,43,2025-09-10,Customer_186,14,149.50
5115,41,2025-06-04,Customer_210,38,526.50
5116,39,2026-07-17,Customer_313,32,403.00
5117,11,2026-01-07,Customer_257,78,279.50
5118,20,2026-02-05,Customer_474,99,344.50
5119,20,2026-06-18,Customer_326,83,227.50
5120,35,2025-10-18,Customer_354,70,611.00
5121,1,2025-11-17,Customer_316,74,572.00
5122,24,2025-12-31,Customer_329,89,214.50
5123,30,2024-10-31,Customer_303,1,624.00
5124,34,2026-09-07,Customer_98,5,286.00
5125,37,2026-07-08,Customer_240,3,435.50
5126,2,2026-05-12,Customer_147,16,110.50
5127,37,2025-07-23,Customer_314,7,286.00
5128,20,2025-11-29,Customer_366,80,91.00
5129,9,2026-04-04,Customer_497,41,208.00
5130,17,2025-05-11,Customer_426,46,188.50
5131,19,2026-05-15,Customer_385,5,84.50
5132,16,2025-12-11,Customer_220,94,468.00
5133,10,2025-12-07,Customer_374,13,630.50
5134,46,2026-09-10,Customer_329,52,273.00
5135,36,2024-12-10,Customer_357,38,370.50
5136,24,2026-01-13,Customer_3,67,513.50
5137,25,2025-10-21,Customer_178,27,344.50
5138,30,2025-05-24,Customer_157,73,156.00
5139,26,2024-12-26,Customer_322,28,403.00
5140,19,2025-03-13,Customer_109,95,149.50
5141,44,2026-05-22,Customer_423,13,500.50
5142,20,2024-11-20,Customer_413,49,611.00
5143,25,2026-04-10,Customer_36,47,494.00
5144,5,2026-03-29,Customer_64,56,91.00
5145,42,2026-02-18,Customer_269,37,422.50
5146,22,2025-10-13,Customer_276,88,403.00
5147,37,2025-05-10,Customer_298,48,273.00
5148,37,2026-09-30,Customer_114,1,578.50
5149,28,2026-07-19,Customer_237,25,279.50
5150,28,2025-12-27,Customer_341,67,435.50
5151,30,2026-07-17,Customer_193,68,435.50
5152,46,2026-01-20,Customer_332,37,546.00
5153,9,2026-08-18,Customer_217,91,253.50
5154,28,2026-06-10,Customer_297,38,195.00
5155,18,2024-11-16,Customer_425,100,520.00
5156,37,2025-01-22,Customer_204,43,260.00
5157,46,2024-12-05,Customer_273,99,318.50
5158,19,2024-10-28,Customer_105,88,266.50
5159,12,2026-10-02,Customer_169,66,130.00
5160,13,2026-08-17,Customer_461,65,546.00
5161,48,2026-03-20,Customer_413,50,312.00
5162,24,2025-04-19,Customer_409,24,565.50
5163,47,2025-06-27,Customer_11,80,208.00
5164,22,2025-09-18,Customer_292,57,604.50
5165,19,2024-11-22,Customer_201,87,136.50
5166,17,2025-05-24,Customer_240,15,448.50
5167,8,2025-10-01,Customer_270,10,338.00
5168,4,2025-04-08,Customer_200,67,461.50
5169,22,2025-10-27,Customer_9,72,422.50
5170,31,2025-10-20,Customer_208,67,435.50
5171,11,2025-09-13,Customer_172,34,175.50
5172,41,2025-07-31,Customer_405,40,84.50
5173,41,2024-12-06,Customer_27,20,617.50
5174,42,2026-02-01,Customer_227,91,448.50
5175,40,2025-12-20,Customer_95,3,318.50
5176,13,2026-01-26,Customer_206,47,136.50
5177,13,2025-03-28,Customer_438,68,221.00
5178,48,2026-09-25,Customer_123,14,234.00
5179,50,2026-03-15,Customer_329,13,240.50
5180,7,2026-08-08,Customer_262,93,234.00
5181,48,2025-09-20,Customer_391,42,643.50
5182,37,2026-06-30,Customer_351,9,188.50
5183,43,2026-09-16,Customer_265,2,533.00
5184,19,2025-03-29,Customer_462,11,130.00
5185,4,2026-06-11,Customer_56,74,97.50
5186,50,2026-01-28,Customer_350,65,175.50
5187,25,2025-05-28,Customer_269,96,84.50
5188,1,2026-06-05,Customer_290,71,13.00
5189,40,2025-05-29,Customer_480,10,520.00
5190,24,2025-07-27,Customer_115,7,299.00
5191,44,2024-12-25,Customer_401,48,292.50
5192,12,2026-09-26,Customer_382,25,578.50
5193,1,2026-06-27,Customer_386,47,546.00
5194,29,2026-02-04,Customer_276,36,442.00
5195,50,2026-01-21,Customer_106,4,156.00
5196,18,2024-11-04,Customer_62,45,292.50
5197,35,2025-06-08,Customer_59,86,487.50
5198,26,2025-06-08,Customer_356,46,91.00
5199,10,2025-03-18,Customer_412,24,175.50
5200,28,2026-06-09,Customer_125,17,110.50
5201,46,2026-08-17,Customer_148,35,130.00
5202,43,2025-04-12,Customer_162,32,429.00
5203,8,2026-01-31,Customer_275,40,58.50
5204,6,2025-08-29,Customer_343,56,546.00
5205,39,2025-04-03,Customer_33,88,325.00
5206,31,2025-04-11,Customer_179,38,442.00
5207,10,2024-10-20,Customer_151,28,97.50
5208,19,2025-10-09,Customer_190,66,546.00
5209,5,2025-12-10,Customer_493,36,474.50
5210,43,2026-04-07,Customer_10,1,273.00
5211,16,2025-09-24,Customer_422,54,383.50
5212,24,2026-04-21,Customer_412,61,370.50
5213,35,2025-11-06,Customer_409,90,318.50
5214,22,2025-06-02,Customer_390,91,351.00
5215,15,2026-08-30,Customer_323,39,604.50
5216,15,2026-06-04,Customer_79,2,533.00
5217,42,2026-02-07,Customer_377,11,325.00
5218,35,2025-02-02,Customer_314,44,559.00
5219,39,2025-09-01,Customer_492,56,533.00
5220,18,2025-02-12,Customer_356,18,357.50
5221,38,2024-12-07,Customer_41,19,630.50
5222,2,2025-09-23,Customer_31,30,208.00
5223,16,2026-08-30,Customer_220,86,45.50
5224,20,2025-12-15,Customer_267,12,552.50
5225,12,2025-11-16,Customer_249,17,448.50
5226,19,2026-07-01,Customer_130,37,520.00
5227,6,2025-01-31,Customer_389,66,182.00
5228,1,2024-10-10,Customer_302,68,169.00
5229,45,2025-04-16,Customer_421,92,474.50
5230,14,2026-02-08,Customer_199,7,533.00
5231,5,2024-12-02,Customer_92,13,598.00
5232,39,2025-08-16,Customer_244,26,136.50
5233,29,2025-04-28,Customer_310,43,156.00
5234,34,2025-10-17,Customer_184,61,578.50
5235,36,2026-05-28,Customer_216,54,39.00
5236,33,2025-01-30,Customer_6,87,286.00
5237,41,2025-12-08,Customer_291,93,513.50
5238,27,2026-07-05,Customer_99,68,312.00
5239,16,2025-09-19,Customer_411,33,45.50
5240,24,2024-10-27,Customer_335,5,617.50
5241,29,2024-12-04,Customer_23,10,539.50
5242,48,2024-12-28,Customer_188,96,487.50
5243,37,2025-07-04,Customer_449,54,487.50
5244,30,2025-12-04,Customer_328,2,429.00
5245,4,2026-09-01,Customer_137,1,45.50
5246,2,2024-12-29,Customer_62,19,513.50
5247,23,2026-07-19,Customer_287,100,136.50
5248,47,2025-10-12,Customer_204,85,474.50
5249,24,2025-04-09,Customer_107,58,578.50
5250,12,2026-08-25,Customer_459,99,643.50
5251,8,2025-03-12,Customer_497,61,182.00
5252,22,2026-05-27,Customer_417,48,552.50
5253,2,2025-10-04,Customer_341,38,312.00
5254,3,2025-12-25,Customer_375,94,422.50
5255,24,2025-08-01,Customer_146,9,130.00
5256,24,2026-08-14,Customer_91,19,500.50
5257,13,2024-12-24,Customer_93,43,175.50
5258,17,2025-01-23,Customer_144,81,338.00
5259,2,2024-10-20,Customer_309,25,422.50
5260,22,2024-10-12,Customer_258,84,117.00
5261,50,2025-10-26,Customer_32,59,65.00
5262,36,2025-12-20,Customer_298,33,45.50
5263,9,2026-01-22,Customer_122,75,45.50
5264,15,2025-02-01,Customer_233,13,370.50
5265,2,2024-10-16,Customer_5,75,143.00
5266,10,2025-10-27,Customer_489,33,156.00
5267,32,2025-06-12,Customer_485,98,351.00
5268,49,2025-07-06,Customer_123,23,279.50
5269,29,2025-07-21,Customer_75,54,630.50
5270,29,2025-07-29,Customer_112,34,624.00
5271,41,2026-02-12,Customer_256,28,565.50
5272,29,2024-12-19,Customer_403,41,253.50
5273,16,2025-06-20,Customer_419,48,611.00
5274,34,2025-01-21,Customer_287,95,58.50
5275,47,2025-10-12,Customer_301,51,396.50
5276,24,2026-03-31,Customer_484,30,201.50
5277,11,2026-04-20,Customer_201,3,520.00
5278,22,2024-12-29,Customer_36,41,299.00
5279,5,2026-05-23,Customer_199,46,58.50
5280,29,2025-10-22,Customer_215,53,58.50
5281,33,2026-06-01,Customer_306,68,195.00
5282,42,2024-11-08,Customer_410,99,396.50
5283,17,2024-10-25,Customer_174,24,643.50
5284,12,2025-10-31,Customer_141,82,409.50
5285,9,2025-05-23,Customer_288,24,195.00
5286,25,2026-06-23,Customer_31,73,19.50
5287,47,2026-03-06,Customer_9,90,312.00
5288,39,2025-04-30,Customer_89,3,526.50
5289,34,2025-10-10,Customer_39,88,91.00
5290,39,2026-03-15,Customer_32,75,227.50
5291,23,2026-02-25,Customer_237,4,143.00
5292,46,2026-03-13,Customer_402,50,45.50
5293,8,2026-02-02,Customer_356,80,273.00
5294,38,2025-08-17,Customer_140,85,312.00
5295,9,2024-11-27,Customer_480,42,513.50
5296,34,2025-09-05,Customer_339,99,91.00
5297,19,2024-11-02,Customer_366,83,221.00
5298,19,2024-12-03,Customer_465,63,604.50
5299,4,2025-07-11,Customer_251,20,26.00
5300,27,2024-12-18,Customer_287,3,19.50
5301,8,2026-02-16,Customer_436,45,104.00
5302,19,2026-07-08,Customer_149,85,234.00
5303,24,2025-11-11,Customer_490,2,370.50
5304,6,2025-05-15,Customer_486,53,143.00
5305,25,2026-09-10,Customer_43,95,247.00
5306,45,2025-08-03,Customer_454,26,435.50
5307,3,2025-04-12,Customer_212,4,474.50
5308,8,2025-11-08,Customer_1,96,318.50
5309,25,2026-04-23,Customer_101,15,65.00
5310,3,2025-03-03,Customer_459,97,539.50
5311,38,2026-04-04,Customer_224,32,279.50
5312,28,2026-01-03,Customer_186,9,507.00
5313,10,2025-02-09,Customer_142,68,370.50
5314,39,2026-01-15,Customer_489,70,578.50
5315,28,2025-01-27,Customer_35,12,507.00
5316,12,2026-03-31,Customer_225,77,318.50
5317,18,2026-09-10,Customer_217,28,97.50
5318,46,2025-08-04,Customer_403,51,461.50
5319,20,2025-11-06,Customer_84,52,422.50
5320,27,2025-09-25,Customer_44,61,65.00
5321,4,2026-01-19,Customer_251,49,546.00
5322,34,2025-03-04,Customer_199,86,344.50
5323,37,2026-07-21,Customer_157,75,650.00
5324,36,2024-11-02,Customer_491,29,390.00
5325,48,2025-11-27,Customer_367,23,84.50
5326,29,2025-06-13,Customer_363,64,65.00
5327,10,2026-07-08,Customer_209,88,253.50
5328,27,2025-07-16,Customer_283,93,201.50
5329,21,2026-04-06,Customer_477,72,234.00
5330,47,2025-12-21,Customer_136,41,110.50
5331,7,2025-10-19,Customer_278,11,546.00
5332,3,2025-01-15,Customer_497,94,214.50
5333,7,2026-03-20,Customer_93,76,370.50
5334,35,2026-05-01,Customer_342,70,416.00
5335,27,2025-02-18,Customer_283,41,630.50
5336,28,2025-10-03,Customer_156,70,273.00
5337,7,2025-12-07,Customer_68,20,494.00
5338,7,2025-01-12,Customer_202,55,585.00
5339,24,2025-02-22,Customer_478,56,214.50
5340,1,2026-08-30,Customer_367,76,279.50
5341,46,2025-11-12,Customer_150,41,500.50
5342,47,2026-05-13,Customer_56,1,214.50
5343,22,2025-08-06,Customer_451,76,546.00
5344,16,2024-11-30,Customer_41,84,422.50
5345,18,2025-12-19,Customer_189,41,461.50
5346,38,2026-01-19,Customer_318,100,539.50
5347,32,2025-02-23,Customer_161,52,344.50
5348,20,2026-07-03,Customer_192,6,91.00
5349,22,2026-09-04,Customer_473,26,357.50
5350,36,2026-02-20,Customer_286,39,253.50
5351,22,2025-11-08,Customer_87,43,611.00
5352,49,2024-11-04,Customer_487,85,435.50
5353,7,2025-10-14,Customer_183,61,110.50
5354,37,2025-01-09,Customer_153,72,624.00
5355,1,2026-05-20,Customer_450,57,617.50
5356,4,2025-08-29,Customer_246,93,273.00
5357,39,2025-08-11,Customer_383,96,383.50
5358,4,2024-12-04,Customer_451,44,396.50
5359,22,2025-09-21,Customer_357,65,650.00
5360,5,2025-04-30,Customer_361,66,312.00
5361,36,2026-01-15,Customer_43,98,182.00
5362,19,2026-04-17,Customer_303,36,266.50
5363,47,2024-10-12,Customer_441,90,520.00
5364,14,2025-08-16,Customer_414,61,110.50
5365,20,2025-12-21,Customer_316,58,13.00
5366,50,2025-02-15,Customer_97,77,390.00
5367,3,2026-06-27,Customer_325,39,481.00
5368,49,2026-03-10,Customer_383,73,221.00
5369,35,2025-12-19,Customer_146,80,182.00
5370,23,2025-11-23,Customer_357,3,377.00
5371,39,2024-11-08,Customer_420,100,591.50
5372,4,2026-05-02,Customer_477,50,390.00
5373,48,2026-09-29,Customer_97,36,6.50
5374,9,2025-05-25,Customer_4,53,273.00
5375,33,2025-11-23,Customer_375,60,331.50
5376,40,2025-01-16,Customer_15,30,162.50
5377,43,2025-06-06,Customer_428,51,149.50
5378,32,2025-11-08,Customer_295,32,71.50
5379,50,2026-05-05,Customer_25,65,357.50
5380,12,2026-06-03,Customer_316,28,357.50
5381,19,2024-11-24,Customer_294,2,123.50
5382,19,2025-09-16,Customer_24,58,500.50
5383,13,2025-04-14,Customer_250,18,292.50
5384,2,2026-07-03,Customer_63,64,143.00
5385,48,2025-10-10,Customer_342,31,169.00
5386,17,2026-07-10,Customer_37,78,201.50
5387,30,2024-10-31,Customer_74,86,552.50
5388,33,2025-09-08,Customer_366,8,208.00
5389,17,2025-02-15,Customer_340,59,494.00
5390,39,2026-06-22,Customer_84,56,500.50
5391,16,2026-03-29,Customer_196,76,416.00
5392,27,2026-09-08,Customer_90,85,559.00
5393,22,2025-12-25,Customer_194,33,500.50
5394,46,2025-02-22,Customer_315,52,292.50
5395,18,2025-09-17,Customer_349,92,585.00
5396,48,2025-01-28,Customer_424,32,468.00
5397,17,2026-09-29,Customer_170,74,208.00
5398,46,2025-12-10,Customer_253,30,45.50
5399,10,2025-02-04,Customer_403,45,481.00
5400,6,2025-05-06,Customer_464,18,117.00
5401,32,2025-10-18,Customer_440,99,312.00
5402,7,2025-02-09,Customer_331,20,403.00
5403,16,2026-07-25,Customer_39,42,572.00
5404,2,2024-10-21,Customer_341,46,318.50
5405,35,2026-02-26,Customer_48,46,169.00
5406,21,2026-07-09,Customer_313,22,240.50
5407,4,2025-08-24,Customer_2,74,448.50
5408,35,2026-07-25,Customer_87,2,448.50
5409,11,2026-03-21,Customer_223,49,227.50
5410,42,2024-11-01,Customer_212,73,123.50
5411,19,2026-01-19,Customer_318,96,338.00
5412,41,2025-04-02,Customer_389,15,169.00
5413,23,2025-07-13,Customer_85,12,6.50
5414,38,2024-10-23,Customer_471,14,13.00
5415,5,2025-06-11,Customer_14,86,156.00
5416,6,2025-10-11,Customer_179,41,227.50
5417,8,2026-04-09,Customer_86,44,234.00
5418,17,2026-10-03,Customer_132,6,312.00
5419,28,2026-07-06,Customer_402,28,195.00
5420,28,2026-06-26,Customer_192,2,500.50
5421,41,2025-09-19,Customer_320,86,513.50
5422,46,2025-05-15,Customer_446,23,78.00
5423,15,2025-04-17,Customer_75,14,325.00
5424,13,2025-08-20,Customer_465,57,448.50
5425,37,2026-04-14,Customer_346,72,130.00
5426,2,2025-07-29,Customer_118,88,598.00
5427,50,2026-10-01,Customer_55,79,156.00
5428,37,2025-01-02,Customer_72,85,91.00
5429,45,2026-01-19,Customer_70,56,546.00
5430,47,2026-07-19,Customer_46,36,429.00
5431,2,2025-07-22,Customer_497,96,578.50
5432,44,2026-04-22,Customer_17,98,494.00
5433,33,2026-02-22,Customer_259,80,604.50
5434,26,2025-03-01,Customer_273,63,377.00
5435,9,2024-10-25,Customer_316,92,78.00
5436,36,2024-12-20,Customer_328,93,474.50
5437,4,2026-02-15,Customer_401,49,292.50
5438,12,2026-01-27,Customer_98,18,578.50
5439,25,2024-11-08,Customer_421,1,240.50
5440,21,2025-05-21,Customer_175,67,52.00
5441,12,2026-04-03,Customer_113,76,195.00
5442,48,2026-07-20,Customer_201,39,500.50
5443,30,2025-03-27,Customer_264,10,370.50
5444,50,2025-10-28,Customer_291,25,520.00
5445,50,2026-08-18,Customer_160,69,260.00
5446,36,2025-10-19,Customer_4,87,19.50
5447,47,2026-08-08,Customer_260,46,78.00
5448,17,2025-09-08,Customer_362,82,429.00
5449,22,2026-03-06,Customer_309,72,396.50
5450,18,2026-08-08,Customer_417,60,390.00
5451,33,2025-06-27,Customer_428,7,598.00
5452,22,2024-11-08,Customer_141,65,403.00
5453,29,2025-02-08,Customer_247,77,390.00
5454,3,2025-02-13,Customer_64,40,559.00
5455,46,2025-03-16,Customer_447,66,195.00
5456,15,2025-04-03,Customer_470,60,598.00
5457,27,2026-04-02,Customer_273,51,149.50
5458,3,2026-09-01,Customer_82,87,481.00
5459,33,2024-12-25,Customer_499,18,468.00
5460,24,2026-06-24,Customer_79,27,604.50
5461,15,2026-08-06,Customer_341,93,162.50
5462,8,2026-04-14,Customer_324,31,448.50
5463,50,2025-11-14,Customer_248,72,364.00
5464,50,2025-10-10,Customer_463,71,91.00
5465,42,2025-04-13,Customer_436,1,188.50
5466,39,2025-12-01,Customer_403,37,169.00
5467,25,2026-05-30,Customer_144,76,338.00
5468,27,2025-04-16,Customer_480,24,565.50
5469,49,2025-01-08,Customer_451,45,559.00
5470,10,2025-05-21,Customer_387,48,474.50
5471,25,2026-09-30,Customer_32,79,442.00
5472,27,2026-02-14,Customer_153,33,318.50
5473,1,2026-08-26,Customer_171,90,279.50
5474,6,2026-04-26,Customer_472,99,396.50
5475,31,2025-04-15,Customer_181,33,533.00
5476,3,2025-09-10,Customer_378,31,214.50
5477,19,2026-08-04,Customer_130,20,396.50
5478,40,2025-08-24,Customer_9,49,637.00
5479,17,2026-07-20,Customer_430,91,455.00
5480,49,2024-10-09,Customer_421,39,552.50
5481,10,2025-08-27,Customer_465,19,611.00
5482,38,2025-06-01,Customer_35,36,162.50
5483,47,2025-12-09,Customer_405,31,370.50
5484,28,2025-07-24,Customer_213,90,481.00
5485,15,2025-01-16,Customer_287,20,539.50
5486,50,2025-08-10,Customer_60,96,396.50
5487,43,2026-01-17,Customer_386,93,91.00
5488,17,2026-09-18,Customer_477,76,201.50
5489,21,2025-12-19,Customer_44,55,104.00
5490,20,2026-09-09,Customer_335,14,351.00
5491,24,2025-11-06,Customer_383,3,260.00
5492,1,2026-05-17,Customer_320,5,260.00
5493,39,2026-04-06,Customer_215,20,416.00
5494,16,2026-02-07,Customer_443,34,45.50
5495,21,2025-01-01,Customer_290,13,214.50
5496,34,2025-02-12,Customer_132,18,227.50
5497,32,2025-12-02,Customer_94,71,325.00
5498,23,2025-03-05,Customer_347,1,162.50
5499,2,2025-08-11,Customer_250,65,409.50
5500,6,2026-03-29,Customer_320,68,442.00
5501,3,2026-04-10,Customer_404,44,507.00
5502,41,2025-04-24,Customer_463,95,520.00
5503,45,2025-08-29,Customer_433,8,136.50
5504,12,2026-01-27,Customer_404,16,559.00
5505,7,2025-10-03,Customer_248,77,507.00
5506,12,2026-09-30,Customer_453,87,201.50
5507,3,2025-02-06,Customer_459,91,286.00
5508,43,2026-03-23,Customer_412,1,208.00
5509,48,2026-03-15,Customer_271,21,240.50
5510,32,2025-02-13,Customer_240,55,604.50
5511,14,2024-12-15,Customer_164,47,559.00
5512,13,2026-05-30,Customer_18,89,13.00
5513,42,2025-03-05,Customer_373,38,637.00
5514,5,2025-10-10,Customer_274,58,507.00
5515,4,2024-12-23,Customer_373,18,357.50
5516,16,2026-05-29,Customer_266,2,26.00
5517,29,2024-11-08,Customer_28,44,513.50
5518,28,2025-02-02,Customer_124,54,299.00
5519,35,2025-11-21,Customer_232,75,318.50
5520,11,2025-09-20,Customer_370,8,305.50
5521,16,2024-11-26,Customer_398,95,487.50
5522,22,2025-12-19,Customer_285,52,572.00
5523,39,2025-12-18,Customer_369,38,84.50
5524,49,2025-05-20,Customer_126,66,448.50
5525,20,2024-10-06,Customer_170,39,247.00
5526,5,2026-01-14,Customer_442,66,175.50
5527,5,2025-08-24,Customer_270,96,513.50
5528,22,2025-04-28,Customer_487,68,84.50
5529,10,2025-05-22,Customer_412,100,227.50
5530,30,2025-04-26,Customer_465,27,572.00
5531,16,2025-10-11,Customer_36,48,84.50
5532,31,2024-11-21,Customer_487,81,604.50
5533,30,2026-02-11,Customer_373,36,247.00
5534,24,2024-12-19,Customer_385,88,117.00
5535,24,2025-12-23,Customer_463,93,6.50
5536,46,2025-09-16,Customer_416,93,383.50
5537,2,2024-11-03,Customer_338,79,136.50
5538,15,2026-07-23,Customer_203,77,6.50
5539,22,2025-05-12,Customer_301,54,507.00
5540,11,2024-12-29,Customer_243,37,227.50
5541,25,2025-02-01,Customer_237,31,32.50
5542,37,2026-08-15,Customer_228,55,370.50
5543,29,2026-09-29,Customer_447,30,565.50
5544,38,2026-10-01,Customer_248,35,195.00
5545,36,2025-06-18,Customer_301,50,604.50
5546,7,2026-01-20,Customer_285,50,299.00
5547,48,2025-10-30,Customer_445,99,364.00
5548,25,2026-02-15,Customer_391,96,175.50
5549,4,2025-09-01,Customer_57,58,195.00
5550,46,2025-01-15,Customer_231,49,318.50
5551,35,2026-05-12,Customer_245,74,364.00
5552,45,2024-10-11,Customer_375,33,624.00
5553,5,2025-02-07,Customer_210,33,351.00
5554,47,2025-08-15,Customer_166,4,201.50
5555,20,2025-01-11,Customer_311,99,461.50
5556,19,2025-07-06,Customer_50,91,533.00
5557,19,2024-10-09,Customer_70,43,175.50
5558,31,2026-04-16,Customer_47,45,162.50
5559,42,2025-08-02,Customer_372,5,279.50
5560,10,2026-04-19,Customer_212,45,208.00
5561,7,2025-01-25,Customer_194,5,481.00
5562,23,2026-08-19,Customer_190,100,201.50
5563,16,2026-08-31,Customer_361,13,513.50
5564,16,2026-01-03,Customer_428,42,403.00
5565,33,2025-11-12,Customer_401,87,643.50
5566,44,2025-08-12,Customer_119,64,58.50
5567,12,2026-02-06,Customer_451,92,175.50
5568,9,2024-10-28,Customer_469,2,156.00
5569,16,2025-09-11,Customer_416,83,637.00
5570,2,2025-02-28,Customer_135,13,344.50
5571,9,2026-07-23,Customer_49,74,383.50
5572,7,2026-05-03,Customer_319,53,604.50
5573,48,2026-01-22,Customer_152,40,578.50
5574,23,2025-12-28,Customer_268,51,312.00
5575,16,2025-01-23,Customer_305,14,390.00
5576,24,2025-09-20,Customer_303,34,611.00
5577,43,2026-03-02,Customer_254,9,78.00
5578,29,2026-04-20,Customer_337,87,188.50
5579,18,2025-03-08,Customer_417,52,39.00
5580,21,2025-08-16,Customer_129,94,149.50
5581,34,2025-11-26,Customer_26,88,520.00
5582,50,2025-10-11,Customer_207,75,208.00
5583,19,2026-08-07,Customer_182,62,630.50
5584,35,2024-11-03,Customer_263,52,312.00
5585,37,2025-09-14,Customer_369,33,409.50
5586,12,2025-04-09,Customer_224,12,208.00
5587,14,2026-02-23,Customer_488,47,455.00
5588,7,2025-03-27,Customer_241,9,195.00
5589,35,2026-03-23,Customer_496,68,650.00
5590,35,2025-08-21,Customer_71,80,117.00
5591,20,2025-08-16,Customer_378,74,650.00
5592,16,2026-05-07,Customer_268,15,58.50
5593,7,2026-04-29,Customer_5,64,162.50
5594,30,2025-08-12,Customer_190,81,474.50
5595,31,2026-08-05,Customer_488,99,292.50
5596,32,2025-06-21,Customer_244,47,253.50
5597,47,2026-06-10,Customer_204,82,13.00
5598,5,2025-05-12,Customer_496,27,227.50
5599,32,2026-03-05,Customer_263,51,520.00
5600,23,2025-05-05,Customer_371,100,650.00
5601,36,2025-03-28,Customer_49,12,26.00
5602,43,2025-02-23,Customer_289,57,175.50
5603,37,2024-12-30,Customer_117,24,182.00
5604,47,2025-07-11,Customer_173,25,273.00
5605,31,2025-12-11,Customer_54,79,149.50
5606,27,2024-12-23,Customer_75,9,572.00
5607,3,2025-05-10,Customer_130,84,305.50
5608,35,2026-09-05,Customer_296,23,39.00
5609,37,2025-03-21,Customer_373,99,292.50
5610,28,2026-03-05,Customer_320,66,416.00
5611,12,2025-04-02,Customer_313,72,520.00
5612,4,2025-10-22,Customer_39,95,208.00
5613,38,2025-09-29,Customer_272,10,227.50
5614,15,2025-06-01,Customer_483,76,201.50
5615,11,2026-03-24,Customer_328,33,572.00
5616,42,2025-10-08,Customer_208,10,65.00
5617,31,2025-01-01,Customer_93,84,513.50
5618,34,2025-05-07,Customer_211,57,123.50
5619,19,2026-03-04,Customer_462,59,357.50
5620,4,2026-08-20,Customer_399,38,468.00
5621,44,2026-04-24,Customer_324,4,143.00
5622,39,2026-09-21,Customer_241,23,201.50
5623,29,2026-09-14,Customer_400,72,481.00
5624,32,2025-04-19,Customer_440,82,162.50
5625,5,2025-08-25,Customer_448,12,591.50
5626,33,2026-01-28,Customer_75,86,240.50
5627,12,2026-08-13,Customer_136,85,78.00
5628,11,2026-02-11,Customer_305,10,19.50
5629,11,2025-07-09,Customer_322,26,26.00
5630,31,2026-08-09,Customer_371,79,234.00
5631,1,2025-12-20,Customer_268,62,201.50
5632,33,2025-09-02,Customer_347,5,299.00
5633,14,2025-08-23,Customer_115,89,409.50
5634,33,2024-12-14,Customer_497,99,234.00
5635,3,2025-08-20,Customer_310,10,286.00
5636,42,2025-07-17,Customer_283,77,617.50
5637,38,2026-07-15,Customer_106,94,403.00
5638,48,2025-02-07,Customer_48,83,533.00
5639,24,2026-09-08,Customer_207,84,370.50
5640,38,2025-10-23,Customer_139,74,416.00
5641,20,2025-08-14,Customer_456,48,461.50
5642,45,2025-01-18,Customer_129,18,208.00
5643,45,2024-12-10,Customer_359,8,91.00
5644,28,2026-02-15,Customer_367,70,481.00
5645,36,2026-05-02,Customer_377,43,97.50
5646,5,2024-12-13,Customer_462,36,162.50
5647,47,2024-12-23,Customer_273,22,247.00
5648,31,2025-03-19,Customer_182,94,624.00
5649,11,2026-04-01,Customer_134,32,84.50
5650,21,2025-08-31,Customer_193,31,201.50
5651,10,2026-04-22,Customer_12,26,617.50
5652,9,2026-06-11,Customer_447,15,175.50
5653,31,2026-05-13,Customer_67,64,585.00
5654,27,2026-06-02,Customer_101,18,208.00
5655,10,2025-07-09,Customer_500,16,143.00
5656,41,2025-01-13,Customer_450,1,429.00
5657,25,2026-08-11,Customer_382,55,591.50
5658,41,2025-12-11,Customer_419,42,572.00
5659,34,2025-09-01,Customer_183,80,234.00
5660,38,2025-04-07,Customer_326,43,286.00
5661,40,2025-03-27,Customer_381,26,45.50
5662,39,2025-06-18,Customer_468,78,630.50
5663,45,2026-02-12,Customer_312,85,13.00
5664,20,2025-11-26,Customer_431,85,175.50
5665,49,2026-03-06,Customer_72,16,403.00
5666,28,2025-10-09,Customer_455,28,52.00
5667,27,2026-03-12,Customer_234,48,260.00
5668,1,2025-02-04,Customer_100,1,338.00
5669,15,2024-10-28,Customer_22,23,19.50
5670,3,2025-09-03,Customer_155,66,195.00
5671,28,2025-10-13,Customer_35,45,84.50
5672,19,2025-12-29,Customer_303,71,624.00
5673,29,2026-02-10,Customer_15,50,84.50
5674,19,2025-05-03,Customer_91,92,539.50
5675,42,2025-02-16,Customer_445,60,195.00
5676,34,2026-05-01,Customer_15,100,312.00
5677,31,2026-04-22,Customer_166,19,169.00
5678,4,2025-09-07,Customer_480,17,84.50
5679,16,2025-05-13,Customer_257,21,598.00
5680,38,2025-10-15,Customer_67,9,357.50
5681,2,2026-02-16,Customer_312,11,214.50
5682,37,2026-06-18,Customer_159,6,227.50
5683,26,2024-12-25,Customer_259,19,195.00
5684,6,2026-03-27,Customer_429,4,136.50
5685,4,2025-09-24,Customer_299,48,162.50
5686,4,2026-01-12,Customer_366,44,221.00
5687,11,2026-03-18,Customer_378,16,71.50
5688,35,2026-03-06,Customer_390,91,520.00
5689,25,2026-08-21,Customer_316,70,461.50
5690,33,2025-04-14,Customer_363,39,253.50
5691,38,2026-06-24,Customer_156,43,149.50
5692,47,2025-05-16,Customer_261,85,572.00
5693,38,2026-04-18,Customer_255,34,533.00
5694,12,2025-08-02,Customer_79,43,377.00
5695,48,2025-04-12,Customer_417,14,604.50
5696,19,2026-03-19,Customer_461,74,468.00
5697,44,2026-04-22,Customer_388,55,351.00
5698,14,2026-02-21,Customer_489,57,429.00
5699,25,2024-11-04,Customer_298,85,585.00
5700,30,2026-04-11,Customer_93,7,45.50
5701,34,2024-11-28,Customer_409,17,526.50
5702,6,2024-10-07,Customer_162,42,149.50
5703,47,2025-03-27,Customer_474,87,383.50
5704,11,2025-03-08,Customer_456,51,32.50
5705,17,2025-12-15,Customer_43,27,448.50
5706,34,2025-03-23,Customer_345,67,546.00
5707,29,2025-01-24,Customer_227,27,572.00
5708,31,2025-08-04,Customer_188,40,32.50
5709,27,2024-10-12,Customer_279,31,201.50
5710,50,2025-09-29,Customer_396,56,19.50
5711,39,2026-06-23,Customer_29,50,305.50
5712,39,2025-05-04,Customer_430,34,422.50
5713,15,2026-03-11,Customer_207,71,643.50
5714,24,2026-08-01,Customer_20,51,19.50
5715,21,2025-08-19,Customer_483,58,468.00
5716,49,2026-09-10,Customer_488,6,344.50
5717,34,2024-11-06,Customer_208,28,331.50
5718,46,2026-04-18,Customer_453,28,559.00
5719,13,2025-08-15,Customer_10,86,630.50
5720,50,2024-11-07,Customer_6,18,312.00
5721,11,2025-07-29,Customer_40,98,266.50
5722,12,2026-03-29,Customer_492,9,136.50
5723,2,2026-07-23,Customer_474,45,396.50
5724,10,2025-03-12,Customer_442,79,611.00
5725,17,2026-03-03,Customer_399,50,195.00
5726,43,2026-02-20,Customer_258,69,546.00
5727,39,2025-04-13,Customer_102,43,156.00
5728,3,2026-09-01,Customer_129,30,84.50
5729,23,2025-03-01,Customer_342,100,162.50
5730,48,2025-12-26,Customer_479,95,260.00
5731,33,2026-04-26,Customer_201,13,117.00
5732,27,2025-08-24,Customer_365,69,390.00
5733,9,2025-10-11,Customer_466,12,32.50
5734,46,2026-01-22,Customer_315,33,195.00
5735,2,2024-12-04,Customer_49,66,344.50
5736,13,2026-01-02,Customer_23,20,234.00
5737,50,2025-09-16,Customer_226,33,162.50
5738,1,2026-01-01,Customer_85,75,643.50
5739,32,2026-03-15,Customer_111,78,474.50
5740,46,2026-09-20,Customer_112,80,513.50
5741,15,2026-07-26,Customer_60,96,39.00
5742,19,2024-11-19,Customer_127,98,598.00
5743,14,2025-10-15,Customer_290,98,533.00
5744,4,2026-07-20,Customer_321,92,526.50
5745,33,2025-06-13,Customer_13,33,650.00
5746,28,2025-11-10,Customer_32,34,305.50
5747,19,2025-08-22,Customer_219,62,156.00
5748,41,2024-11-13,Customer_393,13,253.50
5749,2,2025-04-26,Customer_474,24,318.50
5750,32,2025-06-02,Customer_181,66,429.00
5751,49,2026-03-15,Customer_266,6,143.00
5752,43,2026-07-15,Customer_55,40,97.50
5753,40,2026-08-14,Customer_263,35,370.50
5754,5,2024-12-05,Customer_329,35,585.00
5755,35,2025-09-11,Customer_204,64,227.50
5756,41,2026-02-10,Customer_449,75,364.00
5757,43,2026-02-12,Customer_160,30,52.00
5758,5,2025-08-08,Customer_280,82,91.00
5759,38,2025-01-22,Customer_437,12,91.00
5760,23,2025-06-08,Customer_469,93,305.50
5761,16,2024-11-14,Customer_129,15,448.50
5762,44,2025-09-21,Customer_48,68,383.50
5763,16,2025-02-27,Customer_106,78,578.50
5764,38,2026-08-28,Customer_477,46,175.50
5765,35,2026-10-05,Customer_14,11,58.50
5766,30,2024-10-31,Customer_45,22,507.00
5767,48,2025-08-05,Customer_130,45,188.50
5768,50,2025-05-20,Customer_271,87,39.00
5769,15,2025-02-05,Customer_136,48,539.50
5770,42,2025-11-15,Customer_307,86,604.50
5771,20,2025-09-18,Customer_174,51,591.50
5772,42,2026-03-31,Customer_437,19,630.50
5773,47,2024-12-11,Customer_399,53,305.50
5774,37,2025-09-25,Customer_134,94,416.00
5775,48,2026-10-04,Customer_367,2,45.50
5776,20,2026-08-24,Customer_370,19,279.50
5777,5,2026-03-06,Customer_306,92,130.00
5778,9,2026-04-25,Customer_102,44,468.00
5779,1,2026-09-25,Customer_92,73,325.00
5780,18,2026-04-30,Customer_40,18,539.50
5781,40,2025-04-28,Customer_491,75,273.00
5782,17,2026-07-07,Customer_472,41,52.00
5783,39,2025-10-29,Customer_329,12,201.50
5784,11,2025-03-16,Customer_194,75,305.50
5785,36,2025-04-09,Customer_160,85,195.00
5786,44,2025-05-26,Customer_442,78,214.50
5787,41,2026-07-22,Customer_484,10,58.50
5788,42,2025-01-03,Customer_206,34,468.00
5789,34,2026-05-17,Customer_440,30,383.50
5790,48,2025-10-08,Customer_81,55,299.00
5791,45,2025-01-06,Customer_341,66,162.50
5792,10,2025-08-14,Customer_266,31,526.50
5793,17,2025-05-05,Customer_86,50,97.50
5794,35,2025-05-15,Customer_264,82,58.50
5795,19,2026-08-21,Customer_403,62,318.50
5796,47,2026-09-28,Customer_53,42,643.50
5797,8,2025-04-13,Customer_123,29,559.00
5798,7,2025-02-12,Customer_408,65,279.50
5799,43,2026-05-15,Customer_207,31,123.50
5800,33,2026-03-27,Customer_328,92,598.00
5801,12,2025-09-21,Customer_252,79,6.50
5802,13,2026-09-04,Customer_226,75,364.00
5803,9,2026-06-11,Customer_453,79,578.50
5804,49,2026-02-12,Customer_419,10,58.50
5805,23,2025-07-20,Customer_464,24,591.50
5806,19,2025-08-24,Customer_92,33,221.00
5807,11,2025-05-13,Customer_115,81,533.00
5808,33,2025-04-11,Customer_331,66,260.00
5809,36,2026-09-16,Customer_500,17,19.50
5810,5,2026-09-29,Customer_130,77,104.00
5811,9,2025-12-23,Customer_486,70,572.00
5812,30,2025-05-27,Customer_460,35,377.00
5813,27,2026-04-10,Customer_285,71,299.00
5814,39,2026-05-11,Customer_133,37,585.00
5815,50,2026-09-15,Customer_23,77,117.00
5816,19,2026-02-20,Customer_109,43,221.00
5817,31,2024-10-26,Customer_481,52,572.00
5818,39,2026-09-11,Customer_407,27,370.50
5819,47,2026-03-20,Customer_328,13,344.50
5820,24,2025-07-16,Customer_204,97,507.00
5821,37,2025-02-27,Customer_84,41,260.00
5822,11,2024-11-18,Customer_270,69,273.00
5823,47,2026-08-11,Customer_434,46,494.00
5824,15,2026-04-15,Customer_287,99,630.50
5825,11,2026-09-26,Customer_91,92,468.00
5826,12,2025-11-02,Customer_209,9,643.50
5827,48,2025-01-01,Customer_447,44,500.50
5828,19,2025-07-12,Customer_94,47,130.00
5829,28,2025-12-29,Customer_301,56,481.00
5830,46,2025-05-06,Customer_254,35,552.50
5831,39,2026-01-29,Customer_350,37,247.00
5832,11,2026-02-01,Customer_471,43,383.50
5833,34,2025-09-17,Customer_350,76,468.00
5834,17,2025-08-28,Customer_287,14,396.50
5835,26,2025-07-31,Customer_26,63,331.50
5836,43,2025-04-04,Customer_67,54,526.50
5837,50,2025-05-18,Customer_445,84,110.50
5838,4,2025-03-12,Customer_228,24,325.00
5839,8,2026-09-17,Customer_451,87,240.50
5840,27,2026-03-15,Customer_433,37,19.50
5841,12,2026-09-11,Customer_150,89,533.00
5842,20,2025-09-11,Customer_241,20,461.50
5843,32,2026-02-25,Customer_421,55,221.00
5844,9,2025-02-20,Customer_319,49,617.50
5845,25,2025-01-20,Customer_378,81,455.00
5846,32,2025-01-23,Customer_317,76,572.00
5847,14,2025-03-14,Customer_270,14,247.00
5848,32,2025-09-29,Customer_143,98,240.50
5849,24,2024-10-14,Customer_354,58,591.50
5850,39,2026-05-10,Customer_473,12,78.00
5851,11,2024-10-19,Customer_399,96,208.00
5852,21,2025-09-03,Customer_117,35,208.00
5853,34,2025-01-09,Customer_153,8,604.50
5854,42,2026-07-16,Customer_361,25,6.50
5855,39,2025-07-04,Customer_331,72,416.00
5856,42,2026-08-03,Customer_44,80,273.00
5857,24,2025-11-03,Customer_407,54,312.00
5858,50,2026-01-25,Customer_221,20,6.50
5859,13,2026-03-22,Customer_4,91,637.00
5860,37,2024-11-20,Customer_273,46,604.50
5861,7,2025-10-26,Customer_418,45,481.00
5862,31,2025-08-10,Customer_357,61,149.50
5863,31,2025-11-29,Customer_354,34,403.00
5864,34,2025-08-30,Customer_320,49,273.00
5865,20,2024-12-12,Customer_344,60,351.00
5866,22,2025-04-03,Customer_496,51,546.00
5867,25,2026-05-01,Customer_151,82,422.50
5868,22,2026-08-19,Customer_427,10,604.50
5869,39,2026-07-23,Customer_60,8,292.50
5870,4,2026-08-09,Customer_335,3,227.50
5871,15,2025-07-23,Customer_469,50,97.50
5872,43,2026-02-20,Customer_363,47,104.00
5873,5,2025-11-27,Customer_493,45,162.50
5874,33,2025-06-03,Customer_225,81,396.50
5875,15,2024-12-30,Customer_124,42,513.50
5876,46,2025-03-13,Customer_201,6,19.50
5877,6,2026-03-09,Customer_278,38,299.00
5878,26,2025-12-04,Customer_148,84,481.00
5879,25,2024-11-09,Customer_347,88,162.50
5880,23,2026-01-15,Customer_466,41,188.50
5881,23,2025-04-30,Customer_446,44,97.50
5882,11,2024-10-19,Customer_500,89,630.50
5883,35,2025-12-02,Customer_71,70,117.00
5884,32,2026-08-13,Customer_483,58,104.00
5885,7,2026-09-16,Customer_330,95,403.00
5886,45,2025-12-30,Customer_123,32,45.50
5887,25,2025-07-15,Customer_101,94,396.50
5888,38,2026-05-02,Customer_415,50,299.00
5889,6,2026-03-02,Customer_237,27,364.00
5890,50,2025-07-22,Customer_54,39,461.50
5891,50,2025-07-14,Customer_214,62,338.00
5892,22,2025-07-18,Customer_457,15,455.00
5893,3,2026-01-21,Customer_479,48,91.00
5894,46,2026-08-07,Customer_225,74,591.50
5895,13,2025-06-09,Customer_482,39,455.00
5896,1,2026-07-21,Customer_455,22,344.50
5897,22,2024-10-28,Customer_366,20,221.00
5898,28,2024-10-22,Customer_307,64,533.00
5899,17,2024-10-29,Customer_158,88,604.50
5900,3,2026-08-05,Customer_464,86,559.00
5901,21,2025-07-20,Customer_300,93,221.00
5902,35,2026-06-19,Customer_261,39,84.50
5903,33,2024-12-28,Customer_203,23,292.50
5904,8,2026-07-17,Customer_459,92,370.50
5905,49,2024-10-10,Customer_421,2,58.50
5906,19,2026-06-23,Customer_36,30,234.00
5907,4,2025-02-25,Customer_259,68,338.00
5908,14,2026-09-06,Customer_453,90,253.50
5909,38,2024-12-04,Customer_215,31,162.50
5910,37,2026-08-20,Customer_399,62,429.00
5911,18,2026-08-15,Customer_423,49,624.00
5912,41,2025-10-19,Customer_246,57,39.00
5913,3,2025-07-23,Customer_143,54,169.00
5914,10,2025-01-15,Customer_7,60,279.50
5915,12,2025-11-10,Customer_430,14,19.50
5916,6,2025-08-24,Customer_331,74,338.00
5917,24,2026-03-05,Customer_372,7,474.50
5918,7,2025-02-23,Customer_465,59,429.00
5919,17,2026-06-13,Customer_484,98,429.00
5920,18,2025-08-01,Customer_27,22,6.50
5921,49,2026-09-23,Customer_91,78,39.00
5922,17,2026-10-01,Customer_470,75,52.00
5923,7,2025-01-06,Customer_452,70,52.00
5924,35,2025-03-16,Customer_133,61,448.50
5925,7,2026-05-23,Customer_127,37,442.00
5926,11,2025-08-14,Customer_94,84,630.50
5927,47,2026-06-27,Customer_66,55,221.00
5928,1,2024-12-07,Customer_444,43,565.50
5929,2,2024-10-11,Customer_276,37,253.50
5930,33,2025-12-11,Customer_105,7,565.50
5931,25,2026-07-04,Customer_247,97,312.00
5932,49,2026-08-19,Customer_265,89,234.00
5933,32,2026-01-01,Customer_285,86,208.00
5934,16,2026-03-02,Customer_491,16,136.50
5935,39,2025-01-02,Customer_115,93,292.50
5936,14,2025-10-21,Customer_210,31,552.50
5937,33,2025-12-01,Customer_175,90,58.50
5938,48,2026-06-02,Customer_85,16,565.50
5939,8,2024-10-29,Customer_329,55,617.50
5940,39,2026-09-08,Customer_437,50,299.00
5941,27,2026-03-09,Customer_76,45,97.50
5942,3,2025-03-13,Customer_500,61,208.00
5943,28,2025-05-25,Customer_288,10,461.50
5944,33,2026-01-12,Customer_150,79,312.00
5945,1,2024-11-15,Customer_478,85,442.00
5946,10,2026-01-04,Customer_338,80,422.50
5947,9,2026-05-01,Customer_247,93,390.00
5948,6,2024-12-03,Customer_77,13,390.00
5949,33,2026-04-09,Customer_59,78,624.00
5950,4,2024-10-19,Customer_307,94,611.00
5951,17,2025-08-13,Customer_78,72,299.00
5952,23,2026-06-22,Customer_201,69,468.00
5953,29,2024-10-08,Customer_465,77,136.50
5954,31,2025-09-11,Customer_41,8,539.50
5955,3,2025-07-12,Customer_281,29,247.00
5956,37,2026-08-19,Customer_83,97,136.50
5957,31,2026-06-04,Customer_241,6,565.50
5958,42,2024-11-27,Customer_397,31,247.00
5959,48,2026-01-16,Customer_106,24,214.50
5960,45,2025-08-25,Customer_328,76,546.00
5961,10,2024-10-27,Customer_47,20,299.00
5962,3,2025-12-04,Customer_32,17,312.00
5963,48,2026-09-17,Customer_54,9,390.00
5964,26,2026-04-01,Customer_482,59,448.50
5965,4,2026-07-12,Customer_324,100,559.00
5966,32,2024-12-16,Customer_190,82,65.00
5967,21,2026-05-25,Customer_144,87,325.00
5968,35,2025-07-31,Customer_414,40,136.50
5969,18,2025-12-13,Customer_140,72,624.00
5970,18,2024-11-18,Customer_238,97,143.00
5971,36,2026-09-09,Customer_18,72,221.00
5972,36,2025-11-14,Customer_32,30,533.00
5973,37,2025-05-16,Customer_433,50,240.50
5974,5,2026-02-06,Customer_324,75,500.50
5975,22,2025-02-10,Customer_10,18,143.00
5976,49,2025-10-05,Customer_464,22,318.50
5977,30,2025-03-17,Customer_78,54,117.00
5978,37,2025-08-02,Customer_125,36,45.50
5979,37,2026-01-30,Customer_134,21,299.00
5980,33,2024-10-23,Customer_57,2,104.00
5981,9,2025-03-23,Customer_496,8,234.00
5982,8,2024-10-21,Customer_12,30,474.50
5983,8,2025-03-20,Customer_18,64,455.00
5984,37,2025-01-29,Customer_220,24,461.50
5985,6,2025-10-20,Customer_395,33,338.00
5986,25,2025-11-30,Customer_233,3,572.00
5987,43,2026-08-20,Customer_455,7,630.50
5988,35,2026-09-20,Customer_154,40,650.00
5989,1,2024-12-03,Customer_337,83,617.50
5990,7,2024-10-31,Customer_99,51,273.00
5991,39,2026-05-10,Customer_468,21,481.00
5992,11,2024-10-11,Customer_336,14,351.00
5993,32,2025-07-22,Customer_326,23,390.00
5994,17,2024-11-16,Customer_212,46,448.50
5995,23,2025-02-28,Customer_168,10,227.50
5996,23,2026-03-17,Customer_309,3,643.50
5997,13,2025-10-23,Customer_311,71,130.00
5998,13,2025-11-18,Customer_371,15,292.50
5999,45,2026-07-31,Customer_1,92,403.00
6000,13,2025-12-27,Customer_226,34,221.00
6001,42,2024-10-24,Customer_442,70,461.50
6002,2,2024-10-27,Customer_348,96,611.00
6003,34,2025-06-06,Customer_441,59,84.50
6004,28,2025-03-04,Customer_477,16,500.50
6005,49,2026-07-28,Customer_209,20,533.00
6006,2,2026-06-09,Customer_110,51,110.50
6007,18,2025-06-13,Customer_98,76,539.50
6008,5,2025-11-01,Customer_357,97,487.50
6009,4,2026-04-17,Customer_201,62,312.00
6010,39,2025-08-23,Customer_158,58,494.00
6011,8,2025-12-30,Customer_144,72,572.00
6012,8,2025-05-08,Customer_248,23,591.50
6013,4,2025-03-29,Customer_232,72,286.00
6014,10,2025-12-11,Customer_74,7,526.50
6015,48,2024-11-13,Customer_64,26,539.50
6016,45,2026-05-04,Customer_240,98,468.00
6017,49,2025-03-25,Customer_490,71,390.00
6018,23,2025-08-16,Customer_179,90,364.00
6019,11,2026-09-20,Customer_150,18,221.00
6020,6,2025-07-21,Customer_85,74,182.00
6021,12,2026-07-15,Customer_7,93,97.50
6022,15,2026-04-08,Customer_194,32,71.50
6023,5,2026-05-02,Customer_301,51,149.50
6024,50,2025-11-18,Customer_375,9,260.00
6025,35,2025-12-12,Customer_8,10,416.00
6026,41,2026-01-30,Customer_126,12,91.00
6027,42,2026-03-29,Customer_272,85,344.50
6028,37,2024-11-14,Customer_112,91,312.00
6029,2,2025-09-16,Customer_200,50,97.50
6030,43,2025-04-24,Customer_63,86,143.00
6031,22,2026-10-04,Customer_82,91,650.00
6032,10,2025-01-16,Customer_80,31,494.00
6033,6,2025-04-07,Customer_33,75,84.50
6034,43,2025-08-27,Customer_256,75,442.00
6035,30,2025-06-23,Customer_67,74,201.50
6036,39,2025-09-26,Customer_16,1,526.50
6037,36,2025-09-09,Customer_395,69,26.00
6038,24,2026-07-04,Customer_130,35,305.50
6039,47,2025-11-24,Customer_404,48,240.50
6040,49,2026-10-02,Customer_168,40,585.00
6041,41,2025-03-25,Customer_28,1,253.50
6042,26,2025-09-09,Customer_133,80,520.00
6043,21,2025-02-09,Customer_392,77,546.00
6044,26,2025-08-15,Customer_197,47,279.50
6045,11,2025-05-18,Customer_473,34,468.00
6046,42,2026-07-11,Customer_10,51,208.00
6047,31,2024-12-11,Customer_340,14,65.00
6048,23,2026-01-17,Customer_370,1,58.50
6049,8,2024-11-03,Customer_332,78,188.50
6050,23,2025-06-25,Customer_189,50,325.00
6051,1,2026-06-21,Customer_46,95,84.50
6052,41,2025-03-21,Customer_473,55,201.50
6053,12,2025-12-23,Customer_387,64,598.00
6054,15,2026-03-10,Customer_75,66,344.50
6055,49,2025-02-05,Customer_456,15,377.00
6056,36,2025-03-31,Customer_167,91,442.00
6057,26,2024-11-16,Customer_494,2,208.00
6058,49,2026-03-16,Customer_31,23,208.00
6059,47,2025-07-12,Customer_364,70,552.50
6060,36,2026-06-14,Customer_108,32,487.50
6061,42,2024-11-14,Customer_343,58,52.00
6062,40,2026-10-01,Customer_246,46,624.00
6063,20,2025-03-15,Customer_7,14,266.50
6064,47,2025-05-26,Customer_50,2,481.00
6065,2,2024-10-14,Customer_99,46,175.50
6066,14,2026-09-13,Customer_309,75,468.00
6067,3,2025-06-24,Customer_424,52,520.00
6068,46,2025-07-14,Customer_172,47,409.50
6069,34,2026-09-04,Customer_368,87,143.00
6070,9,2025-05-04,Customer_397,7,273.00
6071,27,2025-03-28,Customer_446,42,104.00
6072,29,2025-12-19,Customer_25,99,260.00
6073,6,2025-04-06,Customer_265,35,364.00
6074,32,2025-07-13,Customer_167,76,162.50
6075,34,2025-05-06,Customer_443,51,591.50
6076,23,2025-10-04,Customer_477,59,494.00
6077,7,2025-06-15,Customer_444,27,533.00
6078,7,2025-03-04,Customer_10,93,169.00
6079,14,2025-01-04,Customer_309,81,175.50
6080,9,2025-02-16,Customer_29,21,286.00
6081,35,2025-11-29,Customer_46,65,266.50
6082,28,2025-03-03,Customer_400,40,624.00
6083,1,2025-03-12,Customer_368,14,52.00
6084,38,2026-01-11,Customer_466,41,370.50
6085,42,2024-11-08,Customer_120,68,468.00
6086,29,2025-11-03,Customer_303,55,533.00
6087,39,2024-11-19,Customer_57,74,591.50
6088,7,2025-12-31,Customer_207,17,637.00
6089,37,2026-09-24,Customer_494,82,240.50
6090,7,2025-08-25,Customer_407,82,149.50
6091,31,2025-05-15,Customer_82,76,611.00
6092,15,2024-12-26,Customer_272,89,409.50
6093,35,2026-01-16,Customer_324,32,266.50
6094,19,2025-12-17,Customer_356,94,357.50
6095,28,2025-10-21,Customer_460,80,58.50
6096,43,2026-01-23,Customer_161,83,117.00
6097,18,2025-12-11,Customer_346,51,461.50
6098,4,2026-04-01,Customer_435,71,156.00
6099,7,2026-05-06,Customer_126,81,19.50
6100,3,2026-06-07,Customer_180,27,175.50
6101,50,2025-05-08,Customer_132,77,247.00
6102,38,2026-08-05,Customer_144,96,429.00
6103,19,2026-08-27,Customer_420,99,559.00
6104,46,2026-04-08,Customer_376,92,643.50
6105,3,2026-01-15,Customer_373,53,617.50
6106,48,2025-01-21,Customer_470,25,624.00
6107,20,2026-03-29,Customer_348,26,143.00
6108,47,2026-03-09,Customer_427,82,546.00
6109,17,2026-08-10,Customer_299,98,487.50
6110,19,2024-11-18,Customer_46,8,312.00
6111,28,2025-08-11,Customer_372,79,604.50
6112,29,2024-10-27,Customer_142,18,130.00
6113,38,2025-01-14,Customer_310,24,604.50
6114,32,2025-05-13,Customer_199,86,123.50
6115,46,2025-11-18,Customer_278,81,201.50
6116,10,2024-10-08,Customer_391,94,253.50
6117,46,2025-09-24,Customer_52,23,260.00
6118,29,2026-02-08,Customer_418,48,156.00
6119,41,2025-02-09,Customer_46,6,318.50
6120,38,2026-02-20,Customer_256,84,442.00
6121,46,2025-09-25,Customer_452,33,292.50
6122,21,2026-05-21,Customer_485,84,286.00
6123,50,2025-02-17,Customer_298,1,58.50
6124,13,2026-04-25,Customer_225,83,468.00
6125,6,2025-05-19,Customer_339,81,273.00
6126,7,2025-09-22,Customer_308,71,604.50
6127,48,2025-12-01,Customer_438,98,461.50
6128,38,2025-12-15,Customer_371,85,448.50
6129,37,2025-10-30,Customer_218,46,110.50
6130,11,2026-09-02,Customer_43,4,487.50
6131,35,2025-02-12,Customer_30,56,240.50
6132,27,2025-07-03,Customer_25,99,149.50
6133,1,2026-02-13,Customer_315,88,208.00
6134,39,2024-12-21,Customer_422,26,325.00
6135,43,2025-05-19,Customer_28,63,357.50
6136,6,2026-04-24,Customer_150,96,240.50
6137,47,2025-05-05,Customer_219,10,201.50
6138,38,2025-02-05,Customer_101,3,26.00
6139,47,2025-07-04,Customer_341,91,65.00
6140,41,2025-07-21,Customer_293,85,65.00
6141,8,2025-06-14,Customer_252,15,123.50
6142,23,2026-03-06,Customer_1,26,422.50
6143,27,2025-01-18,Customer_494,35,39.00
6144,9,2026-02-23,Customer_437,99,611.00
6145,26,2025-03-04,Customer_252,92,71.50
6146,47,2025-10-06,Customer_223,5,552.50
6147,29,2025-09-19,Customer_342,38,130.00
6148,14,2026-09-20,Customer_269,32,637.00
6149,23,2025-11-08,Customer_333,28,71.50
6150,37,2025-04-03,Customer_346,48,312.00
6151,24,2026-06-24,Customer_405,92,221.00
6152,15,2026-07-19,Customer_282,63,195.00
6153,42,2025-07-10,Customer_408,87,234.00
6154,30,2026-07-17,Customer_178,52,507.00
6155,21,2025-08-03,Customer_391,49,598.00
6156,42,2026-03-13,Customer_276,29,448.50
6157,11,2025-10-26,Customer_373,16,331.50
6158,39,2025-07-17,Customer_236,11,520.00
6159,35,2026-05-19,Customer_367,45,442.00
6160,25,2026-07-17,Customer_343,60,507.00
6161,40,2025-03-01,Customer_210,53,513.50
6162,46,2025-03-28,Customer_171,40,331.50
6163,33,2026-04-26,Customer_406,68,559.00
6164,7,2026-05-19,Customer_218,71,344.50
6165,23,2024-11-21,Customer_287,60,403.00
6166,44,2024-10-30,Customer_336,70,123.50
6167,34,2024-10-06,Customer_210,45,468.00
6168,1,2026-06-22,Customer_6,90,357.50
6169,34,2025-11-24,Customer_317,31,403.00
6170,17,2025-11-24,Customer_210,33,286.00
6171,39,2025-04-24,Customer_337,52,357.50
6172,39,2025-10-11,Customer_405,46,461.50
6173,6,2025-08-04,Customer_353,92,520.00
6174,9,2025-07-09,Customer_253,91,260.00
6175,2,2025-08-29,Customer_269,24,91.00
6176,39,2026-08-11,Customer_265,83,487.50
6177,49,2024-11-13,Customer_205,88,266.50
6178,36,2025-09-14,Customer_419,59,650.00
6179,10,2025-05-03,Customer_34,18,487.50
6180,29,2025-07-05,Customer_110,95,253.50
6181,27,2026-07-07,Customer_216,97,240.50
6182,34,2025-06-07,Customer_411,83,130.00
6183,15,2025-09-08,Customer_318,31,331.50
6184,50,2025-12-14,Customer_241,48,13.00
6185,21,2025-11-23,Customer_80,96,156.00
6186,47,2025-06-07,Customer_147,65,175.50
6187,1,2025-08-01,Customer_162,72,377.00
6188,5,2025-02-28,Customer_97,56,91.00
6189,28,2026-02-26,Customer_355,80,591.50
6190,8,2024-10-28,Customer_378,72,325.00
6191,36,2025-07-21,Customer_321,39,234.00
6192,38,2025-09-30,Customer_318,63,637.00
6193,49,2026-07-02,Customer_293,28,91.00
6194,47,2026-07-04,Customer_310,66,526.50
6195,41,2026-02-19,Customer_276,2,279.50
6196,47,2024-12-24,Customer_466,73,318.50
6197,31,2024-10-23,Customer_309,6,240.50
6198,4,2024-12-19,Customer_462,25,104.00
6199,3,2026-02-15,Customer_362,52,227.50
6200,8,2025-11-21,Customer_123,85,552.50
6201,27,2026-06-05,Customer_220,14,195.00
6202,9,2026-07-16,Customer_279,70,416.00
6203,15,2024-10-22,Customer_201,12,234.00
6204,4,2025-03-18,Customer_231,86,188.50
6205,8,2025-05-18,Customer_294,40,110.50
6206,3,2025-05-20,Customer_299,62,500.50
6207,11,2025-05-19,Customer_379,57,253.50
6208,43,2026-09-10,Customer_235,11,442.00
6209,46,2024-11-02,Customer_383,34,500.50
6210,49,2025-07-26,Customer_185,42,383.50
6211,43,2024-10-27,Customer_99,6,208.00
6212,28,2024-12-11,Customer_158,87,637.00
6213,35,2024-10-19,Customer_465,7,617.50
6214,12,2025-08-23,Customer_134,1,279.50
6215,11,2026-04-03,Customer_393,31,65.00
6216,13,2026-03-26,Customer_285,43,383.50
6217,48,2025-02-12,Customer_21,38,435.50
6218,14,2024-12-02,Customer_181,54,19.50
6219,2,2025-04-16,Customer_383,79,650.00
6220,36,2025-05-09,Customer_287,85,97.50
6221,29,2025-05-24,Customer_220,7,208.00
6222,37,2025-07-22,Customer_465,81,260.00
6223,1,2025-11-09,Customer_432,28,279.50
6224,11,2026-05-02,Customer_297,72,84.50
6225,22,2026-09-14,Customer_228,56,572.00
6226,24,2026-07-29,Customer_83,31,357.50
6227,14,2025-07-16,Customer_428,26,188.50
6228,35,2026-08-22,Customer_124,60,201.50
6229,3,2025-11-29,Customer_424,27,78.00
6230,27,2025-03-03,Customer_62,4,84.50
6231,2,2025-06-01,Customer_407,65,136.50
6232,10,2025-12-24,Customer_420,66,578.50
6233,30,2026-09-02,Customer_57,16,416.00
6234,24,2025-09-05,Customer_377,41,91.00
6235,11,2025-01-19,Customer_71,16,253.50
6236,29,2024-10-06,Customer_309,33,247.00
6237,45,2026-09-10,Customer_75,58,19.50
6238,39,2025-06-23,Customer_175,4,299.00
6239,23,2026-07-30,Customer_262,50,65.00
6240,48,2025-05-03,Customer_447,13,208.00
6241,15,2025-09-07,Customer_328,4,513.50
6242,22,2026-02-22,Customer_112,99,520.00
6243,30,2025-07-31,Customer_396,99,260.00
6244,32,2025-07-11,Customer_114,5,312.00
6245,7,2026-02-01,Customer_6,15,637.00
6246,6,2026-01-18,Customer_447,71,552.50
6247,36,2025-10-26,Customer_439,3,409.50
6248,48,2025-03-08,Customer_83,87,84.50
6249,48,2026-07-21,Customer_104,89,143.00
6250,48,2025-12-24,Customer_188,92,598.00
6251,16,2024-11-24,Customer_180,96,539.50
6252,26,2025-08-17,Customer_485,60,403.00
6253,9,2026-06-24,Customer_468,83,546.00
6254,39,2025-04-30,Customer_204,70,175.50
6255,18,2025-08-06,Customer_187,46,507.00
6256,36,2026-09-05,Customer_374,8,273.00
6257,18,2026-07-19,Customer_95,87,136.50
6258,49,2026-04-17,Customer_263,65,273.00
6259,39,2026-02-11,Customer_484,43,19.50
6260,34,2026-08-31,Customer_148,4,578.50
6261,23,2025-12-01,Customer_1,22,156.00
6262,33,2025-01-04,Customer_206,71,455.00
6263,37,2025-05-01,Customer_216,79,585.00
6264,11,2025-04-01,Customer_225,40,156.00
6265,5,2025-12-17,Customer_325,12,97.50
6266,18,2026-03-07,Customer_152,2,325.00
6267,45,2025-10-30,Customer_189,54,520.00
6268,40,2026-02-17,Customer_255,51,266.50
6269,26,2025-08-04,Customer_60,7,481.00
6270,29,2026-09-22,Customer_470,64,305.50
6271,32,2026-03-26,Customer_432,10,305.50
6272,40,2025-09-14,Customer_361,91,130.00
6273,26,2025-01-01,Customer_482,38,572.00
6274,37,2025-10-08,Customer_18,78,84.50
6275,26,2026-03-09,Customer_22,14,396.50
6276,5,2025-11-03,Customer_25,44,500.50
6277,23,2026-04-03,Customer_180,28,396.50
6278,11,2026-02-09,Customer_157,42,110.50
6279,27,2026-08-18,Customer_71,87,52.00
6280,27,2024-12-16,Customer_46,60,435.50
6281,35,2025-01-13,Customer_342,43,481.00
6282,43,2026-09-23,Customer_109,26,253.50
6283,49,2025-02-25,Customer_307,71,526.50
6284,7,2025-07-21,Customer_460,84,188.50
6285,8,2024-12-18,Customer_330,52,611.00
6286,7,2025-12-08,Customer_60,23,169.00
6287,40,2025-03-19,Customer_237,95,182.00
6288,13,2026-04-13,Customer_17,47,448.50
6289,32,2026-04-06,Customer_6,32,650.00
6290,42,2025-05-27,Customer_98,3,448.50
6291,47,2025-09-24,Customer_489,100,390.00
6292,28,2025-12-08,Customer_429,24,214.50
6293,22,2025-04-02,Customer_368,48,104.00
6294,30,2025-06-22,Customer_99,57,91.00
6295,10,2025-09-14,Customer_351,57,84.50
6296,35,2026-03-14,Customer_404,24,455.00
6297,19,2025-03-25,Customer_70,48,286.00
6298,24,2025-06-09,Customer_361,38,318.50
6299,9,2025-08-25,Customer_6,8,487.50
6300,46,2026-05-27,Customer_11,59,383.50
6301,48,2026-09-12,Customer_248,31,630.50
6302,37,2026-01-30,Customer_393,34,637.00
6303,10,2024-10-30,Customer_186,61,91.00
6304,41,2024-11-20,Customer_271,77,565.50
6305,3,2024-11-08,Customer_231,47,351.00
6306,1,2024-12-02,Customer_97,57,448.50
6307,47,2025-06-07,Customer_2,9,240.50
6308,18,2025-06-29,Customer_466,77,214.50
6309,22,2025-04-04,Customer_140,78,143.00
6310,36,2025-09-28,Customer_439,40,247.00
6311,50,2025-11-03,Customer_199,88,286.00
6312,29,2026-01-30,Customer_306,16,435.50
6313,35,2026-09-16,Customer_250,87,546.00
6314,30,2026-05-11,Customer_190,51,110.50
6315,48,2026-05-19,Customer_301,90,208.00
6316,7,2026-04-01,Customer_196,76,630.50
6317,3,2025-05-18,Customer_4,65,461.50
6318,2,2026-08-13,Customer_207,49,260.00
6319,42,2024-10-14,Customer_308,21,546.00
6320,49,2025-02-04,Customer_407,98,390.00
6321,8,2026-10-04,Customer_85,25,305.50
6322,31,2026-09-16,Customer_196,33,286.00
6323,45,2024-10-12,Customer_45,73,357.50
6324,12,2026-06-30,Customer_163,79,416.00
6325,14,2025-03-09,Customer_361,93,117.00
6326,42,2025-07-23,Customer_414,90,572.00
6327,1,2026-02-07,Customer_166,17,208.00
6328,18,2025-03-05,Customer_146,73,637.00
6329,15,2024-11-28,Customer_431,94,91.00
6330,14,2026-02-21,Customer_199,90,364.00
6331,29,2025-03-08,Customer_401,100,578.50
6332,18,2025-02-10,Customer_114,49,123.50
6333,25,2026-01-02,Customer_209,21,52.00
6334,26,2026-02-11,Customer_238,86,344.50
6335,10,2025-05-03,Customer_363,35,377.00
6336,15,2025-08-28,Customer_242,43,598.00
6337,8,2024-11-06,Customer_166,34,136.50
6338,8,2024-11-07,Customer_416,86,526.50
6339,1,2025-11-18,Customer_372,7,188.50
6340,44,2025-12-24,Customer_468,29,58.50
6341,3,2025-06-25,Customer_229,70,136.50
6342,9,2026-04-28,Customer_243,25,39.00
6343,25,2025-03-30,Customer_107,11,156.00
6344,35,2026-08-22,Customer_292,79,377.00
6345,20,2026-02-10,Customer_29,59,260.00
6346,39,2025-01-29,Customer_355,91,182.00
6347,11,2025-08-10,Customer_475,23,52.00
6348,40,2026-02-28,Customer_374,21,344.50
6349,33,2025-04-07,Customer_221,88,442.00
6350,46,2025-10-28,Customer_407,34,221.00
6351,8,2025-11-17,Customer_21,81,143.00
6352,31,2025-10-27,Customer_112,95,617.50
6353,6,2025-02-06,Customer_222,80,539.50
6354,15,2025-09-06,Customer_388,1,39.00
6355,50,2025-04-06,Customer_213,70,149.50
6356,30,2025-10-14,Customer_265,21,214.50
6357,20,2026-05-13,Customer_333,16,292.50
6358,9,2025-08-10,Customer_207,5,468.00
6359,42,2024-12-01,Customer_328,25,39.00
6360,49,2024-12-23,Customer_418,99,149.50
6361,43,2026-06-08,Customer_367,18,149.50
6362,33,2025-12-10,Customer_170,68,604.50
6363,26,2024-10-30,Customer_274,2,84.50
6364,23,2025-01-16,Customer_216,97,214.50
6365,12,2026-06-27,Customer_266,26,156.00
6366,18,2025-11-03,Customer_167,74,39.00
6367,50,2026-06-14,Customer_15,31,26.00
6368,32,2025-11-24,Customer_230,36,598.00
6369,8,2026-01-22,Customer_138,42,266.50
6370,50,2024-10-17,Customer_117,5,221.00
6371,29,2025-12-22,Customer_198,45,149.50
6372,23,2026-04-07,Customer_390,10,481.00
6373,17,2026-05-08,Customer_78,70,396.50
6374,19,2025-05-17,Customer_41,26,279.50
6375,43,2024-10-19,Customer_42,22,71.50
6376,35,2026-05-16,Customer_428,77,32.50
6377,28,2026-08-14,Customer_103,65,156.00
6378,9,2025-04-08,Customer_45,91,130.00
6379,19,2026-09-09,Customer_11,12,45.50
6380,30,2026-03-06,Customer_200,72,221.00
6381,9,2025-07-05,Customer_431,43,533.00
6382,33,2025-05-13,Customer_270,50,266.50
6383,37,2024-10-06,Customer_118,81,598.00
6384,27,2025-10-31,Customer_31,31,643.50
6385,27,2026-05-03,Customer_111,63,149.50
6386,31,2025-01-12,Customer_290,14,188.50
6387,6,2024-11-09,Customer_415,99,162.50
6388,12,2026-04-01,Customer_311,72,396.50
6389,15,2024-11-14,Customer_439,65,195.00
6390,4,2026-05-16,Customer_117,54,26.00
6391,28,2026-08-15,Customer_19,94,104.00
6392,10,2025-05-01,Customer_72,59,611.00
6393,33,2025-01-20,Customer_142,10,279.50
6394,7,2025-07-13,Customer_327,33,312.00
6395,14,2025-03-26,Customer_72,59,325.00
6396,20,2025-08-02,Customer_407,87,461.50
6397,17,2025-07-10,Customer_220,85,409.50
6398,34,2025-08-01,Customer_98,78,598.00
6399,39,2026-09-03,Customer_410,90,305.50
6400,12,2024-11-17,Customer_105,69,448.50
6401,43,2025-02-10,Customer_380,97,565.50
6402,28,2025-11-30,Customer_322,73,156.00
6403,44,2024-10-13,Customer_158,73,370.50
6404,29,2025-06-21,Customer_312,13,539.50
6405,47,2025-03-07,Customer_109,40,65.00
6406,49,2025-01-04,Customer_194,73,260.00
6407,10,2025-12-25,Customer_352,3,520.00
6408,15,2026-04-03,Customer_366,82,442.00
6409,5,2025-05-12,Customer_221,44,188.50
6410,10,2026-02-23,Customer_129,39,357.50
6411,29,2025-03-15,Customer_345,96,260.00
6412,48,2025-02-17,Customer_75,77,52.00
6413,28,2026-09-22,Customer_81,90,52.00
6414,49,2026-04-13,Customer_450,80,461.50
6415,3,2026-03-24,Customer_62,12,650.00
6416,42,2025-07-14,Customer_301,58,630.50
6417,22,2024-10-10,Customer_245,16,32.50
6418,47,2026-08-16,Customer_296,63,312.00
6419,23,2025-08-12,Customer_385,55,110.50
6420,27,2026-08-26,Customer_85,79,442.00
6421,38,2025-07-06,Customer_121,67,273.00
6422,29,2025-12-17,Customer_210,6,58.50
6423,25,2025-11-12,Customer_43,40,13.00
6424,29,2026-04-01,Customer_346,88,513.50
6425,48,2026-02-16,Customer_281,100,13.00
6426,48,2026-03-04,Customer_265,49,637.00
6427,43,2026-09-28,Customer_344,27,52.00
6428,20,2025-11-09,Customer_70,69,442.00
6429,31,2024-11-30,Customer_499,8,286.00
6430,28,2025-01-14,Customer_177,10,338.00
6431,39,2025-02-04,Customer_497,49,338.00
6432,38,2025-05-03,Customer_485,1,253.50
6433,37,2024-11-21,Customer_162,8,130.00
6434,4,2024-12-17,Customer_365,34,630.50
6435,34,2025-01-09,Customer_157,16,143.00
6436,36,2025-01-08,Customer_494,24,565.50
6437,17,2025-03-31,Customer_228,26,104.00
6438,4,2025-05-06,Customer_327,14,416.00
6439,16,2026-08-22,Customer_448,12,273.00
6440,10,2025-03-04,Customer_64,70,279.50
6441,5,2025-09-23,Customer_67,77,494.00
6442,25,2025-01-05,Customer_340,15,292.50
6443,8,2026-03-31,Customer_482,43,442.00
6444,8,2025-12-20,Customer_369,60,578.50
6445,22,2025-02-25,Customer_343,46,611.00
6446,17,2026-06-07,Customer_392,90,175.50
6447,5,2026-03-05,Customer_384,73,260.00
6448,36,2025-07-19,Customer_196,85,91.00
6449,37,2026-08-23,Customer_162,69,474.50
6450,34,2025-09-04,Customer_489,86,559.00
6451,33,2026-03-25,Customer_359,56,364.00
6452,43,2026-01-08,Customer_257,69,6.50
6453,31,2026-07-30,Customer_20,25,305.50
6454,19,2026-01-17,Customer_84,92,130.00
6455,26,2026-05-12,Customer_436,44,6.50
6456,32,2024-12-18,Customer_351,23,6.50
6457,5,2025-06-23,Customer_17,9,45.50
6458,40,2026-06-23,Customer_26,76,214.50
6459,11,2025-12-05,Customer_145,70,630.50
6460,4,2026-03-02,Customer_431,12,175.50
6461,8,2025-01-27,Customer_191,16,591.50
6462,47,2025-07-20,Customer_360,76,182.00
6463,44,2025-06-06,Customer_332,69,136.50
6464,26,2026-02-03,Customer_313,58,117.00
6465,20,2026-05-31,Customer_59,27,195.00
6466,3,2026-01-13,Customer_271,3,234.00
6467,47,2025-07-10,Customer_325,85,611.00
6468,41,2025-08-30,Customer_374,93,65.00
6469,14,2026-01-05,Customer_129,99,513.50
6470,24,2025-05-31,Customer_280,8,351.00
6471,16,2024-12-04,Customer_132,95,487.50
6472,10,2025-12-20,Customer_12,72,513.50
6473,23,2024-11-13,Customer_77,61,195.00
6474,17,2025-08-25,Customer_31,43,110.50
6475,8,2026-07-15,Customer_6,38,546.00
6476,2,2025-01-19,Customer_276,93,565.50
6477,13,2024-12-29,Customer_214,99,162.50
6478,13,2025-05-23,Customer_418,68,19.50
6479,33,2025-01-04,Customer_82,35,442.00
6480,38,2025-07-19,Customer_66,4,546.00
6481,35,2026-08-28,Customer_85,62,591.50
6482,21,2026-07-13,Customer_400,92,182.00
6483,14,2026-01-23,Customer_327,69,468.00
6484,1,2025-02-12,Customer_233,97,409.50
6485,3,2026-07-24,Customer_20,15,266.50
6486,2,2026-01-03,Customer_493,49,455.00
6487,19,2026-09-07,Customer_463,65,650.00
6488,21,2024-11-27,Customer_492,30,123.50
6489,28,2025-03-23,Customer_310,15,123.50
6490,7,2025-12-03,Customer_224,58,383.50
6491,47,2024-10-22,Customer_201,63,604.50
6492,28,2026-03-06,Customer_91,15,286.00
6493,8,2026-08-28,Customer_317,43,45.50
6494,21,2025-07-12,Customer_130,76,403.00
6495,44,2024-11-09,Customer_126,1,26.00
6496,31,2025-06-03,Customer_494,29,221.00
6497,40,2026-01-06,Customer_233,33,604.50
6498,11,2025-04-23,Customer_467,54,175.50
6499,3,2026-05-08,Customer_15,28,474.50
6500,50,2024-11-06,Customer_302,47,305.50
6501,40,2026-05-14,Customer_190,20,143.00
6502,32,2024-11-01,Customer_493,41,143.00
6503,23,2024-11-15,Customer_131,64,409.50
6504,28,2025-12-04,Customer_458,80,474.50
6505,1,2026-07-16,Customer_408,19,507.00
6506,11,2025-10-27,Customer_264,11,429.00
6507,49,2025-01-31,Customer_61,9,624.00
6508,27,2026-01-29,Customer_131,50,52.00
6509,29,2026-03-18,Customer_262,56,234.00
6510,9,2025-06-23,Customer_199,75,182.00
6511,15,2025-05-29,Customer_356,2,526.50
6512,1,2024-11-15,Customer_132,78,624.00
6513,29,2025-01-07,Customer_143,8,338.00
6514,19,2026-09-09,Customer_338,23,175.50
6515,46,2025-03-02,Customer_193,71,591.50
6516,10,2024-12-14,Customer_170,64,214.50
6517,38,2025-08-18,Customer_290,32,624.00
6518,32,2026-04-09,Customer_178,14,32.50
6519,12,2025-12-10,Customer_449,41,71.50
6520,15,2026-07-03,Customer_118,44,357.50
6521,38,2024-12-11,Customer_249,63,169.00
6522,23,2025-08-24,Customer_207,30,357.50
6523,35,2025-02-03,Customer_5,16,318.50
6524,43,2025-08-20,Customer_103,100,533.00
6525,33,2026-07-07,Customer_232,54,364.00
6526,15,2025-07-30,Customer_369,8,520.00
6527,33,2026-09-03,Customer_216,72,370.50
6528,32,2026-02-07,Customer_106,60,84.50
6529,45,2026-09-20,Customer_120,51,52.00
6530,33,2025-06-20,Customer_120,52,299.00
6531,34,2025-10-17,Customer_490,78,533.00
6532,12,2025-11-06,Customer_307,62,494.00
6533,5,2025-05-10,Customer_194,5,370.50
6534,31,2025-01-12,Customer_242,42,643.50
6535,23,2025-10-18,Customer_125,14,91.00
6536,23,2025-08-09,Customer_296,79,6.50
6537,43,2026-01-09,Customer_457,47,598.00
6538,45,2026-05-06,Customer_481,68,578.50
6539,38,2026-04-18,Customer_326,66,455.00
6540,42,2026-04-15,Customer_459,76,539.50
6541,1,2025-09-24,Customer_61,1,539.50
6542,39,2026-04-06,Customer_412,73,136.50
6543,48,2026-02-09,Customer_82,77,331.50
6544,41,2025-09-16,Customer_232,68,130.00
6545,44,2026-05-19,Customer_129,77,331.50
6546,22,2025-04-28,Customer_145,36,533.00
6547,19,2026-05-21,Customer_280,18,65.00
6548,30,2025-06-10,Customer_198,8,234.00
6549,3,2024-10-10,Customer_186,37,325.00
6550,24,2026-02-03,Customer_60,25,162.50
6551,29,2025-10-22,Customer_373,43,52.00
6552,33,2026-04-24,Customer_337,6,318.50
6553,14,2026-07-18,Customer_207,4,552.50
6554,39,2024-10-15,Customer_167,41,377.00
6555,11,2026-08-27,Customer_159,93,260.00
6556,12,2026-09-03,Customer_118,58,474.50
6557,16,2026-03-16,Customer_222,56,156.00
6558,31,2025-12-12,Customer_355,95,383.50
6559,3,2026-04-19,Customer_311,13,292.50
6560,4,2025-03-09,Customer_154,74,572.00
6561,29,2025-10-08,Customer_322,68,312.00
6562,6,2026-03-18,Customer_121,88,533.00
6563,31,2024-11-04,Customer_125,35,546.00
6564,38,2024-10-06,Customer_497,86,214.50
6565,30,2026-04-29,Customer_250,18,461.50
6566,1,2025-01-30,Customer_15,2,201.50
6567,42,2026-08-05,Customer_262,34,123.50
6568,25,2026-07-14,Customer_320,84,260.00
6569,5,2026-06-22,Customer_32,25,604.50
6570,12,2026-04-04,Customer_146,2,13.00
6571,23,2025-08-10,Customer_362,47,396.50
6572,38,2026-05-23,Customer_494,96,143.00
6573,25,2025-02-19,Customer_192,47,6.50
6574,13,2026-06-25,Customer_444,58,26.00
6575,7,2025-01-26,Customer_52,28,130.00
6576,1,2025-05-19,Customer_324,20,32.50
6577,23,2025-06-06,Customer_69,99,52.00
6578,26,2026-04-21,Customer_375,19,598.00
6579,45,2026-09-18,Customer_181,71,604.50
6580,11,2026-06-13,Customer_42,98,169.00
6581,45,2024-12-24,Customer_139,81,513.50
6582,41,2026-01-20,Customer_446,23,52.00
6583,20,2025-07-07,Customer_136,8,110.50
6584,8,2025-01-08,Customer_26,17,468.00
6585,17,2024-10-19,Customer_370,60,110.50
6586,40,2026-07-17,Customer_206,60,578.50
6587,49,2025-06-20,Customer_444,18,273.00
6588,6,2025-03-22,Customer_458,93,97.50
6589,11,2024-12-15,Customer_331,92,52.00
6590,10,2025-10-14,Customer_368,41,19.50
6591,14,2025-03-07,Customer_234,41,32.50
6592,33,2026-09-29,Customer_351,74,442.00
6593,24,2025-06-24,Customer_460,58,416.00
6594,6,2025-02-02,Customer_233,93,422.50
6595,41,2026-08-13,Customer_444,51,364.00
6596,45,2024-12-21,Customer_15,65,461.50
6597,1,2025-05-29,Customer_409,99,513.50
6598,5,2026-06-18,Customer_408,17,201.50
6599,39,2026-04-17,Customer_288,4,19.50
6600,19,2025-04-28,Customer_68,61,396.50
6601,6,2026-03-15,Customer_462,60,52.00
6602,1,2025-04-16,Customer_374,88,169.00
6603,2,2025-01-29,Customer_186,58,26.00
6604,36,2025-10-09,Customer_472,16,455.00
6605,43,2025-05-02,Customer_273,63,188.50
6606,34,2026-06-19,Customer_353,72,240.50
6607,27,2025-10-17,Customer_343,29,604.50
6608,37,2026-01-05,Customer_322,76,500.50
6609,10,2025-07-10,Customer_276,84,188.50
6610,34,2026-05-12,Customer_466,50,338.00
6611,16,2026-05-31,Customer_444,44,591.50
6612,47,2026-03-22,Customer_396,49,630.50
6613,12,2026-05-16,Customer_98,90,481.00
6614,7,2026-02-23,Customer_138,98,6.50
6615,17,2026-07-23,Customer_443,23,481.00
6616,13,2026-06-28,Customer_271,79,377.00
6617,3,2025-08-17,Customer_385,3,123.50
6618,12,2025-09-25,Customer_472,6,650.00
6619,36,2026-01-08,Customer_87,15,305.50
6620,22,2026-07-03,Customer_437,26,13.00
6621,5,2025-09-12,Customer_1,62,526.50
6622,12,2025-03-26,Customer_78,42,520.00
6623,1,2026-09-07,Customer_202,36,396.50
6624,11,2026-02-24,Customer_22,61,604.50
6625,46,2026-04-19,Customer_47,78,643.50
6626,23,2026-06-16,Customer_441,33,182.00
6627,44,2025-02-04,Customer_175,75,572.00
6628,13,2026-07-19,Customer_328,68,26.00
6629,6,2026-01-07,Customer_345,84,500.50
6630,43,2024-10-21,Customer_7,73,546.00
6631,34,2025-09-11,Customer_140,76,357.50
6632,6,2025-04-29,Customer_164,64,364.00
6633,43,2026-05-20,Customer_111,72,396.50
6634,42,2024-12-03,Customer_328,51,364.00
6635,7,2026-04-15,Customer_434,57,6.50
6636,44,2025-02-14,Customer_112,31,637.00
6637,31,2026-03-15,Customer_316,5,481.00
6638,33,2026-06-15,Customer_317,61,247.00
6639,33,2026-01-09,Customer_287,56,26.00
6640,1,2026-04-13,Customer_306,15,598.00
6641,23,2025-09-05,Customer_34,48,507.00
6642,23,2026-05-13,Customer_80,34,26.00
6643,10,2025-07-30,Customer_370,100,650.00
6644,18,2024-10-19,Customer_373,16,331.50
6645,32,2025-01-11,Customer_342,39,45.50
6646,13,2025-08-21,Customer_377,37,513.50
6647,38,2025-01-19,Customer_470,7,149.50
6648,38,2024-11-12,Customer_339,97,409.50
6649,25,2026-09-15,Customer_31,99,221.00
6650,49,2025-11-19,Customer_183,26,169.00
6651,42,2026-07-29,Customer_483,90,403.00
6652,21,2025-06-04,Customer_165,89,162.50
6653,7,2024-11-20,Customer_276,79,403.00
6654,42,2024-12-15,Customer_431,63,182.00
6655,27,2025-04-14,Customer_30,43,91.00
6656,5,2025-04-28,Customer_139,95,331.50
6657,47,2025-05-19,Customer_143,82,468.00
6658,34,2025-04-28,Customer_92,78,630.50
6659,35,2025-10-16,Customer_9,82,175.50
6660,48,2024-11-18,Customer_13,40,455.00
6661,41,2025-03-06,Customer_107,88,520.00
6662,6,2025-03-14,Customer_254,80,45.50
6663,45,2025-09-10,Customer_289,34,611.00
6664,43,2026-02-14,Customer_316,38,468.00
6665,45,2025-06-27,Customer_448,41,78.00
6666,21,2025-09-10,Customer_175,91,370.50
6667,9,2025-09-27,Customer_137,84,643.50
6668,7,2025-03-31,Customer_362,66,409.50
6669,35,2025-08-30,Customer_265,86,279.50
6670,32,2024-11-22,Customer_40,47,214.50
6671,29,2025-03-17,Customer_195,93,247.00
6672,46,2026-06-11,Customer_355,75,208.00
6673,10,2024-12-04,Customer_36,67,247.00
6674,37,2026-05-18,Customer_86,69,305.50
6675,16,2026-07-29,Customer_488,28,494.00
6676,29,2025-07-25,Customer_462,34,130.00
6677,39,2025-05-03,Customer_368,39,188.50
6678,32,2025-12-31,Customer_254,92,162.50
6679,1,2024-12-30,Customer_340,31,78.00
6680,11,2025-04-17,Customer_456,91,461.50
6681,41,2025-05-09,Customer_222,22,377.00
6682,24,2024-11-12,Customer_460,17,52.00
6683,19,2025-08-20,Customer_239,46,201.50
6684,23,2025-03-19,Customer_91,44,422.50
6685,2,2025-04-12,Customer_344,64,643.50
6686,11,2024-11-24,Customer_371,61,448.50
6687,21,2025-11-04,Customer_381,40,52.00
6688,32,2024-10-20,Customer_455,20,325.00
6689,32,2025-11-03,Customer_33,12,182.00
6690,47,2026-02-17,Customer_357,82,494.00
6691,18,2024-10-20,Customer_282,40,201.50
6692,26,2025-01-15,Customer_221,52,175.50
6693,31,2026-03-17,Customer_293,40,552.50
6694,28,2026-09-30,Customer_421,10,416.00
6695,36,2025-11-24,Customer_31,45,617.50
6696,26,2026-09-14,Customer_465,48,500.50
6697,40,2025-03-20,Customer_368,76,513.50
6698,46,2026-02-11,Customer_356,81,104.00
6699,40,2025-08-30,Customer_332,49,526.50
6700,1,2025-03-12,Customer_127,65,422.50
6701,19,2026-01-24,Customer_186,87,279.50
6702,44,2026-01-29,Customer_161,38,117.00
6703,34,2025-10-09,Customer_156,51,396.50
6704,49,2024-10-31,Customer_11,60,481.00
6705,45,2025-12-05,Customer_466,72,344.50
6706,7,2025-04-14,Customer_130,64,312.00
6707,2,2026-07-14,Customer_54,30,195.00
6708,47,2026-06-22,Customer_26,93,442.00
6709,9,2025-10-16,Customer_355,56,6.50
6710,32,2025-01-14,Customer_94,52,617.50
6711,39,2025-02-01,Customer_389,42,611.00
6712,22,2026-06-05,Customer_343,61,279.50
6713,15,2026-03-07,Customer_440,46,552.50
6714,6,2025-07-14,Customer_171,5,45.50
6715,16,2026-09-22,Customer_455,52,13.00
6716,22,2025-12-07,Customer_203,16,422.50
6717,42,2025-05-08,Customer_76,65,201.50
6718,32,2025-09-25,Customer_460,36,312.00
6719,7,2025-04-24,Customer_17,15,45.50
6720,23,2026-03-14,Customer_392,52,52.00
6721,5,2026-04-04,Customer_466,69,201.50
6722,16,2026-04-17,Customer_419,37,104.00
6723,9,2026-02-17,Customer_301,95,487.50
6724,46,2026-05-04,Customer_37,11,273.00
6725,40,2024-12-26,Customer_161,53,630.50
6726,21,2025-03-13,Customer_446,88,123.50
6727,13,2025-08-28,Customer_381,27,357.50
6728,23,2025-07-23,Customer_212,77,500.50
6729,10,2025-12-14,Customer_212,11,123.50
6730,44,2026-02-06,Customer_115,17,578.50
6731,33,2025-09-28,Customer_198,21,312.00
6732,25,2026-06-21,Customer_211,36,533.00
6733,29,2025-03-28,Customer_156,9,227.50
6734,19,2025-07-18,Customer_492,3,110.50
6735,1,2025-06-23,Customer_265,13,104.00
6736,1,2025-08-31,Customer_372,86,318.50
6737,29,2026-10-02,Customer_388,25,591.50
6738,46,2025-05-19,Customer_65,90,84.50
6739,27,2024-12-13,Customer_318,79,260.00
6740,9,2025-04-21,Customer_115,8,357.50
6741,14,2026-05-11,Customer_214,69,325.00
6742,13,2024-12-08,Customer_456,57,58.50
6743,5,2024-11-05,Customer_328,52,162.50
6744,7,2026-06-07,Customer_403,93,513.50
6745,11,2026-03-07,Customer_303,36,643.50
6746,26,2026-03-23,Customer_216,23,84.50
6747,13,2024-11-13,Customer_246,78,221.00
6748,30,2026-05-09,Customer_450,48,403.00
6749,21,2025-05-20,Customer_190,45,195.00
6750,37,2024-11-13,Customer_108,41,266.50
6751,37,2026-02-11,Customer_421,60,357.50
6752,46,2025-02-24,Customer_273,40,169.00
6753,5,2025-06-26,Customer_91,82,208.00
6754,46,2026-04-17,Customer_320,100,32.50
6755,10,2025-11-16,Customer_433,37,617.50
6756,43,2025-03-12,Customer_63,15,195.00
6757,23,2026-01-31,Customer_142,97,266.50
6758,38,2025-11-06,Customer_147,43,370.50
6759,5,2026-07-12,Customer_284,100,286.00
6760,27,2025-05-01,Customer_287,88,396.50
6761,12,2025-07-19,Customer_291,55,338.00
6762,8,2025-08-10,Customer_209,37,136.50
6763,33,2024-12-13,Customer_311,53,507.00
6764,9,2026-06-13,Customer_77,37,6.50
6765,41,2025-05-02,Customer_32,78,312.00
6766,40,2024-10-10,Customer_418,32,604.50
6767,31,2026-09-29,Customer_259,100,188.50
6768,45,2025-03-28,Customer_298,56,435.50
6769,3,2025-06-29,Customer_381,47,578.50
6770,16,2025-12-14,Customer_188,7,364.00
6771,23,2026-09-24,Customer_333,74,383.50
6772,44,2026-09-15,Customer_59,71,578.50
6773,2,2026-01-22,Customer_485,31,117.00
6774,24,2024-11-29,Customer_127,54,292.50
6775,43,2025-03-20,Customer_286,69,565.50
6776,3,2025-03-30,Customer_247,5,617.50
6777,16,2024-12-17,Customer_404,81,136.50
6778,9,2025-12-28,Customer_190,60,45.50
6779,31,2026-01-07,Customer_321,81,396.50
6780,28,2026-03-30,Customer_340,85,396.50
6781,31,2025-09-07,Customer_345,99,494.00
6782,40,2026-09-21,Customer_160,60,279.50
6783,11,2026-08-08,Customer_66,22,188.50
6784,8,2025-10-30,Customer_28,95,143.00
6785,3,2025-08-21,Customer_73,99,520.00
6786,49,2025-10-29,Customer_11,38,299.00
6787,42,2026-06-19,Customer_212,17,494.00
6788,20,2025-03-12,Customer_197,2,552.50
6789,11,2024-12-01,Customer_148,55,273.00
6790,4,2025-04-06,Customer_427,76,546.00
6791,14,2025-03-13,Customer_263,60,110.50
6792,23,2025-08-01,Customer_413,58,377.00
6793,37,2026-09-02,Customer_342,66,266.50
6794,43,2025-05-30,Customer_443,47,474.50
6795,9,2025-04-25,Customer_405,18,481.00
6796,47,2026-10-02,Customer_197,33,331.50
6797,16,2026-05-03,Customer_129,64,312.00
6798,17,2026-01-27,Customer_311,99,416.00
6799,5,2026-06-21,Customer_161,86,6.50
6800,47,2025-05-30,Customer_496,84,546.00
6801,50,2025-04-12,Customer_134,8,539.50
6802,25,2024-12-20,Customer_195,96,526.50
6803,43,2025-12-08,Customer_414,17,442.00
6804,2,2025-02-02,Customer_203,3,448.50
6805,21,2025-08-07,Customer_489,89,591.50
6806,50,2026-07-17,Customer_428,41,533.00
6807,43,2026-09-16,Customer_325,50,78.00
6808,15,2025-06-20,Customer_322,31,435.50
6809,11,2025-03-30,Customer_219,18,552.50
6810,13,2026-01-26,Customer_490,17,416.00
6811,18,2026-09-10,Customer_337,5,97.50
6812,3,2025-04-24,Customer_363,33,351.00
6813,34,2026-03-31,Customer_442,9,169.00
6814,10,2025-03-19,Customer_367,28,130.00
6815,43,2025-03-29,Customer_284,25,422.50
6816,38,2026-05-04,Customer_39,63,58.50
6817,25,2025-09-23,Customer_155,75,169.00
6818,45,2026-04-21,Customer_384,86,559.00
6819,28,2026-04-11,Customer_348,38,71.50
6820,1,2025-04-17,Customer_188,65,364.00
6821,32,2026-06-30,Customer_255,2,591.50
6822,33,2025-04-16,Customer_373,92,409.50
6823,5,2026-01-31,Customer_130,19,572.00
6824,50,2026-07-18,Customer_42,28,130.00
6825,29,2025-05-21,Customer_261,32,19.50
6826,7,2025-04-16,Customer_114,84,253.50
6827,23,2025-10-10,Customer_178,16,247.00
6828,34,2025-11-28,Customer_477,76,435.50
6829,41,2026-06-11,Customer_41,85,214.50
6830,3,2026-07-29,Customer_302,81,130.00
6831,40,2026-09-23,Customer_493,85,110.50
6832,41,2026-08-15,Customer_394,33,45.50
6833,43,2025-12-08,Customer_407,90,78.00
6834,29,2026-03-07,Customer_145,35,416.00
6835,9,2025-05-19,Customer_333,9,227.50
6836,33,2025-08-06,Customer_181,76,143.00
6837,31,2025-04-13,Customer_67,15,331.50
6838,31,2025-11-22,Customer_486,34,416.00
6839,38,2026-05-23,Customer_26,33,604.50
6840,1,2024-12-11,Customer_315,47,344.50
6841,22,2025-09-27,Customer_386,80,182.00
6842,15,2025-02-03,Customer_287,65,253.50
6843,33,2025-04-14,Customer_192,56,123.50
6844,13,2025-06-13,Customer_210,89,13.00
6845,42,2026-05-29,Customer_411,32,110.50
6846,1,2026-01-15,Customer_4,27,117.00
6847,44,2025-01-12,Customer_272,67,104.00
6848,50,2026-04-18,Customer_20,2,32.50
6849,21,2025-10-01,Customer_478,77,13.00
6850,8,2025-04-03,Customer_122,85,552.50
6851,32,2026-02-11,Customer_415,10,208.00
6852,29,2025-09-16,Customer_151,70,182.00
6853,12,2024-11-14,Customer_74,84,435.50
6854,30,2025-12-06,Customer_34,29,305.50
6855,37,2025-10-22,Customer_355,100,565.50
6856,49,2025-08-01,Customer_153,54,429.00
6857,26,2025-08-05,Customer_49,19,58.50
6858,9,2026-06-12,Customer_52,12,182.00
6859,39,2025-08-07,Customer_231,75,6.50
6860,42,2025-08-17,Customer_387,38,494.00
6861,8,2025-08-15,Customer_260,99,26.00
6862,37,2025-09-17,Customer_338,4,136.50
6863,30,2026-06-10,Customer_57,61,149.50
6864,28,2024-11-07,Customer_500,40,357.50
6865,38,2026-05-10,Customer_437,55,208.00
6866,6,2025-03-23,Customer_200,31,442.00
6867,23,2025-09-11,Customer_222,48,390.00
6868,24,2026-01-16,Customer_57,95,481.00
6869,1,2026-07-23,Customer_314,14,390.00
6870,34,2026-01-16,Customer_354,21,299.00
6871,30,2025-04-25,Customer_285,7,279.50
6872,45,2025-03-20,Customer_483,6,182.00
6873,14,2026-08-30,Customer_37,91,559.00
6874,13,2026-03-02,Customer_448,25,637.00
6875,47,2026-07-16,Customer_154,62,169.00
6876,35,2025-08-08,Customer_379,71,292.50
6877,31,2026-02-13,Customer_181,21,591.50
6878,50,2024-12-13,Customer_400,61,370.50
6879,7,2025-08-24,Customer_249,20,156.00
6880,8,2025-02-21,Customer_252,42,474.50
6881,33,2025-11-28,Customer_363,75,6.50
6882,48,2025-04-30,Customer_8,83,526.50
6883,46,2025-02-08,Customer_15,84,448.50
6884,18,2025-07-19,Customer_355,49,19.50
6885,31,2025-04-25,Customer_35,50,390.00
6886,9,2026-05-06,Customer_256,89,13.00
6887,35,2026-06-13,Customer_177,78,546.00
6888,32,2026-03-19,Customer_197,22,383.50
6889,30,2025-10-31,Customer_219,22,617.50
6890,38,2025-07-05,Customer_165,77,214.50
6891,32,2025-08-24,Customer_105,82,182.00
6892,5,2026-03-12,Customer_140,19,344.50
6893,22,2025-02-13,Customer_63,68,481.00
6894,49,2024-11-05,Customer_217,36,247.00
6895,45,2025-06-03,Customer_273,2,286.00
6896,26,2025-06-30,Customer_104,96,208.00
6897,3,2026-01-22,Customer_269,65,604.50
6898,4,2025-03-31,Customer_408,66,312.00
6899,4,2026-08-11,Customer_239,80,195.00
6900,17,2024-12-13,Customer_308,83,539.50
6901,30,2025-03-11,Customer_231,59,331.50
6902,1,2025-12-19,Customer_163,73,58.50
6903,33,2026-10-05,Customer_218,17,214.50
6904,29,2024-12-07,Customer_84,38,409.50
6905,38,2026-06-05,Customer_427,62,247.00
6906,13,2026-05-11,Customer_193,27,71.50
6907,39,2025-02-23,Customer_66,8,507.00
6908,48,2025-03-13,Customer_371,43,409.50
6909,36,2025-07-17,Customer_87,77,364.00
6910,22,2025-11-21,Customer_275,38,468.00
6911,44,2025-03-30,Customer_183,87,422.50
6912,3,2025-10-16,Customer_251,88,539.50
6913,19,2025-03-10,Customer_138,52,273.00
6914,20,2025-02-22,Customer_383,62,234.00
6915,11,2024-10-19,Customer_118,34,383.50
6916,10,2026-02-28,Customer_369,86,344.50
6917,14,2026-09-23,Customer_494,52,468.00
6918,34,2026-04-24,Customer_199,85,273.00
6919,18,2024-11-27,Customer_419,66,214.50
6920,11,2024-12-04,Customer_303,81,130.00
6921,30,2025-11-26,Customer_44,54,6.50
6922,26,2026-06-18,Customer_59,60,390.00
6923,22,2026-04-29,Customer_215,10,84.50
6924,16,2025-11-19,Customer_465,76,247.00
6925,34,2026-08-23,Customer_138,64,318.50
6926,32,2025-10-19,Customer_196,75,175.50
6927,31,2025-11-16,Customer_220,15,19.50
6928,9,2025-01-16,Customer_309,28,84.50
6929,48,2024-11-05,Customer_157,86,448.50
6930,46,2025-04-05,Customer_496,30,572.00
6931,11,2025-06-05,Customer_439,47,448.50
6932,6,2025-12-19,Customer_389,62,383.50
6933,36,2025-03-22,Customer_198,72,227.50
6934,24,2026-03-06,Customer_452,27,500.50
6935,10,2026-09-25,Customer_407,94,630.50
6936,2,2025-12-12,Customer_331,48,416.00
6937,30,2026-09-15,Customer_137,59,520.00
6938,38,2026-08-20,Customer_239,19,195.00
6939,28,2026-06-22,Customer_113,73,624.00
6940,5,2025-02-13,Customer_171,72,91.00
6941,8,2025-10-07,Customer_119,28,201.50
6942,34,2026-02-27,Customer_235,62,331.50
6943,35,2025-10-29,Customer_275,79,175.50
6944,41,2025-02-02,Customer_174,22,227.50
6945,30,2025-12-27,Customer_193,84,416.00
6946,8,2025-01-18,Customer_59,33,344.50
6947,43,2026-01-11,Customer_432,35,260.00
6948,46,2026-05-09,Customer_185,73,598.00
6949,50,2026-06-09,Customer_412,97,78.00
6950,37,2026-05-14,Customer_120,55,357.50
6951,26,2025-07-17,Customer_439,44,104.00
6952,45,2026-01-15,Customer_464,48,169.00
6953,38,2025-10-13,Customer_436,62,169.00
6954,47,2026-03-16,Customer_266,34,292.50
6955,37,2025-04-30,Customer_472,94,507.00
6956,35,2026-08-12,Customer_125,32,195.00
6957,25,2025-08-12,Customer_412,76,266.50
6958,8,2025-07-25,Customer_105,52,500.50
6959,6,2025-08-14,Customer_252,72,364.00
6960,33,2025-04-21,Customer_1,52,591.50
6961,44,2025-02-10,Customer_214,7,260.00
6962,8,2025-01-16,Customer_60,57,130.00
6963,41,2025-10-22,Customer_11,3,240.50
6964,22,2025-11-14,Customer_433,46,305.50
6965,44,2025-05-08,Customer_367,65,624.00
6966,3,2026-09-29,Customer_185,52,273.00
6967,30,2025-07-30,Customer_412,1,572.00
6968,10,2025-05-31,Customer_387,13,442.00
6969,23,2025-10-24,Customer_32,4,630.50
6970,3,2026-06-02,Customer_10,46,448.50
6971,31,2026-06-07,Customer_368,97,234.00
6972,45,2025-03-08,Customer_257,57,240.50
6973,12,2025-11-09,Customer_411,30,273.00
6974,23,2025-02-08,Customer_164,14,110.50
6975,48,2025-04-26,Customer_387,96,84.50
6976,35,2026-08-10,Customer_171,95,312.00
6977,3,2026-07-02,Customer_373,52,325.00
6978,48,2024-10-29,Customer_117,20,78.00
6979,19,2025-08-17,Customer_322,7,117.00
6980,36,2024-10-24,Customer_201,81,195.00
6981,30,2026-06-07,Customer_259,31,84.50
6982,1,2026-08-04,Customer_321,58,357.50
6983,10,2025-08-11,Customer_298,97,611.00
6984,29,2025-03-14,Customer_482,83,487.50
6985,48,2026-07-07,Customer_294,33,539.50
6986,33,2026-02-13,Customer_274,92,559.00
6987,1,2024-10-30,Customer_29,60,617.50
6988,50,2026-01-24,Customer_376,22,188.50
6989,12,2026-04-08,Customer_194,89,39.00
6990,5,2026-06-27,Customer_87,71,585.00
6991,14,2026-07-14,Customer_218,87,585.00
6992,49,2026-09-05,Customer_167,94,429.00
6993,9,2026-08-18,Customer_492,95,422.50
6994,42,2025-11-20,Customer_468,80,286.00
6995,16,2025-03-22,Customer_331,1,396.50
6996,10,2026-05-23,Customer_267,93,6.50
6997,30,2025-05-26,Customer_12,56,65.00
6998,30,2025-06-26,Customer_259,47,507.00
6999,30,2025-04-08,Customer_105,62,474.50
7000,32,2025-08-18,Customer_170,4,26.00
7001,39,2026-05-20,Customer_470,85,65.00
7002,3,2025-06-19,Customer_447,60,143.00
7003,43,2026-04-19,Customer_241,60,169.00
7004,6,2025-07-02,Customer_440,86,344.50
7005,24,2026-05-08,Customer_425,81,390.00
7006,3,2025-06-30,Customer_66,33,331.50
7007,30,2026-07-29,Customer_200,32,117.00
7008,13,2026-08-19,Customer_321,71,143.00
7009,12,2025-12-16,Customer_285,93,13.00
7010,20,2024-10-10,Customer_197,32,357.50
7011,12,2024-10-15,Customer_194,46,513.50
7012,23,2025-10-14,Customer_87,71,591.50
7013,28,2025-08-28,Customer_275,38,409.50
7014,19,2025-09-09,Customer_232,10,448.50
7015,15,2026-06-05,Customer_442,82,565.50
7016,4,2025-05-22,Customer_368,79,565.50
7017,11,2026-03-14,Customer_383,5,643.50
7018,10,2025-12-07,Customer_44,31,539.50
7019,15,2025-12-04,Customer_333,57,136.50
7020,49,2026-09-08,Customer_268,91,58.50
7021,21,2026-09-12,Customer_409,88,650.00
7022,4,2025-05-19,Customer_360,70,383.50
7023,15,2025-06-30,Customer_162,86,45.50
7024,49,2026-10-03,Customer_161,36,598.00
7025,15,2025-09-22,Customer_269,34,422.50
7026,30,2024-12-24,Customer_52,9,630.50
7027,43,2025-04-18,Customer_192,75,84.50
7028,16,2024-12-24,Customer_296,30,390.00
7029,8,2024-10-28,Customer_178,81,442.00
7030,3,2025-06-15,Customer_307,83,435.50
7031,21,2026-09-29,Customer_362,42,182.00
7032,21,2024-12-23,Customer_314,79,221.00
7033,12,2025-03-06,Customer_262,84,175.50
7034,12,2025-07-23,Customer_478,96,546.00
7035,38,2025-11-12,Customer_195,11,390.00
7036,26,2025-06-25,Customer_380,61,240.50
7037,31,2025-03-29,Customer_47,30,468.00
7038,11,2026-07-26,Customer_364,16,136.50
7039,47,2026-01-23,Customer_375,8,520.00
7040,8,2025-12-07,Customer_151,99,435.50
7041,4,2026-07-12,Customer_308,61,494.00
7042,15,2025-04-25,Customer_472,43,403.00
7043,8,2025-07-25,Customer_13,74,481.00
7044,21,2026-07-28,Customer_496,36,97.50
7045,30,2026-05-14,Customer_70,71,52.00
7046,41,2025-11-14,Customer_73,32,546.00
7047,33,2025-11-27,Customer_380,99,221.00
7048,18,2026-08-17,Customer_30,87,546.00
7049,25,2025-03-18,Customer_278,43,162.50
7050,20,2026-09-23,Customer_495,24,156.00
7051,15,2025-03-01,Customer_352,53,448.50
7052,39,2025-06-23,Customer_59,46,435.50
7053,19,2026-06-08,Customer_470,45,123.50
7054,23,2026-06-29,Customer_372,45,162.50
7055,25,2026-09-30,Customer_134,51,624.00
7056,39,2026-03-23,Customer_144,18,520.00
7057,17,2025-06-30,Customer_286,33,104.00
7058,6,2026-03-18,Customer_462,38,455.00
7059,48,2025-02-04,Customer_267,29,520.00
7060,4,2026-06-15,Customer_73,94,552.50
7061,22,2026-05-14,Customer_119,58,611.00
7062,2,2026-05-22,Customer_294,37,45.50
7063,37,2025-03-02,Customer_479,78,136.50
7064,8,2026-09-25,Customer_251,81,292.50
7065,22,2024-12-21,Customer_107,81,474.50
7066,27,2025-07-08,Customer_36,82,500.50
7067,2,2026-03-14,Customer_378,90,169.00
7068,25,2025-08-27,Customer_189,50,539.50
7069,45,2024-10-13,Customer_140,91,611.00
7070,20,2026-07-30,Customer_226,63,448.50
7071,28,2025-09-04,Customer_409,54,45.50
7072,48,2026-01-03,Customer_246,76,643.50
7073,1,2025-06-08,Customer_444,65,578.50
7074,1,2025-12-11,Customer_110,29,533.00
7075,34,2026-09-13,Customer_59,54,279.50
7076,23,2026-03-19,Customer_288,46,6.50
7077,50,2025-04-25,Customer_15,91,630.50
7078,40,2026-07-31,Customer_254,40,325.00
7079,25,2025-02-12,Customer_261,46,286.00
7080,28,2025-06-26,Customer_435,57,234.00
7081,9,2025-04-04,Customer_176,59,318.50
7082,24,2026-07-08,Customer_161,62,286.00
7083,35,2026-06-04,Customer_355,90,552.50
7084,14,2025-05-28,Customer_391,47,286.00
7085,1,2024-10-17,Customer_464,69,247.00
7086,41,2026-09-04,Customer_169,59,442.00
7087,31,2025-02-03,Customer_343,51,214.50
7088,7,2026-01-14,Customer_280,10,214.50
7089,27,2026-02-06,Customer_416,21,149.50
7090,15,2025-02-25,Customer_141,25,39.00
7091,33,2025-02-25,Customer_35,82,188.50
7092,18,2026-04-13,Customer_484,97,624.00
7093,29,2025-06-26,Customer_428,81,13.00
7094,47,2025-04-22,Customer_66,34,227.50
7095,48,2025-09-30,Customer_98,15,455.00
7096,22,2025-08-19,Customer_354,74,565.50
7097,25,2025-06-29,Customer_109,34,84.50
7098,17,2025-09-06,Customer_335,24,240.50
7099,42,2025-08-30,Customer_296,30,344.50
7100,47,2026-01-28,Customer_328,44,286.00
7101,32,2026-04-15,Customer_469,48,364.00
7102,30,2025-01-24,Customer_8,15,650.00
7103,36,2025-05-22,Customer_204,95,104.00
7104,2,2026-03-11,Customer_293,78,357.50
7105,43,2025-05-18,Customer_459,53,390.00
7106,49,2026-03-06,Customer_329,77,442.00
7107,13,2026-08-01,Customer_123,33,572.00
7108,14,2025-12-21,Customer_451,61,149.50
7109,40,2025-06-23,Customer_313,71,338.00
7110,24,2025-04-05,Customer_334,99,149.50
7111,6,2025-04-15,Customer_346,77,84.50
7112,3,2025-11-04,Customer_310,63,474.50
7113,20,2026-02-17,Customer_463,31,6.50
7114,9,2026-05-15,Customer_107,83,448.50
7115,2,2025-05-05,Customer_278,69,13.00
7116,19,2026-04-12,Customer_388,26,565.50
7117,22,2026-09-24,Customer_435,5,299.00
7118,36,2026-06-22,Customer_333,83,234.00
7119,1,2024-10-10,Customer_66,73,162.50
7120,39,2024-11-07,Customer_472,97,208.00
7121,2,2025-07-25,Customer_29,81,208.00
7122,23,2026-03-25,Customer_454,65,279.50
7123,17,2026-02-21,Customer_122,27,513.50
7124,31,2025-06-24,Customer_10,14,383.50
7125,45,2026-07-15,Customer_497,93,19.50
7126,41,2025-12-03,Customer_328,91,331.50
7127,41,2024-11-16,Customer_46,34,6.50
7128,14,2025-08-31,Customer_263,52,97.50
7129,1,2025-12-06,Customer_171,70,442.00
7130,43,2026-05-02,Customer_451,94,396.50
7131,43,2026-06-09,Customer_285,9,507.00
7132,41,2025-07-05,Customer_361,90,481.00
7133,15,2026-03-01,Customer_326,22,6.50
7134,6,2025-02-05,Customer_125,55,130.00
7135,35,2024-12-26,Customer_379,20,52.00
7136,40,2025-03-11,Customer_42,79,214.50
7137,2,2026-01-03,Customer_258,56,357.50
7138,13,2024-10-24,Customer_288,17,201.50
7139,28,2025-03-07,Customer_115,86,559.00
7140,6,2026-03-18,Customer_293,68,461.50
7141,24,2024-12-20,Customer_337,62,344.50
7142,22,2026-02-07,Customer_135,21,383.50
7143,15,2025-10-03,Customer_35,88,559.00
7144,34,2026-08-09,Customer_239,72,162.50
7145,39,2025-04-25,Customer_461,46,604.50
7146,25,2026-03-30,Customer_129,46,468.00
7147,8,2025-12-22,Customer_416,13,260.00
7148,45,2025-02-13,Customer_250,44,611.00
7149,35,2026-05-27,Customer_381,44,52.00
7150,5,2024-12-21,Customer_360,100,650.00
7151,45,2025-02-27,Customer_429,26,227.50
7152,21,2024-10-16,Customer_490,45,45.50
7153,48,2025-09-13,Customer_238,18,286.00
7154,46,2025-05-06,Customer_235,67,624.00
7155,23,2025-04-30,Customer_388,13,91.00
7156,44,2025-11-18,Customer_496,19,273.00
7157,38,2025-11-12,Customer_151,33,643.50
7158,25,2025-12-07,Customer_60,85,175.50
7159,35,2025-09-24,Customer_80,61,520.00
7160,36,2026-07-04,Customer_29,48,442.00
7161,19,2025-12-02,Customer_354,19,136.50
7162,32,2026-05-07,Customer_370,58,598.00
7163,21,2024-12-18,Customer_335,51,474.50
7164,50,2025-04-21,Customer_340,62,396.50
7165,19,2026-07-03,Customer_99,68,559.00
7166,2,2026-07-31,Customer_351,12,286.00
7167,42,2026-06-02,Customer_246,89,91.00
7168,16,2025-10-16,Customer_362,15,26.00
7169,23,2025-08-26,Customer_295,24,26.00
7170,33,2025-07-17,Customer_243,40,578.50
7171,50,2026-02-09,Customer_184,17,468.00
7172,40,2025-12-11,Customer_331,3,71.50
7173,4,2026-07-18,Customer_102,95,19.50
7174,21,2026-07-02,Customer_480,50,383.50
7175,20,2026-02-09,Customer_36,36,52.00
7176,29,2025-02-02,Customer_175,100,604.50
7177,44,2024-10-14,Customer_453,91,455.00
7178,25,2025-04-20,Customer_149,67,643.50
7179,46,2025-12-05,Customer_88,13,286.00
7180,26,2026-01-21,Customer_36,38,266.50
7181,9,2024-10-12,Customer_155,46,299.00
7182,44,2025-07-01,Customer_280,50,247.00
7183,34,2025-06-15,Customer_44,58,65.00
7184,21,2024-11-06,Customer_98,19,234.00
7185,38,2026-05-19,Customer_488,18,526.50
7186,48,2026-06-17,Customer_464,89,130.00
7187,48,2025-01-29,Customer_66,70,604.50
7188,42,2024-11-07,Customer_230,1,461.50
7189,20,2025-06-20,Customer_467,63,175.50
7190,23,2024-10-24,Customer_64,87,84.50
7191,31,2025-12-19,Customer_264,15,273.00
7192,34,2026-09-10,Customer_274,12,52.00
7193,35,2025-07-24,Customer_100,78,6.50
7194,15,2025-11-06,Customer_282,9,643.50
7195,12,2026-01-14,Customer_391,22,91.00
7196,32,2026-06-21,Customer_77,55,201.50
7197,49,2025-12-19,Customer_346,45,494.00
7198,27,2025-02-03,Customer_207,57,591.50
7199,30,2025-11-03,Customer_414,95,624.00
7200,15,2026-02-22,Customer_492,27,175.50
7201,6,2026-06-01,Customer_239,6,403.00
7202,34,2025-10-01,Customer_391,17,58.50
7203,4,2026-05-08,Customer_326,54,409.50
7204,31,2025-04-05,Customer_78,70,201.50
7205,22,2025-03-16,Customer_149,56,195.00
7206,8,2025-05-14,Customer_326,2,364.00
7207,39,2025-12-11,Customer_487,11,630.50
7208,30,2025-11-21,Customer_248,58,162.50
7209,35,2025-01-27,Customer_283,46,357.50
7210,35,2025-10-31,Customer_54,81,169.00
7211,36,2025-02-13,Customer_85,20,58.50
7212,43,2025-10-03,Customer_447,79,565.50
7213,40,2025-01-02,Customer_247,47,474.50
7214,29,2026-01-08,Customer_291,23,637.00
7215,46,2025-11-23,Customer_144,93,175.50
7216,48,2025-03-04,Customer_71,64,97.50
7217,2,2024-12-20,Customer_320,22,370.50
7218,48,2024-12-16,Customer_271,17,52.00
7219,21,2025-06-10,Customer_481,10,110.50
7220,44,2025-10-11,Customer_159,38,643.50
7221,31,2025-11-09,Customer_18,41,143.00
7222,46,2024-12-23,Customer_81,30,71.50
7223,20,2025-09-10,Customer_320,89,234.00
7224,50,2025-10-30,Customer_170,88,39.00
7225,23,2026-05-20,Customer_168,100,650.00
7226,39,2025-10-05,Customer_468,76,650.00
7227,29,2025-09-13,Customer_121,83,533.00
7228,11,2024-10-14,Customer_338,42,13.00
7229,41,2026-08-13,Customer_328,56,357.50
7230,49,2025-01-27,Customer_236,67,325.00
7231,5,2025-04-13,Customer_120,96,617.50
7232,6,2025-07-02,Customer_314,4,325.00
7233,28,2024-10-11,Customer_450,96,364.00
7234,2,2024-12-25,Customer_258,53,598.00
7235,37,2025-02-08,Customer_85,38,364.00
7236,9,2025-07-18,Customer_106,64,266.50
7237,45,2024-11-17,Customer_471,29,390.00
7238,1,2025-12-22,Customer_108,71,559.00
7239,32,2024-11-18,Customer_490,45,578.50
7240,17,2026-04-20,Customer_267,43,468.00
7241,36,2024-11-23,Customer_314,2,604.50
7242,37,2025-06-17,Customer_281,67,58.50
7243,10,2025-03-04,Customer_324,71,123.50
7244,41,2025-11-07,Customer_396,29,240.50
7245,20,2026-03-08,Customer_46,57,45.50
7246,47,2025-09-25,Customer_148,66,396.50
7247,46,2025-02-05,Customer_160,45,604.50
7248,7,2025-06-27,Customer_275,20,455.00
7249,37,2026-02-01,Customer_443,34,279.50
7250,35,2025-07-16,Customer_311,40,260.00
7251,4,2024-12-28,Customer_224,36,507.00
7252,38,2026-09-02,Customer_368,29,338.00
7253,47,2025-01-14,Customer_475,43,572.00
7254,25,2025-06-26,Customer_2,74,91.00
7255,34,2026-07-07,Customer_317,89,104.00
7256,39,2026-03-07,Customer_287,77,650.00
7257,22,2026-03-27,Customer_150,60,292.50
7258,36,2025-05-18,Customer_386,18,344.50
7259,50,2025-08-26,Customer_381,51,279.50
7260,26,2025-04-08,Customer_477,34,377.00
7261,3,2026-03-23,Customer_268,8,598.00
7262,37,2025-03-31,Customer_36,61,318.50
7263,4,2026-10-03,Customer_405,7,630.50
7264,12,2025-04-29,Customer_186,42,624.00
7265,30,2026-05-15,Customer_192,12,422.50
7266,46,2025-11-02,Customer_386,96,234.00
7267,47,2025-06-16,Customer_44,23,169.00
7268,43,2026-02-22,Customer_490,74,344.50
7269,29,2025-08-26,Customer_194,94,266.50
7270,9,2025-10-25,Customer_358,15,182.00
7271,24,2025-01-31,Customer_124,40,26.00
7272,16,2025-12-07,Customer_416,39,253.50
7273,7,2024-11-14,Customer_232,66,318.50
7274,35,2026-07-19,Customer_199,84,578.50
7275,40,2025-11-24,Customer_281,2,279.50
7276,11,2025-05-25,Customer_69,7,513.50
7277,42,2025-10-31,Customer_320,6,383.50
7278,47,2025-09-17,Customer_188,53,617.50
7279,38,2025-11-21,Customer_349,67,104.00
7280,37,2026-06-09,Customer_423,90,578.50
7281,14,2025-07-02,Customer_55,46,552.50
7282,10,2024-10-13,Customer_115,57,32.50
7283,13,2024-10-31,Customer_371,78,26.00
7284,8,2025-02-27,Customer_154,31,279.50
7285,28,2024-12-04,Customer_435,24,325.00
7286,39,2026-03-13,Customer_28,72,26.00
7287,19,2026-03-11,Customer_323,36,97.50
7288,34,2026-02-22,Customer_236,58,650.00
7289,36,2025-04-26,Customer_185,48,559.00
7290,2,2024-12-25,Customer_11,19,416.00
7291,31,2026-01-29,Customer_297,41,201.50
7292,5,2025-07-21,Customer_323,63,78.00
7293,17,2025-11-03,Customer_414,12,32.50
7294,49,2025-02-17,Customer_349,95,383.50
7295,14,2025-03-01,Customer_264,34,409.50
7296,40,2025-07-13,Customer_195,2,572.00
7297,17,2025-10-15,Customer_241,13,559.00
7298,36,2025-02-21,Customer_349,35,468.00
7299,7,2025-08-17,Customer_485,60,487.50
7300,15,2025-02-21,Customer_109,86,559.00
7301,35,2025-10-04,Customer_211,69,221.00
7302,50,2025-10-11,Customer_270,28,299.00
7303,13,2026-05-14,Customer_263,61,409.50
7304,34,2025-03-14,Customer_392,17,396.50
7305,3,2026-03-30,Customer_458,3,533.00
7306,50,2025-06-29,Customer_96,65,520.00
7307,39,2024-12-07,Customer_191,47,188.50
7308,17,2025-08-03,Customer_295,27,461.50
7309,10,2025-01-15,Customer_353,42,214.50
7310,48,2026-07-18,Customer_61,52,286.00
7311,49,2025-07-01,Customer_372,15,279.50
7312,50,2026-04-12,Customer_401,32,513.50
7313,32,2024-12-26,Customer_383,17,455.00
7314,37,2026-09-29,Customer_407,68,377.00
7315,4,2025-04-16,Customer_377,16,91.00
7316,44,2026-06-13,Customer_50,80,513.50
7317,16,2025-10-06,Customer_476,22,370.50
7318,49,2026-09-13,Customer_179,22,552.50
7319,36,2025-11-15,Customer_176,47,169.00
7320,9,2025-10-19,Customer_359,33,39.00
7321,25,2024-10-08,Customer_239,39,110.50
7322,27,2025-12-28,Customer_348,64,396.50
7323,27,2026-03-06,Customer_459,85,487.50
7324,28,2025-11-15,Customer_196,72,162.50
7325,41,2024-10-16,Customer_333,91,58.50
7326,6,2024-10-29,Customer_247,19,227.50
7327,4,2025-10-31,Customer_418,7,71.50
7328,26,2026-08-02,Customer_148,72,481.00
7329,32,2025-05-11,Customer_130,29,546.00
7330,44,2025-04-06,Customer_335,43,364.00
7331,43,2026-08-21,Customer_212,98,565.50
7332,25,2025-03-04,Customer_451,65,299.00
7333,21,2026-07-26,Customer_431,10,377.00
7334,18,2025-09-14,Customer_285,62,117.00
7335,12,2026-03-20,Customer_313,57,474.50
7336,40,2026-07-13,Customer_192,75,260.00
7337,19,2025-05-20,Customer_235,80,240.50
7338,12,2025-08-31,Customer_133,12,630.50
7339,37,2026-06-17,Customer_490,9,429.00
7340,3,2026-07-25,Customer_421,43,604.50
7341,34,2026-04-20,Customer_454,73,409.50
7342,19,2026-01-01,Customer_207,88,474.50
7343,3,2025-08-18,Customer_287,5,273.00
7344,20,2025-09-13,Customer_311,40,539.50
7345,32,2024-12-05,Customer_346,46,19.50
7346,13,2026-08-26,Customer_46,58,526.50
7347,49,2025-06-01,Customer_236,93,429.00
7348,15,2025-03-25,Customer_17,42,507.00
7349,34,2025-10-29,Customer_24,53,130.00
7350,35,2026-02-28,Customer_463,41,266.50
7351,23,2026-04-15,Customer_350,19,370.50
7352,15,2025-12-31,Customer_495,84,260.00
7353,33,2025-05-24,Customer_362,53,221.00
7354,19,2025-08-19,Customer_306,53,130.00
7355,44,2025-12-28,Customer_275,91,435.50
7356,7,2025-01-05,Customer_366,87,624.00
7357,31,2025-01-22,Customer_475,92,175.50
7358,13,2024-11-25,Customer_148,27,526.50
7359,31,2025-05-29,Customer_282,64,435.50
7360,6,2026-04-21,Customer_417,1,325.00
7361,40,2025-12-04,Customer_287,41,247.00
7362,31,2024-12-06,Customer_293,65,507.00
7363,7,2026-02-28,Customer_81,89,377.00
7364,14,2024-10-29,Customer_313,33,370.50
7365,49,2025-04-13,Customer_247,29,273.00
7366,38,2026-07-14,Customer_222,77,65.00
7367,11,2025-12-21,Customer_382,48,58.50
7368,20,2025-06-25,Customer_316,23,403.00
7369,35,2024-11-03,Customer_306,59,201.50
7370,8,2024-12-24,Customer_64,2,539.50
7371,31,2026-09-15,Customer_188,34,65.00
7372,18,2025-04-22,Customer_35,95,481.00
7373,5,2026-06-18,Customer_491,52,390.00
7374,33,2025-04-29,Customer_111,75,221.00
7375,27,2025-09-30,Customer_319,57,637.00
7376,30,2026-06-26,Customer_301,44,175.50
7377,24,2024-10-27,Customer_304,3,149.50
7378,45,2025-06-01,Customer_21,64,292.50
7379,11,2025-12-10,Customer_181,25,364.00
7380,45,2025-11-22,Customer_406,75,260.00
7381,43,2026-01-03,Customer_393,33,487.50
7382,20,2025-01-26,Customer_56,87,286.00
7383,5,2025-06-28,Customer_466,88,624.00
7384,5,2025-08-22,Customer_84,87,565.50
7385,42,2025-04-21,Customer_4,54,149.50
7386,37,2026-02-22,Customer_384,98,370.50
7387,49,2025-12-23,Customer_149,76,52.00
7388,38,2025-12-08,Customer_421,35,409.50
7389,18,2025-06-30,Customer_430,84,611.00
7390,47,2024-12-27,Customer_499,11,182.00
7391,28,2025-04-03,Customer_296,36,533.00
7392,18,2025-11-16,Customer_204,71,546.00
7393,13,2025-10-20,Customer_287,79,78.00
7394,8,2026-04-20,Customer_316,70,526.50
7395,1,2025-01-07,Customer_22,24,279.50
7396,43,2024-12-07,Customer_425,99,572.00
7397,4,2024-12-16,Customer_211,44,494.00
7398,21,2026-07-09,Customer_136,98,630.50
7399,21,2025-07-08,Customer_489,59,52.00
7400,31,2025-02-08,Customer_201,51,331.50
7401,33,2025-07-10,Customer_310,27,58.50
7402,21,2026-02-11,Customer_269,63,91.00
7403,41,2025-10-10,Customer_462,3,611.00
7404,48,2025-11-16,Customer_479,3,435.50
7405,34,2025-08-14,Customer_88,27,91.00
7406,10,2025-04-12,Customer_274,100,461.50
7407,43,2025-09-22,Customer_405,9,149.50
7408,24,2025-10-08,Customer_35,64,494.00
7409,4,2026-09-16,Customer_325,3,253.50
7410,6,2025-06-11,Customer_35,57,169.00
7411,25,2025-03-23,Customer_174,63,279.50
7412,42,2026-01-14,Customer_71,6,429.00
7413,1,2025-03-15,Customer_343,33,32.50
7414,7,2025-02-13,Customer_320,85,299.00
7415,7,2025-01-05,Customer_95,78,507.00
7416,15,2026-03-16,Customer_117,57,650.00
7417,35,2026-09-03,Customer_4,1,487.50
7418,18,2025-05-10,Customer_200,38,286.00
7419,19,2026-08-26,Customer_105,22,71.50
7420,15,2026-04-20,Customer_402,10,253.50
7421,14,2025-12-25,Customer_271,73,552.50
7422,16,2025-05-18,Customer_79,17,526.50
7423,36,2026-06-28,Customer_186,83,58.50
7424,18,2025-05-02,Customer_54,73,442.00
7425,33,2025-11-04,Customer_104,41,97.50
7426,15,2025-06-06,Customer_497,88,104.00
7427,14,2026-08-11,Customer_351,74,487.50
7428,45,2026-06-14,Customer_201,46,143.00
7429,50,2026-08-10,Customer_5,10,188.50
7430,31,2024-11-03,Customer_2,70,370.50
7431,28,2026-01-08,Customer_185,90,429.00
7432,11,2025-05-20,Customer_353,48,162.50
7433,25,2025-10-24,Customer_40,66,279.50
7434,42,2025-11-02,Customer_370,95,461.50
7435,36,2025-12-31,Customer_151,70,617.50
7436,2,2025-10-25,Customer_276,20,357.50
7437,8,2024-10-22,Customer_107,48,188.50
7438,16,2025-01-19,Customer_348,17,240.50
7439,12,2026-05-28,Customer_114,52,591.50
7440,10,2025-01-26,Customer_366,11,325.00
7441,41,2025-08-11,Customer_215,65,58.50
7442,2,2026-08-10,Customer_4,88,513.50
7443,16,2025-08-24,Customer_156,11,318.50
7444,23,2026-03-31,Customer_397,83,591.50
7445,46,2026-07-20,Customer_247,95,390.00
7446,12,2025-11-02,Customer_87,60,253.50
7447,26,2026-09-18,Customer_38,17,97.50
7448,37,2025-07-21,Customer_434,83,370.50
7449,46,2026-04-11,Customer_363,62,19.50
7450,2,2024-12-20,Customer_77,74,481.00
7451,23,2025-05-23,Customer_434,65,318.50
7452,6,2024-10-13,Customer_214,2,552.50
7453,49,2026-02-20,Customer_255,86,78.00
7454,38,2026-04-10,Customer_134,91,292.50
7455,16,2026-01-12,Customer_36,63,318.50
7456,14,2024-12-11,Customer_432,24,39.00
7457,30,2024-12-19,Customer_253,2,97.50
7458,26,2026-09-27,Customer_314,8,305.50
7459,43,2026-06-24,Customer_495,24,156.00
7460,35,2026-04-27,Customer_393,71,182.00
7461,1,2026-09-29,Customer_25,61,409.50
7462,28,2026-09-17,Customer_99,69,591.50
7463,49,2025-09-08,Customer_109,24,526.50
7464,17,2025-12-09,Customer_258,92,494.00
7465,28,2025-10-28,Customer_499,27,513.50
7466,30,2025-01-29,Customer_440,1,617.50
7467,44,2026-05-29,Customer_119,16,637.00
7468,2,2026-01-22,Customer_1,39,156.00
7469,50,2025-01-15,Customer_271,60,208.00
7470,47,2026-08-25,Customer_153,90,520.00
7471,49,2025-03-30,Customer_290,7,643.50
7472,33,2026-09-24,Customer_377,49,416.00
7473,1,2026-03-19,Customer_269,50,331.50
7474,37,2025-04-28,Customer_332,29,442.00
7475,5,2025-01-25,Customer_328,87,396.50
7476,32,2025-06-25,Customer_233,30,169.00
7477,16,2026-02-10,Customer_385,53,520.00
7478,4,2025-05-13,Customer_100,17,539.50
7479,20,2025-04-20,Customer_487,46,533.00
7480,4,2025-06-22,Customer_359,68,539.50
7481,47,2024-11-05,Customer_63,8,442.00
7482,13,2026-07-07,Customer_253,84,214.50
7483,29,2026-07-18,Customer_381,38,188.50
7484,44,2026-06-25,Customer_84,17,39.00
7485,12,2026-04-15,Customer_150,98,383.50
7486,31,2026-05-05,Customer_463,67,390.00
7487,7,2025-04-19,Customer_337,9,481.00
7488,39,2026-05-18,Customer_182,7,26.00
7489,22,2025-12-11,Customer_109,94,487.50
7490,45,2025-06-27,Customer_197,99,78.00
7491,6,2025-09-12,Customer_449,55,429.00
7492,28,2026-01-17,Customer_442,11,461.50
7493,5,2026-03-07,Customer_358,26,409.50
7494,28,2025-12-05,Customer_469,22,630.50
7495,49,2026-08-18,Customer_111,32,227.50
7496,40,2025-09-06,Customer_45,100,448.50
7497,12,2026-01-24,Customer_97,42,630.50
7498,35,2025-01-09,Customer_430,66,97.50
7499,48,2025-09-14,Customer_300,59,468.00
7500,26,2026-07-06,Customer_304,14,91.00
7501,28,2024-11-14,Customer_196,84,117.00
7502,49,2026-01-09,Customer_102,32,78.00
7503,43,2025-04-15,Customer_423,84,481.00
7504,22,2026-07-29,Customer_498,32,71.50
7505,16,2026-05-24,Customer_257,28,578.50
7506,19,2025-09-01,Customer_237,7,32.50
7507,42,2026-06-28,Customer_59,1,65.00
7508,28,2026-03-27,Customer_430,10,221.00
7509,26,2025-08-08,Customer_492,54,481.00
7510,45,2025-02-18,Customer_34,34,461.50
7511,49,2026-02-25,Customer_429,88,227.50
7512,48,2026-08-21,Customer_388,96,643.50
7513,13,2026-09-24,Customer_235,23,91.00
7514,9,2025-10-26,Customer_156,65,260.00
7515,19,2026-08-14,Customer_51,53,403.00
7516,37,2025-12-19,Customer_128,21,247.00
7517,14,2025-09-05,Customer_57,29,637.00
7518,40,2026-02-03,Customer_427,21,461.50
7519,18,2026-03-12,Customer_486,46,429.00
7520,10,2025-07-30,Customer_170,89,169.00
7521,46,2026-07-26,Customer_278,2,188.50
7522,48,2025-10-18,Customer_413,14,312.00
7523,23,2025-05-10,Customer_339,100,273.00
7524,4,2026-04-20,Customer_80,22,572.00
7525,44,2025-08-28,Customer_443,88,416.00
7526,32,2025-10-16,Customer_39,100,390.00
7527,17,2026-06-16,Customer_375,97,104.00
7528,22,2025-02-21,Customer_12,76,351.00
7529,35,2026-01-29,Customer_222,48,240.50
7530,2,2025-02-06,Customer_174,91,643.50
7531,26,2026-08-21,Customer_419,78,598.00
7532,38,2026-01-26,Customer_328,8,123.50
7533,48,2025-04-01,Customer_226,37,455.00
7534,23,2026-03-17,Customer_378,38,624.00
7535,22,2025-11-25,Customer_58,26,455.00
7536,27,2025-12-17,Customer_98,21,58.50
7537,6,2026-05-06,Customer_16,64,578.50
7538,34,2025-07-26,Customer_32,71,604.50
7539,23,2025-07-26,Customer_486,2,598.00
7540,22,2026-07-11,Customer_416,3,552.50
7541,25,2026-08-16,Customer_467,73,123.50
7542,22,2026-03-27,Customer_239,55,299.00
7543,27,2025-12-31,Customer_245,68,292.50
7544,6,2025-09-09,Customer_250,84,624.00
7545,35,2025-02-25,Customer_191,100,539.50
7546,23,2026-08-10,Customer_52,19,403.00
7547,31,2025-04-26,Customer_362,72,351.00
7548,45,2025-08-21,Customer_476,57,84.50
7549,22,2026-06-06,Customer_248,36,383.50
7550,44,2025-06-12,Customer_398,77,500.50
7551,29,2025-11-26,Customer_378,76,487.50
7552,37,2025-12-08,Customer_290,88,247.00
7553,14,2025-12-10,Customer_340,57,97.50
7554,20,2026-02-11,Customer_444,44,91.00
7555,32,2024-12-29,Customer_248,89,52.00
7556,50,2025-05-02,Customer_343,28,578.50
7557,34,2026-05-05,Customer_300,17,156.00
7558,16,2026-04-10,Customer_329,11,292.50
7559,12,2025-09-22,Customer_283,30,312.00
7560,29,2026-05-20,Customer_16,26,409.50
7561,5,2025-07-26,Customer_229,13,318.50
7562,15,2025-01-02,Customer_242,81,84.50
7563,27,2025-07-01,Customer_45,95,643.50
7564,39,2025-07-18,Customer_59,20,617.50
7565,40,2025-03-12,Customer_311,79,117.00
7566,31,2025-10-23,Customer_12,2,383.50
7567,46,2025-10-06,Customer_170,10,585.00
7568,35,2025-02-25,Customer_297,84,617.50
7569,42,2026-02-06,Customer_297,12,318.50
7570,31,2025-11-26,Customer_372,30,455.00
7571,12,2026-03-19,Customer_423,75,643.50
7572,42,2026-07-11,Customer_406,47,13.00
7573,32,2026-08-10,Customer_410,38,71.50
7574,31,2024-10-25,Customer_439,40,338.00
7575,34,2025-03-19,Customer_209,38,546.00
7576,8,2026-03-28,Customer_310,49,156.00
7577,20,2025-05-06,Customer_378,29,617.50
7578,46,2025-10-24,Customer_48,71,201.50
7579,40,2025-05-16,Customer_244,61,318.50
7580,47,2024-12-06,Customer_376,46,104.00
7581,46,2026-03-12,Customer_500,63,617.50
7582,17,2025-05-03,Customer_138,98,143.00
7583,8,2025-08-18,Customer_206,91,455.00
7584,7,2025-11-14,Customer_81,43,344.50
7585,2,2026-01-21,Customer_245,29,273.00
7586,32,2026-07-06,Customer_52,24,435.50
7587,16,2026-02-04,Customer_443,62,637.00
7588,15,2026-07-17,Customer_289,50,97.50
7589,48,2025-10-18,Customer_336,59,565.50
7590,23,2025-12-18,Customer_233,62,429.00
7591,10,2024-10-18,Customer_432,48,604.50
7592,9,2025-08-28,Customer_268,34,637.00
7593,23,2026-03-01,Customer_193,52,585.00
7594,29,2025-12-01,Customer_285,34,344.50
7595,15,2024-10-27,Customer_215,96,195.00
7596,43,2025-06-07,Customer_109,94,422.50
7597,49,2025-10-03,Customer_236,30,331.50
7598,38,2025-07-07,Customer_482,92,520.00
7599,44,2026-08-16,Customer_438,70,32.50
7600,20,2026-09-26,Customer_142,96,624.00
7601,30,2025-09-02,Customer_236,38,266.50
7602,26,2026-07-22,Customer_67,59,598.00
7603,21,2025-08-25,Customer_302,27,624.00
7604,14,2025-03-18,Customer_463,91,461.50
7605,31,2024-10-20,Customer_206,54,286.00
7606,2,2025-12-27,Customer_6,13,377.00
7607,11,2026-02-06,Customer_462,94,611.00
7608,18,2025-05-13,Customer_426,66,110.50
7609,33,2025-10-19,Customer_157,10,305.50
7610,40,2026-04-12,Customer_337,58,637.00
7611,43,2026-08-11,Customer_126,67,611.00
7612,49,2025-04-19,Customer_247,96,279.50
7613,5,2025-03-08,Customer_147,60,286.00
7614,31,2024-12-18,Customer_403,62,149.50
7615,11,2026-04-19,Customer_184,6,598.00
7616,50,2026-04-03,Customer_156,60,234.00
7617,50,2025-04-12,Customer_420,15,234.00
7618,5,2025-10-02,Customer_45,27,169.00
7619,43,2025-06-18,Customer_309,17,650.00
7620,25,2025-10-19,Customer_62,81,552.50
7621,49,2025-03-30,Customer_441,3,377.00
7622,43,2026-04-29,Customer_315,33,117.00
7623,13,2026-01-12,Customer_457,83,292.50
7624,2,2025-03-29,Customer_403,3,331.50
7625,3,2025-03-31,Customer_135,98,78.00
7626,47,2026-08-14,Customer_73,2,344.50
7627,49,2025-12-19,Customer_145,10,448.50
7628,16,2025-12-02,Customer_461,84,143.00
7629,28,2026-08-18,Customer_362,70,234.00
7630,43,2024-10-09,Customer_45,90,201.50
7631,29,2024-12-02,Customer_89,100,468.00
7632,47,2025-05-25,Customer_161,65,253.50
7633,32,2026-01-20,Customer_470,50,214.50
7634,7,2025-10-25,Customer_466,56,52.00
7635,50,2024-12-08,Customer_407,70,305.50
7636,13,2025-01-28,Customer_492,67,429.00
7637,48,2024-12-03,Customer_113,13,520.00
7638,5,2026-02-20,Customer_342,56,396.50
7639,31,2024-11-09,Customer_187,70,598.00
7640,30,2025-04-23,Customer_224,3,643.50
7641,14,2024-12-16,Customer_384,28,331.50
7642,11,2025-08-27,Customer_190,46,377.00
7643,3,2025-02-07,Customer_183,54,552.50
7644,26,2025-01-21,Customer_340,10,494.00
7645,35,2026-04-19,Customer_467,58,104.00
7646,34,2024-11-06,Customer_478,27,175.50
7647,16,2025-09-09,Customer_257,77,156.00
7648,47,2025-04-30,Customer_407,26,403.00
7649,34,2024-12-06,Customer_384,66,585.00
7650,41,2025-09-28,Customer_34,24,156.00
7651,5,2026-07-23,Customer_353,41,474.50
7652,37,2026-01-16,Customer_64,25,312.00
7653,44,2025-02-02,Customer_116,93,91.00
7654,14,2025-03-25,Customer_190,48,377.00
7655,5,2025-01-07,Customer_429,87,130.00
7656,43,2024-12-07,Customer_405,57,182.00
7657,26,2025-10-06,Customer_449,55,533.00
7658,4,2026-09-23,Customer_23,86,71.50
7659,26,2025-11-30,Customer_204,88,357.50
7660,22,2025-11-06,Customer_423,37,318.50
7661,8,2026-04-14,Customer_457,38,84.50
7662,28,2025-06-07,Customer_174,63,604.50
7663,19,2026-05-25,Customer_300,21,104.00
7664,36,2026-09-05,Customer_424,95,247.00
7665,27,2024-11-17,Customer_494,91,455.00
7666,39,2024-10-29,Customer_209,44,377.00
7667,45,2026-08-17,Customer_11,22,468.00
7668,47,2026-07-03,Customer_43,4,208.00
7669,21,2026-01-26,Customer_192,62,520.00
7670,30,2025-03-22,Customer_424,77,110.50
7671,31,2026-08-03,Customer_257,67,604.50
7672,40,2025-12-23,Customer_336,7,13.00
7673,40,2025-03-23,Customer_304,59,136.50
7674,36,2026-08-18,Customer_167,61,13.00
7675,36,2025-09-04,Customer_430,81,136.50
7676,30,2026-08-20,Customer_67,12,455.00
7677,21,2025-01-01,Customer_413,59,182.00
7678,17,2025-03-09,Customer_127,8,221.00
7679,6,2025-07-18,Customer_302,85,266.50
7680,26,2025-02-19,Customer_397,21,130.00
7681,2,2024-12-29,Customer_166,63,526.50
7682,41,2024-12-01,Customer_100,40,266.50
7683,34,2026-07-15,Customer_204,65,117.00
7684,26,2025-03-21,Customer_215,34,104.00
7685,34,2025-08-19,Customer_104,4,201.50
7686,36,2024-11-05,Customer_206,85,234.00
7687,33,2025-09-09,Customer_44,8,637.00
7688,37,2026-03-13,Customer_333,95,357.50
7689,21,2026-02-02,Customer_467,37,650.00
7690,32,2025-04-12,Customer_139,29,318.50
7691,10,2025-12-26,Customer_198,3,344.50
7692,27,2024-12-08,Customer_401,9,13.00
7693,8,2026-03-22,Customer_457,8,312.00
7694,5,2025-11-12,Customer_344,91,188.50
7695,33,2026-06-07,Customer_278,12,377.00
7696,20,2025-09-03,Customer_201,68,234.00
7697,47,2025-05-09,Customer_181,70,617.50
7698,29,2026-03-20,Customer_270,72,58.50
7699,31,2026-03-03,Customer_325,99,448.50
7700,41,2026-05-09,Customer_152,4,26.00
7701,23,2026-05-24,Customer_298,68,422.50
7702,34,2026-06-03,Customer_23,21,624.00
7703,23,2025-09-08,Customer_183,30,331.50
7704,48,2025-03-11,Customer_6,74,123.50
7705,38,2026-03-24,Customer_221,69,253.50
7706,13,2024-12-25,Customer_453,64,65.00
7707,39,2025-11-17,Customer_237,59,195.00
7708,38,2025-11-11,Customer_91,6,45.50
7709,32,2026-09-14,Customer_188,68,520.00
7710,4,2026-08-29,Customer_325,57,396.50
7711,27,2026-10-04,Customer_215,12,78.00
7712,23,2026-03-16,Customer_37,49,78.00
7713,34,2025-01-04,Customer_399,41,195.00
7714,31,2025-01-31,Customer_362,2,533.00
7715,24,2026-09-19,Customer_316,16,409.50
7716,6,2025-07-09,Customer_342,87,507.00
7717,33,2026-08-03,Customer_458,67,182.00
7718,28,2025-06-09,Customer_333,64,286.00
7719,29,2026-07-19,Customer_192,43,214.50
7720,15,2025-07-09,Customer_168,74,175.50
7721,36,2025-01-18,Customer_270,5,422.50
7722,35,2024-12-16,Customer_401,93,227.50
7723,41,2026-09-28,Customer_447,65,175.50
7724,6,2025-08-01,Customer_381,94,292.50
7725,31,2024-12-12,Customer_363,86,162.50
7726,49,2024-11-02,Customer_75,100,624.00
7727,47,2025-09-13,Customer_175,94,357.50
7728,30,2025-01-20,Customer_36,84,448.50
7729,29,2026-03-05,Customer_449,81,65.00
7730,31,2026-03-01,Customer_179,84,130.00
7731,13,2026-01-16,Customer_413,77,253.50
7732,29,2025-07-19,Customer_368,40,546.00
7733,23,2026-02-16,Customer_253,40,624.00
7734,12,2026-05-13,Customer_443,63,416.00
7735,16,2026-02-25,Customer_398,72,227.50
7736,1,2026-05-06,Customer_87,72,377.00
7737,48,2026-07-14,Customer_385,52,585.00
7738,9,2026-07-03,Customer_67,82,526.50
7739,47,2025-01-03,Customer_149,73,572.00
7740,40,2025-03-11,Customer_295,17,468.00
7741,23,2025-12-13,Customer_102,14,65.00
7742,33,2025-11-16,Customer_156,56,383.50
7743,39,2025-12-15,Customer_434,48,13.00
7744,27,2026-03-06,Customer_473,89,461.50
7745,43,2026-08-28,Customer_158,95,130.00
7746,36,2025-11-24,Customer_252,85,591.50
7747,5,2026-07-04,Customer_384,48,643.50
7748,5,2025-03-21,Customer_368,89,123.50
7749,40,2025-03-10,Customer_437,87,572.00
7750,31,2025-04-25,Customer_385,46,299.00
7751,12,2025-04-04,Customer_65,59,188.50
7752,14,2026-05-05,Customer_222,12,110.50
7753,34,2026-04-19,Customer_215,15,13.00
7754,47,2025-07-18,Customer_363,82,539.50
7755,43,2025-06-15,Customer_452,75,149.50
7756,36,2026-05-07,Customer_262,77,409.50
7757,24,2026-02-27,Customer_486,65,487.50
7758,13,2025-06-28,Customer_375,50,396.50
7759,7,2025-02-26,Customer_289,83,533.00
7760,39,2025-10-05,Customer_151,7,58.50
7761,21,2026-07-31,Customer_34,63,65.00
7762,34,2026-05-04,Customer_220,4,130.00
7763,17,2025-09-10,Customer_432,98,585.00
7764,30,2024-11-27,Customer_44,13,572.00
7765,25,2025-11-30,Customer_264,100,286.00
7766,14,2026-03-08,Customer_112,69,572.00
7767,14,2025-03-04,Customer_161,29,565.50
7768,39,2024-12-25,Customer_314,14,6.50
7769,14,2025-02-13,Customer_485,34,279.50
7770,2,2026-07-07,Customer_106,42,221.00
7771,4,2026-07-02,Customer_162,3,539.50
7772,34,2025-04-05,Customer_155,59,97.50
7773,8,2026-05-09,Customer_478,94,338.00
7774,13,2026-01-25,Customer_4,95,338.00
7775,14,2025-04-16,Customer_495,9,45.50
7776,46,2025-11-02,Customer_498,17,442.00
7777,16,2025-12-25,Customer_76,95,39.00
7778,22,2026-03-16,Customer_148,70,377.00
7779,22,2024-10-07,Customer_421,98,494.00
7780,15,2024-10-14,Customer_236,22,461.50
7781,49,2025-03-08,Customer_484,87,169.00
7782,35,2026-02-15,Customer_37,83,266.50
7783,18,2024-10-09,Customer_55,67,409.50
7784,27,2026-01-30,Customer_330,77,227.50
7785,2,2025-04-25,Customer_347,45,455.00
7786,1,2026-06-28,Customer_26,72,325.00
7787,39,2025-12-07,Customer_393,47,331.50
7788,8,2025-11-07,Customer_115,72,175.50
7789,11,2025-06-10,Customer_295,61,227.50
7790,47,2024-10-15,Customer_137,69,299.00
7791,5,2025-03-13,Customer_496,16,240.50
7792,31,2024-11-15,Customer_78,10,357.50
7793,47,2026-05-02,Customer_310,8,344.50
7794,5,2026-08-19,Customer_76,23,643.50
7795,26,2026-08-01,Customer_318,8,169.00
7796,23,2025-10-14,Customer_50,11,559.00
7797,7,2025-11-16,Customer_158,30,91.00
7798,50,2026-01-17,Customer_281,39,58.50
7799,12,2025-07-07,Customer_163,89,227.50
7800,12,2026-04-12,Customer_277,41,266.50
7801,49,2025-10-18,Customer_348,37,247.00
7802,23,2025-06-02,Customer_178,31,234.00
7803,11,2025-09-05,Customer_393,14,370.50
7804,22,2024-11-24,Customer_443,90,26.00
7805,11,2025-01-19,Customer_122,35,299.00
7806,36,2025-03-04,Customer_215,78,97.50
7807,36,2025-01-21,Customer_406,100,507.00
7808,49,2026-05-13,Customer_192,68,247.00
7809,21,2025-06-10,Customer_84,23,110.50
7810,30,2025-02-20,Customer_425,60,526.50
7811,27,2026-06-14,Customer_227,65,156.00
7812,6,2026-04-09,Customer_276,41,572.00
7813,42,2025-11-06,Customer_211,13,461.50
7814,25,2024-11-21,Customer_286,46,71.50
7815,50,2025-03-08,Customer_44,76,442.00
7816,37,2025-10-25,Customer_100,22,97.50
7817,12,2026-02-08,Customer_288,51,494.00
7818,27,2026-02-12,Customer_53,9,292.50
7819,49,2026-08-13,Customer_383,46,117.00
7820,14,2026-03-17,Customer_63,85,546.00
7821,26,2026-02-27,Customer_288,47,292.50
7822,26,2026-04-02,Customer_107,58,331.50
7823,13,2025-06-05,Customer_198,61,247.00
7824,16,2024-10-09,Customer_62,35,383.50
7825,45,2024-10-15,Customer_431,69,539.50
7826,6,2025-08-03,Customer_91,65,539.50
7827,9,2026-06-09,Customer_316,57,182.00
7828,7,2026-05-12,Customer_398,15,260.00
7829,41,2025-07-08,Customer_408,64,65.00
7830,25,2025-10-09,Customer_430,38,149.50
7831,39,2024-11-24,Customer_388,62,513.50
7832,21,2026-03-14,Customer_297,11,104.00
7833,23,2026-08-06,Customer_33,60,286.00
7834,49,2024-12-18,Customer_470,29,247.00
7835,50,2025-02-21,Customer_408,4,299.00
7836,4,2026-03-10,Customer_114,16,208.00
7837,15,2024-11-03,Customer_490,99,396.50
7838,34,2026-01-15,Customer_269,23,32.50
7839,14,2024-12-13,Customer_330,95,156.00
7840,5,2026-05-29,Customer_204,14,650.00
7841,22,2025-05-05,Customer_340,96,13.00
7842,33,2026-04-09,Customer_410,23,435.50
7843,31,2025-04-12,Customer_260,18,110.50
7844,46,2025-04-27,Customer_302,13,71.50
7845,24,2026-01-13,Customer_30,48,357.50
7846,1,2024-10-08,Customer_207,63,468.00
7847,6,2025-11-17,Customer_181,86,591.50
7848,2,2026-02-04,Customer_303,41,409.50
7849,11,2026-09-02,Customer_454,21,279.50
7850,11,2025-06-24,Customer_174,25,162.50
7851,44,2026-08-14,Customer_214,68,500.50
7852,29,2025-10-14,Customer_249,43,552.50
7853,26,2026-03-19,Customer_252,73,52.00
7854,31,2025-01-24,Customer_111,12,442.00
7855,23,2025-05-17,Customer_254,11,370.50
7856,11,2024-10-16,Customer_173,26,312.00
7857,44,2025-10-26,Customer_173,15,130.00
7858,16,2026-05-24,Customer_167,95,442.00
7859,43,2026-05-10,Customer_169,44,97.50
7860,6,2024-11-09,Customer_288,71,227.50
7861,30,2026-03-19,Customer_67,51,591.50
7862,40,2026-04-17,Customer_395,54,247.00
7863,37,2025-09-19,Customer_465,38,195.00
7864,20,2025-11-09,Customer_302,32,572.00
7865,44,2025-05-19,Customer_427,66,565.50
7866,35,2025-05-24,Customer_123,61,19.50
7867,39,2025-08-20,Customer_484,82,487.50
7868,40,2025-11-01,Customer_188,34,520.00
7869,47,2025-10-22,Customer_5,35,13.00
7870,3,2026-01-19,Customer_492,27,559.00
7871,44,2026-07-19,Customer_487,19,273.00
7872,39,2026-02-16,Customer_145,59,390.00
7873,6,2026-05-13,Customer_312,63,253.50
7874,7,2026-05-24,Customer_293,7,26.00
7875,38,2025-03-09,Customer_202,95,481.00
7876,6,2024-10-11,Customer_472,38,182.00
7877,13,2024-10-22,Customer_499,33,344.50
7878,24,2026-04-13,Customer_248,9,260.00
7879,1,2025-05-09,Customer_351,12,637.00
7880,34,2025-05-19,Customer_119,6,240.50
7881,3,2026-07-17,Customer_163,84,201.50
7882,6,2025-05-31,Customer_287,94,97.50
7883,2,2026-05-10,Customer_321,46,598.00
7884,35,2025-11-09,Customer_358,72,598.00
7885,41,2026-09-21,Customer_7,15,481.00
7886,45,2025-09-13,Customer_290,31,97.50
7887,41,2026-02-15,Customer_484,18,162.50
7888,29,2025-04-17,Customer_9,72,273.00
7889,37,2025-07-06,Customer_222,28,429.00
7890,16,2025-11-21,Customer_159,56,442.00
7891,21,2025-08-13,Customer_361,94,97.50
7892,9,2025-10-09,Customer_113,60,390.00
7893,14,2026-04-02,Customer_312,35,247.00
7894,31,2025-02-21,Customer_254,96,234.00
7895,16,2025-06-29,Customer_277,27,481.00
7896,45,2026-06-22,Customer_209,56,552.50
7897,27,2024-10-10,Customer_430,76,247.00
7898,32,2025-02-04,Customer_206,14,507.00
7899,37,2024-11-30,Customer_441,51,195.00
7900,22,2024-10-17,Customer_186,48,312.00
7901,15,2025-05-18,Customer_309,80,637.00
7902,7,2026-04-16,Customer_452,21,123.50
7903,32,2025-07-26,Customer_405,49,26.00
7904,27,2025-12-31,Customer_213,56,429.00
7905,22,2025-06-28,Customer_407,80,617.50
7906,4,2026-05-19,Customer_30,100,45.50
7907,35,2024-10-26,Customer_18,76,364.00
7908,2,2026-01-15,Customer_310,46,78.00
7909,46,2025-09-01,Customer_317,9,182.00
7910,7,2025-02-08,Customer_75,71,286.00
7911,45,2025-04-18,Customer_91,18,260.00
7912,27,2025-02-12,Customer_190,4,13.00
7913,29,2025-04-10,Customer_500,97,143.00
7914,22,2025-03-16,Customer_450,38,422.50
7915,25,2025-03-14,Customer_460,9,201.50
7916,26,2026-06-15,Customer_39,75,565.50
7917,28,2025-01-13,Customer_86,32,357.50
7918,43,2026-04-25,Customer_27,34,221.00
7919,11,2025-04-26,Customer_14,18,130.00
7920,36,2024-11-11,Customer_328,26,370.50
7921,28,2025-04-20,Customer_220,47,520.00
7922,7,2026-03-06,Customer_292,1,182.00
7923,37,2026-09-12,Customer_381,72,84.50
7924,12,2025-07-12,Customer_414,27,273.00
7925,47,2025-03-05,Customer_122,14,136.50
7926,21,2025-02-06,Customer_361,90,403.00
7927,48,2026-08-13,Customer_418,28,416.00
7928,14,2025-11-11,Customer_218,73,442.00
7929,28,2025-06-29,Customer_496,34,26.00
7930,15,2026-01-15,Customer_20,34,110.50
7931,6,2025-02-24,Customer_463,17,149.50
7932,19,2025-11-15,Customer_353,79,377.00
7933,9,2024-10-15,Customer_225,54,143.00
7934,47,2025-11-06,Customer_293,83,416.00
7935,8,2025-05-18,Customer_297,87,123.50
7936,26,2025-09-09,Customer_360,58,169.00
7937,19,2025-05-31,Customer_463,72,624.00
7938,4,2024-10-25,Customer_176,63,65.00
7939,22,2025-01-26,Customer_226,95,273.00
7940,3,2025-06-24,Customer_108,46,19.50
7941,20,2026-04-11,Customer_285,45,585.00
7942,22,2026-01-01,Customer_363,34,468.00
7943,32,2026-02-14,Customer_223,99,507.00
7944,7,2026-09-25,Customer_339,92,273.00
7945,30,2026-07-18,Customer_68,59,442.00
7946,49,2025-03-20,Customer_348,55,13.00
7947,14,2026-08-29,Customer_146,79,104.00
7948,35,2026-07-28,Customer_395,52,630.50
7949,18,2025-04-10,Customer_454,49,448.50
7950,2,2025-01-04,Customer_99,59,383.50
7951,34,2026-06-25,Customer_206,33,416.00
7952,2,2024-10-28,Customer_448,36,513.50
7953,8,2025-05-07,Customer_491,2,65.00
7954,18,2026-05-17,Customer_232,66,26.00
7955,2,2024-11-08,Customer_259,35,143.00
7956,25,2024-12-07,Customer_341,37,117.00
7957,39,2026-01-14,Customer_39,61,240.50
7958,45,2026-09-01,Customer_483,81,169.00
7959,5,2025-08-26,Customer_293,24,331.50
7960,29,2025-11-14,Customer_337,95,370.50
7961,31,2025-03-21,Customer_375,42,461.50
7962,22,2025-04-06,Customer_267,9,201.50
7963,5,2025-02-06,Customer_359,8,149.50
7964,22,2025-11-24,Customer_134,63,32.50
7965,44,2026-05-23,Customer_96,3,585.00
7966,30,2026-01-17,Customer_183,81,130.00
7967,32,2025-01-20,Customer_257,50,520.00
7968,27,2026-08-31,Customer_200,49,110.50
7969,9,2025-01-20,Customer_41,70,188.50
7970,1,2026-03-17,Customer_282,86,58.50
7971,17,2025-04-28,Customer_206,22,71.50
7972,36,2026-02-11,Customer_377,89,331.50
7973,10,2024-12-22,Customer_428,52,305.50
7974,24,2025-10-31,Customer_29,64,643.50
7975,49,2025-03-06,Customer_359,9,253.50
7976,6,2025-11-26,Customer_111,56,279.50
7977,46,2026-06-23,Customer_243,6,169.00
7978,11,2026-07-24,Customer_427,56,650.00
7979,39,2025-07-11,Customer_366,77,533.00
7980,49,2026-03-07,Customer_11,46,149.50
7981,33,2024-11-07,Customer_180,9,429.00
7982,19,2026-03-24,Customer_303,43,201.50
7983,34,2026-06-08,Customer_65,67,474.50
7984,33,2024-12-13,Customer_260,54,585.00
7985,47,2026-03-15,Customer_309,67,559.00
7986,3,2026-09-03,Customer_193,11,396.50
7987,23,2025-10-10,Customer_247,49,565.50
7988,6,2026-08-08,Customer_119,34,572.00
7989,25,2024-10-10,Customer_9,91,351.00
7990,18,2026-02-06,Customer_341,54,130.00
7991,10,2026-07-07,Customer_456,8,468.00
7992,16,2025-02-12,Customer_492,41,461.50
7993,32,2026-08-22,Customer_250,45,643.50
7994,43,2026-09-05,Customer_377,100,637.00
7995,49,2025-02-01,Customer_229,58,227.50
7996,32,2024-12-07,Customer_340,54,91.00
7997,21,2026-03-10,Customer_152,14,292.50
7998,11,2026-03-17,Customer_420,63,383.50
7999,45,2026-01-05,Customer_484,67,318.50
8000,37,2026-09-04,Customer_403,59,383.50
8001,3,2025-11-17,Customer_409,43,305.50
8002,40,2025-11-28,Customer_248,99,429.00
8003,49,2026-01-22,Customer_209,56,429.00
8004,10,2025-10-11,Customer_470,78,305.50
8005,19,2025-08-07,Customer_389,56,195.00
8006,49,2026-05-09,Customer_216,17,325.00
8007,3,2025-01-14,Customer_313,77,149.50
8008,46,2024-11-17,Customer_27,41,383.50
8009,7,2025-01-14,Customer_403,64,481.00
8010,17,2026-03-26,Customer_33,75,6.50
8011,11,2025-05-05,Customer_396,28,377.00
8012,37,2025-10-02,Customer_415,60,331.50
8013,48,2025-06-24,Customer_8,24,533.00
8014,25,2026-05-13,Customer_293,19,604.50
8015,9,2024-11-19,Customer_63,12,552.50
8016,30,2025-04-21,Customer_275,25,156.00
8017,7,2025-10-07,Customer_253,96,344.50
8018,45,2025-07-31,Customer_248,73,500.50
8019,43,2024-12-06,Customer_409,18,455.00
8020,40,2026-01-28,Customer_180,88,6.50
8021,34,2024-12-08,Customer_219,60,435.50
8022,16,2026-09-03,Customer_317,59,32.50
8023,32,2025-02-18,Customer_340,60,19.50
8024,34,2025-02-27,Customer_372,28,169.00
8025,44,2024-11-10,Customer_420,38,338.00
8026,34,2026-02-09,Customer_491,61,175.50
8027,12,2025-09-22,Customer_426,23,130.00
8028,15,2025-06-24,Customer_69,64,39.00
8029,22,2025-08-29,Customer_271,79,338.00
8030,6,2025-11-10,Customer_120,94,338.00
8031,33,2025-11-13,Customer_429,30,156.00
8032,48,2026-07-24,Customer_9,48,422.50
8033,11,2026-09-23,Customer_41,2,214.50
8034,27,2025-03-03,Customer_267,93,19.50
8035,49,2024-12-13,Customer_103,3,487.50
8036,31,2026-08-16,Customer_15,7,591.50
8037,34,2026-09-25,Customer_128,18,370.50
8038,24,2026-02-23,Customer_44,23,455.00
8039,18,2025-10-23,Customer_106,26,221.00
8040,29,2024-10-15,Customer_56,77,130.00
8041,36,2025-06-23,Customer_24,35,104.00
8042,19,2025-10-30,Customer_232,75,643.50
8043,43,2026-10-03,Customer_71,90,370.50
8044,17,2025-05-05,Customer_317,61,552.50
8045,10,2026-06-02,Customer_116,80,143.00
8046,40,2025-03-19,Customer_469,74,442.00
8047,46,2024-12-08,Customer_459,87,435.50
8048,25,2026-05-01,Customer_477,81,357.50
8049,35,2025-01-28,Customer_384,97,104.00
8050,6,2024-11-05,Customer_342,23,149.50
8051,50,2025-07-15,Customer_493,84,110.50
8052,32,2025-11-06,Customer_240,25,123.50
8053,25,2026-03-28,Customer_358,3,624.00
8054,29,2026-07-16,Customer_233,89,370.50
8055,31,2025-02-28,Customer_489,33,591.50
8056,33,2025-08-08,Customer_394,17,559.00
8057,19,2025-03-18,Customer_365,48,130.00
8058,32,2025-03-15,Customer_3,40,91.00
8059,7,2024-12-09,Customer_164,46,520.00
8060,42,2025-06-30,Customer_389,87,474.50
8061,17,2025-05-01,Customer_81,79,598.00
8062,22,2026-07-28,Customer_66,3,247.00
8063,34,2025-09-12,Customer_247,32,403.00
8064,42,2025-05-05,Customer_452,75,39.00
8065,14,2025-10-26,Customer_269,23,39.00
8066,8,2025-07-06,Customer_207,17,253.50
8067,15,2024-10-22,Customer_281,32,221.00
8068,32,2024-11-15,Customer_14,22,494.00
8069,50,2025-11-02,Customer_245,69,104.00
8070,50,2026-05-08,Customer_53,40,156.00
8071,34,2025-01-30,Customer_81,91,266.50
8072,5,2025-07-16,Customer_230,91,637.00
8073,33,2026-08-16,Customer_320,27,71.50
8074,12,2025-08-31,Customer_39,91,481.00
8075,2,2025-03-11,Customer_291,96,643.50
8076,27,2026-04-17,Customer_381,66,520.00
8077,30,2026-07-13,Customer_365,37,650.00
8078,50,2026-03-20,Customer_264,28,604.50
8079,38,2024-11-18,Customer_84,87,58.50
8080,26,2025-01-08,Customer_81,92,598.00
8081,24,2025-08-31,Customer_451,79,78.00
8082,50,2025-10-07,Customer_335,91,117.00
8083,6,2025-09-12,Customer_449,73,487.50
8084,45,2025-01-07,Customer_483,7,175.50
8085,17,2025-06-13,Customer_191,58,162.50
8086,28,2025-12-10,Customer_5,81,520.00
8087,19,2025-04-22,Customer_374,11,188.50
8088,39,2025-12-14,Customer_155,95,643.50
8089,47,2025-09-24,Customer_417,61,305.50
8090,5,2026-06-14,Customer_258,7,370.50
8091,26,2026-06-26,Customer_361,13,396.50
8092,49,2025-06-16,Customer_382,11,240.50
8093,42,2025-04-13,Customer_459,64,240.50
8094,27,2025-05-03,Customer_339,75,650.00
8095,48,2026-01-04,Customer_392,92,377.00
8096,34,2025-08-07,Customer_151,47,435.50
8097,23,2026-05-10,Customer_214,85,240.50
8098,41,2025-12-24,Customer_343,29,383.50
8099,4,2025-04-15,Customer_360,4,201.50
8100,13,2025-04-12,Customer_417,71,461.50
8101,50,2026-05-23,Customer_94,46,240.50
8102,25,2026-04-21,Customer_81,27,429.00
8103,32,2025-06-06,Customer_241,95,357.50
8104,26,2025-09-04,Customer_331,24,123.50
8105,31,2025-01-14,Customer_340,17,526.50
8106,47,2025-05-03,Customer_401,69,156.00
8107,32,2026-02-02,Customer_455,18,136.50
8108,40,2025-06-10,Customer_73,55,13.00
8109,47,2025-10-04,Customer_308,74,351.00
8110,50,2026-10-02,Customer_155,29,403.00
8111,14,2026-06-02,Customer_132,22,175.50
8112,30,2025-11-14,Customer_65,37,91.00
8113,49,2026-08-20,Customer_280,67,234.00
8114,47,2025-11-14,Customer_307,79,617.50
8115,36,2024-12-09,Customer_280,67,71.50
8116,39,2025-09-14,Customer_85,88,331.50
8117,47,2025-12-21,Customer_470,64,156.00
8118,29,2025-02-15,Customer_242,47,448.50
8119,46,2026-08-07,Customer_216,24,273.00
8120,6,2025-11-04,Customer_274,63,409.50
8121,14,2025-04-22,Customer_276,44,149.50
8122,20,2025-10-09,Customer_255,71,377.00
8123,22,2025-04-27,Customer_46,61,312.00
8124,23,2025-10-13,Customer_176,9,383.50
8125,26,2025-09-17,Customer_123,4,260.00
8126,39,2026-07-05,Customer_179,4,123.50
8127,19,2026-04-27,Customer_154,18,162.50
8128,44,2026-07-03,Customer_37,63,45.50
8129,46,2026-06-19,Customer_446,14,513.50
8130,7,2025-10-18,Customer_114,67,624.00
8131,9,2025-10-17,Customer_488,29,520.00
8132,24,2026-06-04,Customer_498,10,487.50
8133,27,2025-12-07,Customer_402,63,409.50
8134,14,2024-12-08,Customer_392,17,149.50
8135,46,2025-11-01,Customer_231,87,260.00
8136,46,2025-06-04,Customer_193,63,227.50
8137,47,2026-03-09,Customer_174,31,240.50
8138,39,2025-09-21,Customer_482,92,117.00
8139,50,2026-09-02,Customer_432,42,84.50
8140,10,2025-12-06,Customer_139,15,149.50
8141,4,2026-02-06,Customer_37,88,507.00
8142,28,2025-10-08,Customer_374,45,442.00
8143,46,2026-06-29,Customer_264,46,247.00
8144,30,2025-08-26,Customer_273,28,468.00
8145,6,2026-03-17,Customer_68,1,208.00
8146,42,2025-12-16,Customer_119,21,591.50
8147,41,2026-01-30,Customer_148,90,468.00
8148,45,2026-02-12,Customer_277,56,208.00
8149,11,2025-10-28,Customer_164,32,455.00
8150,37,2025-09-24,Customer_120,30,195.00
8151,49,2026-07-05,Customer_473,13,481.00
8152,50,2025-08-18,Customer_236,77,409.50
8153,6,2025-07-12,Customer_376,40,149.50
8154,24,2026-05-15,Customer_28,3,559.00
8155,4,2025-06-16,Customer_89,27,429.00
8156,31,2026-07-08,Customer_149,37,292.50
8157,18,2026-06-20,Customer_450,49,422.50
8158,46,2025-08-09,Customer_369,92,6.50
8159,43,2025-05-18,Customer_446,20,169.00
8160,13,2026-02-26,Customer_5,92,286.00
8161,31,2026-02-20,Customer_479,92,110.50
8162,6,2025-05-21,Customer_391,14,630.50
8163,38,2026-04-12,Customer_188,12,617.50
8164,9,2025-04-29,Customer_102,87,299.00
8165,46,2025-04-19,Customer_137,73,442.00
8166,4,2025-04-04,Customer_388,75,377.00
8167,41,2025-05-21,Customer_61,18,234.00
8168,14,2026-01-04,Customer_119,68,552.50
8169,29,2025-11-05,Customer_77,54,422.50
8170,28,2026-05-12,Customer_284,95,552.50
8171,34,2025-12-16,Customer_82,28,396.50
8172,15,2025-05-27,Customer_165,54,585.00
8173,42,2024-10-07,Customer_102,37,448.50
8174,11,2024-11-14,Customer_341,7,474.50
8175,8,2025-08-01,Customer_259,55,32.50
8176,44,2025-04-06,Customer_343,50,234.00
8177,28,2025-09-23,Customer_478,33,585.00
8178,14,2025-11-06,Customer_100,82,247.00
8179,43,2026-08-15,Customer_394,59,539.50
8180,37,2025-01-03,Customer_471,54,533.00
8181,7,2025-10-09,Customer_244,15,253.50
8182,16,2025-04-23,Customer_135,45,461.50
8183,22,2025-04-01,Customer_77,96,19.50
8184,3,2026-06-22,Customer_293,76,208.00
8185,7,2025-10-09,Customer_459,89,175.50
8186,47,2026-08-26,Customer_403,36,364.00
8187,26,2026-04-20,Customer_99,74,104.00
8188,7,2025-01-12,Customer_251,39,39.00
8189,22,2026-04-13,Customer_458,35,149.50
8190,12,2025-06-24,Customer_9,73,585.00
8191,20,2025-04-21,Customer_437,12,234.00
8192,14,2024-10-06,Customer_246,79,344.50
8193,5,2026-07-26,Customer_336,27,344.50
8194,10,2025-02-01,Customer_224,83,97.50
8195,27,2026-07-28,Customer_295,31,533.00
8196,8,2025-04-17,Customer_494,9,585.00
8197,14,2025-07-01,Customer_314,67,546.00
8198,48,2025-07-06,Customer_398,38,370.50
8199,23,2025-06-22,Customer_87,59,565.50
8200,29,2025-11-07,Customer_430,90,585.00
8201,35,2025-02-03,Customer_56,90,630.50
8202,29,2026-07-08,Customer_79,37,604.50
8203,3,2025-10-08,Customer_228,78,214.50
8204,25,2026-01-18,Customer_272,92,403.00
8205,13,2025-05-05,Customer_127,63,429.00
8206,45,2025-07-30,Customer_251,74,604.50
8207,41,2025-01-22,Customer_257,23,461.50
8208,47,2025-08-14,Customer_387,28,624.00
8209,39,2026-04-15,Customer_291,3,461.50
8210,9,2025-12-06,Customer_446,34,533.00
8211,26,2026-05-06,Customer_107,57,6.50
8212,38,2025-12-01,Customer_123,87,357.50
8213,34,2024-12-11,Customer_432,75,91.00
8214,36,2026-04-09,Customer_58,87,227.50
8215,28,2025-08-04,Customer_238,62,591.50
8216,21,2026-08-24,Customer_186,41,604.50
8217,44,2026-05-06,Customer_104,32,390.00
8218,28,2025-07-24,Customer_227,41,13.00
8219,4,2025-02-18,Customer_451,76,6.50
8220,23,2026-06-07,Customer_411,62,546.00
8221,10,2025-09-07,Customer_405,5,78.00
8222,28,2025-05-02,Customer_206,72,409.50
8223,17,2026-08-21,Customer_367,27,591.50
8224,7,2025-03-05,Customer_468,49,416.00
8225,45,2024-12-06,Customer_370,2,598.00
8226,35,2025-06-27,Customer_51,88,136.50
8227,44,2026-08-23,Customer_146,98,247.00
8228,31,2024-11-14,Customer_53,17,585.00
8229,35,2025-08-26,Customer_402,9,377.00
8230,24,2026-01-30,Customer_142,36,468.00
8231,47,2025-03-04,Customer_315,57,214.50
8232,29,2026-01-08,Customer_423,51,312.00
8233,50,2025-03-31,Customer_225,38,104.00
8234,39,2026-05-19,Customer_272,84,123.50
8235,5,2025-08-21,Customer_57,24,617.50
8236,36,2025-01-05,Customer_215,14,429.00
8237,46,2024-11-28,Customer_457,11,214.50
8238,43,2025-12-29,Customer_304,57,325.00
8239,22,2026-02-13,Customer_414,85,344.50
8240,28,2026-04-29,Customer_312,58,604.50
8241,23,2025-12-20,Customer_104,43,266.50
8242,9,2025-04-19,Customer_167,39,39.00
8243,16,2024-11-03,Customer_188,64,559.00
8244,42,2025-04-24,Customer_348,44,611.00
8245,35,2024-10-13,Customer_96,32,585.00
8246,18,2025-05-11,Customer_265,6,253.50
8247,39,2025-07-16,Customer_85,45,6.50
8248,39,2025-04-05,Customer_402,15,110.50
8249,49,2026-09-11,Customer_123,55,598.00
8250,7,2025-03-15,Customer_177,8,52.00
8251,2,2026-04-13,Customer_129,55,604.50
8252,27,2026-03-31,Customer_379,27,598.00
8253,10,2026-06-19,Customer_86,10,162.50
8254,8,2026-04-29,Customer_124,58,500.50
8255,28,2025-08-19,Customer_463,67,156.00
8256,15,2026-04-25,Customer_299,16,598.00
8257,18,2025-12-17,Customer_328,62,32.50
8258,9,2026-01-31,Customer_361,96,611.00
8259,47,2025-01-24,Customer_76,65,286.00
8260,17,2026-09-17,Customer_485,6,526.50
8261,5,2025-04-17,Customer_96,43,526.50
8262,30,2025-10-22,Customer_211,41,494.00
8263,36,2024-12-19,Customer_358,97,305.50
8264,14,2025-11-30,Customer_240,61,266.50
8265,49,2025-09-07,Customer_295,82,266.50
8266,32,2026-09-26,Customer_74,65,260.00
8267,28,2026-06-26,Customer_269,84,305.50
8268,39,2025-08-21,Customer_488,56,143.00
8269,16,2026-01-03,Customer_71,45,71.50
8270,21,2025-08-17,Customer_258,12,585.00
8271,33,2026-01-25,Customer_165,22,143.00
8272,23,2026-03-11,Customer_19,44,351.00
8273,14,2025-11-21,Customer_321,48,591.50
8274,2,2025-08-13,Customer_82,36,156.00
8275,36,2025-03-02,Customer_391,51,149.50
8276,28,2024-12-24,Customer_4,88,279.50
8277,32,2025-11-20,Customer_384,32,559.00
8278,33,2026-08-08,Customer_377,75,487.50
8279,50,2024-12-08,Customer_491,37,305.50
8280,28,2025-04-11,Customer_161,25,65.00
8281,48,2025-10-15,Customer_366,63,435.50
8282,27,2026-08-24,Customer_417,8,338.00
8283,30,2025-04-17,Customer_487,42,247.00
8284,6,2026-04-05,Customer_468,80,390.00
8285,26,2026-01-31,Customer_300,26,78.00
8286,1,2026-07-16,Customer_164,65,513.50
8287,14,2025-11-29,Customer_362,18,273.00
8288,44,2026-06-26,Customer_292,90,318.50
8289,43,2025-02-25,Customer_475,47,305.50
8290,32,2025-03-26,Customer_207,89,26.00
8291,50,2026-01-29,Customer_290,57,188.50
8292,12,2026-05-08,Customer_264,47,292.50
8293,27,2026-04-11,Customer_269,65,565.50
8294,10,2026-03-24,Customer_227,39,247.00
8295,21,2026-05-16,Customer_360,8,318.50
8296,17,2024-10-23,Customer_314,77,344.50
8297,47,2025-01-07,Customer_3,86,234.00
8298,48,2025-03-22,Customer_367,3,643.50
8299,1,2025-10-22,Customer_144,7,494.00
8300,16,2026-09-21,Customer_497,92,598.00
8301,11,2026-01-14,Customer_291,58,78.00
8302,47,2026-03-05,Customer_182,20,32.50
8303,5,2026-01-06,Customer_223,16,52.00
8304,16,2026-09-08,Customer_47,44,429.00
8305,38,2024-12-11,Customer_9,58,643.50
8306,29,2025-04-12,Customer_325,99,435.50
8307,50,2024-11-28,Customer_250,61,110.50
8308,4,2026-09-08,Customer_78,6,513.50
8309,38,2026-05-25,Customer_280,12,45.50
8310,1,2026-01-31,Customer_8,37,409.50
8311,16,2024-11-21,Customer_494,21,468.00
8312,21,2025-06-13,Customer_79,86,175.50
8313,26,2025-02-17,Customer_410,86,253.50
8314,5,2026-08-03,Customer_260,84,279.50
8315,19,2025-02-03,Customer_28,28,71.50
8316,2,2025-10-23,Customer_277,60,162.50
8317,32,2026-01-10,Customer_362,56,279.50
8318,46,2025-05-15,Customer_24,32,149.50
8319,16,2026-05-08,Customer_288,84,188.50
8320,10,2025-04-26,Customer_233,9,338.00
8321,3,2025-04-19,Customer_291,23,591.50
8322,28,2026-03-22,Customer_131,36,156.00
8323,23,2025-03-11,Customer_231,38,65.00
8324,40,2025-02-12,Customer_154,14,338.00
8325,43,2026-04-09,Customer_80,85,624.00
8326,35,2025-08-30,Customer_82,91,305.50
8327,42,2026-08-22,Customer_255,28,182.00
8328,9,2026-09-23,Customer_100,20,546.00
8329,39,2026-03-05,Customer_116,23,494.00
8330,30,2026-01-30,Customer_366,85,526.50
8331,48,2024-12-04,Customer_292,34,299.00
8332,45,2024-12-23,Customer_281,79,403.00
8333,10,2025-11-06,Customer_496,39,598.00
8334,28,2026-05-12,Customer_364,93,156.00
8335,11,2026-08-14,Customer_317,100,624.00
8336,10,2025-08-02,Customer_74,27,247.00
8337,50,2025-07-23,Customer_298,73,65.00
8338,30,2026-02-01,Customer_286,9,468.00
8339,35,2026-02-14,Customer_12,94,130.00
8340,18,2025-06-07,Customer_129,33,45.50
8341,34,2026-01-12,Customer_37,84,221.00
8342,2,2024-11-25,Customer_345,59,409.50
8343,35,2025-09-28,Customer_225,65,357.50
8344,17,2025-03-11,Customer_236,32,84.50
8345,31,2025-10-01,Customer_239,18,188.50
8346,27,2025-05-26,Customer_35,75,403.00
8347,12,2025-03-12,Customer_396,94,240.50
8348,48,2025-07-03,Customer_499,2,162.50
8349,12,2026-01-24,Customer_115,79,208.00
8350,14,2026-09-21,Customer_225,46,299.00
8351,18,2026-02-17,Customer_322,95,526.50
8352,44,2026-03-17,Customer_90,15,71.50
8353,45,2026-02-16,Customer_361,8,585.00
8354,4,2025-08-26,Customer_27,41,617.50
8355,31,2025-01-15,Customer_28,25,292.50
8356,10,2025-06-01,Customer_125,76,221.00
8357,43,2026-01-04,Customer_132,93,260.00
8358,26,2025-03-31,Customer_199,49,318.50
8359,40,2024-12-24,Customer_141,64,513.50
8360,46,2025-06-15,Customer_147,85,572.00
8361,26,2026-07-20,Customer_108,80,552.50
8362,11,2025-10-12,Customer_134,93,559.00
8363,7,2026-06-27,Customer_252,32,383.50
8364,8,2026-08-05,Customer_169,76,520.00
8365,33,2025-08-25,Customer_459,45,286.00
8366,1,2026-09-19,Customer_282,23,416.00
8367,33,2025-05-12,Customer_458,37,546.00
8368,36,2025-12-19,Customer_358,8,598.00
8369,18,2025-01-02,Customer_423,29,130.00
8370,43,2025-02-01,Customer_314,68,234.00
8371,35,2025-03-07,Customer_113,21,240.50
8372,24,2026-06-04,Customer_451,91,351.00
8373,21,2026-05-04,Customer_287,64,435.50
8374,1,2026-06-20,Customer_271,57,455.00
8375,21,2025-03-17,Customer_88,23,227.50
8376,21,2026-09-05,Customer_153,78,58.50
8377,21,2026-09-16,Customer_353,10,188.50
8378,42,2025-04-12,Customer_179,63,611.00
8379,13,2025-01-28,Customer_348,40,435.50
8380,26,2026-06-08,Customer_423,54,240.50
8381,44,2026-06-26,Customer_378,23,565.50
8382,18,2026-04-15,Customer_371,87,383.50
8383,7,2025-01-27,Customer_106,66,429.00
8384,11,2025-07-18,Customer_57,11,357.50
8385,50,2026-07-29,Customer_421,92,572.00
8386,48,2026-04-23,Customer_153,55,604.50
8387,41,2025-02-27,Customer_132,21,526.50
8388,10,2026-02-24,Customer_359,54,448.50
8389,5,2026-08-14,Customer_221,58,32.50
8390,12,2025-02-26,Customer_102,36,201.50
8391,47,2026-08-27,Customer_37,64,565.50
8392,32,2025-06-19,Customer_377,100,637.00
8393,3,2026-06-27,Customer_269,98,357.50
8394,28,2025-08-14,Customer_16,43,117.00
8395,5,2026-01-18,Customer_454,67,643.50
8396,19,2025-04-24,Customer_271,18,598.00
8397,49,2025-07-30,Customer_246,100,201.50
8398,18,2025-01-02,Customer_316,20,13.00
8399,25,2025-10-30,Customer_233,61,97.50
8400,26,2025-09-23,Customer_317,85,552.50
8401,35,2025-04-17,Customer_377,81,188.50
8402,45,2026-01-15,Customer_216,12,234.00
8403,45,2026-05-27,Customer_435,38,487.50
8404,50,2025-05-08,Customer_247,51,227.50
8405,3,2025-10-22,Customer_238,60,123.50
8406,2,2025-10-26,Customer_397,21,591.50
8407,35,2025-12-01,Customer_371,41,19.50
8408,37,2025-05-01,Customer_402,70,617.50
8409,11,2026-05-15,Customer_378,33,624.00
8410,33,2024-11-22,Customer_149,40,513.50
8411,44,2025-04-30,Customer_111,100,195.00
8412,31,2024-12-16,Customer_434,92,520.00
8413,42,2026-10-05,Customer_200,14,279.50
8414,6,2025-08-18,Customer_428,54,104.00
8415,35,2025-06-06,Customer_169,28,214.50
8416,4,2025-01-07,Customer_352,2,45.50
8417,22,2025-08-01,Customer_397,65,6.50
8418,5,2025-12-05,Customer_385,52,377.00
8419,26,2026-04-02,Customer_352,77,65.00
8420,48,2026-06-03,Customer_6,94,214.50
8421,11,2024-10-21,Customer_420,94,624.00
8422,20,2025-08-27,Customer_479,97,500.50
8423,34,2026-01-17,Customer_31,2,234.00
8424,31,2025-08-08,Customer_499,87,45.50
8425,19,2026-07-11,Customer_178,82,32.50
8426,47,2025-11-13,Customer_329,25,253.50
8427,27,2025-08-28,Customer_197,65,240.50
8428,8,2026-05-06,Customer_100,48,552.50
8429,45,2024-12-20,Customer_111,69,338.00
8430,4,2025-01-04,Customer_446,94,175.50
8431,18,2024-12-14,Customer_436,70,266.50
8432,26,2025-01-27,Customer_366,2,19.50
8433,29,2024-12-31,Customer_242,65,604.50
8434,16,2026-09-22,Customer_367,79,234.00
8435,4,2024-12-09,Customer_125,99,338.00
8436,30,2025-03-26,Customer_212,78,630.50
8437,16,2026-08-19,Customer_297,59,305.50
8438,7,2025-02-27,Customer_416,99,409.50
8439,14,2026-06-19,Customer_336,54,422.50
8440,19,2026-09-15,Customer_268,49,169.00
8441,27,2025-03-13,Customer_231,80,240.50
8442,46,2025-09-26,Customer_225,24,552.50
8443,47,2026-09-26,Customer_17,7,435.50
8444,46,2024-11-15,Customer_436,5,104.00
8445,8,2026-09-22,Customer_210,78,565.50
8446,28,2025-02-06,Customer_474,62,552.50
8447,22,2026-07-10,Customer_311,99,58.50
8448,3,2024-10-08,Customer_377,99,513.50
8449,15,2025-03-05,Customer_32,23,461.50
8450,11,2025-06-13,Customer_78,9,58.50
8451,46,2025-03-28,Customer_229,31,253.50
8452,32,2026-07-20,Customer_378,58,617.50
8453,43,2025-12-02,Customer_40,66,175.50
8454,41,2025-05-05,Customer_139,11,416.00
8455,18,2025-06-08,Customer_301,66,6.50
8456,42,2025-06-29,Customer_335,52,78.00
8457,4,2025-03-20,Customer_161,33,227.50
8458,41,2025-06-08,Customer_495,94,227.50
8459,10,2026-05-29,Customer_62,8,604.50
8460,16,2025-07-16,Customer_140,94,331.50
8461,31,2026-04-22,Customer_12,95,286.00
8462,43,2025-03-22,Customer_45,56,448.50
8463,26,2026-01-08,Customer_255,44,507.00
8464,45,2026-08-09,Customer_284,17,247.00
8465,19,2026-08-05,Customer_16,73,377.00
8466,4,2026-07-20,Customer_44,8,591.50
8467,6,2026-09-27,Customer_147,31,409.50
8468,18,2024-12-13,Customer_261,27,91.00
8469,4,2026-08-05,Customer_30,71,630.50
8470,12,2025-03-31,Customer_343,88,630.50
8471,24,2026-05-16,Customer_307,63,546.00
8472,28,2026-03-01,Customer_206,67,416.00
8473,37,2025-09-25,Customer_437,74,312.00
8474,12,2026-04-02,Customer_143,28,416.00
8475,15,2026-09-26,Customer_62,59,143.00
8476,25,2026-10-03,Customer_237,25,468.00
8477,39,2026-06-07,Customer_251,71,370.50
8478,45,2026-04-04,Customer_60,9,91.00
8479,3,2025-01-06,Customer_214,62,227.50
8480,33,2026-01-22,Customer_433,83,240.50
8481,23,2024-12-15,Customer_354,7,429.00
8482,16,2026-05-17,Customer_48,38,448.50
8483,47,2026-03-20,Customer_8,81,305.50
8484,46,2025-04-26,Customer_410,96,650.00
8485,28,2025-07-24,Customer_239,34,123.50
8486,33,2025-06-14,Customer_151,59,643.50
8487,16,2025-05-15,Customer_117,63,286.00
8488,29,2024-10-27,Customer_428,26,292.50
8489,41,2026-08-19,Customer_288,58,624.00
8490,17,2025-01-19,Customer_360,19,390.00
8491,35,2024-10-25,Customer_215,97,39.00
8492,21,2025-07-13,Customer_377,80,175.50
8493,45,2026-05-29,Customer_188,43,598.00
8494,29,2024-11-20,Customer_199,30,435.50
8495,29,2025-01-05,Customer_323,9,643.50
8496,43,2025-12-07,Customer_236,10,208.00
8497,7,2026-05-22,Customer_450,33,201.50
8498,6,2025-10-12,Customer_365,87,175.50
8499,7,2026-07-28,Customer_457,49,325.00
8500,45,2025-01-19,Customer_233,68,442.00
8501,29,2025-06-06,Customer_255,98,39.00
8502,42,2025-06-05,Customer_38,13,422.50
8503,7,2025-04-14,Customer_444,36,526.50
8504,45,2024-10-13,Customer_362,59,370.50
8505,45,2024-12-28,Customer_423,51,552.50
8506,24,2026-04-25,Customer_52,7,136.50
8507,47,2025-03-02,Customer_461,5,370.50
8508,25,2026-03-08,Customer_90,39,624.00
8509,43,2026-06-11,Customer_98,98,637.00
8510,36,2025-06-14,Customer_202,94,39.00
8511,36,2025-11-17,Customer_207,41,19.50
8512,8,2025-07-13,Customer_38,46,507.00
8513,12,2025-05-07,Customer_78,17,461.50
8514,17,2025-07-17,Customer_338,48,643.50
8515,18,2024-11-29,Customer_487,11,416.00
8516,32,2024-12-25,Customer_350,58,422.50
8517,14,2025-11-16,Customer_495,99,110.50
8518,19,2025-01-21,Customer_266,21,78.00
8519,14,2025-08-14,Customer_332,32,123.50
8520,17,2025-01-04,Customer_230,84,149.50
8521,17,2026-05-28,Customer_202,21,175.50
8522,15,2025-08-09,Customer_427,34,344.50
8523,25,2025-06-20,Customer_34,48,624.00
8524,30,2025-05-12,Customer_304,96,591.50
8525,28,2025-06-03,Customer_229,65,19.50
8526,46,2025-01-05,Customer_117,24,429.00
8527,20,2025-06-15,Customer_100,12,26.00
8528,46,2025-03-08,Customer_182,44,292.50
8529,49,2025-01-23,Customer_40,53,13.00
8530,10,2025-10-07,Customer_473,26,533.00
8531,42,2025-02-12,Customer_40,56,468.00
8532,25,2026-06-10,Customer_317,98,416.00
8533,37,2024-12-30,Customer_165,80,110.50
8534,13,2025-01-17,Customer_2,64,526.50
8535,9,2024-12-28,Customer_6,36,591.50
8536,7,2025-08-31,Customer_455,69,201.50
8537,11,2024-12-24,Customer_368,14,559.00
8538,20,2026-01-12,Customer_300,38,364.00
8539,44,2026-05-24,Customer_188,5,500.50
8540,6,2025-04-19,Customer_271,65,286.00
8541,19,2026-06-04,Customer_257,52,52.00
8542,5,2026-09-21,Customer_130,33,305.50
8543,16,2026-01-07,Customer_108,87,370.50
8544,37,2026-09-08,Customer_247,43,344.50
8545,15,2026-05-09,Customer_153,50,273.00
8546,11,2026-05-28,Customer_50,61,299.00
8547,19,2026-09-11,Customer_326,74,344.50
8548,44,2026-05-06,Customer_273,97,221.00
8549,16,2026-09-26,Customer_352,25,546.00
8550,17,2026-05-07,Customer_314,50,325.00
8551,16,2025-07-25,Customer_405,31,468.00
8552,16,2026-01-14,Customer_24,89,650.00
8553,5,2026-08-19,Customer_356,6,338.00
8554,48,2024-12-10,Customer_34,96,520.00
8555,30,2026-08-09,Customer_329,48,273.00
8556,33,2026-03-18,Customer_291,26,500.50
8557,23,2026-07-07,Customer_398,59,71.50
8558,10,2026-04-22,Customer_417,70,552.50
8559,34,2025-02-03,Customer_68,60,370.50
8560,9,2025-05-08,Customer_337,50,643.50
8561,8,2025-12-24,Customer_55,80,422.50
8562,29,2025-05-16,Customer_341,92,526.50
8563,21,2026-07-12,Customer_315,73,338.00
8564,49,2026-01-04,Customer_286,62,559.00
8565,22,2024-12-23,Customer_320,99,26.00
8566,11,2025-05-13,Customer_278,33,481.00
8567,32,2025-12-17,Customer_62,7,513.50
8568,22,2025-03-21,Customer_110,5,591.50
8569,48,2024-10-11,Customer_171,67,110.50
8570,3,2026-04-21,Customer_377,61,403.00
8571,43,2025-04-22,Customer_477,48,182.00
8572,39,2025-03-07,Customer_437,49,279.50
8573,35,2026-05-12,Customer_446,53,39.00
8574,20,2025-05-15,Customer_342,88,455.00
8575,29,2024-12-15,Customer_468,49,45.50
8576,49,2025-05-20,Customer_393,65,58.50
8577,6,2025-04-06,Customer_261,100,312.00
8578,33,2025-01-13,Customer_291,54,169.00
8579,3,2026-01-04,Customer_51,48,247.00
8580,43,2025-10-31,Customer_267,32,65.00
8581,48,2026-03-20,Customer_323,16,162.50
8582,49,2025-03-22,Customer_392,7,403.00
8583,49,2025-12-19,Customer_460,82,299.00
8584,3,2026-03-01,Customer_262,62,214.50
8585,8,2026-04-14,Customer_446,96,182.00
8586,42,2026-04-29,Customer_489,16,247.00
8587,50,2026-10-01,Customer_309,46,26.00
8588,28,2025-04-05,Customer_459,13,247.00
8589,11,2025-04-11,Customer_205,77,175.50
8590,20,2024-12-05,Customer_406,26,604.50
8591,27,2026-08-27,Customer_288,9,169.00
8592,42,2025-08-16,Customer_317,90,526.50
8593,3,2025-02-01,Customer_186,79,357.50
8594,26,2026-01-22,Customer_453,1,195.00
8595,44,2025-07-22,Customer_212,63,247.00
8596,4,2025-03-26,Customer_173,100,422.50
8597,5,2024-11-04,Customer_40,8,214.50
8598,14,2025-05-23,Customer_437,27,273.00
8599,37,2026-05-03,Customer_323,64,546.00
8600,48,2026-03-20,Customer_373,50,325.00
8601,7,2026-08-12,Customer_63,89,565.50
8602,14,2025-09-10,Customer_471,20,52.00
8603,24,2026-08-07,Customer_474,72,481.00
8604,42,2025-03-11,Customer_87,89,474.50
8605,6,2026-06-14,Customer_309,47,65.00
8606,9,2026-05-16,Customer_92,100,500.50
8607,2,2026-07-18,Customer_437,46,357.50
8608,5,2025-07-09,Customer_196,98,468.00
8609,18,2026-04-25,Customer_224,56,494.00
8610,29,2025-04-18,Customer_38,14,104.00
8611,2,2025-03-03,Customer_281,31,104.00
8612,7,2026-09-21,Customer_203,35,533.00
8613,28,2024-12-20,Customer_469,46,559.00
8614,1,2026-06-17,Customer_383,70,364.00
8615,37,2025-01-31,Customer_114,62,611.00
8616,7,2025-08-02,Customer_358,74,266.50
8617,5,2025-11-06,Customer_109,53,461.50
8618,15,2026-10-02,Customer_40,88,162.50
8619,25,2025-06-24,Customer_462,16,26.00
8620,35,2026-07-01,Customer_224,21,91.00
8621,9,2025-07-31,Customer_252,70,604.50
8622,9,2025-08-18,Customer_314,88,91.00
8623,19,2025-03-30,Customer_418,28,403.00
8624,11,2025-05-26,Customer_115,58,292.50
8625,37,2025-11-21,Customer_471,88,227.50
8626,21,2025-06-16,Customer_233,31,19.50
8627,15,2025-05-28,Customer_131,89,578.50
8628,16,2026-05-23,Customer_245,52,546.00
8629,4,2026-06-01,Customer_67,31,325.00
8630,26,2025-07-23,Customer_424,23,435.50
8631,34,2025-12-11,Customer_203,8,357.50
8632,41,2026-07-30,Customer_154,36,500.50
8633,47,2026-09-14,Customer_318,83,364.00
8634,11,2026-07-03,Customer_460,94,409.50
8635,12,2025-02-08,Customer_87,100,143.00
8636,35,2025-08-08,Customer_40,76,104.00
8637,24,2026-06-25,Customer_45,3,429.00
8638,26,2026-03-21,Customer_253,74,227.50
8639,16,2026-05-10,Customer_218,59,253.50
8640,7,2026-04-09,Customer_81,4,416.00
8641,44,2024-10-06,Customer_374,69,403.00
8642,49,2025-03-24,Customer_447,27,429.00
8643,49,2025-08-15,Customer_349,12,221.00
8644,27,2025-09-05,Customer_17,51,110.50
8645,2,2026-01-18,Customer_86,86,266.50
8646,27,2025-08-25,Customer_75,81,624.00
8647,6,2026-04-21,Customer_235,15,409.50
8648,41,2026-07-07,Customer_312,23,318.50
8649,8,2026-09-13,Customer_43,87,97.50
8650,47,2026-09-25,Customer_463,62,403.00
8651,31,2024-12-29,Customer_225,99,117.00
8652,36,2026-04-14,Customer_77,36,370.50
8653,1,2026-07-14,Customer_381,62,156.00
8654,2,2025-06-12,Customer_443,73,585.00
8655,13,2026-06-19,Customer_177,98,19.50
8656,28,2025-05-07,Customer_329,56,533.00
8657,48,2025-10-16,Customer_282,51,578.50
8658,35,2026-08-26,Customer_398,76,84.50
8659,7,2025-04-22,Customer_141,75,364.00
8660,45,2026-01-02,Customer_422,97,240.50
8661,32,2026-02-06,Customer_490,60,611.00
8662,6,2026-01-02,Customer_124,9,169.00
8663,29,2025-01-08,Customer_143,75,604.50
8664,8,2026-07-11,Customer_269,23,45.50
8665,2,2025-11-12,Customer_13,8,240.50
8666,37,2025-06-11,Customer_80,83,91.00
8667,21,2025-03-16,Customer_322,7,429.00
8668,19,2025-07-25,Customer_289,65,221.00
8669,49,2026-09-17,Customer_156,48,507.00
8670,43,2026-09-14,Customer_243,48,299.00
8671,36,2025-04-01,Customer_296,86,260.00
8672,48,2025-07-22,Customer_180,72,175.50
8673,8,2025-09-26,Customer_145,57,149.50
8674,3,2026-03-06,Customer_168,25,286.00
8675,49,2026-09-27,Customer_22,74,591.50
8676,47,2026-08-12,Customer_249,62,396.50
8677,41,2025-11-27,Customer_328,60,52.00
8678,33,2026-09-03,Customer_137,21,591.50
8679,3,2025-07-20,Customer_367,4,650.00
8680,36,2026-07-17,Customer_460,90,461.50
8681,25,2025-01-27,Customer_222,14,104.00
8682,22,2025-10-30,Customer_396,74,117.00
8683,21,2026-03-27,Customer_422,2,442.00
8684,49,2025-04-11,Customer_14,15,552.50
8685,46,2025-02-12,Customer_460,29,58.50
8686,15,2026-05-09,Customer_409,31,260.00
8687,28,2025-08-30,Customer_364,48,643.50
8688,13,2026-03-27,Customer_424,53,416.00
8689,43,2026-01-05,Customer_321,71,13.00
8690,46,2025-01-19,Customer_76,84,403.00
8691,38,2025-05-11,Customer_98,21,591.50
8692,40,2025-12-16,Customer_412,39,422.50
8693,38,2025-02-03,Customer_117,35,65.00
8694,8,2026-09-04,Customer_175,66,175.50
8695,43,2025-03-06,Customer_84,89,377.00
8696,15,2026-02-05,Customer_453,11,136.50
8697,18,2025-04-17,Customer_258,68,299.00
8698,39,2026-09-09,Customer_118,88,214.50
8699,29,2024-10-06,Customer_191,67,299.00
8700,9,2026-06-11,Customer_396,41,266.50
8701,37,2026-01-02,Customer_396,41,156.00
8702,13,2026-01-16,Customer_204,8,32.50
8703,44,2025-05-27,Customer_232,25,58.50
8704,41,2025-11-28,Customer_424,37,611.00
8705,40,2024-12-21,Customer_477,5,578.50
8706,41,2025-06-27,Customer_153,71,39.00
8707,25,2026-05-23,Customer_89,55,338.00
8708,2,2025-09-22,Customer_473,88,422.50
8709,28,2026-08-22,Customer_400,58,325.00
8710,38,2025-02-01,Customer_263,79,344.50
8711,26,2026-04-28,Customer_420,32,253.50
8712,48,2026-06-28,Customer_463,46,435.50
8713,1,2026-07-07,Customer_338,38,26.00
8714,33,2025-12-22,Customer_198,24,422.50
8715,43,2025-02-16,Customer_438,16,448.50
8716,5,2025-08-06,Customer_436,72,52.00
8717,16,2026-04-06,Customer_201,65,91.00
8718,13,2026-06-22,Customer_347,7,507.00
8719,45,2025-10-26,Customer_15,67,546.00
8720,6,2026-03-04,Customer_58,10,377.00
8721,2,2025-10-22,Customer_421,5,513.50
8722,49,2025-10-02,Customer_187,37,611.00
8723,17,2026-02-06,Customer_248,29,325.00
8724,12,2025-08-11,Customer_147,93,71.50
8725,45,2026-04-07,Customer_64,4,377.00
8726,48,2025-09-01,Customer_132,43,351.00
8727,38,2024-10-15,Customer_207,32,227.50
8728,43,2025-05-21,Customer_5,57,448.50
8729,17,2025-08-18,Customer_337,50,149.50
8730,46,2025-07-03,Customer_121,37,104.00
8731,49,2025-08-11,Customer_490,64,253.50
8732,18,2026-08-25,Customer_203,70,481.00
8733,22,2026-03-13,Customer_170,40,260.00
8734,17,2025-06-11,Customer_47,52,559.00
8735,49,2025-02-19,Customer_249,66,247.00
8736,39,2025-02-10,Customer_440,43,13.00
8737,4,2024-12-20,Customer_130,6,117.00
8738,29,2025-05-10,Customer_2,55,45.50
8739,22,2026-09-05,Customer_189,37,305.50
8740,10,2025-01-15,Customer_277,5,299.00
8741,42,2026-02-15,Customer_308,17,299.00
8742,39,2026-01-03,Customer_461,7,78.00
8743,1,2025-11-07,Customer_308,16,383.50
8744,30,2025-05-09,Customer_69,78,331.50
8745,28,2025-04-29,Customer_11,85,578.50
8746,13,2025-07-16,Customer_419,62,234.00
8747,48,2025-07-30,Customer_30,74,468.00
8748,23,2025-01-03,Customer_207,93,377.00
8749,40,2024-10-30,Customer_128,4,78.00
8750,19,2025-10-12,Customer_239,6,39.00
8751,48,2025-10-09,Customer_155,60,208.00
8752,11,2026-07-31,Customer_187,73,357.50
8753,34,2026-06-07,Customer_199,86,429.00
8754,14,2025-01-28,Customer_488,81,461.50
8755,31,2025-04-06,Customer_193,88,182.00
8756,42,2026-04-28,Customer_21,44,396.50
8757,44,2025-12-01,Customer_492,11,435.50
8758,35,2025-11-04,Customer_360,94,117.00
8759,40,2025-03-04,Customer_488,20,117.00
8760,37,2026-03-30,Customer_131,44,370.50
8761,33,2025-04-23,Customer_265,3,513.50
8762,26,2026-02-22,Customer_130,39,253.50
8763,20,2025-03-07,Customer_117,76,130.00
8764,41,2025-02-11,Customer_271,46,45.50
8765,45,2025-06-24,Customer_365,57,175.50
8766,26,2026-05-29,Customer_359,30,305.50
8767,31,2026-09-20,Customer_47,27,520.00
8768,21,2025-01-31,Customer_282,17,136.50
8769,26,2025-11-21,Customer_303,37,169.00
8770,49,2025-12-19,Customer_318,80,299.00
8771,36,2025-12-19,Customer_245,52,91.00
8772,4,2025-04-12,Customer_470,36,143.00
8773,29,2025-02-14,Customer_356,38,364.00
8774,42,2025-06-27,Customer_108,4,45.50
8775,6,2025-01-27,Customer_361,24,468.00
8776,37,2025-09-08,Customer_64,14,572.00
8777,4,2024-12-13,Customer_86,60,247.00
8778,35,2025-02-13,Customer_231,28,247.00
8779,13,2024-12-17,Customer_264,15,429.00
8780,34,2024-11-08,Customer_357,6,39.00
8781,22,2025-08-01,Customer_270,86,104.00
8782,28,2025-04-16,Customer_182,52,240.50
8783,45,2026-04-15,Customer_301,87,474.50
8784,15,2025-08-22,Customer_451,70,78.00
8785,4,2025-11-13,Customer_439,69,591.50
8786,15,2026-01-18,Customer_14,9,84.50
8787,39,2024-11-30,Customer_182,81,208.00
8788,31,2026-09-05,Customer_342,20,78.00
8789,16,2025-10-15,Customer_242,2,364.00
8790,13,2025-01-01,Customer_500,20,45.50
8791,44,2025-09-03,Customer_390,41,572.00
8792,47,2024-10-18,Customer_455,41,455.00
8793,48,2025-04-13,Customer_23,67,91.00
8794,4,2026-07-29,Customer_82,64,266.50
8795,29,2025-05-17,Customer_438,69,409.50
8796,28,2025-10-12,Customer_51,80,474.50
8797,35,2025-11-07,Customer_447,93,273.00
8798,48,2026-07-10,Customer_85,50,175.50
8799,44,2025-03-24,Customer_346,63,390.00
8800,17,2026-08-16,Customer_318,7,45.50
8801,9,2025-09-17,Customer_455,86,357.50
8802,44,2025-08-11,Customer_477,4,32.50
8803,38,2025-05-04,Customer_400,94,598.00
8804,28,2024-10-29,Customer_395,36,312.00
8805,38,2025-01-16,Customer_4,31,559.00
8806,33,2025-02-13,Customer_107,17,611.00
8807,12,2026-02-06,Customer_166,76,617.50
8808,47,2025-09-05,Customer_394,80,552.50
8809,15,2025-11-14,Customer_339,73,201.50
8810,39,2025-11-19,Customer_109,72,91.00
8811,20,2026-07-13,Customer_381,68,442.00
8812,41,2025-10-19,Customer_32,29,598.00
8813,33,2025-10-11,Customer_320,91,299.00
8814,3,2026-05-09,Customer_385,47,123.50
8815,14,2024-10-11,Customer_442,70,455.00
8816,45,2026-06-05,Customer_149,61,409.50
8817,34,2025-09-27,Customer_140,22,351.00
8818,15,2025-06-13,Customer_477,33,422.50
8819,44,2025-10-18,Customer_56,61,429.00
8820,17,2026-07-21,Customer_187,52,136.50
8821,35,2026-07-20,Customer_115,16,435.50
8822,4,2025-01-01,Customer_177,18,591.50
8823,46,2025-10-03,Customer_286,62,78.00
8824,26,2025-01-15,Customer_2,66,455.00
8825,13,2026-04-09,Customer_269,20,136.50
8826,2,2025-12-14,Customer_495,12,520.00
8827,46,2026-06-09,Customer_22,11,175.50
8828,35,2026-09-14,Customer_497,78,182.00
8829,29,2025-06-05,Customer_438,4,624.00
8830,46,2025-05-23,Customer_405,46,273.00
8831,32,2025-09-14,Customer_2,27,409.50
8832,1,2025-09-25,Customer_177,96,299.00
8833,38,2025-01-23,Customer_234,78,331.50
8834,42,2025-04-28,Customer_354,91,227.50
8835,6,2025-01-11,Customer_3,1,6.50
8836,24,2025-03-02,Customer_141,33,370.50
8837,17,2026-06-28,Customer_64,60,6.50
8838,47,2025-02-26,Customer_467,68,552.50
8839,21,2025-09-18,Customer_28,2,578.50
8840,40,2025-04-20,Customer_355,29,585.00
8841,46,2025-09-18,Customer_460,25,520.00
8842,39,2026-03-21,Customer_284,14,448.50
8843,7,2026-06-25,Customer_264,95,442.00
8844,28,2024-11-26,Customer_124,84,91.00
8845,32,2025-12-18,Customer_137,29,500.50
8846,12,2024-10-27,Customer_250,78,299.00
8847,36,2026-01-28,Customer_284,72,604.50
8848,48,2025-09-19,Customer_473,50,110.50
8849,11,2026-06-26,Customer_56,90,156.00
8850,19,2025-08-21,Customer_312,50,325.00
8851,3,2026-04-15,Customer_96,32,578.50
8852,7,2025-05-24,Customer_40,48,435.50
8853,31,2025-02-12,Customer_246,44,650.00
8854,35,2024-12-15,Customer_127,20,578.50
8855,2,2025-02-15,Customer_201,29,604.50
8856,32,2026-01-24,Customer_320,11,97.50
8857,14,2025-10-21,Customer_293,80,455.00
8858,19,2026-03-13,Customer_386,46,585.00
8859,43,2025-05-02,Customer_170,54,208.00
8860,16,2026-08-06,Customer_88,74,299.00
8861,11,2025-01-18,Customer_156,94,84.50
8862,1,2025-10-29,Customer_345,22,286.00
8863,1,2026-07-18,Customer_407,99,214.50
8864,10,2025-08-27,Customer_110,10,643.50
8865,50,2026-08-10,Customer_268,6,84.50
8866,39,2026-03-22,Customer_329,66,520.00
8867,25,2026-05-04,Customer_423,95,559.00
8868,3,2025-05-23,Customer_456,16,377.00
8869,8,2026-03-23,Customer_164,38,299.00
8870,32,2025-05-03,Customer_443,15,578.50
8871,14,2024-12-24,Customer_210,13,201.50
8872,36,2024-12-17,Customer_46,66,91.00
8873,12,2025-04-24,Customer_295,77,97.50
8874,21,2026-09-02,Customer_97,88,214.50
8875,11,2025-04-13,Customer_262,80,78.00
8876,28,2026-07-09,Customer_61,27,312.00
8877,21,2025-08-03,Customer_457,44,357.50
8878,5,2025-08-10,Customer_259,60,494.00
8879,21,2026-01-20,Customer_55,87,169.00
8880,10,2025-01-01,Customer_3,23,234.00
8881,29,2026-02-14,Customer_493,39,520.00
8882,21,2025-03-14,Customer_241,21,409.50
8883,47,2026-06-26,Customer_298,68,643.50
8884,33,2026-03-23,Customer_22,20,559.00
8885,19,2025-08-27,Customer_69,73,169.00
8886,12,2026-07-17,Customer_165,17,338.00
8887,33,2025-07-16,Customer_244,67,487.50
8888,37,2025-07-15,Customer_383,5,416.00
8889,27,2025-04-11,Customer_421,56,175.50
8890,48,2024-12-17,Customer_334,92,591.50
8891,26,2026-03-04,Customer_206,66,513.50
8892,8,2026-09-30,Customer_282,93,52.00
8893,28,2025-10-09,Customer_431,83,260.00
8894,13,2026-08-19,Customer_188,39,136.50
8895,32,2026-05-19,Customer_92,71,325.00
8896,36,2025-09-26,Customer_20,84,344.50
8897,48,2026-08-22,Customer_481,31,299.00
8898,11,2025-05-15,Customer_466,68,377.00
8899,41,2025-09-21,Customer_306,46,572.00
8900,39,2026-08-27,Customer_341,42,273.00
8901,2,2025-03-01,Customer_360,48,117.00
8902,5,2026-07-23,Customer_409,5,513.50
8903,32,2025-05-24,Customer_361,3,162.50
8904,34,2025-09-23,Customer_389,43,507.00
8905,7,2026-01-12,Customer_107,70,526.50
8906,17,2026-03-30,Customer_316,53,429.00
8907,37,2026-01-11,Customer_413,56,234.00
8908,46,2025-07-26,Customer_316,82,578.50
8909,16,2024-12-07,Customer_106,83,195.00
8910,3,2024-10-23,Customer_77,12,273.00
8911,42,2026-02-24,Customer_199,62,487.50
8912,45,2025-11-08,Customer_379,40,84.50
8913,7,2026-01-22,Customer_95,44,578.50
8914,1,2026-07-30,Customer_191,90,481.00
8915,3,2025-12-06,Customer_281,48,240.50
8916,1,2024-12-30,Customer_301,86,156.00
8917,36,2026-01-12,Customer_67,9,526.50
8918,10,2025-02-07,Customer_62,86,396.50
8919,48,2025-06-01,Customer_465,89,266.50
8920,23,2024-12-09,Customer_115,39,344.50
8921,33,2024-10-17,Customer_321,74,195.00
8922,49,2025-04-05,Customer_163,19,520.00
8923,16,2024-10-29,Customer_216,29,643.50
8924,26,2025-10-22,Customer_488,97,468.00
8925,47,2026-07-19,Customer_403,24,292.50
8926,38,2025-03-30,Customer_317,15,578.50
8927,23,2025-06-02,Customer_318,4,442.00
8928,39,2025-07-13,Customer_377,59,416.00
8929,31,2026-05-13,Customer_406,31,611.00
8930,49,2025-01-18,Customer_313,79,227.50
8931,7,2024-10-30,Customer_279,6,260.00
8932,24,2025-09-29,Customer_478,35,253.50
8933,11,2025-02-24,Customer_385,81,143.00
8934,47,2026-09-26,Customer_274,18,513.50
8935,28,2024-10-12,Customer_244,50,169.00
8936,16,2026-03-05,Customer_55,58,357.50
8937,9,2025-06-01,Customer_476,94,91.00
8938,20,2024-11-15,Customer_77,23,71.50
8939,44,2025-03-05,Customer_194,85,494.00
8940,10,2026-03-11,Customer_218,90,533.00
8941,22,2025-08-22,Customer_5,82,305.50
8942,49,2025-11-05,Customer_60,99,344.50
8943,1,2024-12-05,Customer_206,49,91.00
8944,1,2025-11-20,Customer_45,40,240.50
8945,31,2025-12-17,Customer_36,97,195.00
8946,28,2024-11-15,Customer_100,30,97.50
8947,19,2026-03-01,Customer_394,73,650.00
8948,3,2026-07-14,Customer_226,23,39.00
8949,48,2024-10-09,Customer_428,79,442.00
8950,15,2025-10-04,Customer_405,16,104.00
8951,45,2024-12-31,Customer_17,63,520.00
8952,44,2025-08-01,Customer_488,6,487.50
8953,19,2025-09-12,Customer_198,35,117.00
8954,15,2025-11-14,Customer_427,48,565.50
8955,38,2026-05-28,Customer_418,83,201.50
8956,43,2026-06-04,Customer_436,58,422.50
8957,19,2024-10-07,Customer_378,47,591.50
8958,9,2026-07-22,Customer_500,7,565.50
8959,46,2025-02-13,Customer_447,7,292.50
8960,11,2026-04-23,Customer_131,42,208.00
8961,9,2026-06-19,Customer_134,49,45.50
8962,8,2024-12-07,Customer_389,91,26.00
8963,24,2026-09-24,Customer_178,58,188.50
8964,40,2025-02-10,Customer_253,6,162.50
8965,13,2026-06-24,Customer_364,9,624.00
8966,12,2025-06-04,Customer_24,56,247.00
8967,6,2025-11-08,Customer_273,79,578.50
8968,5,2026-04-30,Customer_336,41,299.00
8969,7,2026-02-13,Customer_294,56,305.50
8970,38,2026-07-21,Customer_17,21,572.00
8971,19,2025-08-19,Customer_156,76,526.50
8972,25,2025-12-11,Customer_40,42,104.00
8973,21,2025-01-03,Customer_330,80,65.00
8974,5,2025-02-26,Customer_318,25,474.50
8975,30,2025-12-30,Customer_114,84,624.00
8976,20,2025-06-28,Customer_344,38,507.00
8977,24,2025-05-06,Customer_107,67,65.00
8978,17,2026-05-06,Customer_270,53,643.50
8979,44,2025-01-02,Customer_201,79,565.50
8980,10,2025-11-09,Customer_387,61,416.00
8981,50,2026-09-23,Customer_493,11,188.50
8982,41,2024-11-19,Customer_340,98,396.50
8983,43,2024-11-16,Customer_332,73,377.00
8984,22,2026-02-02,Customer_55,6,227.50
8985,25,2025-03-24,Customer_91,47,175.50
8986,9,2025-05-15,Customer_313,61,416.00
8987,31,2026-05-24,Customer_300,84,585.00
8988,27,2026-08-25,Customer_35,65,32.50
8989,13,2025-12-25,Customer_270,18,650.00
8990,45,2025-03-15,Customer_181,21,58.50
8991,42,2026-03-09,Customer_348,72,240.50
8992,27,2026-09-20,Customer_89,55,377.00
8993,25,2025-09-04,Customer_86,40,136.50
8994,41,2026-05-17,Customer_22,57,58.50
8995,28,2025-06-20,Customer_347,43,110.50
8996,39,2025-07-08,Customer_189,2,91.00
8997,20,2026-07-20,Customer_132,68,123.50
8998,34,2025-09-27,Customer_95,6,403.00
8999,34,2025-04-03,Customer_424,71,617.50
9000,50,2026-04-30,Customer_496,82,533.00
9001,37,2026-05-19,Customer_183,15,52.00
9002,28,2025-01-16,Customer_17,97,390.00
9003,17,2026-07-22,Customer_229,42,396.50
9004,11,2026-06-09,Customer_127,81,416.00
9005,11,2025-07-26,Customer_51,85,175.50
9006,8,2026-10-01,Customer_148,17,279.50
9007,42,2025-05-22,Customer_23,80,357.50
9008,1,2026-01-22,Customer_248,45,175.50
9009,10,2026-07-02,Customer_369,22,422.50
9010,37,2025-11-05,Customer_239,67,357.50
9011,33,2026-04-11,Customer_56,43,52.00
9012,24,2024-12-08,Customer_152,29,312.00
9013,27,2024-12-01,Customer_411,69,305.50
9014,16,2026-08-02,Customer_164,77,45.50
9015,47,2026-06-09,Customer_491,76,546.00
9016,26,2025-12-19,Customer_38,88,617.50
9017,34,2025-04-19,Customer_479,29,351.00
9018,26,2025-05-09,Customer_34,27,585.00
9019,50,2025-04-10,Customer_26,1,325.00
9020,35,2026-09-15,Customer_458,98,377.00
9021,31,2026-07-15,Customer_308,95,162.50
9022,41,2026-04-17,Customer_129,33,494.00
9023,31,2025-01-19,Customer_339,81,78.00
9024,29,2026-08-01,Customer_368,95,45.50
9025,33,2026-06-11,Customer_316,16,130.00
9026,50,2026-07-13,Customer_470,5,422.50
9027,43,2025-02-26,Customer_404,33,331.50
9028,10,2024-10-17,Customer_304,94,279.50
9029,20,2024-12-07,Customer_427,78,494.00
9030,10,2026-05-09,Customer_457,16,117.00
9031,48,2026-05-23,Customer_218,36,136.50
9032,48,2026-05-12,Customer_338,8,208.00
9033,12,2025-06-23,Customer_265,36,162.50
9034,34,2026-01-27,Customer_238,5,526.50
9035,29,2026-05-25,Customer_13,10,130.00
9036,18,2025-10-16,Customer_259,1,208.00
9037,16,2025-12-07,Customer_60,77,260.00
9038,31,2025-12-04,Customer_47,57,513.50
9039,26,2025-01-23,Customer_480,74,481.00
9040,18,2024-11-20,Customer_457,68,286.00
9041,16,2025-11-09,Customer_292,95,390.00
9042,2,2025-02-18,Customer_458,55,169.00
9043,35,2025-04-19,Customer_236,35,305.50
9044,11,2025-02-10,Customer_408,52,390.00
9045,11,2024-11-11,Customer_73,90,565.50
9046,35,2026-01-28,Customer_101,1,143.00
9047,22,2026-01-17,Customer_189,17,598.00
9048,43,2026-01-09,Customer_95,39,396.50
9049,7,2026-07-13,Customer_291,59,130.00
9050,25,2025-12-15,Customer_412,89,578.50
9051,22,2026-03-20,Customer_395,89,539.50
9052,9,2026-04-01,Customer_253,83,175.50
9053,38,2025-08-18,Customer_120,48,539.50
9054,6,2024-11-16,Customer_131,98,643.50
9055,41,2025-07-16,Customer_477,39,357.50
9056,45,2024-12-02,Customer_130,7,143.00
9057,12,2026-06-03,Customer_360,93,429.00
9058,36,2025-02-28,Customer_276,48,572.00
9059,36,2024-10-08,Customer_438,68,39.00
9060,28,2026-07-04,Customer_132,29,637.00
9061,30,2025-07-10,Customer_383,50,58.50
9062,14,2026-07-29,Customer_444,32,149.50
9063,44,2024-12-12,Customer_211,21,364.00
9064,26,2024-11-16,Customer_15,50,442.00
9065,47,2025-02-08,Customer_201,57,533.00
9066,39,2024-10-27,Customer_382,11,539.50
9067,13,2026-09-21,Customer_411,67,507.00
9068,6,2026-05-16,Customer_430,12,234.00
9069,2,2026-08-01,Customer_93,19,643.50
9070,29,2026-02-24,Customer_226,20,286.00
9071,42,2026-09-19,Customer_486,100,195.00
9072,27,2026-06-27,Customer_229,9,481.00
9073,36,2026-09-03,Customer_74,1,175.50
9074,50,2025-01-24,Customer_147,40,65.00
9075,10,2025-02-19,Customer_298,98,390.00
9076,10,2025-12-19,Customer_148,86,117.00
9077,44,2025-05-17,Customer_417,72,494.00
9078,50,2026-03-17,Customer_307,25,474.50
9079,50,2026-02-27,Customer_354,75,448.50
9080,29,2026-04-16,Customer_369,51,637.00
9081,1,2025-08-24,Customer_64,83,500.50
9082,11,2024-12-10,Customer_157,92,546.00
9083,47,2025-07-13,Customer_78,63,624.00
9084,19,2025-04-08,Customer_143,68,383.50
9085,16,2026-05-16,Customer_152,51,26.00
9086,49,2024-12-07,Customer_262,87,442.00
9087,46,2026-05-21,Customer_41,1,45.50
9088,38,2026-09-24,Customer_18,53,468.00
9089,30,2025-05-06,Customer_246,64,169.00
9090,19,2026-08-14,Customer_476,60,299.00
9091,10,2025-08-14,Customer_66,1,390.00
9092,1,2025-03-31,Customer_162,90,585.00
9093,20,2026-01-14,Customer_99,21,273.00
9094,26,2025-09-10,Customer_360,7,578.50
9095,38,2025-06-02,Customer_440,69,364.00
9096,6,2024-12-24,Customer_167,1,234.00
9097,2,2025-03-05,Customer_85,51,468.00
9098,2,2024-11-14,Customer_59,28,240.50
9099,31,2025-02-13,Customer_57,3,32.50
9100,8,2025-04-19,Customer_374,28,182.00
9101,42,2026-07-24,Customer_299,53,273.00
9102,18,2026-05-05,Customer_443,84,32.50
9103,38,2025-07-30,Customer_42,21,104.00
9104,1,2024-11-05,Customer_327,64,338.00
9105,31,2025-09-27,Customer_202,63,364.00
9106,9,2025-08-16,Customer_15,42,630.50
9107,6,2025-06-05,Customer_103,23,39.00
9108,37,2025-06-15,Customer_222,43,214.50
9109,31,2025-09-03,Customer_410,22,175.50
9110,46,2025-11-03,Customer_254,29,58.50
9111,17,2025-09-23,Customer_464,29,123.50
9112,26,2026-02-10,Customer_9,8,221.00
9113,22,2025-07-02,Customer_235,47,305.50
9114,41,2025-11-22,Customer_43,82,585.00
9115,44,2024-11-20,Customer_167,25,305.50
9116,14,2025-09-18,Customer_147,25,130.00
9117,23,2024-11-19,Customer_122,96,598.00
9118,36,2025-03-01,Customer_252,36,39.00
9119,12,2026-09-23,Customer_453,34,572.00
9120,7,2026-01-11,Customer_271,42,643.50
9121,21,2025-06-04,Customer_493,48,266.50
9122,36,2026-05-31,Customer_409,17,351.00
9123,25,2025-05-06,Customer_143,89,552.50
9124,12,2024-10-10,Customer_157,30,572.00
9125,42,2026-07-18,Customer_455,18,208.00
9126,19,2026-08-05,Customer_24,38,201.50
9127,39,2025-04-17,Customer_230,82,429.00
9128,49,2026-06-13,Customer_240,100,195.00
9129,22,2026-05-31,Customer_239,23,591.50
9130,14,2026-01-02,Customer_340,26,351.00
9131,2,2024-12-30,Customer_34,31,539.50
9132,7,2025-01-05,Customer_392,30,32.50
9133,37,2025-08-13,Customer_41,85,481.00
9134,41,2026-01-19,Customer_205,72,611.00
9135,30,2025-05-22,Customer_194,31,617.50
9136,9,2025-07-24,Customer_125,13,383.50
9137,9,2025-01-04,Customer_257,96,234.00
9138,1,2024-11-12,Customer_281,46,468.00
9139,10,2025-01-29,Customer_195,100,182.00
9140,23,2026-06-23,Customer_443,53,32.50
9141,46,2025-02-20,Customer_29,9,214.50
9142,11,2025-02-24,Customer_126,35,429.00
9143,31,2026-02-03,Customer_84,77,26.00
9144,18,2025-08-29,Customer_447,13,448.50
9145,25,2025-11-17,Customer_336,22,624.00
9146,28,2025-12-10,Customer_65,80,182.00
9147,36,2025-04-18,Customer_69,1,520.00
9148,29,2026-09-23,Customer_30,67,227.50
9149,15,2025-10-22,Customer_57,63,188.50
9150,50,2024-10-24,Customer_77,4,26.00
9151,19,2026-01-11,Customer_62,33,318.50
9152,44,2026-05-30,Customer_54,87,84.50
9153,24,2025-11-30,Customer_127,99,643.50
9154,1,2025-02-02,Customer_16,25,6.50
9155,41,2026-04-17,Customer_181,82,461.50
9156,2,2025-06-13,Customer_283,71,611.00
9157,49,2025-06-24,Customer_141,6,338.00
9158,13,2025-07-20,Customer_211,20,299.00
9159,26,2025-04-02,Customer_167,13,572.00
9160,12,2024-12-10,Customer_269,46,279.50
9161,6,2025-12-18,Customer_391,90,253.50
9162,13,2025-01-10,Customer_409,41,383.50
9163,11,2026-09-02,Customer_68,34,19.50
9164,24,2025-05-19,Customer_129,62,104.00
9165,13,2026-08-10,Customer_433,53,91.00
9166,46,2026-08-25,Customer_29,19,442.00
9167,43,2026-08-16,Customer_300,24,39.00
9168,12,2026-05-04,Customer_229,60,351.00
9169,32,2025-02-10,Customer_112,50,130.00
9170,20,2026-07-07,Customer_377,46,539.50
9171,35,2025-10-07,Customer_92,51,19.50
9172,10,2026-06-02,Customer_41,7,416.00
9173,8,2025-05-31,Customer_330,74,604.50
9174,22,2026-09-29,Customer_224,11,559.00
9175,29,2025-03-16,Customer_279,95,565.50
9176,23,2025-09-17,Customer_266,37,39.00
9177,12,2026-09-29,Customer_344,7,520.00
9178,4,2025-05-30,Customer_109,93,520.00
9179,48,2026-02-02,Customer_284,53,552.50
9180,39,2025-01-28,Customer_395,95,377.00
9181,4,2026-05-29,Customer_2,99,97.50
9182,13,2025-06-06,Customer_294,7,175.50
9183,3,2025-06-09,Customer_124,1,643.50
9184,3,2026-09-20,Customer_298,74,32.50
9185,40,2025-01-03,Customer_105,49,130.00
9186,32,2024-11-01,Customer_353,17,279.50
9187,32,2025-09-16,Customer_142,97,578.50
9188,5,2026-04-13,Customer_63,52,26.00
9189,47,2025-05-27,Customer_272,62,507.00
9190,21,2025-11-27,Customer_397,49,247.00
9191,25,2025-04-01,Customer_308,80,630.50
9192,23,2025-07-09,Customer_281,13,123.50
9193,21,2024-10-15,Customer_461,96,78.00
9194,9,2026-09-11,Customer_204,67,65.00
9195,14,2025-05-27,Customer_490,30,617.50
9196,36,2025-10-26,Customer_151,18,552.50
9197,1,2025-05-20,Customer_100,84,19.50
9198,46,2025-04-13,Customer_51,44,110.50
9199,17,2024-12-14,Customer_240,2,260.00
9200,50,2026-03-07,Customer_19,6,39.00
9201,29,2026-08-14,Customer_387,11,312.00
9202,27,2024-11-26,Customer_87,23,45.50
9203,25,2025-07-31,Customer_485,93,403.00
9204,34,2026-03-30,Customer_186,44,182.00
9205,41,2026-06-19,Customer_174,100,117.00
9206,45,2025-04-05,Customer_362,84,552.50
9207,20,2025-01-03,Customer_386,81,104.00
9208,29,2026-01-28,Customer_323,91,377.00
9209,35,2026-03-07,Customer_12,91,292.50
9210,42,2025-10-12,Customer_346,50,546.00
9211,23,2025-04-14,Customer_428,46,123.50
9212,18,2025-08-10,Customer_318,33,344.50
9213,40,2026-02-28,Customer_330,38,409.50
9214,18,2025-09-13,Customer_381,62,383.50
9215,47,2026-02-21,Customer_445,98,520.00
9216,47,2025-02-11,Customer_246,23,39.00
9217,27,2026-03-30,Customer_118,19,26.00
9218,41,2026-06-26,Customer_405,82,26.00
9219,47,2026-01-30,Customer_289,9,630.50
9220,14,2026-03-19,Customer_429,29,572.00
9221,2,2024-10-24,Customer_491,16,156.00
9222,35,2026-09-24,Customer_326,7,383.50
9223,35,2025-11-04,Customer_273,50,572.00
9224,6,2025-02-03,Customer_331,57,52.00
9225,35,2025-06-20,Customer_379,82,559.00
9226,17,2025-02-03,Customer_72,16,377.00
9227,15,2026-04-16,Customer_255,70,299.00
9228,43,2025-12-05,Customer_311,61,201.50
9229,32,2025-03-26,Customer_421,5,305.50
9230,40,2026-03-15,Customer_92,46,6.50
9231,20,2026-04-18,Customer_235,19,279.50
9232,32,2026-02-04,Customer_290,73,318.50
9233,9,2026-06-04,Customer_406,62,617.50
9234,40,2025-01-25,Customer_331,15,331.50
9235,41,2025-03-31,Customer_77,52,266.50
9236,23,2025-02-23,Customer_381,2,97.50
9237,5,2025-09-07,Customer_359,20,539.50
9238,39,2025-07-23,Customer_439,6,364.00
9239,18,2025-01-03,Customer_203,97,455.00
9240,20,2026-09-22,Customer_214,52,312.00
9241,13,2024-10-25,Customer_393,80,637.00
9242,42,2026-01-25,Customer_126,99,643.50
9243,44,2025-06-22,Customer_39,94,156.00
9244,18,2025-08-04,Customer_380,49,279.50
9245,31,2025-07-03,Customer_140,31,175.50
9246,6,2025-04-16,Customer_406,31,325.00
9247,3,2026-08-27,Customer_214,71,396.50
9248,4,2025-05-27,Customer_175,34,630.50
9249,25,2025-09-09,Customer_341,86,325.00
9250,40,2025-04-11,Customer_34,79,513.50
9251,24,2024-12-13,Customer_108,5,227.50
9252,10,2026-07-08,Customer_416,7,396.50
9253,3,2025-10-09,Customer_81,26,208.00
9254,14,2025-04-29,Customer_330,53,221.00
9255,5,2025-01-15,Customer_384,32,370.50
9256,16,2025-12-25,Customer_478,93,182.00
9257,40,2024-11-29,Customer_442,57,624.00
9258,8,2025-07-01,Customer_429,87,533.00
9259,45,2025-04-09,Customer_384,3,19.50
9260,6,2025-03-05,Customer_172,22,442.00
9261,24,2025-01-21,Customer_35,53,65.00
9262,33,2026-07-30,Customer_100,27,559.00
9263,39,2025-07-28,Customer_196,6,325.00
9264,11,2025-07-24,Customer_136,25,201.50
9265,15,2025-03-23,Customer_412,44,201.50
9266,38,2024-10-19,Customer_370,89,578.50
9267,30,2025-04-06,Customer_343,47,344.50
9268,39,2026-08-31,Customer_120,89,578.50
9269,27,2025-03-20,Customer_352,49,390.00
9270,3,2025-04-22,Customer_222,48,13.00
9271,6,2025-03-04,Customer_400,66,572.00
9272,25,2025-11-03,Customer_261,80,364.00
9273,37,2025-05-01,Customer_350,71,643.50
9274,50,2026-06-19,Customer_154,91,13.00
9275,4,2026-03-02,Customer_442,6,500.50
9276,31,2025-04-08,Customer_117,64,474.50
9277,13,2025-11-12,Customer_168,95,643.50
9278,31,2025-03-11,Customer_27,20,624.00
9279,17,2025-01-29,Customer_237,37,182.00
9280,41,2026-02-28,Customer_133,54,286.00
9281,49,2025-03-11,Customer_14,54,617.50
9282,39,2026-09-12,Customer_417,47,117.00
9283,31,2026-06-22,Customer_354,38,546.00
9284,10,2026-02-01,Customer_324,70,201.50
9285,34,2026-04-17,Customer_163,100,32.50
9286,10,2026-03-18,Customer_31,74,13.00
9287,26,2026-07-23,Customer_316,9,637.00
9288,6,2026-03-20,Customer_304,76,117.00
9289,25,2024-10-09,Customer_148,71,6.50
9290,15,2025-06-11,Customer_28,80,201.50
9291,23,2025-04-30,Customer_267,69,58.50
9292,19,2025-01-11,Customer_360,73,429.00
9293,31,2024-11-14,Customer_221,44,182.00
9294,13,2026-05-02,Customer_164,70,234.00
9295,44,2025-06-23,Customer_410,21,6.50
9296,41,2025-06-26,Customer_109,1,266.50
9297,50,2026-09-03,Customer_44,3,351.00
9298,29,2025-09-16,Customer_184,69,396.50
9299,50,2026-04-10,Customer_355,10,299.00
9300,20,2026-09-17,Customer_120,73,474.50
9301,15,2025-09-21,Customer_499,8,45.50
9302,16,2026-01-03,Customer_268,30,617.50
9303,1,2025-03-08,Customer_95,37,39.00
9304,16,2025-10-30,Customer_373,37,299.00
9305,33,2025-04-09,Customer_373,35,422.50
9306,4,2026-01-19,Customer_162,3,130.00
9307,33,2024-10-29,Customer_390,52,169.00
9308,40,2025-12-03,Customer_397,20,175.50
9309,21,2025-09-05,Customer_474,96,240.50
9310,17,2025-06-21,Customer_160,86,84.50
9311,20,2024-12-08,Customer_229,49,110.50
9312,10,2025-08-31,Customer_93,55,637.00
9313,34,2025-10-29,Customer_429,89,494.00
9314,34,2025-04-23,Customer_189,67,169.00
9315,25,2025-10-11,Customer_235,13,279.50
9316,46,2024-12-30,Customer_409,74,39.00
9317,34,2025-01-14,Customer_104,43,188.50
9318,25,2026-07-16,Customer_192,14,533.00
9319,39,2026-07-03,Customer_219,50,435.50
9320,40,2025-07-22,Customer_231,2,26.00
9321,10,2025-06-15,Customer_181,82,234.00
9322,16,2024-11-28,Customer_446,54,52.00
9323,13,2025-03-16,Customer_223,26,110.50
9324,29,2026-03-03,Customer_80,84,110.50
9325,6,2025-01-31,Customer_126,42,201.50
9326,33,2026-02-11,Customer_498,5,357.50
9327,31,2026-08-10,Customer_235,47,325.00
9328,26,2026-09-22,Customer_168,67,455.00
9329,36,2025-06-12,Customer_403,48,650.00
9330,12,2025-06-17,Customer_388,84,591.50
9331,47,2026-03-19,Customer_400,52,247.00
9332,17,2026-01-19,Customer_159,11,533.00
9333,19,2026-02-24,Customer_239,37,533.00
9334,17,2025-07-22,Customer_46,37,481.00
9335,15,2026-08-11,Customer_240,89,630.50
9336,23,2025-12-18,Customer_109,10,533.00
9337,21,2025-03-07,Customer_114,30,221.00
9338,19,2025-04-21,Customer_289,99,6.50
9339,18,2025-04-19,Customer_186,96,214.50
9340,50,2025-10-16,Customer_82,34,403.00
9341,16,2025-01-09,Customer_180,32,26.00
9342,5,2025-06-23,Customer_358,47,149.50
9343,37,2026-04-20,Customer_479,5,221.00
9344,43,2025-07-24,Customer_29,90,390.00
9345,40,2025-04-26,Customer_176,95,552.50
9346,24,2025-01-14,Customer_420,23,117.00
9347,2,2025-10-03,Customer_388,83,130.00
9348,50,2025-09-22,Customer_93,16,52.00
9349,43,2025-12-31,Customer_420,72,468.00
9350,25,2026-09-01,Customer_347,29,188.50
9351,17,2025-04-17,Customer_70,96,572.00
9352,39,2024-10-09,Customer_323,53,6.50
9353,31,2026-04-27,Customer_470,39,474.50
9354,12,2026-07-11,Customer_129,9,292.50
9355,21,2025-01-26,Customer_424,61,500.50
9356,7,2024-11-24,Customer_160,34,650.00
9357,45,2025-03-08,Customer_355,47,240.50
9358,20,2025-03-27,Customer_253,96,58.50
9359,32,2026-05-30,Customer_363,45,84.50
9360,39,2024-10-30,Customer_245,12,84.50
9361,33,2024-12-27,Customer_487,74,611.00
9362,22,2025-02-19,Customer_230,49,188.50
9363,1,2026-09-02,Customer_328,39,97.50
9364,1,2026-01-21,Customer_81,39,299.00
9365,12,2026-04-18,Customer_337,57,507.00
9366,48,2025-11-07,Customer_388,36,585.00
9367,7,2026-04-26,Customer_4,84,39.00
9368,7,2026-02-26,Customer_137,42,299.00
9369,28,2026-04-17,Customer_338,51,32.50
9370,30,2026-06-08,Customer_394,75,65.00
9371,16,2025-05-20,Customer_266,17,214.50
9372,36,2026-06-15,Customer_90,76,630.50
9373,29,2025-01-30,Customer_348,48,500.50
9374,42,2025-06-13,Customer_379,19,383.50
9375,26,2025-11-11,Customer_124,42,39.00
9376,37,2026-07-17,Customer_258,1,188.50
9377,34,2025-09-03,Customer_202,3,123.50
9378,25,2025-11-19,Customer_427,5,19.50
9379,1,2026-03-09,Customer_296,83,617.50
9380,33,2025-08-09,Customer_52,63,156.00
9381,23,2025-06-11,Customer_416,73,520.00
9382,11,2025-08-05,Customer_488,42,390.00
9383,2,2026-05-20,Customer_233,13,591.50
9384,15,2025-11-23,Customer_77,25,611.00
9385,25,2026-09-04,Customer_355,63,260.00
9386,34,2025-09-05,Customer_9,77,461.50
9387,46,2024-11-14,Customer_421,75,169.00
9388,46,2025-12-29,Customer_271,58,448.50
9389,20,2024-11-18,Customer_9,89,604.50
9390,9,2026-08-29,Customer_173,1,149.50
9391,39,2025-04-23,Customer_393,32,208.00
9392,22,2025-12-12,Customer_330,67,312.00
9393,7,2025-02-16,Customer_298,21,65.00
9394,5,2024-12-23,Customer_132,81,175.50
9395,24,2026-03-05,Customer_75,98,143.00
9396,16,2024-11-05,Customer_409,75,370.50
9397,32,2025-10-27,Customer_148,28,481.00
9398,23,2025-02-23,Customer_196,37,435.50
9399,38,2025-11-02,Customer_226,71,578.50
9400,26,2025-04-23,Customer_199,11,71.50
9401,14,2025-02-11,Customer_205,47,286.00
9402,8,2026-01-14,Customer_353,47,58.50
9403,17,2025-06-26,Customer_312,46,214.50
9404,42,2025-05-27,Customer_309,92,383.50
9405,21,2025-10-24,Customer_3,60,130.00
9406,18,2026-08-10,Customer_271,95,253.50
9407,23,2026-07-12,Customer_444,50,162.50
9408,31,2025-08-30,Customer_355,81,565.50
9409,26,2026-06-23,Customer_243,60,578.50
9410,47,2025-02-25,Customer_352,67,214.50
9411,16,2025-06-27,Customer_495,92,604.50
9412,12,2024-12-28,Customer_285,19,52.00
9413,31,2026-09-22,Customer_136,82,650.00
9414,15,2025-01-10,Customer_115,99,481.00
9415,47,2025-01-30,Customer_298,7,240.50
9416,42,2025-07-21,Customer_44,42,611.00
9417,40,2026-05-09,Customer_401,97,591.50
9418,11,2025-09-02,Customer_314,20,617.50
9419,31,2026-09-23,Customer_449,9,559.00
9420,14,2025-01-27,Customer_249,61,123.50
9421,25,2026-06-09,Customer_142,67,591.50
9422,24,2026-06-11,Customer_336,27,32.50
9423,13,2026-07-23,Customer_220,60,286.00
9424,17,2025-08-04,Customer_241,80,546.00
9425,16,2026-02-15,Customer_377,89,318.50
9426,18,2025-07-28,Customer_116,66,357.50
9427,49,2025-10-25,Customer_433,69,422.50
9428,20,2025-07-23,Customer_447,41,494.00
9429,46,2025-02-07,Customer_87,34,273.00
9430,24,2025-02-26,Customer_448,71,520.00
9431,34,2025-08-06,Customer_73,94,182.00
9432,9,2026-05-20,Customer_355,24,637.00
9433,43,2025-10-10,Customer_42,23,208.00
9434,49,2024-11-29,Customer_452,39,240.50
9435,1,2026-02-26,Customer_222,98,84.50
9436,47,2025-08-09,Customer_19,51,396.50
9437,32,2026-08-18,Customer_297,9,630.50
9438,26,2025-03-14,Customer_428,87,494.00
9439,40,2025-08-30,Customer_265,47,286.00
9440,21,2025-10-11,Customer_55,33,104.00
9441,12,2025-03-26,Customer_384,8,175.50
9442,12,2026-09-15,Customer_301,66,507.00
9443,22,2025-07-14,Customer_397,54,130.00
9444,23,2026-04-19,Customer_89,88,279.50
9445,37,2026-04-15,Customer_7,95,650.00
9446,32,2026-04-11,Customer_380,83,65.00
9447,47,2025-02-10,Customer_167,79,286.00
9448,17,2025-09-19,Customer_270,85,318.50
9449,42,2026-06-07,Customer_142,55,344.50
9450,25,2026-08-22,Customer_343,73,474.50
9451,9,2025-11-27,Customer_321,83,585.00
9452,47,2026-08-27,Customer_230,21,572.00
9453,27,2024-12-11,Customer_285,72,442.00
9454,21,2025-11-18,Customer_143,35,52.00
9455,17,2026-05-24,Customer_303,12,188.50
9456,20,2025-12-26,Customer_490,68,123.50
9457,43,2025-07-15,Customer_285,34,104.00
9458,13,2025-07-10,Customer_460,46,637.00
9459,42,2024-11-25,Customer_359,99,507.00
9460,26,2026-06-08,Customer_494,80,123.50
9461,28,2024-11-17,Customer_15,48,409.50
9462,40,2026-06-06,Customer_283,18,331.50
9463,35,2024-10-20,Customer_225,81,409.50
9464,23,2026-09-03,Customer_284,99,344.50
9465,33,2025-03-18,Customer_306,13,617.50
9466,12,2024-10-27,Customer_81,74,110.50
9467,39,2025-10-25,Customer_218,52,390.00
9468,7,2025-08-06,Customer_4,9,325.00
9469,24,2026-05-30,Customer_451,26,565.50
9470,3,2026-08-13,Customer_182,26,338.00
9471,27,2025-10-01,Customer_110,25,331.50
9472,33,2025-11-10,Customer_145,1,474.50
9473,50,2025-12-26,Customer_438,52,201.50
9474,40,2026-07-14,Customer_103,34,468.00
9475,47,2025-04-16,Customer_7,8,292.50
9476,18,2025-09-26,Customer_135,31,32.50
9477,10,2026-06-11,Customer_120,29,559.00
9478,32,2025-12-07,Customer_97,78,513.50
9479,20,2026-09-04,Customer_414,98,481.00
9480,10,2026-04-26,Customer_437,24,156.00
9481,13,2025-03-20,Customer_154,52,539.50
9482,40,2026-06-02,Customer_71,77,331.50
9483,45,2026-06-06,Customer_217,1,305.50
9484,47,2026-09-10,Customer_342,46,312.00
9485,23,2025-12-15,Customer_453,100,598.00
9486,17,2025-01-23,Customer_297,86,494.00
9487,9,2026-08-02,Customer_261,97,494.00
9488,19,2025-03-22,Customer_230,32,585.00
9489,36,2025-08-14,Customer_478,74,58.50
9490,33,2026-04-27,Customer_434,60,539.50
9491,37,2025-02-16,Customer_120,72,546.00
9492,2,2025-08-15,Customer_269,48,65.00
9493,35,2025-06-22,Customer_364,94,624.00
9494,47,2025-08-06,Customer_184,11,455.00
9495,44,2025-08-07,Customer_200,39,39.00
9496,47,2026-05-11,Customer_407,99,416.00
9497,32,2025-02-27,Customer_380,57,221.00
9498,45,2026-02-26,Customer_58,19,429.00
9499,19,2025-02-23,Customer_120,82,481.00
9500,25,2025-12-30,Customer_379,57,370.50
9501,31,2025-09-15,Customer_461,50,6.50
9502,13,2026-04-30,Customer_484,64,494.00
9503,48,2025-05-18,Customer_498,59,552.50
9504,39,2025-08-04,Customer_428,58,318.50
9505,4,2026-07-28,Customer_260,73,364.00
9506,46,2026-06-11,Customer_409,42,617.50
9507,13,2025-01-20,Customer_90,54,507.00
9508,3,2025-01-05,Customer_329,89,383.50
9509,27,2024-10-24,Customer_160,42,448.50
9510,10,2025-08-31,Customer_385,14,377.00
9511,22,2025-03-11,Customer_94,22,520.00
9512,35,2025-11-05,Customer_467,24,578.50
9513,13,2025-12-06,Customer_407,8,565.50
9514,18,2025-09-12,Customer_239,75,182.00
9515,17,2024-11-24,Customer_477,86,494.00
9516,39,2026-02-05,Customer_206,13,390.00
9517,8,2026-03-14,Customer_142,32,188.50
9518,45,2025-10-28,Customer_324,58,364.00
9519,8,2026-06-07,Customer_95,22,507.00
9520,18,2025-08-05,Customer_136,43,383.50
9521,33,2025-02-17,Customer_69,80,403.00
9522,17,2026-02-21,Customer_166,84,390.00
9523,21,2024-11-28,Customer_394,49,162.50
9524,11,2026-03-08,Customer_16,12,318.50
9525,44,2026-07-25,Customer_286,49,201.50
9526,50,2026-07-13,Customer_30,73,26.00
9527,28,2025-05-24,Customer_376,18,533.00
9528,37,2025-06-12,Customer_270,56,344.50
9529,39,2026-09-01,Customer_278,79,409.50
9530,30,2025-03-10,Customer_63,93,195.00
9531,46,2025-11-19,Customer_482,51,32.50
9532,24,2024-11-27,Customer_328,57,188.50
9533,43,2024-10-25,Customer_335,14,351.00
9534,3,2025-01-30,Customer_2,63,559.00
9535,18,2025-06-01,Customer_349,26,136.50
9536,47,2025-01-06,Customer_121,26,71.50
9537,40,2026-04-06,Customer_194,17,169.00
9538,29,2025-08-20,Customer_215,83,195.00
9539,46,2024-11-20,Customer_108,75,396.50
9540,43,2025-04-22,Customer_491,10,32.50
9541,26,2026-04-05,Customer_295,92,546.00
9542,50,2025-04-29,Customer_163,80,643.50
9543,7,2026-03-28,Customer_369,11,650.00
9544,27,2026-03-30,Customer_227,22,130.00
9545,6,2026-05-23,Customer_134,68,13.00
9546,40,2026-04-25,Customer_414,18,396.50
9547,15,2025-09-04,Customer_321,42,123.50
9548,49,2025-10-10,Customer_46,41,312.00
9549,50,2025-06-07,Customer_226,7,533.00
9550,38,2026-09-10,Customer_289,1,6.50
9551,16,2024-12-02,Customer_23,57,32.50
9552,28,2025-03-19,Customer_303,94,474.50
9553,41,2024-11-24,Customer_165,36,585.00
9554,1,2026-09-24,Customer_269,30,520.00
9555,24,2026-08-06,Customer_157,80,461.50
9556,37,2025-05-07,Customer_220,31,383.50
9557,48,2025-08-18,Customer_176,31,52.00
9558,4,2025-08-11,Customer_467,81,448.50
9559,35,2024-12-06,Customer_80,85,247.00
9560,43,2026-07-02,Customer_290,44,357.50
9561,46,2025-03-02,Customer_349,94,227.50
9562,13,2026-09-21,Customer_428,22,461.50
9563,6,2025-10-05,Customer_112,59,539.50
9564,15,2024-10-26,Customer_424,30,26.00
9565,26,2024-10-14,Customer_45,90,377.00
9566,43,2025-01-24,Customer_206,93,136.50
9567,18,2025-11-30,Customer_172,21,97.50
9568,8,2025-12-05,Customer_98,69,143.00
9569,7,2026-08-04,Customer_372,95,266.50
9570,17,2026-06-06,Customer_115,20,273.00
9571,42,2026-01-07,Customer_90,87,383.50
9572,42,2026-09-08,Customer_149,41,559.00
9573,41,2025-12-27,Customer_222,93,630.50
9574,23,2025-03-12,Customer_90,5,13.00
9575,42,2025-07-09,Customer_284,85,325.00
9576,26,2024-11-06,Customer_55,12,156.00
9577,9,2025-01-09,Customer_412,61,19.50
9578,28,2025-07-19,Customer_330,21,84.50
9579,43,2026-08-04,Customer_434,31,182.00
9580,10,2026-03-25,Customer_484,59,565.50
9581,37,2026-09-28,Customer_320,89,201.50
9582,44,2024-11-06,Customer_351,54,338.00
9583,24,2025-06-20,Customer_392,80,292.50
9584,13,2026-04-24,Customer_494,1,130.00
9585,6,2026-01-22,Customer_25,17,604.50
9586,4,2026-01-27,Customer_89,98,123.50
9587,8,2026-07-15,Customer_187,87,565.50
9588,5,2026-09-14,Customer_195,100,539.50
9589,50,2025-06-09,Customer_469,68,65.00
9590,43,2024-10-25,Customer_275,76,91.00
9591,40,2025-05-27,Customer_61,55,474.50
9592,26,2025-01-23,Customer_49,10,461.50
9593,28,2026-03-10,Customer_182,89,325.00
9594,16,2026-08-29,Customer_100,21,370.50
9595,14,2025-09-09,Customer_287,96,416.00
9596,36,2025-05-09,Customer_475,60,422.50
9597,26,2026-02-16,Customer_281,41,13.00
9598,15,2025-04-06,Customer_162,61,65.00
9599,3,2026-09-07,Customer_474,24,175.50
9600,10,2026-06-13,Customer_262,1,6.50
9601,3,2025-04-10,Customer_248,17,110.50
9602,17,2026-06-19,Customer_464,64,234.00
9603,28,2026-05-14,Customer_131,50,65.00
9604,19,2025-10-29,Customer_83,79,6.50
9605,20,2026-08-13,Customer_245,52,546.00
9606,36,2026-07-18,Customer_15,69,526.50
9607,10,2025-01-07,Customer_148,26,52.00
9608,1,2025-07-08,Customer_250,61,32.50
9609,38,2026-09-30,Customer_366,11,416.00
9610,6,2025-09-04,Customer_130,46,643.50
9611,36,2025-09-27,Customer_79,70,572.00
9612,19,2025-03-06,Customer_391,22,455.00
9613,43,2026-03-19,Customer_98,50,637.00
9614,34,2025-06-22,Customer_413,7,45.50
9615,5,2024-12-17,Customer_360,45,630.50
9616,8,2025-08-11,Customer_310,49,78.00
9617,3,2026-05-09,Customer_370,17,156.00
9618,23,2025-04-15,Customer_207,47,604.50
9619,21,2026-07-04,Customer_113,13,273.00
9620,7,2026-01-15,Customer_66,76,84.50
9621,49,2025-01-21,Customer_310,23,598.00
9622,46,2025-02-17,Customer_37,66,455.00
9623,46,2025-11-25,Customer_162,99,442.00
9624,49,2025-04-03,Customer_428,86,45.50
9625,11,2025-11-25,Customer_466,45,370.50
9626,44,2025-01-15,Customer_372,14,97.50
9627,31,2025-12-07,Customer_29,30,604.50
9628,13,2026-01-18,Customer_274,32,487.50
9629,32,2026-05-20,Customer_272,71,507.00
9630,15,2025-06-24,Customer_127,41,487.50
9631,2,2026-09-05,Customer_328,30,123.50
9632,26,2024-10-06,Customer_6,78,481.00
9633,17,2025-12-30,Customer_462,48,260.00
9634,2,2025-06-07,Customer_369,35,26.00
9635,22,2025-09-28,Customer_32,3,136.50
9636,15,2025-05-21,Customer_387,92,624.00
9637,45,2026-02-16,Customer_85,80,585.00
9638,45,2026-07-14,Customer_303,36,149.50
9639,22,2025-01-11,Customer_133,51,409.50
9640,47,2024-10-16,Customer_446,85,19.50
9641,18,2026-07-06,Customer_326,99,84.50
9642,27,2026-06-02,Customer_9,28,370.50
9643,41,2025-12-06,Customer_138,28,299.00
9644,9,2026-06-09,Customer_178,43,104.00
9645,33,2025-04-04,Customer_500,81,565.50
9646,5,2025-02-04,Customer_104,74,552.50
9647,39,2026-06-20,Customer_17,19,565.50
9648,1,2024-11-04,Customer_204,74,143.00
9649,45,2024-10-10,Customer_463,30,292.50
9650,10,2026-06-10,Customer_475,93,604.50
9651,6,2025-05-27,Customer_178,16,409.50
9652,30,2025-02-25,Customer_8,19,305.50
9653,33,2026-03-07,Customer_438,54,351.00
9654,49,2025-01-29,Customer_375,12,396.50
9655,45,2025-06-03,Customer_487,25,78.00
9656,4,2025-11-04,Customer_125,9,201.50
9657,2,2026-03-23,Customer_310,10,260.00
9658,45,2026-01-10,Customer_105,9,71.50
9659,48,2025-11-12,Customer_433,59,201.50
9660,19,2025-04-29,Customer_478,86,390.00
9661,35,2025-12-07,Customer_104,95,325.00
9662,14,2025-01-30,Customer_213,36,58.50
9663,18,2026-06-18,Customer_478,98,546.00
9664,45,2025-02-09,Customer_379,24,13.00
9665,31,2026-04-29,Customer_58,74,364.00
9666,8,2026-05-24,Customer_108,42,630.50
9667,5,2026-02-24,Customer_351,76,260.00
9668,5,2025-05-19,Customer_483,23,182.00
9669,4,2025-11-14,Customer_150,31,344.50
9670,11,2025-10-13,Customer_366,95,299.00
9671,18,2025-12-11,Customer_320,100,572.00
9672,42,2024-12-10,Customer_282,100,208.00
9673,47,2026-05-05,Customer_261,21,377.00
9674,28,2026-07-09,Customer_30,77,474.50
9675,46,2025-09-01,Customer_447,72,552.50
9676,33,2025-08-02,Customer_449,16,240.50
9677,20,2026-01-09,Customer_156,58,149.50
9678,7,2025-10-03,Customer_199,78,240.50
9679,42,2024-10-16,Customer_318,97,247.00
9680,28,2025-06-11,Customer_446,40,299.00
9681,50,2025-08-02,Customer_103,36,58.50
9682,32,2026-02-19,Customer_142,53,214.50
9683,44,2025-04-27,Customer_263,34,611.00
9684,28,2026-01-28,Customer_161,79,474.50
9685,38,2025-07-29,Customer_45,79,637.00
9686,31,2024-12-05,Customer_414,16,104.00
9687,42,2024-11-23,Customer_2,57,429.00
9688,32,2026-01-13,Customer_348,53,591.50
9689,45,2024-11-30,Customer_323,67,364.00
9690,10,2026-04-29,Customer_289,42,409.50
9691,33,2025-05-09,Customer_288,30,481.00
9692,35,2026-08-24,Customer_159,17,208.00
9693,1,2025-04-14,Customer_227,78,19.50
9694,31,2025-09-19,Customer_41,43,416.00
9695,17,2025-05-30,Customer_201,74,422.50
9696,24,2026-10-03,Customer_144,51,546.00
9697,43,2025-02-08,Customer_100,48,52.00
9698,22,2025-09-06,Customer_91,62,52.00
9699,4,2025-07-23,Customer_227,63,175.50
9700,9,2025-01-31,Customer_174,96,624.00
9701,42,2025-08-06,Customer_479,78,78.00
9702,49,2025-11-20,Customer_95,57,169.00
9703,21,2025-06-08,Customer_398,71,630.50
9704,11,2025-03-22,Customer_357,15,422.50
9705,19,2025-07-17,Customer_131,41,299.00
9706,19,2024-12-18,Customer_361,21,208.00
9707,18,2026-05-06,Customer_49,66,182.00
9708,40,2024-11-14,Customer_170,73,344.50
9709,44,2025-04-23,Customer_451,75,240.50
9710,1,2025-01-08,Customer_119,26,643.50
9711,38,2026-08-09,Customer_388,37,507.00
9712,3,2025-07-08,Customer_12,57,357.50
9713,22,2025-02-06,Customer_263,44,292.50
9714,3,2025-03-07,Customer_382,23,637.00
9715,41,2026-06-16,Customer_324,90,45.50
9716,36,2024-10-18,Customer_27,60,52.00
9717,44,2025-01-14,Customer_154,75,357.50
9718,38,2026-02-18,Customer_433,81,45.50
9719,14,2025-05-23,Customer_276,10,136.50
9720,11,2025-12-18,Customer_187,21,52.00
9721,17,2026-05-13,Customer_227,60,422.50
9722,19,2025-02-28,Customer_64,37,175.50
9723,33,2025-03-23,Customer_226,51,442.00
9724,47,2024-10-29,Customer_444,53,149.50
9725,37,2026-04-06,Customer_374,23,481.00
9726,3,2025-09-13,Customer_106,66,546.00
9727,40,2026-07-23,Customer_374,66,286.00
9728,49,2025-08-15,Customer_325,28,338.00
9729,35,2026-01-27,Customer_129,57,273.00
9730,35,2025-10-24,Customer_401,38,513.50
9731,11,2026-05-05,Customer_119,58,39.00
9732,26,2025-12-14,Customer_282,47,117.00
9733,45,2025-01-15,Customer_108,33,312.00
9734,9,2026-01-11,Customer_481,26,487.50
9735,12,2026-04-12,Customer_405,21,26.00
9736,20,2025-09-24,Customer_394,56,435.50
9737,28,2025-02-19,Customer_161,21,188.50
9738,6,2026-06-14,Customer_2,92,604.50
9739,22,2025-04-06,Customer_153,42,149.50
9740,17,2025-08-20,Customer_28,34,559.00
9741,45,2026-07-25,Customer_160,52,84.50
9742,26,2026-08-25,Customer_475,84,630.50
9743,48,2025-09-23,Customer_97,98,227.50
9744,20,2025-10-13,Customer_352,15,539.50
9745,9,2026-08-13,Customer_436,53,110.50
9746,14,2025-03-12,Customer_264,11,195.00
9747,37,2025-03-01,Customer_203,26,182.00
9748,11,2025-11-24,Customer_109,8,390.00
9749,9,2026-01-15,Customer_461,17,637.00
9750,32,2025-10-02,Customer_469,36,234.00
9751,29,2025-04-02,Customer_207,29,156.00
9752,33,2025-05-31,Customer_275,52,533.00
9753,47,2024-11-06,Customer_355,1,26.00
9754,44,2026-08-24,Customer_282,23,91.00
9755,8,2025-01-15,Customer_266,72,266.50
9756,44,2026-05-27,Customer_159,60,500.50
9757,30,2026-06-23,Customer_101,91,71.50
9758,49,2024-11-14,Customer_173,50,526.50
9759,4,2026-02-11,Customer_484,85,247.00
9760,4,2025-05-02,Customer_303,95,234.00
9761,29,2025-04-23,Customer_130,92,130.00
9762,12,2025-04-20,Customer_122,51,266.50
9763,29,2025-04-26,Customer_359,90,318.50
9764,47,2026-08-24,Customer_459,9,429.00
9765,24,2026-08-21,Customer_468,72,598.00
9766,29,2026-02-14,Customer_461,60,533.00
9767,40,2025-10-04,Customer_207,24,637.00
9768,49,2025-03-21,Customer_242,94,240.50
9769,32,2025-12-29,Customer_226,34,240.50
9770,48,2025-11-04,Customer_426,20,617.50
9771,11,2026-05-22,Customer_427,38,58.50
9772,35,2026-07-02,Customer_385,53,578.50
9773,24,2026-07-27,Customer_310,75,416.00
9774,39,2025-02-21,Customer_247,88,156.00
9775,41,2025-06-25,Customer_70,21,13.00
9776,39,2026-02-23,Customer_93,42,26.00
9777,32,2025-07-30,Customer_386,47,266.50
9778,1,2025-03-28,Customer_250,27,6.50
9779,1,2026-02-25,Customer_413,89,117.00
9780,14,2026-07-15,Customer_137,22,84.50
9781,19,2024-10-24,Customer_149,37,13.00
9782,14,2026-04-08,Customer_348,17,650.00
9783,48,2025-08-18,Customer_284,9,266.50
9784,7,2026-04-28,Customer_156,31,364.00
9785,11,2025-09-05,Customer_87,70,32.50
9786,7,2024-11-10,Customer_388,1,286.00
9787,42,2026-08-20,Customer_48,66,377.00
9788,36,2026-03-26,Customer_102,82,455.00
9789,49,2026-09-17,Customer_144,37,578.50
9790,12,2026-03-28,Customer_209,3,143.00
9791,11,2024-12-28,Customer_115,13,559.00
9792,3,2026-06-07,Customer_477,77,604.50
9793,29,2025-09-12,Customer_328,21,143.00
9794,6,2026-08-27,Customer_232,88,481.00
9795,29,2026-07-25,Customer_136,21,266.50
9796,19,2025-02-03,Customer_168,71,6.50
9797,34,2026-08-10,Customer_272,18,279.50
9798,18,2025-11-23,Customer_80,41,305.50
9799,7,2025-09-21,Customer_13,3,182.00
9800,44,2025-12-16,Customer_288,20,130.00
9801,3,2025-11-27,Customer_311,89,84.50
9802,3,2025-08-06,Customer_72,42,97.50
9803,15,2025-11-23,Customer_64,4,52.00
9804,4,2026-09-23,Customer_92,29,13.00
9805,47,2026-01-19,Customer_32,45,565.50
9806,16,2024-12-22,Customer_98,48,344.50
9807,25,2026-03-12,Customer_471,39,149.50
9808,1,2026-08-12,Customer_250,51,260.00
9809,48,2025-03-24,Customer_401,25,604.50
9810,15,2025-02-20,Customer_299,45,169.00
9811,45,2026-03-24,Customer_54,61,260.00
9812,35,2024-11-24,Customer_297,78,461.50
9813,6,2026-07-20,Customer_199,27,630.50
9814,30,2025-06-01,Customer_345,8,32.50
9815,38,2026-05-06,Customer_97,56,338.00
9816,23,2025-11-16,Customer_363,78,45.50
9817,2,2024-11-06,Customer_263,71,45.50
9818,40,2025-03-18,Customer_318,37,149.50
9819,35,2026-04-30,Customer_336,48,136.50
9820,33,2026-05-21,Customer_494,7,292.50
9821,3,2025-05-22,Customer_429,73,221.00
9822,22,2025-09-09,Customer_438,26,32.50
9823,19,2026-07-02,Customer_63,40,578.50
9824,33,2026-02-08,Customer_400,73,643.50
9825,24,2025-02-17,Customer_133,29,279.50
9826,36,2025-06-26,Customer_85,83,58.50
9827,17,2025-03-18,Customer_264,26,455.00
9828,38,2026-08-05,Customer_193,64,52.00
9829,50,2026-07-18,Customer_490,86,442.00
9830,25,2024-11-10,Customer_178,86,494.00
9831,6,2025-08-04,Customer_139,21,416.00
9832,28,2025-08-17,Customer_166,57,435.50
9833,16,2026-09-06,Customer_146,49,520.00
9834,22,2025-12-29,Customer_80,100,136.50
9835,23,2025-07-22,Customer_447,27,169.00
9836,16,2026-10-02,Customer_14,3,533.00
9837,25,2025-03-23,Customer_148,42,104.00
9838,19,2025-02-17,Customer_498,34,435.50
9839,23,2026-02-05,Customer_127,80,442.00
9840,47,2026-02-01,Customer_278,46,650.00
9841,15,2024-10-16,Customer_275,97,409.50
9842,27,2026-02-07,Customer_374,27,416.00
9843,40,2026-02-13,Customer_123,35,591.50
9844,22,2026-06-19,Customer_56,57,604.50
9845,30,2024-10-18,Customer_43,40,617.50
9846,1,2025-11-28,Customer_45,43,117.00
9847,21,2026-08-19,Customer_384,55,643.50
9848,32,2026-05-18,Customer_206,33,637.00
9849,38,2026-06-27,Customer_261,10,273.00
9850,36,2026-03-23,Customer_280,93,604.50
9851,42,2025-11-19,Customer_321,7,117.00
9852,33,2025-04-23,Customer_150,90,390.00
9853,39,2024-12-03,Customer_467,86,286.00
9854,21,2026-03-25,Customer_52,71,390.00
9855,25,2025-01-15,Customer_431,69,227.50
9856,32,2024-11-29,Customer_192,2,201.50
9857,26,2025-10-19,Customer_192,39,351.00
9858,11,2025-08-18,Customer_379,70,32.50
9859,18,2025-07-10,Customer_398,42,370.50
9860,33,2025-09-27,Customer_97,41,481.00
9861,34,2026-01-13,Customer_100,67,403.00
9862,10,2026-06-04,Customer_490,34,143.00
9863,47,2025-09-15,Customer_386,56,351.00
9864,24,2025-11-22,Customer_366,83,539.50
9865,26,2026-07-25,Customer_39,27,104.00
9866,45,2025-07-23,Customer_440,94,565.50
9867,38,2024-11-18,Customer_223,78,637.00
9868,13,2024-10-14,Customer_4,39,435.50
9869,46,2026-08-21,Customer_110,52,344.50
9870,40,2025-09-24,Customer_193,40,279.50
9871,46,2026-08-04,Customer_119,42,240.50
9872,5,2025-12-04,Customer_446,61,305.50
9873,1,2025-02-09,Customer_96,19,286.00
9874,42,2026-04-28,Customer_405,31,351.00
9875,40,2026-02-13,Customer_300,65,422.50
9876,19,2025-02-17,Customer_313,54,494.00
9877,35,2024-12-02,Customer_3,11,481.00
9878,10,2025-05-23,Customer_455,4,403.00
9879,27,2026-07-23,Customer_477,80,331.50
9880,8,2026-03-30,Customer_314,100,110.50
9881,4,2025-01-02,Customer_275,78,338.00
9882,44,2026-06-21,Customer_304,91,273.00
9883,33,2026-10-01,Customer_33,16,539.50
9884,16,2026-02-19,Customer_384,70,117.00
9885,17,2026-08-11,Customer_266,9,195.00
9886,40,2026-01-21,Customer_72,71,357.50
9887,29,2025-09-18,Customer_184,1,409.50
9888,21,2026-03-10,Customer_182,37,377.00
9889,38,2024-12-21,Customer_50,19,630.50
9890,43,2026-09-15,Customer_263,94,279.50
9891,6,2025-04-27,Customer_2,6,214.50
9892,7,2024-10-06,Customer_288,95,481.00
9893,8,2025-10-19,Customer_10,54,117.00
9894,16,2026-04-14,Customer_278,27,318.50
9895,43,2026-07-12,Customer_332,69,624.00
9896,1,2025-11-16,Customer_55,15,604.50
9897,32,2025-12-25,Customer_273,57,435.50
9898,41,2026-05-20,Customer_329,73,422.50
9899,9,2026-06-03,Customer_76,59,520.00
9900,50,2025-08-14,Customer_316,57,370.50
9901,20,2025-08-28,Customer_158,98,182.00
9902,17,2025-08-09,Customer_79,94,370.50
9903,20,2026-03-12,Customer_85,76,643.50
9904,28,2025-05-14,Customer_403,47,32.50
9905,15,2026-03-08,Customer_422,83,396.50
9906,41,2024-12-03,Customer_411,91,260.00
9907,50,2025-11-29,Customer_349,29,78.00
9908,19,2024-12-06,Customer_434,58,195.00
9909,44,2026-08-30,Customer_167,1,325.00
9910,4,2025-10-31,Customer_122,11,117.00
9911,25,2026-05-04,Customer_437,68,123.50
9912,7,2024-12-01,Customer_9,19,143.00
9913,42,2026-03-15,Customer_97,10,273.00
9914,21,2024-12-17,Customer_232,66,370.50
9915,41,2026-02-24,Customer_313,2,182.00
9916,36,2026-07-11,Customer_313,84,247.00
9917,13,2026-09-13,Customer_367,13,104.00
9918,9,2026-02-12,Customer_390,17,65.00
9919,37,2026-07-13,Customer_155,45,110.50
9920,26,2024-11-05,Customer_169,74,156.00
9921,17,2025-11-23,Customer_308,26,247.00
9922,23,2025-10-31,Customer_366,78,227.50
9923,27,2025-12-14,Customer_379,34,266.50
9924,9,2025-12-18,Customer_289,30,286.00
9925,16,2024-10-24,Customer_306,31,6.50
9926,11,2025-04-26,Customer_18,64,643.50
9927,44,2026-03-06,Customer_317,56,84.50
9928,1,2026-05-23,Customer_302,34,201.50
9929,21,2026-02-12,Customer_384,59,169.00
9930,4,2025-06-29,Customer_272,68,110.50
9931,6,2025-03-18,Customer_497,70,117.00
9932,4,2026-06-20,Customer_135,67,214.50
9933,14,2025-10-19,Customer_99,13,149.50
9934,1,2024-11-28,Customer_261,44,429.00
9935,37,2026-04-24,Customer_178,74,617.50
9936,29,2026-02-05,Customer_233,91,78.00
9937,11,2025-02-18,Customer_24,3,598.00
9938,20,2026-02-07,Customer_407,45,286.00
9939,7,2024-12-22,Customer_7,13,591.50
9940,5,2025-11-12,Customer_300,1,442.00
9941,4,2025-07-20,Customer_216,51,162.50
9942,18,2026-03-23,Customer_482,59,6.50
9943,20,2025-07-24,Customer_266,88,468.00
9944,13,2026-09-12,Customer_373,61,455.00
9945,39,2025-09-20,Customer_241,19,221.00
9946,25,2025-03-27,Customer_60,76,123.50
9947,25,2026-10-04,Customer_163,65,52.00
9948,24,2025-01-31,Customer_373,95,643.50
9949,7,2025-01-28,Customer_208,62,162.50
9950,34,2024-10-28,Customer_40,89,578.50
9951,5,2024-12-26,Customer_254,79,32.50
9952,45,2025-07-30,Customer_419,30,299.00
9953,48,2025-05-10,Customer_193,61,377.00
9954,45,2025-04-26,Customer_63,76,526.50
9955,34,2026-09-10,Customer_57,24,403.00
9956,12,2025-08-29,Customer_72,42,494.00
9957,1,2026-02-05,Customer_351,5,494.00
9958,26,2025-07-07,Customer_9,1,266.50
9959,30,2025-03-07,Customer_39,61,201.50
9960,15,2026-04-11,Customer_361,13,403.00
9961,45,2025-06-10,Customer_106,96,52.00
9962,29,2026-02-27,Customer_127,57,227.50
9963,41,2024-10-14,Customer_277,6,58.50
9964,37,2025-08-21,Customer_227,96,299.00
9965,7,2025-06-28,Customer_337,22,26.00
9966,25,2025-05-13,Customer_313,28,260.00
9967,26,2025-08-30,Customer_172,52,19.50
9968,29,2024-12-29,Customer_495,40,182.00
9969,10,2026-09-14,Customer_72,76,559.00
9970,41,2026-02-28,Customer_290,79,461.50
9971,12,2026-05-12,Customer_454,21,461.50
9972,20,2026-08-24,Customer_296,22,572.00
9973,44,2026-02-18,Customer_146,84,221.00
9974,31,2026-06-27,Customer_452,17,240.50
9975,22,2025-12-26,Customer_117,35,273.00
9976,29,2025-04-16,Customer_112,3,377.00
9977,42,2024-10-16,Customer_108,52,65.00
9978,15,2025-10-22,Customer_61,11,13.00
9979,7,2026-08-17,Customer_412,82,6.50
9980,25,2026-04-23,Customer_78,91,45.50
9981,1,2024-11-29,Customer_434,92,409.50
9982,38,2026-08-22,Customer_4,35,299.00
9983,3,2026-01-11,Customer_357,35,156.00
9984,43,2026-04-12,Customer_59,52,318.50
9985,43,2025-12-05,Customer_347,97,318.50
9986,46,2026-09-08,Customer_307,55,253.50
9987,30,2025-12-04,Customer_71,69,565.50
9988,31,2025-08-25,Customer_288,28,208.00
9989,15,2025-10-18,Customer_181,72,630.50
9990,35,2025-04-25,Customer_232,16,377.00
9991,40,2025-04-13,Customer_330,71,494.00
9992,31,2025-11-27,Customer_349,87,422.50
9993,14,2025-12-05,Customer_365,20,598.00
9994,37,2025-11-24,Customer_231,56,591.50
9995,45,2026-04-13,Customer_40,54,19.50
9996,36,2025-09-04,Customer_5,4,364.00
9997,47,2024-12-30,Customer_240,4,13.00
9998,13,2025-01-06,Customer_456,21,32.50
9999,32,2026-09-28,Customer_386,33,26.00
10000,25,2025-10-25,Customer_140,68,442.00
