PurchaseOrderID,SupplierName,ActualDeliveryDate,OnTimeFlag
1,Hop Alliance UK,2026-10-19,1
2,Hop Alliance UK,2026-10-22,0
3,Brew Logitics,2026-10-10,1
4,Malt Masters,2026-10-10,1
5,Brew Logitics,2026-10-16,0
6,Hop Alliance UK,2026-10-15,0
7,Yeast Solutions,2026-10-19,0
8,Hop Alliance UK,2026-10-12,1
9,Yeast Solutions,2026-10-26,0
10,Yeast Solutions,2026-10-27,0
11,Yeast Solutions,2026-10-16,1
12,Brew Logitics,2026-10-13,0
13,Hop Alliance UK,2026-10-23,1
14,Malt Masters,2026-10-12,1
15,Hop Alliance UK,2026-10-23,0
16,Hop Alliance UK,2026-10-27,0
17,Hop Alliance UK,2026-10-16,1
18,Brew Logitics,2026-10-24,0
19,Brew Logitics,2026-10-10,1
20,Hop Alliance UK,2026-10-15,0
21,Yeast Solutions,2026-10-24,0
22,Malt Masters,2026-10-27,0
23,Brew Logitics,2026-10-10,1
24,Hop Alliance UK,2026-10-16,1
25,Brew Logitics,2026-10-25,0
26,Brew Logitics,2026-10-25,0
27,Yeast Solutions,2026-10-27,0
28,Yeast Solutions,2026-10-17,1
29,Hop Alliance UK,2026-10-13,1
30,Malt Masters,2026-10-15,1
31,Yeast Solutions,2026-10-22,0
32,Hop Alliance UK,2026-10-14,1
33,Malt Masters,2026-10-18,1
34,Hop Alliance UK,2026-10-21,0
35,Hop Alliance UK,2026-10-25,0
36,Malt Masters,2026-10-17,0
37,Brew Logitics,2026-10-17,1
38,Hop Alliance UK,2026-10-20,0
39,Brew Logitics,2026-10-24,0
40,Yeast Solutions,2026-10-15,0
41,Malt Masters,2026-10-11,1
42,Yeast Solutions,2026-10-25,0
43,Brew Logitics,2026-10-15,1
44,Hop Alliance UK,2026-10-18,0
45,Malt Masters,2026-10-13,0
46,Brew Logitics,2026-10-20,0
47,Hop Alliance UK,2026-10-15,1
48,Malt Masters,2026-10-23,0
49,Hop Alliance UK,2026-10-13,1
50,Yeast Solutions,2026-10-25,0
51,Hop Alliance UK,2026-10-10,1
52,Hop Alliance UK,2026-10-11,1
53,Hop Alliance UK,2026-10-14,1
54,Brew Logitics,2026-10-10,1
55,Brew Logitics,2026-10-21,0
56,Hop Alliance UK,2026-10-18,1
57,Yeast Solutions,2026-10-27,0
58,Yeast Solutions,2026-10-12,1
59,Hop Alliance UK,2026-10-17,0
60,Yeast Solutions,2026-10-14,1
61,Malt Masters,2026-10-16,1
62,Malt Masters,2026-10-26,0
63,Hop Alliance UK,2026-10-17,0
64,Hop Alliance UK,2026-10-16,1
65,Yeast Solutions,2026-10-10,1
66,Malt Masters,2026-10-23,0
67,Yeast Solutions,2026-10-15,0
68,Yeast Solutions,2026-10-26,0
69,Brew Logitics,2026-10-14,1
70,Malt Masters,2026-10-20,1
71,Malt Masters,2026-10-13,1
72,Yeast Solutions,2026-10-27,0
73,Brew Logitics,2026-10-24,0
74,Yeast Solutions,2026-10-18,0
75,Malt Masters,2026-10-16,0
76,Yeast Solutions,2026-10-23,0
77,Yeast Solutions,2026-10-12,1
78,Malt Masters,2026-10-15,1
79,Malt Masters,2026-10-16,0
80,Malt Masters,2026-10-18,1
81,Brew Logitics,2026-10-22,0
82,Brew Logitics,2026-10-27,0
83,Brew Logitics,2026-10-27,0
84,Yeast Solutions,2026-10-15,1
85,Brew Logitics,2026-10-26,0
86,Yeast Solutions,2026-10-12,1
87,Brew Logitics,2026-10-17,0
88,Brew Logitics,2026-10-23,0
89,Brew Logitics,2026-10-27,0
90,Malt Masters,2026-10-10,1
91,Malt Masters,2026-10-24,0
92,Yeast Solutions,2026-10-17,0
93,Brew Logitics,2026-10-16,1
94,Hop Alliance UK,2026-10-19,0
95,Yeast Solutions,2026-10-10,1
96,Malt Masters,2026-10-17,1
97,Yeast Solutions,2026-10-12,1
98,Yeast Solutions,2026-10-25,0
99,Hop Alliance UK,2026-10-10,1
100,Malt Masters,2026-10-15,1
101,Brew Logitics,2026-10-14,1
102,Hop Alliance UK,2026-10-12,1
103,Hop Alliance UK,2026-10-27,0
104,Yeast Solutions,2026-10-19,0
105,Hop Alliance UK,2026-10-16,0
106,Brew Logitics,2026-10-11,1
107,Malt Masters,2026-10-23,0
108,Hop Alliance UK,2026-10-18,0
109,Yeast Solutions,2026-10-13,1
110,Malt Masters,2026-10-25,0
111,Yeast Solutions,2026-10-20,0
112,Yeast Solutions,2026-10-24,0
113,Brew Logitics,2026-10-23,0
114,Brew Logitics,2026-10-25,0
115,Malt Masters,2026-10-26,0
116,Yeast Solutions,2026-10-12,1
117,Brew Logitics,2026-10-19,1
118,Yeast Solutions,2026-10-15,1
119,Hop Alliance UK,2026-10-10,1
120,Hop Alliance UK,2026-10-21,0
121,Yeast Solutions,2026-10-23,0
122,Hop Alliance UK,2026-10-13,1
123,Malt Masters,2026-10-23,0
124,Hop Alliance UK,2026-10-13,0
125,Malt Masters,2026-10-14,1
126,Hop Alliance UK,2026-10-11,1
127,Hop Alliance UK,2026-10-23,0
128,Brew Logitics,2026-10-13,1
129,Malt Masters,2026-10-10,1
130,Hop Alliance UK,2026-10-15,1
131,Malt Masters,2026-10-13,1
132,Hop Alliance UK,2026-10-19,1
133,Yeast Solutions,2026-10-14,0
134,Malt Masters,2026-10-12,1
135,Yeast Solutions,2026-10-13,1
136,Yeast Solutions,2026-10-23,0
137,Hop Alliance UK,2026-10-26,0
138,Hop Alliance UK,2026-10-18,1
139,Brew Logitics,2026-10-14,1
140,Yeast Solutions,2026-10-17,0
141,Hop Alliance UK,2026-10-24,0
142,Hop Alliance UK,2026-10-27,0
143,Hop Alliance UK,2026-10-23,0
144,Brew Logitics,2026-10-12,1
145,Yeast Solutions,2026-10-12,1
146,Malt Masters,2026-10-18,1
147,Yeast Solutions,2026-10-21,0
148,Brew Logitics,2026-10-16,0
149,Hop Alliance UK,2026-10-22,0
150,Hop Alliance UK,2026-10-22,0
151,Yeast Solutions,2026-10-16,1
152,Brew Logitics,2026-10-21,0
153,Malt Masters,2026-10-24,0
154,Brew Logitics,2026-10-14,1
155,Yeast Solutions,2026-10-15,1
156,Brew Logitics,2026-10-10,1
157,Yeast Solutions,2026-10-17,0
158,Hop Alliance UK,2026-10-26,0
159,Yeast Solutions,2026-10-12,1
160,Yeast Solutions,2026-10-19,1
161,Hop Alliance UK,2026-10-18,0
162,Yeast Solutions,2026-10-11,1
163,Hop Alliance UK,2026-10-23,0
164,Yeast Solutions,2026-10-19,0
165,Hop Alliance UK,2026-10-21,0
166,Hop Alliance UK,2026-10-12,1
167,Hop Alliance UK,2026-10-18,0
168,Brew Logitics,2026-10-24,0
169,Hop Alliance UK,2026-10-17,0
170,Yeast Solutions,2026-10-12,1
171,Brew Logitics,2026-10-16,1
172,Malt Masters,2026-10-20,0
173,Malt Masters,2026-10-16,0
174,Brew Logitics,2026-10-27,0
175,Malt Masters,2026-10-22,0
176,Malt Masters,2026-10-23,0
177,Yeast Solutions,2026-10-21,0
178,Hop Alliance UK,2026-10-26,0
179,Brew Logitics,2026-10-16,0
180,Brew Logitics,2026-10-20,0
181,Malt Masters,2026-10-10,1
182,Brew Logitics,2026-10-20,0
183,Hop Alliance UK,2026-10-13,1
184,Brew Logitics,2026-10-27,0
185,Malt Masters,2026-10-14,0
186,Malt Masters,2026-10-18,1
187,Yeast Solutions,2026-10-15,0
188,Yeast Solutions,2026-10-21,1
189,Brew Logitics,2026-10-15,1
190,Brew Logitics,2026-10-25,0
191,Brew Logitics,2026-10-23,0
192,Yeast Solutions,2026-10-13,0
193,Brew Logitics,2026-10-18,1
194,Malt Masters,2026-10-21,0
195,Malt Masters,2026-10-23,0
196,Brew Logitics,2026-10-11,1
197,Yeast Solutions,2026-10-21,0
198,Hop Alliance UK,2026-10-19,1
199,Hop Alliance UK,2026-10-26,0
200,Hop Alliance UK,2026-10-20,0
201,Brew Logitics,2026-10-27,0
202,Malt Masters,2026-10-22,0
203,Brew Logitics,2026-10-15,1
204,Brew Logitics,2026-10-26,0
205,Malt Masters,2026-10-18,1
206,Yeast Solutions,2026-10-24,0
207,Brew Logitics,2026-10-23,0
208,Brew Logitics,2026-10-24,0
209,Yeast Solutions,2026-10-16,1
210,Malt Masters,2026-10-16,0
211,Brew Logitics,2026-10-14,1
212,Yeast Solutions,2026-10-14,0
213,Hop Alliance UK,2026-10-14,1
214,Yeast Solutions,2026-10-21,1
215,Hop Alliance UK,2026-10-18,1
216,Yeast Solutions,2026-10-23,0
217,Brew Logitics,2026-10-18,0
218,Hop Alliance UK,2026-10-11,1
219,Hop Alliance UK,2026-10-26,0
220,Brew Logitics,2026-10-14,1
221,Hop Alliance UK,2026-10-13,1
222,Hop Alliance UK,2026-10-19,0
223,Brew Logitics,2026-10-14,0
224,Malt Masters,2026-10-13,1
225,Malt Masters,2026-10-15,1
226,Yeast Solutions,2026-10-18,0
227,Hop Alliance UK,2026-10-17,0
228,Malt Masters,2026-10-23,0
229,Malt Masters,2026-10-21,0
230,Brew Logitics,2026-10-18,0
231,Brew Logitics,2026-10-15,1
232,Malt Masters,2026-10-15,1
233,Yeast Solutions,2026-10-10,1
234,Brew Logitics,2026-10-20,0
235,Hop Alliance UK,2026-10-23,0
236,Yeast Solutions,2026-10-23,1
237,Brew Logitics,2026-10-23,0
238,Hop Alliance UK,2026-10-22,0
239,Malt Masters,2026-10-25,0
240,Hop Alliance UK,2026-10-10,1
241,Yeast Solutions,2026-10-25,0
242,Yeast Solutions,2026-10-16,0
243,Brew Logitics,2026-10-27,0
244,Yeast Solutions,2026-10-10,1
245,Brew Logitics,2026-10-22,0
246,Hop Alliance UK,2026-10-16,0
247,Brew Logitics,2026-10-19,0
248,Brew Logitics,2026-10-22,1
249,Hop Alliance UK,2026-10-21,0
250,Yeast Solutions,2026-10-11,1
251,Yeast Solutions,2026-10-12,0
252,Brew Logitics,2026-10-21,0
253,Brew Logitics,2026-10-20,0
254,Malt Masters,2026-10-22,0
255,Malt Masters,2026-10-25,0
256,Brew Logitics,2026-10-19,1
257,Yeast Solutions,2026-10-24,0
258,Brew Logitics,2026-10-10,1
259,Yeast Solutions,2026-10-19,1
260,Brew Logitics,2026-10-21,0
261,Hop Alliance UK,2026-10-16,1
262,Brew Logitics,2026-10-23,0
263,Brew Logitics,2026-10-22,0
264,Yeast Solutions,2026-10-23,0
265,Brew Logitics,2026-10-19,1
266,Yeast Solutions,2026-10-24,0
267,Brew Logitics,2026-10-21,0
268,Hop Alliance UK,2026-10-18,1
269,Hop Alliance UK,2026-10-21,1
270,Brew Logitics,2026-10-22,0
271,Malt Masters,2026-10-23,0
272,Hop Alliance UK,2026-10-23,0
273,Hop Alliance UK,2026-10-23,0
274,Brew Logitics,2026-10-11,1
275,Hop Alliance UK,2026-10-21,0
276,Malt Masters,2026-10-16,0
277,Malt Masters,2026-10-19,1
278,Malt Masters,2026-10-21,0
279,Yeast Solutions,2026-10-14,1
280,Brew Logitics,2026-10-20,1
281,Hop Alliance UK,2026-10-12,1
282,Hop Alliance UK,2026-10-13,1
283,Brew Logitics,2026-10-24,0
284,Brew Logitics,2026-10-24,0
285,Hop Alliance UK,2026-10-26,0
286,Malt Masters,2026-10-26,0
287,Malt Masters,2026-10-16,1
288,Brew Logitics,2026-10-26,0
289,Hop Alliance UK,2026-10-21,0
290,Yeast Solutions,2026-10-23,0
291,Hop Alliance UK,2026-10-17,0
292,Malt Masters,2026-10-20,0
293,Malt Masters,2026-10-16,0
294,Yeast Solutions,2026-10-23,0
295,Hop Alliance UK,2026-10-19,1
296,Yeast Solutions,2026-10-24,0
297,Yeast Solutions,2026-10-20,0
298,Brew Logitics,2026-10-11,1
299,Yeast Solutions,2026-10-13,0
300,Yeast Solutions,2026-10-17,1
301,Malt Masters,2026-10-24,0
302,Hop Alliance UK,2026-10-26,0
303,Malt Masters,2026-10-26,0
304,Yeast Solutions,2026-10-21,0
305,Malt Masters,2026-10-20,0
306,Hop Alliance UK,2026-10-25,0
307,Brew Logitics,2026-10-14,1
308,Hop Alliance UK,2026-10-21,0
309,Malt Masters,2026-10-24,0
310,Yeast Solutions,2026-10-17,0
311,Malt Masters,2026-10-27,0
312,Yeast Solutions,2026-10-16,1
313,Hop Alliance UK,2026-10-23,0
314,Hop Alliance UK,2026-10-24,0
315,Brew Logitics,2026-10-27,0
316,Yeast Solutions,2026-10-21,0
317,Brew Logitics,2026-10-10,1
318,Yeast Solutions,2026-10-18,1
319,Brew Logitics,2026-10-24,0
320,Brew Logitics,2026-10-12,1
321,Hop Alliance UK,2026-10-12,1
322,Yeast Solutions,2026-10-11,0
323,Yeast Solutions,2026-10-11,0
324,Hop Alliance UK,2026-10-11,1
325,Malt Masters,2026-10-12,1
326,Hop Alliance UK,2026-10-26,0
327,Malt Masters,2026-10-26,0
328,Yeast Solutions,2026-10-22,0
329,Brew Logitics,2026-10-23,0
330,Yeast Solutions,2026-10-17,0
331,Hop Alliance UK,2026-10-11,1
332,Yeast Solutions,2026-10-11,1
333,Malt Masters,2026-10-21,0
334,Malt Masters,2026-10-15,1
335,Yeast Solutions,2026-10-26,0
336,Malt Masters,2026-10-15,1
337,Brew Logitics,2026-10-26,0
338,Malt Masters,2026-10-11,1
339,Hop Alliance UK,2026-10-17,1
340,Yeast Solutions,2026-10-19,0
341,Malt Masters,2026-10-21,0
342,Hop Alliance UK,2026-10-23,0
343,Malt Masters,2026-10-23,0
344,Brew Logitics,2026-10-16,1
345,Brew Logitics,2026-10-18,0
346,Brew Logitics,2026-10-24,0
347,Hop Alliance UK,2026-10-17,0
348,Yeast Solutions,2026-10-23,0
349,Malt Masters,2026-10-14,0
350,Malt Masters,2026-10-13,0
351,Brew Logitics,2026-10-15,1
352,Hop Alliance UK,2026-10-10,1
353,Brew Logitics,2026-10-16,1
354,Malt Masters,2026-10-16,1
355,Hop Alliance UK,2026-10-18,1
356,Brew Logitics,2026-10-21,0
357,Yeast Solutions,2026-10-10,1
358,Yeast Solutions,2026-10-13,1
359,Yeast Solutions,2026-10-11,0
360,Hop Alliance UK,2026-10-25,0
361,Yeast Solutions,2026-10-20,0
362,Brew Logitics,2026-10-10,1
363,Hop Alliance UK,2026-10-21,0
364,Malt Masters,2026-10-22,0
365,Brew Logitics,2026-10-20,1
366,Brew Logitics,2026-10-26,0
367,Hop Alliance UK,2026-10-24,0
368,Brew Logitics,2026-10-14,1
369,Brew Logitics,2026-10-25,0
370,Yeast Solutions,2026-10-25,0
371,Brew Logitics,2026-10-19,1
372,Yeast Solutions,2026-10-13,1
373,Yeast Solutions,2026-10-22,0
374,Yeast Solutions,2026-10-15,0
375,Hop Alliance UK,2026-10-10,1
376,Malt Masters,2026-10-17,0
377,Hop Alliance UK,2026-10-22,0
378,Brew Logitics,2026-10-27,0
379,Brew Logitics,2026-10-15,1
380,Yeast Solutions,2026-10-25,0
381,Yeast Solutions,2026-10-22,0
382,Brew Logitics,2026-10-27,0
383,Malt Masters,2026-10-25,0
384,Malt Masters,2026-10-14,1
385,Brew Logitics,2026-10-15,0
386,Malt Masters,2026-10-11,1
387,Malt Masters,2026-10-20,0
388,Malt Masters,2026-10-21,1
389,Hop Alliance UK,2026-10-15,1
390,Malt Masters,2026-10-10,1
391,Yeast Solutions,2026-10-14,1
392,Hop Alliance UK,2026-10-14,1
393,Malt Masters,2026-10-26,0
394,Yeast Solutions,2026-10-25,0
395,Yeast Solutions,2026-10-14,1
396,Brew Logitics,2026-10-17,1
397,Hop Alliance UK,2026-10-15,1
398,Brew Logitics,2026-10-20,0
399,Malt Masters,2026-10-12,1
400,Yeast Solutions,2026-10-24,0
401,Hop Alliance UK,2026-10-21,0
402,Brew Logitics,2026-10-14,0
403,Brew Logitics,2026-10-27,0
404,Yeast Solutions,2026-10-19,0
405,Yeast Solutions,2026-10-16,1
406,Yeast Solutions,2026-10-23,0
407,Hop Alliance UK,2026-10-22,0
408,Brew Logitics,2026-10-26,0
409,Yeast Solutions,2026-10-16,1
410,Yeast Solutions,2026-10-15,0
411,Malt Masters,2026-10-20,0
412,Brew Logitics,2026-10-13,1
413,Malt Masters,2026-10-11,1
414,Brew Logitics,2026-10-21,0
415,Malt Masters,2026-10-21,0
416,Brew Logitics,2026-10-27,0
417,Brew Logitics,2026-10-17,1
418,Brew Logitics,2026-10-15,0
419,Brew Logitics,2026-10-17,0
420,Hop Alliance UK,2026-10-25,0
421,Hop Alliance UK,2026-10-18,1
422,Brew Logitics,2026-10-22,0
423,Malt Masters,2026-10-11,0
424,Malt Masters,2026-10-18,0
425,Malt Masters,2026-10-26,0
426,Yeast Solutions,2026-10-13,1
427,Hop Alliance UK,2026-10-16,1
428,Yeast Solutions,2026-10-22,0
429,Brew Logitics,2026-10-13,1
430,Yeast Solutions,2026-10-24,0
431,Yeast Solutions,2026-10-20,1
432,Yeast Solutions,2026-10-25,0
433,Hop Alliance UK,2026-10-14,1
434,Malt Masters,2026-10-19,0
435,Yeast Solutions,2026-10-11,1
436,Malt Masters,2026-10-27,0
437,Yeast Solutions,2026-10-27,0
438,Hop Alliance UK,2026-10-13,1
439,Yeast Solutions,2026-10-13,1
440,Brew Logitics,2026-10-16,0
441,Malt Masters,2026-10-15,1
442,Malt Masters,2026-10-24,0
443,Hop Alliance UK,2026-10-20,1
444,Yeast Solutions,2026-10-22,0
445,Hop Alliance UK,2026-10-10,1
446,Brew Logitics,2026-10-27,0
447,Yeast Solutions,2026-10-10,1
448,Malt Masters,2026-10-25,0
449,Yeast Solutions,2026-10-14,1
450,Brew Logitics,2026-10-16,0
451,Hop Alliance UK,2026-10-21,1
452,Hop Alliance UK,2026-10-17,0
453,Hop Alliance UK,2026-10-15,1
454,Malt Masters,2026-10-11,1
455,Malt Masters,2026-10-24,0
456,Malt Masters,2026-10-14,1
457,Yeast Solutions,2026-10-14,0
458,Brew Logitics,2026-10-25,0
459,Hop Alliance UK,2026-10-10,1
460,Hop Alliance UK,2026-10-14,1
461,Brew Logitics,2026-10-20,0
462,Malt Masters,2026-10-14,1
463,Malt Masters,2026-10-18,1
464,Yeast Solutions,2026-10-18,0
465,Brew Logitics,2026-10-27,0
466,Malt Masters,2026-10-21,0
467,Hop Alliance UK,2026-10-18,0
468,Hop Alliance UK,2026-10-13,1
469,Hop Alliance UK,2026-10-21,0
470,Brew Logitics,2026-10-11,1
471,Yeast Solutions,2026-10-19,0
472,Hop Alliance UK,2026-10-11,1
473,Brew Logitics,2026-10-19,1
474,Brew Logitics,2026-10-17,1
475,Malt Masters,2026-10-14,0
476,Malt Masters,2026-10-21,0
477,Yeast Solutions,2026-10-23,1
478,Brew Logitics,2026-10-10,1
479,Hop Alliance UK,2026-10-23,0
480,Yeast Solutions,2026-10-17,1
481,Yeast Solutions,2026-10-15,1
482,Brew Logitics,2026-10-14,0
483,Brew Logitics,2026-10-11,1
484,Yeast Solutions,2026-10-19,0
485,Brew Logitics,2026-10-14,1
486,Yeast Solutions,2026-10-10,1
487,Brew Logitics,2026-10-22,0
488,Brew Logitics,2026-10-16,1
489,Yeast Solutions,2026-10-25,0
490,Brew Logitics,2026-10-17,0
491,Hop Alliance UK,2026-10-16,1
492,Hop Alliance UK,2026-10-15,0
493,Yeast Solutions,2026-10-26,0
494,Brew Logitics,2026-10-26,0
495,Malt Masters,2026-10-17,0
496,Brew Logitics,2026-10-10,1
497,Brew Logitics,2026-10-27,0
498,Yeast Solutions,2026-10-23,0
499,Hop Alliance UK,2026-10-16,1
500,Yeast Solutions,2026-10-16,0
501,Hop Alliance UK,2026-10-15,1
502,Yeast Solutions,2026-10-15,1
503,Malt Masters,2026-10-21,0
504,Brew Logitics,2026-10-13,1
505,Brew Logitics,2026-10-21,0
506,Malt Masters,2026-10-25,0
507,Yeast Solutions,2026-10-19,0
508,Malt Masters,2026-10-22,0
509,Brew Logitics,2026-10-25,0
510,Yeast Solutions,2026-10-12,1
511,Hop Alliance UK,2026-10-21,0
512,Malt Masters,2026-10-13,1
513,Brew Logitics,2026-10-16,1
514,Malt Masters,2026-10-17,1
515,Brew Logitics,2026-10-10,1
516,Malt Masters,2026-10-14,0
517,Malt Masters,2026-10-20,1
518,Yeast Solutions,2026-10-27,0
519,Yeast Solutions,2026-10-27,0
520,Hop Alliance UK,2026-10-24,0
521,Yeast Solutions,2026-10-22,1
522,Hop Alliance UK,2026-10-21,0
523,Brew Logitics,2026-10-12,1
524,Hop Alliance UK,2026-10-22,0
525,Brew Logitics,2026-10-16,1
526,Malt Masters,2026-10-19,0
527,Yeast Solutions,2026-10-13,0
528,Malt Masters,2026-10-14,0
529,Malt Masters,2026-10-21,0
530,Malt Masters,2026-10-12,1
531,Brew Logitics,2026-10-10,1
532,Brew Logitics,2026-10-22,0
533,Malt Masters,2026-10-26,0
534,Brew Logitics,2026-10-15,1
535,Brew Logitics,2026-10-18,1
536,Hop Alliance UK,2026-10-20,0
537,Hop Alliance UK,2026-10-10,1
538,Brew Logitics,2026-10-14,1
539,Malt Masters,2026-10-25,0
540,Yeast Solutions,2026-10-10,1
541,Hop Alliance UK,2026-10-11,1
542,Malt Masters,2026-10-15,1
543,Malt Masters,2026-10-21,0
544,Yeast Solutions,2026-10-22,1
545,Brew Logitics,2026-10-16,1
546,Yeast Solutions,2026-10-10,1
547,Hop Alliance UK,2026-10-22,1
548,Brew Logitics,2026-10-16,1
549,Brew Logitics,2026-10-27,0
550,Yeast Solutions,2026-10-15,0
551,Yeast Solutions,2026-10-15,1
552,Hop Alliance UK,2026-10-16,1
553,Yeast Solutions,2026-10-23,1
554,Brew Logitics,2026-10-17,1
555,Yeast Solutions,2026-10-24,0
556,Hop Alliance UK,2026-10-24,0
557,Brew Logitics,2026-10-19,1
558,Yeast Solutions,2026-10-24,0
559,Malt Masters,2026-10-19,0
560,Malt Masters,2026-10-27,0
561,Hop Alliance UK,2026-10-21,0
562,Malt Masters,2026-10-11,1
563,Brew Logitics,2026-10-25,0
564,Hop Alliance UK,2026-10-12,1
565,Brew Logitics,2026-10-20,0
566,Yeast Solutions,2026-10-17,1
567,Malt Masters,2026-10-14,1
568,Yeast Solutions,2026-10-20,0
569,Malt Masters,2026-10-16,1
570,Hop Alliance UK,2026-10-23,0
571,Yeast Solutions,2026-10-16,1
572,Yeast Solutions,2026-10-14,0
573,Brew Logitics,2026-10-18,0
574,Hop Alliance UK,2026-10-25,0
575,Hop Alliance UK,2026-10-21,1
576,Brew Logitics,2026-10-19,1
577,Brew Logitics,2026-10-17,1
578,Hop Alliance UK,2026-10-12,1
579,Hop Alliance UK,2026-10-14,1
580,Brew Logitics,2026-10-23,0
581,Hop Alliance UK,2026-10-15,1
582,Yeast Solutions,2026-10-17,0
583,Malt Masters,2026-10-16,0
584,Hop Alliance UK,2026-10-14,1
585,Malt Masters,2026-10-16,1
586,Yeast Solutions,2026-10-16,0
587,Hop Alliance UK,2026-10-23,0
588,Yeast Solutions,2026-10-11,1
589,Malt Masters,2026-10-17,0
590,Malt Masters,2026-10-23,1
591,Malt Masters,2026-10-17,1
592,Brew Logitics,2026-10-10,1
593,Hop Alliance UK,2026-10-12,1
594,Hop Alliance UK,2026-10-13,0
595,Brew Logitics,2026-10-16,1
596,Malt Masters,2026-10-19,1
597,Yeast Solutions,2026-10-26,0
598,Malt Masters,2026-10-19,1
599,Brew Logitics,2026-10-11,1
600,Yeast Solutions,2026-10-22,0
601,Brew Logitics,2026-10-25,0
602,Yeast Solutions,2026-10-23,0
603,Yeast Solutions,2026-10-16,1
604,Malt Masters,2026-10-19,0
605,Hop Alliance UK,2026-10-19,1
606,Yeast Solutions,2026-10-13,1
607,Brew Logitics,2026-10-13,1
608,Brew Logitics,2026-10-22,1
609,Malt Masters,2026-10-23,0
610,Yeast Solutions,2026-10-26,0
611,Brew Logitics,2026-10-10,1
612,Malt Masters,2026-10-15,0
613,Brew Logitics,2026-10-17,0
614,Hop Alliance UK,2026-10-19,0
615,Hop Alliance UK,2026-10-11,1
616,Brew Logitics,2026-10-19,0
617,Malt Masters,2026-10-23,0
618,Malt Masters,2026-10-24,0
619,Hop Alliance UK,2026-10-22,1
620,Hop Alliance UK,2026-10-19,0
621,Yeast Solutions,2026-10-16,0
622,Brew Logitics,2026-10-27,0
623,Malt Masters,2026-10-21,0
624,Brew Logitics,2026-10-14,1
625,Yeast Solutions,2026-10-11,0
626,Brew Logitics,2026-10-22,0
627,Hop Alliance UK,2026-10-10,1
628,Yeast Solutions,2026-10-23,1
629,Malt Masters,2026-10-24,0
630,Hop Alliance UK,2026-10-13,1
631,Malt Masters,2026-10-26,0
632,Malt Masters,2026-10-26,0
633,Brew Logitics,2026-10-27,0
634,Yeast Solutions,2026-10-25,0
635,Yeast Solutions,2026-10-17,0
636,Brew Logitics,2026-10-23,1
637,Yeast Solutions,2026-10-11,1
638,Brew Logitics,2026-10-22,0
639,Malt Masters,2026-10-15,0
640,Malt Masters,2026-10-22,0
641,Brew Logitics,2026-10-27,0
642,Hop Alliance UK,2026-10-14,1
643,Yeast Solutions,2026-10-16,0
644,Yeast Solutions,2026-10-25,0
645,Hop Alliance UK,2026-10-19,0
646,Hop Alliance UK,2026-10-25,0
647,Hop Alliance UK,2026-10-20,0
648,Yeast Solutions,2026-10-14,0
649,Brew Logitics,2026-10-27,0
650,Brew Logitics,2026-10-12,0
651,Brew Logitics,2026-10-17,0
652,Yeast Solutions,2026-10-21,0
653,Brew Logitics,2026-10-19,1
654,Hop Alliance UK,2026-10-12,1
655,Malt Masters,2026-10-27,0
656,Hop Alliance UK,2026-10-13,1
657,Malt Masters,2026-10-13,1
658,Hop Alliance UK,2026-10-10,1
659,Hop Alliance UK,2026-10-21,0
660,Yeast Solutions,2026-10-27,0
661,Yeast Solutions,2026-10-24,0
662,Brew Logitics,2026-10-22,0
663,Yeast Solutions,2026-10-19,0
664,Hop Alliance UK,2026-10-24,0
665,Malt Masters,2026-10-14,1
666,Malt Masters,2026-10-16,1
667,Yeast Solutions,2026-10-12,1
668,Malt Masters,2026-10-25,0
669,Malt Masters,2026-10-24,0
670,Malt Masters,2026-10-21,0
671,Brew Logitics,2026-10-11,1
672,Hop Alliance UK,2026-10-14,1
673,Brew Logitics,2026-10-17,0
674,Yeast Solutions,2026-10-25,0
675,Yeast Solutions,2026-10-15,1
676,Malt Masters,2026-10-22,0
677,Malt Masters,2026-10-13,0
678,Brew Logitics,2026-10-13,1
679,Brew Logitics,2026-10-17,1
680,Yeast Solutions,2026-10-16,1
681,Brew Logitics,2026-10-24,0
682,Malt Masters,2026-10-11,1
683,Malt Masters,2026-10-24,0
684,Yeast Solutions,2026-10-14,0
685,Malt Masters,2026-10-10,1
686,Brew Logitics,2026-10-23,0
687,Yeast Solutions,2026-10-25,0
688,Brew Logitics,2026-10-15,0
689,Malt Masters,2026-10-12,1
690,Yeast Solutions,2026-10-27,0
691,Malt Masters,2026-10-11,1
692,Brew Logitics,2026-10-11,1
693,Brew Logitics,2026-10-21,0
694,Hop Alliance UK,2026-10-23,0
695,Yeast Solutions,2026-10-22,0
696,Hop Alliance UK,2026-10-16,1
697,Brew Logitics,2026-10-23,0
698,Yeast Solutions,2026-10-15,1
699,Malt Masters,2026-10-25,0
700,Hop Alliance UK,2026-10-18,0
701,Brew Logitics,2026-10-27,0
702,Brew Logitics,2026-10-27,0
703,Hop Alliance UK,2026-10-19,0
704,Brew Logitics,2026-10-23,0
705,Yeast Solutions,2026-10-18,1
706,Hop Alliance UK,2026-10-21,0
707,Hop Alliance UK,2026-10-25,0
708,Yeast Solutions,2026-10-23,0
709,Yeast Solutions,2026-10-18,0
710,Yeast Solutions,2026-10-19,0
711,Malt Masters,2026-10-14,1
712,Brew Logitics,2026-10-14,1
713,Brew Logitics,2026-10-22,0
714,Brew Logitics,2026-10-17,0
715,Hop Alliance UK,2026-10-11,1
716,Yeast Solutions,2026-10-19,1
717,Hop Alliance UK,2026-10-26,0
718,Hop Alliance UK,2026-10-21,0
719,Brew Logitics,2026-10-21,0
720,Malt Masters,2026-10-12,1
721,Brew Logitics,2026-10-22,1
722,Yeast Solutions,2026-10-19,1
723,Brew Logitics,2026-10-18,1
724,Malt Masters,2026-10-16,0
725,Hop Alliance UK,2026-10-19,1
726,Brew Logitics,2026-10-10,1
727,Hop Alliance UK,2026-10-23,0
728,Hop Alliance UK,2026-10-25,0
729,Yeast Solutions,2026-10-17,1
730,Brew Logitics,2026-10-25,0
731,Yeast Solutions,2026-10-15,1
732,Hop Alliance UK,2026-10-24,0
733,Brew Logitics,2026-10-10,1
734,Hop Alliance UK,2026-10-13,1
735,Hop Alliance UK,2026-10-11,1
736,Brew Logitics,2026-10-16,0
737,Malt Masters,2026-10-11,1
738,Yeast Solutions,2026-10-17,0
739,Hop Alliance UK,2026-10-25,0
740,Malt Masters,2026-10-23,0
741,Brew Logitics,2026-10-11,1
742,Brew Logitics,2026-10-25,0
743,Hop Alliance UK,2026-10-10,1
744,Brew Logitics,2026-10-23,0
745,Hop Alliance UK,2026-10-22,0
746,Brew Logitics,2026-10-16,0
747,Brew Logitics,2026-10-15,1
748,Malt Masters,2026-10-10,1
749,Hop Alliance UK,2026-10-19,0
750,Malt Masters,2026-10-23,0
751,Brew Logitics,2026-10-17,1
752,Brew Logitics,2026-10-11,1
753,Hop Alliance UK,2026-10-24,0
754,Yeast Solutions,2026-10-22,0
755,Malt Masters,2026-10-27,0
756,Malt Masters,2026-10-27,0
757,Brew Logitics,2026-10-17,0
758,Malt Masters,2026-10-24,0
759,Hop Alliance UK,2026-10-25,0
760,Brew Logitics,2026-10-20,0
761,Hop Alliance UK,2026-10-21,0
762,Malt Masters,2026-10-24,0
763,Hop Alliance UK,2026-10-24,0
764,Hop Alliance UK,2026-10-13,1
765,Hop Alliance UK,2026-10-21,0
766,Malt Masters,2026-10-16,0
767,Hop Alliance UK,2026-10-24,0
768,Malt Masters,2026-10-16,0
769,Brew Logitics,2026-10-15,0
770,Yeast Solutions,2026-10-18,0
771,Yeast Solutions,2026-10-23,1
772,Hop Alliance UK,2026-10-20,1
773,Malt Masters,2026-10-21,0
774,Yeast Solutions,2026-10-26,0
775,Brew Logitics,2026-10-17,0
776,Yeast Solutions,2026-10-12,1
777,Yeast Solutions,2026-10-11,1
778,Yeast Solutions,2026-10-16,0
779,Malt Masters,2026-10-17,0
780,Malt Masters,2026-10-23,0
781,Yeast Solutions,2026-10-15,0
782,Yeast Solutions,2026-10-23,0
783,Brew Logitics,2026-10-25,0
784,Malt Masters,2026-10-14,1
785,Yeast Solutions,2026-10-16,1
786,Hop Alliance UK,2026-10-26,0
787,Hop Alliance UK,2026-10-17,0
788,Malt Masters,2026-10-15,0
789,Yeast Solutions,2026-10-26,0
790,Yeast Solutions,2026-10-24,0
791,Brew Logitics,2026-10-20,1
792,Brew Logitics,2026-10-23,0
793,Yeast Solutions,2026-10-12,1
794,Hop Alliance UK,2026-10-15,1
795,Hop Alliance UK,2026-10-13,1
796,Yeast Solutions,2026-10-19,0
797,Yeast Solutions,2026-10-10,1
798,Malt Masters,2026-10-17,1
799,Yeast Solutions,2026-10-16,1
800,Malt Masters,2026-10-12,1
801,Hop Alliance UK,2026-10-27,0
802,Yeast Solutions,2026-10-24,0
803,Hop Alliance UK,2026-10-11,1
804,Malt Masters,2026-10-16,1
805,Hop Alliance UK,2026-10-18,1
806,Brew Logitics,2026-10-14,0
807,Hop Alliance UK,2026-10-17,1
808,Yeast Solutions,2026-10-20,0
809,Malt Masters,2026-10-11,1
810,Brew Logitics,2026-10-25,0
811,Hop Alliance UK,2026-10-18,1
812,Brew Logitics,2026-10-15,0
813,Malt Masters,2026-10-22,0
814,Malt Masters,2026-10-26,0
815,Brew Logitics,2026-10-13,1
816,Malt Masters,2026-10-13,1
817,Yeast Solutions,2026-10-12,1
818,Brew Logitics,2026-10-14,0
819,Hop Alliance UK,2026-10-13,1
820,Malt Masters,2026-10-17,1
821,Hop Alliance UK,2026-10-14,1
822,Malt Masters,2026-10-18,0
823,Yeast Solutions,2026-10-16,0
824,Hop Alliance UK,2026-10-23,0
825,Hop Alliance UK,2026-10-19,0
826,Hop Alliance UK,2026-10-27,0
827,Brew Logitics,2026-10-20,0
828,Brew Logitics,2026-10-14,1
829,Brew Logitics,2026-10-13,1
830,Yeast Solutions,2026-10-25,0
831,Brew Logitics,2026-10-19,1
832,Yeast Solutions,2026-10-20,0
833,Brew Logitics,2026-10-24,0
834,Yeast Solutions,2026-10-19,0
835,Malt Masters,2026-10-24,0
836,Yeast Solutions,2026-10-24,0
837,Yeast Solutions,2026-10-26,0
838,Hop Alliance UK,2026-10-25,0
839,Malt Masters,2026-10-24,0
840,Malt Masters,2026-10-12,1
841,Brew Logitics,2026-10-15,0
842,Brew Logitics,2026-10-13,0
843,Yeast Solutions,2026-10-20,1
844,Yeast Solutions,2026-10-18,0
845,Brew Logitics,2026-10-10,1
846,Brew Logitics,2026-10-18,1
847,Malt Masters,2026-10-20,0
848,Malt Masters,2026-10-11,1
849,Malt Masters,2026-10-27,0
850,Malt Masters,2026-10-26,0
851,Brew Logitics,2026-10-11,1
852,Malt Masters,2026-10-17,0
853,Brew Logitics,2026-10-10,1
854,Malt Masters,2026-10-19,1
855,Yeast Solutions,2026-10-21,0
856,Hop Alliance UK,2026-10-17,0
857,Yeast Solutions,2026-10-18,0
858,Yeast Solutions,2026-10-16,1
859,Hop Alliance UK,2026-10-20,0
860,Hop Alliance UK,2026-10-27,0
861,Hop Alliance UK,2026-10-22,0
862,Yeast Solutions,2026-10-14,0
863,Hop Alliance UK,2026-10-20,1
864,Hop Alliance UK,2026-10-27,0
865,Brew Logitics,2026-10-22,0
866,Brew Logitics,2026-10-19,0
867,Hop Alliance UK,2026-10-10,1
868,Yeast Solutions,2026-10-14,0
869,Hop Alliance UK,2026-10-27,0
870,Yeast Solutions,2026-10-15,0
871,Yeast Solutions,2026-10-24,0
872,Malt Masters,2026-10-18,1
873,Hop Alliance UK,2026-10-20,1
874,Brew Logitics,2026-10-24,0
875,Yeast Solutions,2026-10-21,0
876,Brew Logitics,2026-10-15,1
877,Brew Logitics,2026-10-26,0
878,Hop Alliance UK,2026-10-14,1
879,Hop Alliance UK,2026-10-10,1
880,Yeast Solutions,2026-10-23,0
881,Malt Masters,2026-10-10,1
882,Brew Logitics,2026-10-10,1
883,Hop Alliance UK,2026-10-22,0
884,Brew Logitics,2026-10-10,1
885,Malt Masters,2026-10-21,0
886,Hop Alliance UK,2026-10-21,0
887,Malt Masters,2026-10-20,0
888,Malt Masters,2026-10-26,0
889,Malt Masters,2026-10-17,1
890,Yeast Solutions,2026-10-13,1
891,Malt Masters,2026-10-24,0
892,Brew Logitics,2026-10-24,0
893,Malt Masters,2026-10-26,0
894,Yeast Solutions,2026-10-22,0
895,Brew Logitics,2026-10-20,0
896,Yeast Solutions,2026-10-20,0
897,Malt Masters,2026-10-20,1
898,Brew Logitics,2026-10-20,1
899,Brew Logitics,2026-10-13,1
900,Hop Alliance UK,2026-10-27,0
901,Yeast Solutions,2026-10-24,0
902,Hop Alliance UK,2026-10-14,1
903,Hop Alliance UK,2026-10-10,1
904,Hop Alliance UK,2026-10-10,1
905,Brew Logitics,2026-10-12,0
906,Malt Masters,2026-10-25,0
907,Hop Alliance UK,2026-10-19,0
908,Brew Logitics,2026-10-24,0
909,Yeast Solutions,2026-10-22,0
910,Yeast Solutions,2026-10-10,1
911,Brew Logitics,2026-10-14,1
912,Malt Masters,2026-10-22,0
913,Brew Logitics,2026-10-19,0
914,Brew Logitics,2026-10-14,1
915,Hop Alliance UK,2026-10-16,1
916,Malt Masters,2026-10-19,0
917,Hop Alliance UK,2026-10-17,0
918,Brew Logitics,2026-10-17,0
919,Yeast Solutions,2026-10-14,1
920,Hop Alliance UK,2026-10-26,0
921,Brew Logitics,2026-10-25,0
922,Brew Logitics,2026-10-26,0
923,Hop Alliance UK,2026-10-17,0
924,Hop Alliance UK,2026-10-25,0
925,Brew Logitics,2026-10-16,1
926,Malt Masters,2026-10-27,0
927,Brew Logitics,2026-10-14,0
928,Brew Logitics,2026-10-14,0
929,Malt Masters,2026-10-24,0
930,Brew Logitics,2026-10-23,0
931,Hop Alliance UK,2026-10-26,0
932,Malt Masters,2026-10-27,0
933,Malt Masters,2026-10-17,0
934,Yeast Solutions,2026-10-11,1
935,Yeast Solutions,2026-10-24,0
936,Malt Masters,2026-10-22,0
937,Malt Masters,2026-10-18,0
938,Hop Alliance UK,2026-10-22,0
939,Brew Logitics,2026-10-16,1
940,Hop Alliance UK,2026-10-20,0
941,Yeast Solutions,2026-10-18,0
942,Malt Masters,2026-10-10,1
943,Malt Masters,2026-10-26,0
944,Brew Logitics,2026-10-13,1
945,Yeast Solutions,2026-10-24,0
946,Malt Masters,2026-10-18,0
947,Yeast Solutions,2026-10-21,0
948,Malt Masters,2026-10-26,0
949,Malt Masters,2026-10-15,1
950,Brew Logitics,2026-10-26,0
951,Brew Logitics,2026-10-16,1
952,Malt Masters,2026-10-27,0
953,Yeast Solutions,2026-10-19,0
954,Malt Masters,2026-10-19,0
955,Hop Alliance UK,2026-10-24,0
956,Hop Alliance UK,2026-10-16,0
957,Yeast Solutions,2026-10-14,1
958,Malt Masters,2026-10-13,1
959,Hop Alliance UK,2026-10-15,1
960,Yeast Solutions,2026-10-16,1
961,Hop Alliance UK,2026-10-21,0
962,Brew Logitics,2026-10-26,0
963,Yeast Solutions,2026-10-24,0
964,Brew Logitics,2026-10-20,0
965,Hop Alliance UK,2026-10-16,0
966,Hop Alliance UK,2026-10-11,1
967,Brew Logitics,2026-10-17,0
968,Brew Logitics,2026-10-23,0
969,Brew Logitics,2026-10-20,0
970,Yeast Solutions,2026-10-19,0
971,Yeast Solutions,2026-10-27,0
972,Yeast Solutions,2026-10-20,0
973,Brew Logitics,2026-10-26,0
974,Yeast Solutions,2026-10-18,1
975,Hop Alliance UK,2026-10-16,1
976,Hop Alliance UK,2026-10-15,1
977,Malt Masters,2026-10-24,0
978,Hop Alliance UK,2026-10-14,1
979,Brew Logitics,2026-10-25,0
980,Malt Masters,2026-10-12,1
981,Brew Logitics,2026-10-13,1
982,Brew Logitics,2026-10-26,0
983,Malt Masters,2026-10-13,1
984,Yeast Solutions,2026-10-26,0
985,Brew Logitics,2026-10-24,0
986,Yeast Solutions,2026-10-19,0
987,Hop Alliance UK,2026-10-15,1
988,Hop Alliance UK,2026-10-14,0
989,Brew Logitics,2026-10-13,1
990,Yeast Solutions,2026-10-10,1
991,Hop Alliance UK,2026-10-17,1
992,Yeast Solutions,2026-10-21,0
993,Yeast Solutions,2026-10-10,1
994,Yeast Solutions,2026-10-25,0
995,Brew Logitics,2026-10-26,0
996,Brew Logitics,2026-10-24,0
997,Hop Alliance UK,2026-10-19,1
998,Brew Logitics,2026-10-27,0
999,Brew Logitics,2026-10-13,1
1000,Malt Masters,2026-10-24,0
1001,Yeast Solutions,2026-10-25,0
1002,Brew Logitics,2026-10-24,0
1003,Brew Logitics,2026-10-16,1
1004,Brew Logitics,2026-10-10,1
1005,Hop Alliance UK,2026-10-12,1
1006,Brew Logitics,2026-10-15,1
1007,Brew Logitics,2026-10-13,1
1008,Malt Masters,2026-10-18,0
1009,Malt Masters,2026-10-15,1
1010,Yeast Solutions,2026-10-19,0
1011,Hop Alliance UK,2026-10-23,0
1012,Brew Logitics,2026-10-10,1
1013,Malt Masters,2026-10-26,0
1014,Hop Alliance UK,2026-10-14,0
1015,Hop Alliance UK,2026-10-27,0
1016,Hop Alliance UK,2026-10-27,0
1017,Hop Alliance UK,2026-10-24,0
1018,Malt Masters,2026-10-27,0
1019,Brew Logitics,2026-10-27,0
1020,Brew Logitics,2026-10-16,1
1021,Hop Alliance UK,2026-10-15,1
1022,Hop Alliance UK,2026-10-10,1
1023,Yeast Solutions,2026-10-12,1
1024,Brew Logitics,2026-10-21,1
1025,Malt Masters,2026-10-24,0
1026,Yeast Solutions,2026-10-26,0
1027,Hop Alliance UK,2026-10-26,0
1028,Malt Masters,2026-10-16,0
1029,Hop Alliance UK,2026-10-27,0
1030,Malt Masters,2026-10-17,1
1031,Brew Logitics,2026-10-27,0
1032,Hop Alliance UK,2026-10-25,0
1033,Malt Masters,2026-10-19,1
1034,Yeast Solutions,2026-10-14,1
1035,Malt Masters,2026-10-10,1
1036,Hop Alliance UK,2026-10-17,1
1037,Brew Logitics,2026-10-10,1
1038,Yeast Solutions,2026-10-24,0
1039,Yeast Solutions,2026-10-12,1
1040,Hop Alliance UK,2026-10-20,1
1041,Brew Logitics,2026-10-27,0
1042,Brew Logitics,2026-10-15,1
1043,Malt Masters,2026-10-20,1
1044,Yeast Solutions,2026-10-23,0
1045,Brew Logitics,2026-10-23,0
1046,Brew Logitics,2026-10-24,0
1047,Yeast Solutions,2026-10-14,1
1048,Malt Masters,2026-10-21,0
1049,Malt Masters,2026-10-16,1
1050,Brew Logitics,2026-10-25,0
1051,Hop Alliance UK,2026-10-22,0
1052,Malt Masters,2026-10-19,0
1053,Yeast Solutions,2026-10-25,0
1054,Yeast Solutions,2026-10-12,1
1055,Brew Logitics,2026-10-14,1
1056,Hop Alliance UK,2026-10-27,0
1057,Brew Logitics,2026-10-24,0
1058,Brew Logitics,2026-10-15,1
1059,Malt Masters,2026-10-19,0
1060,Yeast Solutions,2026-10-26,0
1061,Brew Logitics,2026-10-27,0
1062,Yeast Solutions,2026-10-14,1
1063,Yeast Solutions,2026-10-17,0
1064,Brew Logitics,2026-10-23,0
1065,Malt Masters,2026-10-22,0
1066,Brew Logitics,2026-10-26,0
1067,Brew Logitics,2026-10-17,0
1068,Hop Alliance UK,2026-10-10,1
1069,Yeast Solutions,2026-10-14,1
1070,Hop Alliance UK,2026-10-18,0
1071,Yeast Solutions,2026-10-24,0
1072,Yeast Solutions,2026-10-21,1
1073,Brew Logitics,2026-10-11,1
1074,Yeast Solutions,2026-10-14,1
1075,Yeast Solutions,2026-10-17,0
1076,Hop Alliance UK,2026-10-23,0
1077,Malt Masters,2026-10-15,0
1078,Yeast Solutions,2026-10-24,0
1079,Brew Logitics,2026-10-12,0
1080,Brew Logitics,2026-10-24,0
1081,Malt Masters,2026-10-18,0
1082,Malt Masters,2026-10-21,0
1083,Hop Alliance UK,2026-10-21,0
1084,Yeast Solutions,2026-10-22,0
1085,Brew Logitics,2026-10-18,0
1086,Yeast Solutions,2026-10-22,0
1087,Hop Alliance UK,2026-10-22,0
1088,Brew Logitics,2026-10-19,0
1089,Hop Alliance UK,2026-10-24,0
1090,Malt Masters,2026-10-17,1
1091,Hop Alliance UK,2026-10-12,1
1092,Yeast Solutions,2026-10-11,1
1093,Hop Alliance UK,2026-10-25,0
1094,Malt Masters,2026-10-15,1
1095,Brew Logitics,2026-10-18,1
1096,Malt Masters,2026-10-12,1
1097,Brew Logitics,2026-10-19,0
1098,Brew Logitics,2026-10-10,1
1099,Brew Logitics,2026-10-23,1
1100,Malt Masters,2026-10-18,0
1101,Brew Logitics,2026-10-20,0
1102,Brew Logitics,2026-10-15,1
1103,Yeast Solutions,2026-10-18,1
1104,Brew Logitics,2026-10-13,1
1105,Hop Alliance UK,2026-10-17,1
1106,Brew Logitics,2026-10-12,1
1107,Malt Masters,2026-10-16,0
1108,Hop Alliance UK,2026-10-25,0
1109,Brew Logitics,2026-10-13,1
1110,Yeast Solutions,2026-10-26,0
1111,Yeast Solutions,2026-10-22,0
1112,Brew Logitics,2026-10-19,1
1113,Yeast Solutions,2026-10-11,1
1114,Yeast Solutions,2026-10-17,0
1115,Yeast Solutions,2026-10-10,1
1116,Malt Masters,2026-10-25,0
1117,Brew Logitics,2026-10-18,0
1118,Malt Masters,2026-10-16,1
1119,Brew Logitics,2026-10-17,1
1120,Yeast Solutions,2026-10-13,1
1121,Brew Logitics,2026-10-26,0
1122,Hop Alliance UK,2026-10-11,0
1123,Hop Alliance UK,2026-10-10,1
1124,Yeast Solutions,2026-10-21,1
1125,Yeast Solutions,2026-10-14,1
1126,Hop Alliance UK,2026-10-13,1
1127,Brew Logitics,2026-10-16,1
1128,Malt Masters,2026-10-14,1
1129,Brew Logitics,2026-10-25,0
1130,Malt Masters,2026-10-24,0
1131,Brew Logitics,2026-10-22,0
1132,Yeast Solutions,2026-10-24,0
1133,Hop Alliance UK,2026-10-13,1
1134,Brew Logitics,2026-10-11,1
1135,Yeast Solutions,2026-10-22,0
1136,Malt Masters,2026-10-12,1
1137,Hop Alliance UK,2026-10-13,1
1138,Hop Alliance UK,2026-10-23,0
1139,Yeast Solutions,2026-10-15,1
1140,Brew Logitics,2026-10-20,0
1141,Yeast Solutions,2026-10-18,0
1142,Hop Alliance UK,2026-10-21,0
1143,Hop Alliance UK,2026-10-16,1
1144,Yeast Solutions,2026-10-16,0
1145,Brew Logitics,2026-10-26,0
1146,Yeast Solutions,2026-10-15,0
1147,Brew Logitics,2026-10-20,0
1148,Yeast Solutions,2026-10-14,1
1149,Yeast Solutions,2026-10-21,0
1150,Brew Logitics,2026-10-14,0
1151,Brew Logitics,2026-10-24,0
1152,Malt Masters,2026-10-14,1
1153,Hop Alliance UK,2026-10-19,0
1154,Malt Masters,2026-10-13,1
1155,Brew Logitics,2026-10-11,1
1156,Yeast Solutions,2026-10-25,0
1157,Brew Logitics,2026-10-13,1
1158,Brew Logitics,2026-10-25,0
1159,Brew Logitics,2026-10-25,0
1160,Malt Masters,2026-10-19,0
1161,Yeast Solutions,2026-10-15,1
1162,Malt Masters,2026-10-16,0
1163,Brew Logitics,2026-10-27,0
1164,Hop Alliance UK,2026-10-21,0
1165,Hop Alliance UK,2026-10-15,1
1166,Malt Masters,2026-10-14,0
1167,Hop Alliance UK,2026-10-19,1
1168,Hop Alliance UK,2026-10-24,0
1169,Malt Masters,2026-10-24,0
1170,Malt Masters,2026-10-24,0
1171,Hop Alliance UK,2026-10-22,0
1172,Yeast Solutions,2026-10-21,0
1173,Malt Masters,2026-10-22,0
1174,Malt Masters,2026-10-25,0
1175,Hop Alliance UK,2026-10-22,1
1176,Brew Logitics,2026-10-24,0
1177,Malt Masters,2026-10-21,1
1178,Hop Alliance UK,2026-10-23,0
1179,Malt Masters,2026-10-15,1
1180,Malt Masters,2026-10-11,1
1181,Yeast Solutions,2026-10-11,1
1182,Brew Logitics,2026-10-23,0
1183,Hop Alliance UK,2026-10-27,0
1184,Malt Masters,2026-10-20,0
1185,Malt Masters,2026-10-16,1
1186,Brew Logitics,2026-10-11,1
1187,Malt Masters,2026-10-27,0
1188,Yeast Solutions,2026-10-13,0
1189,Malt Masters,2026-10-21,0
1190,Yeast Solutions,2026-10-16,0
1191,Yeast Solutions,2026-10-13,0
1192,Malt Masters,2026-10-17,1
1193,Yeast Solutions,2026-10-23,0
1194,Brew Logitics,2026-10-12,1
1195,Yeast Solutions,2026-10-21,0
1196,Hop Alliance UK,2026-10-14,0
1197,Malt Masters,2026-10-27,0
1198,Hop Alliance UK,2026-10-14,1
1199,Brew Logitics,2026-10-24,0
1200,Malt Masters,2026-10-15,0
1201,Malt Masters,2026-10-23,0
1202,Brew Logitics,2026-10-18,0
1203,Yeast Solutions,2026-10-25,0
1204,Yeast Solutions,2026-10-11,1
1205,Malt Masters,2026-10-24,0
1206,Yeast Solutions,2026-10-17,1
1207,Yeast Solutions,2026-10-26,0
1208,Malt Masters,2026-10-11,1
1209,Malt Masters,2026-10-22,0
1210,Yeast Solutions,2026-10-16,1
1211,Yeast Solutions,2026-10-21,0
1212,Brew Logitics,2026-10-15,1
1213,Yeast Solutions,2026-10-16,0
1214,Hop Alliance UK,2026-10-18,1
1215,Malt Masters,2026-10-24,0
1216,Hop Alliance UK,2026-10-12,1
1217,Brew Logitics,2026-10-24,0
1218,Brew Logitics,2026-10-13,0
1219,Malt Masters,2026-10-11,1
1220,Brew Logitics,2026-10-15,0
1221,Malt Masters,2026-10-26,0
1222,Malt Masters,2026-10-16,0
1223,Yeast Solutions,2026-10-21,0
1224,Yeast Solutions,2026-10-25,0
1225,Yeast Solutions,2026-10-25,0
1226,Yeast Solutions,2026-10-23,0
1227,Hop Alliance UK,2026-10-18,0
1228,Brew Logitics,2026-10-22,0
1229,Brew Logitics,2026-10-25,0
1230,Hop Alliance UK,2026-10-27,0
1231,Brew Logitics,2026-10-13,1
1232,Brew Logitics,2026-10-16,0
1233,Brew Logitics,2026-10-23,0
1234,Yeast Solutions,2026-10-18,0
1235,Yeast Solutions,2026-10-11,1
1236,Brew Logitics,2026-10-22,0
1237,Hop Alliance UK,2026-10-20,0
1238,Yeast Solutions,2026-10-21,0
1239,Malt Masters,2026-10-15,1
1240,Malt Masters,2026-10-16,0
1241,Yeast Solutions,2026-10-11,1
1242,Yeast Solutions,2026-10-20,0
1243,Malt Masters,2026-10-14,1
1244,Hop Alliance UK,2026-10-27,0
1245,Malt Masters,2026-10-27,0
1246,Yeast Solutions,2026-10-12,1
1247,Brew Logitics,2026-10-10,1
1248,Yeast Solutions,2026-10-25,0
1249,Yeast Solutions,2026-10-18,0
1250,Yeast Solutions,2026-10-27,0
1251,Yeast Solutions,2026-10-27,0
1252,Malt Masters,2026-10-18,1
1253,Yeast Solutions,2026-10-21,0
1254,Brew Logitics,2026-10-13,1
1255,Hop Alliance UK,2026-10-16,1
1256,Malt Masters,2026-10-27,0
1257,Hop Alliance UK,2026-10-27,0
1258,Yeast Solutions,2026-10-13,1
1259,Hop Alliance UK,2026-10-18,0
1260,Hop Alliance UK,2026-10-25,0
1261,Yeast Solutions,2026-10-17,1
1262,Brew Logitics,2026-10-15,0
1263,Yeast Solutions,2026-10-18,0
1264,Brew Logitics,2026-10-10,1
1265,Hop Alliance UK,2026-10-26,0
1266,Hop Alliance UK,2026-10-22,0
1267,Malt Masters,2026-10-20,0
1268,Hop Alliance UK,2026-10-17,0
1269,Hop Alliance UK,2026-10-11,1
1270,Malt Masters,2026-10-23,0
1271,Malt Masters,2026-10-26,0
1272,Hop Alliance UK,2026-10-16,1
1273,Hop Alliance UK,2026-10-17,0
1274,Yeast Solutions,2026-10-10,1
1275,Yeast Solutions,2026-10-21,0
1276,Malt Masters,2026-10-22,1
1277,Yeast Solutions,2026-10-16,0
1278,Malt Masters,2026-10-22,0
1279,Yeast Solutions,2026-10-15,1
1280,Malt Masters,2026-10-22,0
1281,Malt Masters,2026-10-14,0
1282,Hop Alliance UK,2026-10-25,0
1283,Yeast Solutions,2026-10-19,1
1284,Yeast Solutions,2026-10-17,0
1285,Malt Masters,2026-10-15,1
1286,Yeast Solutions,2026-10-16,1
1287,Hop Alliance UK,2026-10-16,1
1288,Brew Logitics,2026-10-13,0
1289,Yeast Solutions,2026-10-23,0
1290,Brew Logitics,2026-10-14,1
1291,Brew Logitics,2026-10-15,0
1292,Malt Masters,2026-10-22,1
1293,Malt Masters,2026-10-14,1
1294,Yeast Solutions,2026-10-13,1
1295,Hop Alliance UK,2026-10-19,0
1296,Brew Logitics,2026-10-24,0
1297,Brew Logitics,2026-10-24,0
1298,Hop Alliance UK,2026-10-20,0
1299,Brew Logitics,2026-10-17,0
1300,Yeast Solutions,2026-10-17,0
1301,Hop Alliance UK,2026-10-10,1
1302,Brew Logitics,2026-10-26,0
1303,Brew Logitics,2026-10-19,0
1304,Hop Alliance UK,2026-10-17,0
1305,Brew Logitics,2026-10-16,1
1306,Hop Alliance UK,2026-10-19,1
1307,Brew Logitics,2026-10-27,0
1308,Yeast Solutions,2026-10-16,0
1309,Hop Alliance UK,2026-10-27,0
1310,Yeast Solutions,2026-10-21,0
1311,Hop Alliance UK,2026-10-10,1
1312,Brew Logitics,2026-10-23,0
1313,Malt Masters,2026-10-26,0
1314,Malt Masters,2026-10-13,1
1315,Malt Masters,2026-10-11,1
1316,Malt Masters,2026-10-12,0
1317,Yeast Solutions,2026-10-26,0
1318,Malt Masters,2026-10-10,1
1319,Hop Alliance UK,2026-10-18,1
1320,Yeast Solutions,2026-10-22,1
1321,Brew Logitics,2026-10-26,0
1322,Brew Logitics,2026-10-25,0
1323,Brew Logitics,2026-10-11,1
1324,Malt Masters,2026-10-15,1
1325,Hop Alliance UK,2026-10-22,1
1326,Brew Logitics,2026-10-18,0
1327,Brew Logitics,2026-10-26,0
1328,Yeast Solutions,2026-10-21,0
1329,Yeast Solutions,2026-10-21,0
1330,Hop Alliance UK,2026-10-24,0
1331,Yeast Solutions,2026-10-17,0
1332,Hop Alliance UK,2026-10-22,1
1333,Malt Masters,2026-10-18,1
1334,Yeast Solutions,2026-10-17,0
1335,Hop Alliance UK,2026-10-18,0
1336,Malt Masters,2026-10-23,0
1337,Yeast Solutions,2026-10-24,0
1338,Malt Masters,2026-10-19,0
1339,Brew Logitics,2026-10-21,0
1340,Hop Alliance UK,2026-10-18,0
1341,Hop Alliance UK,2026-10-16,0
1342,Hop Alliance UK,2026-10-19,0
1343,Malt Masters,2026-10-25,0
1344,Malt Masters,2026-10-12,1
1345,Brew Logitics,2026-10-10,1
1346,Hop Alliance UK,2026-10-18,0
1347,Hop Alliance UK,2026-10-23,0
1348,Hop Alliance UK,2026-10-16,1
1349,Hop Alliance UK,2026-10-20,0
1350,Malt Masters,2026-10-16,0
1351,Brew Logitics,2026-10-26,0
1352,Hop Alliance UK,2026-10-19,0
1353,Hop Alliance UK,2026-10-17,1
1354,Yeast Solutions,2026-10-24,0
1355,Brew Logitics,2026-10-25,0
1356,Yeast Solutions,2026-10-21,1
1357,Malt Masters,2026-10-27,0
1358,Brew Logitics,2026-10-16,0
1359,Yeast Solutions,2026-10-20,0
1360,Yeast Solutions,2026-10-23,1
1361,Brew Logitics,2026-10-21,0
1362,Malt Masters,2026-10-27,0
1363,Brew Logitics,2026-10-18,1
1364,Hop Alliance UK,2026-10-13,0
1365,Hop Alliance UK,2026-10-23,0
1366,Yeast Solutions,2026-10-25,0
1367,Hop Alliance UK,2026-10-25,0
1368,Brew Logitics,2026-10-18,0
1369,Yeast Solutions,2026-10-10,1
1370,Hop Alliance UK,2026-10-17,1
1371,Yeast Solutions,2026-10-25,0
1372,Yeast Solutions,2026-10-13,1
1373,Yeast Solutions,2026-10-10,1
1374,Brew Logitics,2026-10-24,0
1375,Hop Alliance UK,2026-10-13,0
1376,Hop Alliance UK,2026-10-22,0
1377,Hop Alliance UK,2026-10-10,1
1378,Hop Alliance UK,2026-10-23,0
1379,Yeast Solutions,2026-10-17,0
1380,Brew Logitics,2026-10-16,1
1381,Yeast Solutions,2026-10-15,0
1382,Yeast Solutions,2026-10-16,1
1383,Brew Logitics,2026-10-24,0
1384,Hop Alliance UK,2026-10-19,1
1385,Hop Alliance UK,2026-10-20,1
1386,Brew Logitics,2026-10-23,0
1387,Brew Logitics,2026-10-11,1
1388,Yeast Solutions,2026-10-12,1
1389,Yeast Solutions,2026-10-10,1
1390,Brew Logitics,2026-10-13,1
1391,Brew Logitics,2026-10-22,0
1392,Brew Logitics,2026-10-24,0
1393,Malt Masters,2026-10-22,1
1394,Brew Logitics,2026-10-14,1
1395,Hop Alliance UK,2026-10-19,0
1396,Brew Logitics,2026-10-20,0
1397,Yeast Solutions,2026-10-22,0
1398,Yeast Solutions,2026-10-12,1
1399,Yeast Solutions,2026-10-12,1
1400,Hop Alliance UK,2026-10-16,1
1401,Malt Masters,2026-10-14,1
1402,Hop Alliance UK,2026-10-12,1
1403,Malt Masters,2026-10-23,0
1404,Malt Masters,2026-10-11,0
1405,Hop Alliance UK,2026-10-27,0
1406,Malt Masters,2026-10-16,0
1407,Malt Masters,2026-10-13,1
1408,Malt Masters,2026-10-23,0
1409,Malt Masters,2026-10-18,1
1410,Brew Logitics,2026-10-24,0
1411,Hop Alliance UK,2026-10-15,0
1412,Hop Alliance UK,2026-10-14,1
1413,Brew Logitics,2026-10-22,0
1414,Brew Logitics,2026-10-23,0
1415,Brew Logitics,2026-10-16,0
1416,Hop Alliance UK,2026-10-25,0
1417,Brew Logitics,2026-10-19,0
1418,Malt Masters,2026-10-14,1
1419,Hop Alliance UK,2026-10-22,0
1420,Yeast Solutions,2026-10-23,0
1421,Yeast Solutions,2026-10-20,0
1422,Hop Alliance UK,2026-10-22,0
1423,Yeast Solutions,2026-10-23,0
1424,Malt Masters,2026-10-12,0
1425,Brew Logitics,2026-10-14,0
1426,Brew Logitics,2026-10-17,0
1427,Yeast Solutions,2026-10-16,1
1428,Hop Alliance UK,2026-10-10,1
1429,Malt Masters,2026-10-10,1
1430,Yeast Solutions,2026-10-12,1
1431,Malt Masters,2026-10-11,1
1432,Yeast Solutions,2026-10-20,0
1433,Malt Masters,2026-10-27,0
1434,Yeast Solutions,2026-10-24,0
1435,Yeast Solutions,2026-10-16,0
1436,Malt Masters,2026-10-23,0
1437,Brew Logitics,2026-10-12,1
1438,Brew Logitics,2026-10-15,1
1439,Hop Alliance UK,2026-10-19,0
1440,Hop Alliance UK,2026-10-16,0
1441,Yeast Solutions,2026-10-23,0
1442,Yeast Solutions,2026-10-25,0
1443,Malt Masters,2026-10-24,0
1444,Hop Alliance UK,2026-10-19,1
1445,Malt Masters,2026-10-11,1
1446,Yeast Solutions,2026-10-18,0
1447,Yeast Solutions,2026-10-18,1
1448,Yeast Solutions,2026-10-10,1
1449,Malt Masters,2026-10-26,0
1450,Brew Logitics,2026-10-22,1
1451,Yeast Solutions,2026-10-20,0
1452,Brew Logitics,2026-10-16,1
1453,Hop Alliance UK,2026-10-23,0
1454,Brew Logitics,2026-10-18,0
1455,Malt Masters,2026-10-27,0
1456,Yeast Solutions,2026-10-13,1
1457,Hop Alliance UK,2026-10-25,0
1458,Yeast Solutions,2026-10-16,1
1459,Hop Alliance UK,2026-10-11,1
1460,Brew Logitics,2026-10-26,0
1461,Malt Masters,2026-10-27,0
1462,Yeast Solutions,2026-10-11,1
1463,Malt Masters,2026-10-20,1
1464,Yeast Solutions,2026-10-23,0
1465,Malt Masters,2026-10-23,0
1466,Yeast Solutions,2026-10-10,1
1467,Malt Masters,2026-10-24,0
1468,Malt Masters,2026-10-16,1
1469,Brew Logitics,2026-10-17,1
1470,Malt Masters,2026-10-24,0
1471,Yeast Solutions,2026-10-21,0
1472,Yeast Solutions,2026-10-25,0
1473,Yeast Solutions,2026-10-22,0
1474,Malt Masters,2026-10-27,0
1475,Hop Alliance UK,2026-10-17,0
1476,Hop Alliance UK,2026-10-13,1
1477,Hop Alliance UK,2026-10-11,1
1478,Yeast Solutions,2026-10-18,1
1479,Yeast Solutions,2026-10-25,0
1480,Yeast Solutions,2026-10-12,0
1481,Brew Logitics,2026-10-14,1
1482,Brew Logitics,2026-10-14,1
1483,Malt Masters,2026-10-13,0
1484,Brew Logitics,2026-10-24,0
1485,Brew Logitics,2026-10-11,1
1486,Yeast Solutions,2026-10-23,0
1487,Malt Masters,2026-10-16,0
1488,Yeast Solutions,2026-10-20,0
1489,Yeast Solutions,2026-10-15,0
1490,Yeast Solutions,2026-10-13,1
1491,Hop Alliance UK,2026-10-11,1
1492,Brew Logitics,2026-10-13,1
1493,Hop Alliance UK,2026-10-11,1
1494,Brew Logitics,2026-10-13,1
1495,Malt Masters,2026-10-27,0
1496,Brew Logitics,2026-10-18,1
1497,Malt Masters,2026-10-27,0
1498,Malt Masters,2026-10-24,0
1499,Brew Logitics,2026-10-14,1
1500,Hop Alliance UK,2026-10-18,1
1501,Yeast Solutions,2026-10-24,0
1502,Hop Alliance UK,2026-10-10,1
1503,Hop Alliance UK,2026-10-27,0
1504,Brew Logitics,2026-10-22,0
1505,Brew Logitics,2026-10-23,0
1506,Yeast Solutions,2026-10-13,1
1507,Malt Masters,2026-10-21,0
1508,Brew Logitics,2026-10-18,1
1509,Yeast Solutions,2026-10-20,0
1510,Brew Logitics,2026-10-17,1
1511,Brew Logitics,2026-10-15,1
1512,Hop Alliance UK,2026-10-23,0
1513,Malt Masters,2026-10-15,1
1514,Brew Logitics,2026-10-15,1
1515,Malt Masters,2026-10-26,0
1516,Malt Masters,2026-10-23,1
1517,Brew Logitics,2026-10-10,1
1518,Hop Alliance UK,2026-10-20,1
1519,Malt Masters,2026-10-18,1
1520,Brew Logitics,2026-10-24,0
1521,Yeast Solutions,2026-10-18,0
1522,Brew Logitics,2026-10-14,0
1523,Yeast Solutions,2026-10-27,0
1524,Malt Masters,2026-10-16,0
1525,Yeast Solutions,2026-10-23,0
1526,Brew Logitics,2026-10-10,1
1527,Yeast Solutions,2026-10-17,0
1528,Brew Logitics,2026-10-16,0
1529,Brew Logitics,2026-10-15,1
1530,Brew Logitics,2026-10-22,0
1531,Hop Alliance UK,2026-10-16,0
1532,Hop Alliance UK,2026-10-16,1
1533,Brew Logitics,2026-10-10,1
1534,Malt Masters,2026-10-12,1
1535,Yeast Solutions,2026-10-24,0
1536,Hop Alliance UK,2026-10-20,0
1537,Brew Logitics,2026-10-23,0
1538,Malt Masters,2026-10-27,0
1539,Hop Alliance UK,2026-10-18,0
1540,Malt Masters,2026-10-19,0
1541,Malt Masters,2026-10-25,0
1542,Yeast Solutions,2026-10-18,0
1543,Brew Logitics,2026-10-20,1
1544,Malt Masters,2026-10-15,0
1545,Malt Masters,2026-10-13,0
1546,Brew Logitics,2026-10-26,0
1547,Hop Alliance UK,2026-10-22,0
1548,Malt Masters,2026-10-10,1
1549,Brew Logitics,2026-10-20,1
1550,Yeast Solutions,2026-10-18,0
1551,Hop Alliance UK,2026-10-15,0
1552,Yeast Solutions,2026-10-13,0
1553,Hop Alliance UK,2026-10-14,0
1554,Hop Alliance UK,2026-10-22,0
1555,Brew Logitics,2026-10-25,0
1556,Malt Masters,2026-10-13,1
1557,Hop Alliance UK,2026-10-11,1
1558,Hop Alliance UK,2026-10-27,0
1559,Yeast Solutions,2026-10-18,1
1560,Yeast Solutions,2026-10-10,1
1561,Hop Alliance UK,2026-10-22,0
1562,Yeast Solutions,2026-10-19,0
1563,Brew Logitics,2026-10-14,0
1564,Brew Logitics,2026-10-22,0
1565,Yeast Solutions,2026-10-13,1
1566,Yeast Solutions,2026-10-19,0
1567,Malt Masters,2026-10-27,0
1568,Hop Alliance UK,2026-10-17,1
1569,Malt Masters,2026-10-24,0
1570,Brew Logitics,2026-10-10,1
1571,Hop Alliance UK,2026-10-14,1
1572,Hop Alliance UK,2026-10-14,0
1573,Malt Masters,2026-10-14,0
1574,Brew Logitics,2026-10-15,0
1575,Yeast Solutions,2026-10-23,1
1576,Hop Alliance UK,2026-10-25,0
1577,Malt Masters,2026-10-19,1
1578,Hop Alliance UK,2026-10-26,0
1579,Malt Masters,2026-10-22,0
1580,Yeast Solutions,2026-10-26,0
1581,Malt Masters,2026-10-19,1
1582,Hop Alliance UK,2026-10-15,1
1583,Yeast Solutions,2026-10-24,0
1584,Brew Logitics,2026-10-11,1
1585,Hop Alliance UK,2026-10-10,1
1586,Hop Alliance UK,2026-10-25,0
1587,Malt Masters,2026-10-11,1
1588,Malt Masters,2026-10-22,0
1589,Hop Alliance UK,2026-10-14,1
1590,Yeast Solutions,2026-10-10,1
1591,Brew Logitics,2026-10-26,0
1592,Yeast Solutions,2026-10-15,1
1593,Yeast Solutions,2026-10-22,0
1594,Hop Alliance UK,2026-10-24,0
1595,Yeast Solutions,2026-10-18,0
1596,Brew Logitics,2026-10-15,1
1597,Hop Alliance UK,2026-10-15,1
1598,Hop Alliance UK,2026-10-17,1
1599,Hop Alliance UK,2026-10-23,0
1600,Malt Masters,2026-10-12,1
1601,Brew Logitics,2026-10-11,1
1602,Yeast Solutions,2026-10-23,0
1603,Brew Logitics,2026-10-16,0
1604,Brew Logitics,2026-10-24,0
1605,Brew Logitics,2026-10-19,1
1606,Hop Alliance UK,2026-10-13,1
1607,Brew Logitics,2026-10-24,0
1608,Yeast Solutions,2026-10-13,1
1609,Brew Logitics,2026-10-22,0
1610,Malt Masters,2026-10-22,0
1611,Yeast Solutions,2026-10-20,0
1612,Yeast Solutions,2026-10-14,0
1613,Yeast Solutions,2026-10-13,1
1614,Yeast Solutions,2026-10-25,0
1615,Yeast Solutions,2026-10-21,0
1616,Malt Masters,2026-10-16,0
1617,Malt Masters,2026-10-15,1
1618,Hop Alliance UK,2026-10-27,0
1619,Brew Logitics,2026-10-17,1
1620,Malt Masters,2026-10-27,0
1621,Brew Logitics,2026-10-20,1
1622,Yeast Solutions,2026-10-23,0
1623,Hop Alliance UK,2026-10-10,1
1624,Yeast Solutions,2026-10-20,0
1625,Hop Alliance UK,2026-10-18,0
1626,Brew Logitics,2026-10-22,0
1627,Hop Alliance UK,2026-10-24,0
1628,Hop Alliance UK,2026-10-11,1
1629,Hop Alliance UK,2026-10-11,1
1630,Brew Logitics,2026-10-19,0
1631,Brew Logitics,2026-10-17,0
1632,Malt Masters,2026-10-27,0
1633,Hop Alliance UK,2026-10-12,0
1634,Brew Logitics,2026-10-23,0
1635,Hop Alliance UK,2026-10-27,0
1636,Yeast Solutions,2026-10-16,0
1637,Malt Masters,2026-10-16,0
1638,Hop Alliance UK,2026-10-15,1
1639,Hop Alliance UK,2026-10-17,0
1640,Malt Masters,2026-10-22,0
1641,Brew Logitics,2026-10-11,0
1642,Yeast Solutions,2026-10-23,0
1643,Hop Alliance UK,2026-10-21,0
1644,Hop Alliance UK,2026-10-19,0
1645,Brew Logitics,2026-10-26,0
1646,Yeast Solutions,2026-10-15,1
1647,Hop Alliance UK,2026-10-20,0
1648,Malt Masters,2026-10-24,0
1649,Hop Alliance UK,2026-10-12,1
1650,Hop Alliance UK,2026-10-24,0
1651,Brew Logitics,2026-10-17,0
1652,Yeast Solutions,2026-10-23,1
1653,Yeast Solutions,2026-10-21,0
1654,Brew Logitics,2026-10-22,0
1655,Brew Logitics,2026-10-10,1
1656,Brew Logitics,2026-10-18,0
1657,Hop Alliance UK,2026-10-23,0
1658,Malt Masters,2026-10-15,0
1659,Hop Alliance UK,2026-10-20,0
1660,Brew Logitics,2026-10-17,1
1661,Brew Logitics,2026-10-24,0
1662,Yeast Solutions,2026-10-24,0
1663,Hop Alliance UK,2026-10-18,1
1664,Malt Masters,2026-10-19,0
1665,Malt Masters,2026-10-22,1
1666,Yeast Solutions,2026-10-14,1
1667,Hop Alliance UK,2026-10-18,1
1668,Malt Masters,2026-10-26,0
1669,Brew Logitics,2026-10-25,0
1670,Brew Logitics,2026-10-16,1
1671,Brew Logitics,2026-10-13,1
1672,Yeast Solutions,2026-10-20,1
1673,Yeast Solutions,2026-10-25,0
1674,Yeast Solutions,2026-10-22,0
1675,Yeast Solutions,2026-10-13,0
1676,Malt Masters,2026-10-19,0
1677,Brew Logitics,2026-10-15,0
1678,Malt Masters,2026-10-24,0
1679,Hop Alliance UK,2026-10-15,1
1680,Brew Logitics,2026-10-16,0
1681,Brew Logitics,2026-10-15,1
1682,Brew Logitics,2026-10-12,1
1683,Hop Alliance UK,2026-10-17,0
1684,Yeast Solutions,2026-10-17,0
1685,Brew Logitics,2026-10-21,0
1686,Brew Logitics,2026-10-25,0
1687,Malt Masters,2026-10-25,0
1688,Yeast Solutions,2026-10-15,1
1689,Brew Logitics,2026-10-18,1
1690,Malt Masters,2026-10-25,0
1691,Malt Masters,2026-10-10,1
1692,Malt Masters,2026-10-23,0
1693,Yeast Solutions,2026-10-25,0
1694,Malt Masters,2026-10-23,0
1695,Yeast Solutions,2026-10-11,1
1696,Malt Masters,2026-10-19,0
1697,Yeast Solutions,2026-10-16,1
1698,Hop Alliance UK,2026-10-26,0
1699,Hop Alliance UK,2026-10-24,0
1700,Hop Alliance UK,2026-10-20,0
1701,Yeast Solutions,2026-10-12,1
1702,Brew Logitics,2026-10-12,1
1703,Brew Logitics,2026-10-12,1
1704,Malt Masters,2026-10-12,1
1705,Malt Masters,2026-10-14,1
1706,Hop Alliance UK,2026-10-21,0
1707,Hop Alliance UK,2026-10-26,0
1708,Yeast Solutions,2026-10-21,0
1709,Brew Logitics,2026-10-18,1
1710,Malt Masters,2026-10-24,0
1711,Brew Logitics,2026-10-25,0
1712,Brew Logitics,2026-10-22,0
1713,Yeast Solutions,2026-10-18,0
1714,Malt Masters,2026-10-26,0
1715,Brew Logitics,2026-10-16,0
1716,Brew Logitics,2026-10-16,1
1717,Yeast Solutions,2026-10-11,1
1718,Malt Masters,2026-10-12,1
1719,Yeast Solutions,2026-10-25,0
1720,Malt Masters,2026-10-16,1
1721,Hop Alliance UK,2026-10-26,0
1722,Hop Alliance UK,2026-10-18,0
1723,Malt Masters,2026-10-16,0
1724,Brew Logitics,2026-10-11,1
1725,Malt Masters,2026-10-24,0
1726,Brew Logitics,2026-10-25,0
1727,Yeast Solutions,2026-10-22,0
1728,Brew Logitics,2026-10-15,1
1729,Yeast Solutions,2026-10-14,1
1730,Yeast Solutions,2026-10-22,0
1731,Yeast Solutions,2026-10-21,0
1732,Brew Logitics,2026-10-21,0
1733,Hop Alliance UK,2026-10-19,1
1734,Hop Alliance UK,2026-10-25,0
1735,Malt Masters,2026-10-14,1
1736,Brew Logitics,2026-10-21,0
1737,Yeast Solutions,2026-10-27,0
1738,Malt Masters,2026-10-19,0
1739,Malt Masters,2026-10-12,1
1740,Brew Logitics,2026-10-22,0
1741,Yeast Solutions,2026-10-22,0
1742,Hop Alliance UK,2026-10-12,1
1743,Yeast Solutions,2026-10-16,1
1744,Brew Logitics,2026-10-15,0
1745,Malt Masters,2026-10-11,1
1746,Hop Alliance UK,2026-10-20,0
1747,Brew Logitics,2026-10-25,0
1748,Brew Logitics,2026-10-10,1
1749,Brew Logitics,2026-10-11,1
1750,Yeast Solutions,2026-10-24,0
1751,Malt Masters,2026-10-24,0
1752,Brew Logitics,2026-10-26,0
1753,Malt Masters,2026-10-10,1
1754,Malt Masters,2026-10-27,0
1755,Yeast Solutions,2026-10-14,1
1756,Malt Masters,2026-10-24,0
1757,Brew Logitics,2026-10-16,0
1758,Yeast Solutions,2026-10-19,0
1759,Yeast Solutions,2026-10-12,1
1760,Yeast Solutions,2026-10-21,0
1761,Hop Alliance UK,2026-10-22,0
1762,Brew Logitics,2026-10-11,1
1763,Yeast Solutions,2026-10-27,0
1764,Hop Alliance UK,2026-10-21,1
1765,Yeast Solutions,2026-10-12,1
1766,Yeast Solutions,2026-10-22,0
1767,Brew Logitics,2026-10-23,0
1768,Malt Masters,2026-10-14,1
1769,Brew Logitics,2026-10-16,1
1770,Yeast Solutions,2026-10-26,0
1771,Yeast Solutions,2026-10-21,1
1772,Hop Alliance UK,2026-10-20,0
1773,Brew Logitics,2026-10-12,1
1774,Brew Logitics,2026-10-13,1
1775,Yeast Solutions,2026-10-16,1
1776,Malt Masters,2026-10-15,1
1777,Yeast Solutions,2026-10-18,1
1778,Hop Alliance UK,2026-10-17,1
1779,Malt Masters,2026-10-16,0
1780,Malt Masters,2026-10-25,0
1781,Brew Logitics,2026-10-13,1
1782,Hop Alliance UK,2026-10-12,1
1783,Yeast Solutions,2026-10-26,0
1784,Malt Masters,2026-10-14,0
1785,Malt Masters,2026-10-25,0
1786,Malt Masters,2026-10-11,1
1787,Brew Logitics,2026-10-22,0
1788,Brew Logitics,2026-10-12,1
1789,Brew Logitics,2026-10-21,0
1790,Hop Alliance UK,2026-10-17,0
1791,Hop Alliance UK,2026-10-11,1
1792,Brew Logitics,2026-10-17,0
1793,Malt Masters,2026-10-26,0
1794,Malt Masters,2026-10-20,0
1795,Yeast Solutions,2026-10-14,1
1796,Brew Logitics,2026-10-19,0
1797,Hop Alliance UK,2026-10-11,1
1798,Yeast Solutions,2026-10-26,0
1799,Hop Alliance UK,2026-10-16,0
1800,Yeast Solutions,2026-10-27,0
1801,Malt Masters,2026-10-11,1
1802,Malt Masters,2026-10-24,0
1803,Malt Masters,2026-10-26,0
1804,Yeast Solutions,2026-10-26,0
1805,Hop Alliance UK,2026-10-16,0
1806,Yeast Solutions,2026-10-21,0
1807,Brew Logitics,2026-10-21,0
1808,Yeast Solutions,2026-10-18,1
1809,Yeast Solutions,2026-10-24,0
1810,Yeast Solutions,2026-10-11,1
1811,Malt Masters,2026-10-26,0
1812,Malt Masters,2026-10-17,1
1813,Hop Alliance UK,2026-10-14,1
1814,Yeast Solutions,2026-10-18,1
1815,Yeast Solutions,2026-10-22,0
1816,Malt Masters,2026-10-12,1
1817,Malt Masters,2026-10-19,1
1818,Hop Alliance UK,2026-10-16,1
1819,Malt Masters,2026-10-11,1
1820,Yeast Solutions,2026-10-24,0
1821,Yeast Solutions,2026-10-11,0
1822,Hop Alliance UK,2026-10-15,1
1823,Yeast Solutions,2026-10-22,0
1824,Yeast Solutions,2026-10-18,0
1825,Malt Masters,2026-10-21,0
1826,Hop Alliance UK,2026-10-24,0
1827,Yeast Solutions,2026-10-23,0
1828,Malt Masters,2026-10-12,0
1829,Yeast Solutions,2026-10-14,1
1830,Malt Masters,2026-10-25,0
1831,Hop Alliance UK,2026-10-12,1
1832,Malt Masters,2026-10-19,0
1833,Yeast Solutions,2026-10-22,1
1834,Yeast Solutions,2026-10-19,0
1835,Yeast Solutions,2026-10-15,1
1836,Hop Alliance UK,2026-10-16,1
1837,Brew Logitics,2026-10-13,0
1838,Yeast Solutions,2026-10-26,0
1839,Yeast Solutions,2026-10-10,1
1840,Brew Logitics,2026-10-14,1
1841,Yeast Solutions,2026-10-22,0
1842,Yeast Solutions,2026-10-22,0
1843,Brew Logitics,2026-10-14,0
1844,Hop Alliance UK,2026-10-25,0
1845,Yeast Solutions,2026-10-21,0
1846,Hop Alliance UK,2026-10-15,1
1847,Yeast Solutions,2026-10-14,1
1848,Malt Masters,2026-10-12,1
1849,Brew Logitics,2026-10-13,1
1850,Hop Alliance UK,2026-10-16,1
1851,Malt Masters,2026-10-23,0
1852,Malt Masters,2026-10-26,0
1853,Hop Alliance UK,2026-10-21,1
1854,Brew Logitics,2026-10-12,1
1855,Malt Masters,2026-10-21,0
1856,Brew Logitics,2026-10-20,0
1857,Hop Alliance UK,2026-10-16,1
1858,Brew Logitics,2026-10-13,1
1859,Yeast Solutions,2026-10-24,0
1860,Malt Masters,2026-10-16,1
1861,Hop Alliance UK,2026-10-19,0
1862,Malt Masters,2026-10-10,1
1863,Malt Masters,2026-10-22,1
1864,Yeast Solutions,2026-10-16,1
1865,Malt Masters,2026-10-19,0
1866,Hop Alliance UK,2026-10-11,1
1867,Yeast Solutions,2026-10-25,0
1868,Brew Logitics,2026-10-26,0
1869,Hop Alliance UK,2026-10-14,1
1870,Brew Logitics,2026-10-17,1
1871,Yeast Solutions,2026-10-13,0
1872,Brew Logitics,2026-10-15,1
1873,Malt Masters,2026-10-15,0
1874,Malt Masters,2026-10-20,0
1875,Brew Logitics,2026-10-27,0
1876,Brew Logitics,2026-10-18,1
1877,Hop Alliance UK,2026-10-17,1
1878,Hop Alliance UK,2026-10-26,0
1879,Hop Alliance UK,2026-10-20,1
1880,Yeast Solutions,2026-10-27,0
1881,Malt Masters,2026-10-21,0
1882,Hop Alliance UK,2026-10-10,1
1883,Brew Logitics,2026-10-14,1
1884,Hop Alliance UK,2026-10-12,0
1885,Brew Logitics,2026-10-26,0
1886,Yeast Solutions,2026-10-18,0
1887,Hop Alliance UK,2026-10-12,0
1888,Malt Masters,2026-10-10,1
1889,Brew Logitics,2026-10-13,1
1890,Hop Alliance UK,2026-10-24,0
1891,Hop Alliance UK,2026-10-20,0
1892,Hop Alliance UK,2026-10-27,0
1893,Brew Logitics,2026-10-18,0
1894,Malt Masters,2026-10-19,0
1895,Hop Alliance UK,2026-10-26,0
1896,Brew Logitics,2026-10-15,1
1897,Yeast Solutions,2026-10-23,0
1898,Brew Logitics,2026-10-18,1
1899,Brew Logitics,2026-10-12,1
1900,Brew Logitics,2026-10-15,0
1901,Yeast Solutions,2026-10-17,1
1902,Malt Masters,2026-10-22,0
1903,Hop Alliance UK,2026-10-21,1
1904,Yeast Solutions,2026-10-20,1
1905,Brew Logitics,2026-10-26,0
1906,Yeast Solutions,2026-10-25,0
1907,Malt Masters,2026-10-11,1
1908,Hop Alliance UK,2026-10-16,1
1909,Hop Alliance UK,2026-10-17,0
1910,Hop Alliance UK,2026-10-15,1
1911,Yeast Solutions,2026-10-10,1
1912,Hop Alliance UK,2026-10-15,1
1913,Hop Alliance UK,2026-10-12,1
1914,Malt Masters,2026-10-27,0
1915,Yeast Solutions,2026-10-11,1
1916,Yeast Solutions,2026-10-21,0
1917,Brew Logitics,2026-10-10,1
1918,Yeast Solutions,2026-10-27,0
1919,Hop Alliance UK,2026-10-26,0
1920,Hop Alliance UK,2026-10-17,0
1921,Yeast Solutions,2026-10-20,0
1922,Brew Logitics,2026-10-22,0
1923,Malt Masters,2026-10-22,1
1924,Brew Logitics,2026-10-18,1
1925,Malt Masters,2026-10-14,1
1926,Yeast Solutions,2026-10-13,1
1927,Malt Masters,2026-10-25,0
1928,Malt Masters,2026-10-23,1
1929,Hop Alliance UK,2026-10-27,0
1930,Brew Logitics,2026-10-13,1
1931,Hop Alliance UK,2026-10-24,0
1932,Malt Masters,2026-10-20,0
1933,Brew Logitics,2026-10-11,1
1934,Hop Alliance UK,2026-10-26,0
1935,Malt Masters,2026-10-20,0
1936,Yeast Solutions,2026-10-21,0
1937,Hop Alliance UK,2026-10-13,0
1938,Yeast Solutions,2026-10-18,1
1939,Malt Masters,2026-10-15,0
1940,Yeast Solutions,2026-10-23,0
1941,Hop Alliance UK,2026-10-18,1
1942,Hop Alliance UK,2026-10-21,0
1943,Brew Logitics,2026-10-10,1
1944,Malt Masters,2026-10-12,1
1945,Hop Alliance UK,2026-10-23,0
1946,Yeast Solutions,2026-10-18,1
1947,Hop Alliance UK,2026-10-23,0
1948,Malt Masters,2026-10-23,1
1949,Yeast Solutions,2026-10-14,1
1950,Brew Logitics,2026-10-20,0
1951,Hop Alliance UK,2026-10-11,1
1952,Malt Masters,2026-10-11,1
1953,Hop Alliance UK,2026-10-10,1
1954,Yeast Solutions,2026-10-11,1
1955,Brew Logitics,2026-10-10,1
1956,Yeast Solutions,2026-10-19,0
1957,Hop Alliance UK,2026-10-10,1
1958,Yeast Solutions,2026-10-26,0
1959,Brew Logitics,2026-10-18,1
1960,Brew Logitics,2026-10-10,1
1961,Brew Logitics,2026-10-20,0
1962,Brew Logitics,2026-10-24,0
1963,Hop Alliance UK,2026-10-23,0
1964,Yeast Solutions,2026-10-26,0
1965,Malt Masters,2026-10-18,0
1966,Brew Logitics,2026-10-16,1
1967,Yeast Solutions,2026-10-22,0
1968,Malt Masters,2026-10-16,0
1969,Malt Masters,2026-10-11,1
1970,Malt Masters,2026-10-24,0
1971,Malt Masters,2026-10-20,0
1972,Yeast Solutions,2026-10-14,0
1973,Hop Alliance UK,2026-10-26,0
1974,Hop Alliance UK,2026-10-22,0
1975,Brew Logitics,2026-10-23,0
1976,Brew Logitics,2026-10-15,1
1977,Malt Masters,2026-10-19,0
1978,Malt Masters,2026-10-26,0
1979,Brew Logitics,2026-10-24,0
1980,Malt Masters,2026-10-16,1
1981,Brew Logitics,2026-10-21,0
1982,Yeast Solutions,2026-10-21,0
1983,Hop Alliance UK,2026-10-19,1
1984,Yeast Solutions,2026-10-22,0
1985,Malt Masters,2026-10-13,0
1986,Brew Logitics,2026-10-15,1
1987,Hop Alliance UK,2026-10-15,1
1988,Hop Alliance UK,2026-10-19,0
1989,Hop Alliance UK,2026-10-16,1
1990,Malt Masters,2026-10-19,0
1991,Yeast Solutions,2026-10-25,0
1992,Malt Masters,2026-10-19,0
1993,Yeast Solutions,2026-10-14,1
1994,Brew Logitics,2026-10-17,0
1995,Brew Logitics,2026-10-11,1
1996,Hop Alliance UK,2026-10-20,1
1997,Malt Masters,2026-10-14,1
1998,Malt Masters,2026-10-16,1
1999,Yeast Solutions,2026-10-14,0
2000,Yeast Solutions,2026-10-27,0
2001,Hop Alliance UK,2026-10-14,1
2002,Hop Alliance UK,2026-10-14,0
2003,Malt Masters,2026-10-22,0
2004,Brew Logitics,2026-10-23,1
2005,Malt Masters,2026-10-20,0
2006,Brew Logitics,2026-10-26,0
2007,Brew Logitics,2026-10-19,0
2008,Yeast Solutions,2026-10-19,1
2009,Brew Logitics,2026-10-18,1
2010,Brew Logitics,2026-10-24,0
2011,Hop Alliance UK,2026-10-20,1
2012,Brew Logitics,2026-10-25,0
2013,Yeast Solutions,2026-10-21,0
2014,Yeast Solutions,2026-10-10,1
2015,Brew Logitics,2026-10-16,1
2016,Yeast Solutions,2026-10-20,0
2017,Malt Masters,2026-10-25,0
2018,Brew Logitics,2026-10-20,0
2019,Yeast Solutions,2026-10-23,0
2020,Malt Masters,2026-10-14,0
2021,Brew Logitics,2026-10-20,0
2022,Hop Alliance UK,2026-10-26,0
2023,Brew Logitics,2026-10-25,0
2024,Hop Alliance UK,2026-10-20,1
2025,Brew Logitics,2026-10-18,0
2026,Malt Masters,2026-10-12,1
2027,Brew Logitics,2026-10-17,1
2028,Brew Logitics,2026-10-26,0
2029,Malt Masters,2026-10-15,0
2030,Malt Masters,2026-10-22,0
2031,Yeast Solutions,2026-10-10,1
2032,Malt Masters,2026-10-19,0
2033,Brew Logitics,2026-10-10,1
2034,Yeast Solutions,2026-10-12,1
2035,Yeast Solutions,2026-10-20,0
2036,Hop Alliance UK,2026-10-20,1
2037,Hop Alliance UK,2026-10-25,0
2038,Hop Alliance UK,2026-10-18,0
2039,Hop Alliance UK,2026-10-15,1
2040,Hop Alliance UK,2026-10-20,0
2041,Hop Alliance UK,2026-10-13,1
2042,Malt Masters,2026-10-19,1
2043,Hop Alliance UK,2026-10-25,0
2044,Yeast Solutions,2026-10-23,0
2045,Yeast Solutions,2026-10-21,0
2046,Brew Logitics,2026-10-25,0
2047,Malt Masters,2026-10-25,0
2048,Hop Alliance UK,2026-10-26,0
2049,Malt Masters,2026-10-15,1
2050,Brew Logitics,2026-10-23,0
2051,Brew Logitics,2026-10-25,0
2052,Yeast Solutions,2026-10-27,0
2053,Brew Logitics,2026-10-12,1
2054,Malt Masters,2026-10-11,1
2055,Malt Masters,2026-10-19,0
2056,Malt Masters,2026-10-15,0
2057,Yeast Solutions,2026-10-12,1
2058,Malt Masters,2026-10-18,0
2059,Malt Masters,2026-10-24,0
2060,Hop Alliance UK,2026-10-20,0
2061,Brew Logitics,2026-10-13,1
2062,Malt Masters,2026-10-17,0
2063,Yeast Solutions,2026-10-21,0
2064,Malt Masters,2026-10-27,0
2065,Brew Logitics,2026-10-19,0
2066,Hop Alliance UK,2026-10-11,0
2067,Brew Logitics,2026-10-20,1
2068,Hop Alliance UK,2026-10-15,1
2069,Brew Logitics,2026-10-24,0
2070,Yeast Solutions,2026-10-12,1
2071,Hop Alliance UK,2026-10-20,0
2072,Yeast Solutions,2026-10-23,0
2073,Malt Masters,2026-10-20,1
2074,Malt Masters,2026-10-20,1
2075,Yeast Solutions,2026-10-12,0
2076,Yeast Solutions,2026-10-26,0
2077,Malt Masters,2026-10-15,1
2078,Yeast Solutions,2026-10-19,0
2079,Brew Logitics,2026-10-17,1
2080,Malt Masters,2026-10-10,1
2081,Yeast Solutions,2026-10-10,1
2082,Malt Masters,2026-10-20,0
2083,Yeast Solutions,2026-10-25,0
2084,Hop Alliance UK,2026-10-21,0
2085,Hop Alliance UK,2026-10-24,0
2086,Yeast Solutions,2026-10-11,1
2087,Hop Alliance UK,2026-10-18,0
2088,Hop Alliance UK,2026-10-15,0
2089,Yeast Solutions,2026-10-16,1
2090,Yeast Solutions,2026-10-27,0
2091,Malt Masters,2026-10-21,1
2092,Brew Logitics,2026-10-18,0
2093,Yeast Solutions,2026-10-26,0
2094,Brew Logitics,2026-10-18,1
2095,Brew Logitics,2026-10-11,1
2096,Yeast Solutions,2026-10-14,1
2097,Malt Masters,2026-10-17,0
2098,Brew Logitics,2026-10-14,1
2099,Hop Alliance UK,2026-10-26,0
2100,Malt Masters,2026-10-22,0
2101,Yeast Solutions,2026-10-20,0
2102,Malt Masters,2026-10-17,0
2103,Malt Masters,2026-10-26,0
2104,Yeast Solutions,2026-10-16,0
2105,Malt Masters,2026-10-25,0
2106,Brew Logitics,2026-10-19,1
2107,Hop Alliance UK,2026-10-22,0
2108,Malt Masters,2026-10-23,0
2109,Malt Masters,2026-10-10,1
2110,Malt Masters,2026-10-21,0
2111,Hop Alliance UK,2026-10-14,1
2112,Yeast Solutions,2026-10-27,0
2113,Hop Alliance UK,2026-10-20,0
2114,Malt Masters,2026-10-27,0
2115,Yeast Solutions,2026-10-27,0
2116,Brew Logitics,2026-10-12,1
2117,Brew Logitics,2026-10-14,1
2118,Hop Alliance UK,2026-10-17,0
2119,Brew Logitics,2026-10-24,0
2120,Brew Logitics,2026-10-10,1
2121,Brew Logitics,2026-10-27,0
2122,Brew Logitics,2026-10-14,1
2123,Hop Alliance UK,2026-10-20,1
2124,Malt Masters,2026-10-20,0
2125,Yeast Solutions,2026-10-21,0
2126,Brew Logitics,2026-10-12,1
2127,Brew Logitics,2026-10-15,1
2128,Brew Logitics,2026-10-13,0
2129,Brew Logitics,2026-10-17,0
2130,Yeast Solutions,2026-10-10,1
2131,Yeast Solutions,2026-10-16,1
2132,Brew Logitics,2026-10-12,1
2133,Brew Logitics,2026-10-11,1
2134,Brew Logitics,2026-10-12,1
2135,Brew Logitics,2026-10-27,0
2136,Hop Alliance UK,2026-10-12,1
2137,Hop Alliance UK,2026-10-20,0
2138,Hop Alliance UK,2026-10-23,0
2139,Malt Masters,2026-10-23,1
2140,Yeast Solutions,2026-10-23,0
2141,Brew Logitics,2026-10-17,0
2142,Hop Alliance UK,2026-10-23,1
2143,Brew Logitics,2026-10-12,0
2144,Malt Masters,2026-10-25,0
2145,Brew Logitics,2026-10-17,0
2146,Yeast Solutions,2026-10-27,0
2147,Malt Masters,2026-10-16,1
2148,Yeast Solutions,2026-10-14,0
2149,Brew Logitics,2026-10-13,1
2150,Brew Logitics,2026-10-17,1
2151,Hop Alliance UK,2026-10-19,0
2152,Brew Logitics,2026-10-11,1
2153,Brew Logitics,2026-10-26,0
2154,Brew Logitics,2026-10-19,0
2155,Yeast Solutions,2026-10-27,0
2156,Yeast Solutions,2026-10-23,0
2157,Malt Masters,2026-10-26,0
2158,Hop Alliance UK,2026-10-24,0
2159,Yeast Solutions,2026-10-11,1
2160,Yeast Solutions,2026-10-19,0
2161,Brew Logitics,2026-10-26,0
2162,Yeast Solutions,2026-10-13,1
2163,Malt Masters,2026-10-12,1
2164,Yeast Solutions,2026-10-11,1
2165,Yeast Solutions,2026-10-20,0
2166,Malt Masters,2026-10-23,0
2167,Hop Alliance UK,2026-10-21,0
2168,Yeast Solutions,2026-10-25,0
2169,Hop Alliance UK,2026-10-22,0
2170,Yeast Solutions,2026-10-17,1
2171,Yeast Solutions,2026-10-24,0
2172,Hop Alliance UK,2026-10-21,0
2173,Brew Logitics,2026-10-15,0
2174,Malt Masters,2026-10-15,1
2175,Brew Logitics,2026-10-23,0
2176,Yeast Solutions,2026-10-12,1
2177,Brew Logitics,2026-10-15,1
2178,Brew Logitics,2026-10-12,1
2179,Hop Alliance UK,2026-10-16,0
2180,Brew Logitics,2026-10-14,0
2181,Hop Alliance UK,2026-10-13,1
2182,Brew Logitics,2026-10-14,0
2183,Hop Alliance UK,2026-10-27,0
2184,Hop Alliance UK,2026-10-21,0
2185,Brew Logitics,2026-10-14,0
2186,Hop Alliance UK,2026-10-16,0
2187,Malt Masters,2026-10-10,1
2188,Yeast Solutions,2026-10-12,1
2189,Hop Alliance UK,2026-10-12,1
2190,Yeast Solutions,2026-10-24,0
2191,Yeast Solutions,2026-10-12,1
2192,Yeast Solutions,2026-10-19,0
2193,Brew Logitics,2026-10-16,1
2194,Yeast Solutions,2026-10-23,0
2195,Yeast Solutions,2026-10-25,0
2196,Yeast Solutions,2026-10-26,0
2197,Yeast Solutions,2026-10-14,0
2198,Yeast Solutions,2026-10-15,0
2199,Yeast Solutions,2026-10-10,1
2200,Brew Logitics,2026-10-11,1
2201,Hop Alliance UK,2026-10-16,0
2202,Brew Logitics,2026-10-13,1
2203,Malt Masters,2026-10-18,1
2204,Yeast Solutions,2026-10-11,1
2205,Hop Alliance UK,2026-10-26,0
2206,Hop Alliance UK,2026-10-24,0
2207,Brew Logitics,2026-10-14,0
2208,Malt Masters,2026-10-12,1
2209,Hop Alliance UK,2026-10-22,0
2210,Yeast Solutions,2026-10-11,1
2211,Yeast Solutions,2026-10-19,0
2212,Brew Logitics,2026-10-15,0
2213,Yeast Solutions,2026-10-15,0
2214,Yeast Solutions,2026-10-13,1
2215,Brew Logitics,2026-10-25,0
2216,Hop Alliance UK,2026-10-18,1
2217,Brew Logitics,2026-10-15,1
2218,Hop Alliance UK,2026-10-18,1
2219,Yeast Solutions,2026-10-20,0
2220,Brew Logitics,2026-10-25,0
2221,Malt Masters,2026-10-14,1
2222,Yeast Solutions,2026-10-19,1
2223,Malt Masters,2026-10-21,0
2224,Brew Logitics,2026-10-23,0
2225,Malt Masters,2026-10-23,0
2226,Yeast Solutions,2026-10-18,1
2227,Brew Logitics,2026-10-11,1
2228,Brew Logitics,2026-10-23,0
2229,Malt Masters,2026-10-27,0
2230,Brew Logitics,2026-10-10,1
2231,Malt Masters,2026-10-24,0
2232,Brew Logitics,2026-10-20,0
2233,Brew Logitics,2026-10-21,1
2234,Brew Logitics,2026-10-14,1
2235,Brew Logitics,2026-10-18,1
2236,Yeast Solutions,2026-10-19,0
2237,Brew Logitics,2026-10-26,0
2238,Brew Logitics,2026-10-12,1
2239,Hop Alliance UK,2026-10-13,1
2240,Brew Logitics,2026-10-13,1
2241,Brew Logitics,2026-10-24,0
2242,Malt Masters,2026-10-16,0
2243,Brew Logitics,2026-10-26,0
2244,Brew Logitics,2026-10-12,1
2245,Malt Masters,2026-10-22,0
2246,Malt Masters,2026-10-26,0
2247,Yeast Solutions,2026-10-14,1
2248,Brew Logitics,2026-10-10,1
2249,Hop Alliance UK,2026-10-11,1
2250,Malt Masters,2026-10-17,1
2251,Malt Masters,2026-10-12,1
2252,Yeast Solutions,2026-10-11,1
2253,Yeast Solutions,2026-10-18,1
2254,Hop Alliance UK,2026-10-20,1
2255,Yeast Solutions,2026-10-25,0
2256,Malt Masters,2026-10-14,1
2257,Yeast Solutions,2026-10-17,0
2258,Brew Logitics,2026-10-12,1
2259,Hop Alliance UK,2026-10-20,1
2260,Brew Logitics,2026-10-12,0
2261,Hop Alliance UK,2026-10-20,1
2262,Malt Masters,2026-10-12,1
2263,Brew Logitics,2026-10-10,1
2264,Brew Logitics,2026-10-18,1
2265,Hop Alliance UK,2026-10-15,1
2266,Yeast Solutions,2026-10-24,0
2267,Brew Logitics,2026-10-24,0
2268,Brew Logitics,2026-10-17,0
2269,Hop Alliance UK,2026-10-21,0
2270,Brew Logitics,2026-10-18,0
2271,Hop Alliance UK,2026-10-13,1
2272,Hop Alliance UK,2026-10-22,0
2273,Malt Masters,2026-10-10,1
2274,Hop Alliance UK,2026-10-17,0
2275,Yeast Solutions,2026-10-20,1
2276,Malt Masters,2026-10-19,1
2277,Malt Masters,2026-10-15,1
2278,Brew Logitics,2026-10-15,1
2279,Malt Masters,2026-10-24,0
2280,Yeast Solutions,2026-10-24,0
2281,Brew Logitics,2026-10-11,1
2282,Malt Masters,2026-10-16,0
2283,Yeast Solutions,2026-10-15,1
2284,Yeast Solutions,2026-10-26,0
2285,Malt Masters,2026-10-13,1
2286,Hop Alliance UK,2026-10-16,1
2287,Yeast Solutions,2026-10-14,1
2288,Malt Masters,2026-10-10,1
2289,Brew Logitics,2026-10-20,0
2290,Brew Logitics,2026-10-20,1
2291,Yeast Solutions,2026-10-25,0
2292,Hop Alliance UK,2026-10-10,1
2293,Brew Logitics,2026-10-19,0
2294,Yeast Solutions,2026-10-15,0
2295,Brew Logitics,2026-10-14,1
2296,Brew Logitics,2026-10-13,1
2297,Brew Logitics,2026-10-14,1
2298,Yeast Solutions,2026-10-21,0
2299,Yeast Solutions,2026-10-15,1
2300,Malt Masters,2026-10-19,1
2301,Hop Alliance UK,2026-10-10,1
2302,Malt Masters,2026-10-24,0
2303,Hop Alliance UK,2026-10-26,0
2304,Malt Masters,2026-10-12,1
2305,Yeast Solutions,2026-10-24,0
2306,Hop Alliance UK,2026-10-16,0
2307,Brew Logitics,2026-10-24,0
2308,Brew Logitics,2026-10-25,0
2309,Yeast Solutions,2026-10-27,0
2310,Yeast Solutions,2026-10-17,0
2311,Malt Masters,2026-10-17,0
2312,Brew Logitics,2026-10-15,1
2313,Brew Logitics,2026-10-13,1
2314,Brew Logitics,2026-10-11,1
2315,Brew Logitics,2026-10-20,0
2316,Brew Logitics,2026-10-26,0
2317,Yeast Solutions,2026-10-12,1
2318,Malt Masters,2026-10-27,0
2319,Yeast Solutions,2026-10-24,0
2320,Hop Alliance UK,2026-10-21,0
2321,Yeast Solutions,2026-10-17,1
2322,Malt Masters,2026-10-18,1
2323,Yeast Solutions,2026-10-26,0
2324,Brew Logitics,2026-10-22,0
2325,Brew Logitics,2026-10-21,0
2326,Brew Logitics,2026-10-26,0
2327,Hop Alliance UK,2026-10-13,1
2328,Brew Logitics,2026-10-24,0
2329,Brew Logitics,2026-10-12,1
2330,Hop Alliance UK,2026-10-17,1
2331,Malt Masters,2026-10-26,0
2332,Yeast Solutions,2026-10-13,1
2333,Brew Logitics,2026-10-11,1
2334,Brew Logitics,2026-10-17,1
2335,Hop Alliance UK,2026-10-24,0
2336,Malt Masters,2026-10-13,1
2337,Brew Logitics,2026-10-19,0
2338,Brew Logitics,2026-10-21,1
2339,Malt Masters,2026-10-19,1
2340,Yeast Solutions,2026-10-23,0
2341,Hop Alliance UK,2026-10-25,0
2342,Malt Masters,2026-10-26,0
2343,Brew Logitics,2026-10-21,1
2344,Yeast Solutions,2026-10-14,1
2345,Yeast Solutions,2026-10-19,0
2346,Yeast Solutions,2026-10-26,0
2347,Hop Alliance UK,2026-10-20,1
2348,Brew Logitics,2026-10-18,0
2349,Yeast Solutions,2026-10-18,0
2350,Malt Masters,2026-10-16,0
2351,Hop Alliance UK,2026-10-20,0
2352,Malt Masters,2026-10-12,1
2353,Yeast Solutions,2026-10-19,0
2354,Malt Masters,2026-10-11,1
2355,Brew Logitics,2026-10-11,1
2356,Malt Masters,2026-10-10,1
2357,Malt Masters,2026-10-14,1
2358,Malt Masters,2026-10-16,0
2359,Brew Logitics,2026-10-10,1
2360,Yeast Solutions,2026-10-16,1
2361,Hop Alliance UK,2026-10-23,0
2362,Brew Logitics,2026-10-18,0
2363,Brew Logitics,2026-10-15,1
2364,Malt Masters,2026-10-15,0
2365,Brew Logitics,2026-10-23,0
2366,Hop Alliance UK,2026-10-12,1
2367,Malt Masters,2026-10-15,0
2368,Yeast Solutions,2026-10-20,0
2369,Hop Alliance UK,2026-10-17,1
2370,Brew Logitics,2026-10-20,0
2371,Malt Masters,2026-10-25,0
2372,Malt Masters,2026-10-16,0
2373,Malt Masters,2026-10-20,0
2374,Yeast Solutions,2026-10-26,0
2375,Brew Logitics,2026-10-27,0
2376,Yeast Solutions,2026-10-22,0
2377,Brew Logitics,2026-10-18,0
2378,Brew Logitics,2026-10-25,0
2379,Hop Alliance UK,2026-10-22,0
2380,Hop Alliance UK,2026-10-26,0
2381,Yeast Solutions,2026-10-12,1
2382,Malt Masters,2026-10-13,1
2383,Brew Logitics,2026-10-12,1
2384,Yeast Solutions,2026-10-21,0
2385,Brew Logitics,2026-10-21,0
2386,Yeast Solutions,2026-10-24,0
2387,Hop Alliance UK,2026-10-15,1
2388,Malt Masters,2026-10-20,0
2389,Malt Masters,2026-10-13,1
2390,Brew Logitics,2026-10-20,0
2391,Malt Masters,2026-10-15,1
2392,Yeast Solutions,2026-10-23,0
2393,Brew Logitics,2026-10-22,0
2394,Hop Alliance UK,2026-10-26,0
2395,Hop Alliance UK,2026-10-23,1
2396,Hop Alliance UK,2026-10-25,0
2397,Brew Logitics,2026-10-23,0
2398,Brew Logitics,2026-10-26,0
2399,Brew Logitics,2026-10-19,0
2400,Yeast Solutions,2026-10-25,0
2401,Yeast Solutions,2026-10-17,1
2402,Malt Masters,2026-10-22,0
2403,Hop Alliance UK,2026-10-12,1
2404,Yeast Solutions,2026-10-24,0
2405,Brew Logitics,2026-10-18,1
2406,Yeast Solutions,2026-10-24,0
2407,Brew Logitics,2026-10-16,1
2408,Brew Logitics,2026-10-24,0
2409,Yeast Solutions,2026-10-14,1
2410,Malt Masters,2026-10-25,0
2411,Malt Masters,2026-10-18,0
2412,Brew Logitics,2026-10-24,0
2413,Malt Masters,2026-10-12,1
2414,Yeast Solutions,2026-10-13,1
2415,Hop Alliance UK,2026-10-15,1
2416,Hop Alliance UK,2026-10-21,0
2417,Hop Alliance UK,2026-10-21,0
2418,Yeast Solutions,2026-10-17,0
2419,Brew Logitics,2026-10-11,1
2420,Yeast Solutions,2026-10-19,1
2421,Malt Masters,2026-10-19,0
2422,Hop Alliance UK,2026-10-25,0
2423,Yeast Solutions,2026-10-23,0
2424,Hop Alliance UK,2026-10-17,1
2425,Hop Alliance UK,2026-10-16,1
2426,Hop Alliance UK,2026-10-10,1
2427,Malt Masters,2026-10-15,1
2428,Malt Masters,2026-10-18,1
2429,Hop Alliance UK,2026-10-24,0
2430,Yeast Solutions,2026-10-11,1
2431,Yeast Solutions,2026-10-26,0
2432,Brew Logitics,2026-10-12,1
2433,Hop Alliance UK,2026-10-22,0
2434,Hop Alliance UK,2026-10-12,1
2435,Yeast Solutions,2026-10-14,1
2436,Malt Masters,2026-10-17,0
2437,Malt Masters,2026-10-20,0
2438,Brew Logitics,2026-10-11,1
2439,Yeast Solutions,2026-10-23,0
2440,Hop Alliance UK,2026-10-18,0
2441,Hop Alliance UK,2026-10-10,1
2442,Brew Logitics,2026-10-13,1
2443,Malt Masters,2026-10-22,1
2444,Brew Logitics,2026-10-11,1
2445,Brew Logitics,2026-10-23,0
2446,Hop Alliance UK,2026-10-15,1
2447,Malt Masters,2026-10-26,0
2448,Malt Masters,2026-10-14,0
2449,Brew Logitics,2026-10-11,1
2450,Malt Masters,2026-10-14,1
2451,Hop Alliance UK,2026-10-13,1
2452,Malt Masters,2026-10-11,1
2453,Brew Logitics,2026-10-20,1
2454,Brew Logitics,2026-10-25,0
2455,Malt Masters,2026-10-18,1
2456,Brew Logitics,2026-10-23,0
2457,Hop Alliance UK,2026-10-22,1
2458,Malt Masters,2026-10-15,1
2459,Hop Alliance UK,2026-10-10,1
2460,Brew Logitics,2026-10-11,1
2461,Hop Alliance UK,2026-10-14,1
2462,Yeast Solutions,2026-10-26,0
2463,Malt Masters,2026-10-23,0
2464,Hop Alliance UK,2026-10-19,0
2465,Hop Alliance UK,2026-10-14,1
2466,Malt Masters,2026-10-14,1
2467,Brew Logitics,2026-10-12,0
2468,Brew Logitics,2026-10-22,0
2469,Malt Masters,2026-10-14,1
2470,Hop Alliance UK,2026-10-14,1
2471,Brew Logitics,2026-10-25,0
2472,Yeast Solutions,2026-10-22,0
2473,Brew Logitics,2026-10-24,0
2474,Hop Alliance UK,2026-10-15,1
2475,Hop Alliance UK,2026-10-18,0
2476,Malt Masters,2026-10-24,0
2477,Yeast Solutions,2026-10-21,0
2478,Brew Logitics,2026-10-22,0
2479,Brew Logitics,2026-10-25,0
2480,Hop Alliance UK,2026-10-26,0
2481,Brew Logitics,2026-10-17,0
2482,Yeast Solutions,2026-10-27,0
2483,Yeast Solutions,2026-10-18,0
2484,Malt Masters,2026-10-27,0
2485,Hop Alliance UK,2026-10-10,1
2486,Malt Masters,2026-10-15,0
2487,Yeast Solutions,2026-10-16,0
2488,Malt Masters,2026-10-17,1
2489,Yeast Solutions,2026-10-19,0
2490,Brew Logitics,2026-10-22,0
2491,Malt Masters,2026-10-23,0
2492,Yeast Solutions,2026-10-17,1
2493,Yeast Solutions,2026-10-16,1
2494,Malt Masters,2026-10-25,0
2495,Brew Logitics,2026-10-14,1
2496,Malt Masters,2026-10-15,1
2497,Malt Masters,2026-10-17,0
2498,Yeast Solutions,2026-10-16,1
2499,Hop Alliance UK,2026-10-24,0
2500,Hop Alliance UK,2026-10-20,1
2501,Hop Alliance UK,2026-10-13,1
2502,Yeast Solutions,2026-10-18,0
2503,Brew Logitics,2026-10-12,1
2504,Hop Alliance UK,2026-10-27,0
2505,Yeast Solutions,2026-10-18,0
2506,Malt Masters,2026-10-18,0
2507,Yeast Solutions,2026-10-25,0
2508,Brew Logitics,2026-10-26,0
2509,Brew Logitics,2026-10-12,1
2510,Yeast Solutions,2026-10-22,0
2511,Malt Masters,2026-10-24,0
2512,Malt Masters,2026-10-15,1
2513,Hop Alliance UK,2026-10-23,0
2514,Malt Masters,2026-10-20,0
2515,Brew Logitics,2026-10-24,0
2516,Brew Logitics,2026-10-22,0
2517,Hop Alliance UK,2026-10-10,1
2518,Hop Alliance UK,2026-10-14,1
2519,Yeast Solutions,2026-10-22,0
2520,Malt Masters,2026-10-23,0
2521,Brew Logitics,2026-10-21,0
2522,Brew Logitics,2026-10-18,0
2523,Malt Masters,2026-10-12,1
2524,Brew Logitics,2026-10-17,0
2525,Yeast Solutions,2026-10-19,0
2526,Brew Logitics,2026-10-17,0
2527,Malt Masters,2026-10-19,0
2528,Malt Masters,2026-10-13,1
2529,Malt Masters,2026-10-14,0
2530,Hop Alliance UK,2026-10-25,0
2531,Hop Alliance UK,2026-10-15,1
2532,Malt Masters,2026-10-24,0
2533,Brew Logitics,2026-10-16,0
2534,Hop Alliance UK,2026-10-11,1
2535,Hop Alliance UK,2026-10-24,0
2536,Brew Logitics,2026-10-18,0
2537,Yeast Solutions,2026-10-23,0
2538,Hop Alliance UK,2026-10-25,0
2539,Brew Logitics,2026-10-27,0
2540,Hop Alliance UK,2026-10-25,0
2541,Hop Alliance UK,2026-10-20,0
2542,Hop Alliance UK,2026-10-19,0
2543,Hop Alliance UK,2026-10-17,1
2544,Hop Alliance UK,2026-10-12,1
2545,Yeast Solutions,2026-10-17,0
2546,Brew Logitics,2026-10-21,0
2547,Brew Logitics,2026-10-12,1
2548,Yeast Solutions,2026-10-18,0
2549,Malt Masters,2026-10-11,1
2550,Yeast Solutions,2026-10-14,1
2551,Yeast Solutions,2026-10-20,0
2552,Hop Alliance UK,2026-10-22,0
2553,Yeast Solutions,2026-10-26,0
2554,Hop Alliance UK,2026-10-19,0
2555,Hop Alliance UK,2026-10-18,1
2556,Brew Logitics,2026-10-27,0
2557,Yeast Solutions,2026-10-20,0
2558,Yeast Solutions,2026-10-24,0
2559,Malt Masters,2026-10-19,1
2560,Yeast Solutions,2026-10-10,1
2561,Hop Alliance UK,2026-10-21,0
2562,Brew Logitics,2026-10-21,0
2563,Hop Alliance UK,2026-10-10,1
2564,Yeast Solutions,2026-10-25,0
2565,Yeast Solutions,2026-10-10,1
2566,Yeast Solutions,2026-10-16,1
2567,Brew Logitics,2026-10-11,1
2568,Hop Alliance UK,2026-10-18,1
2569,Yeast Solutions,2026-10-25,0
2570,Malt Masters,2026-10-21,0
2571,Malt Masters,2026-10-11,1
2572,Brew Logitics,2026-10-26,0
2573,Yeast Solutions,2026-10-22,0
2574,Yeast Solutions,2026-10-22,0
2575,Malt Masters,2026-10-21,0
2576,Yeast Solutions,2026-10-25,0
2577,Brew Logitics,2026-10-25,0
2578,Yeast Solutions,2026-10-17,0
2579,Brew Logitics,2026-10-15,1
2580,Malt Masters,2026-10-19,1
2581,Yeast Solutions,2026-10-23,0
2582,Malt Masters,2026-10-22,0
2583,Yeast Solutions,2026-10-16,1
2584,Yeast Solutions,2026-10-26,0
2585,Malt Masters,2026-10-10,1
2586,Yeast Solutions,2026-10-17,1
2587,Brew Logitics,2026-10-14,1
2588,Brew Logitics,2026-10-18,1
2589,Hop Alliance UK,2026-10-18,1
2590,Hop Alliance UK,2026-10-25,0
2591,Brew Logitics,2026-10-19,0
2592,Hop Alliance UK,2026-10-13,1
2593,Hop Alliance UK,2026-10-22,0
2594,Hop Alliance UK,2026-10-17,0
2595,Brew Logitics,2026-10-13,1
2596,Yeast Solutions,2026-10-10,1
2597,Brew Logitics,2026-10-11,1
2598,Brew Logitics,2026-10-10,1
2599,Yeast Solutions,2026-10-21,0
2600,Malt Masters,2026-10-25,0
2601,Hop Alliance UK,2026-10-24,0
2602,Malt Masters,2026-10-24,0
2603,Brew Logitics,2026-10-27,0
2604,Brew Logitics,2026-10-12,1
2605,Hop Alliance UK,2026-10-19,0
2606,Brew Logitics,2026-10-20,1
2607,Malt Masters,2026-10-26,0
2608,Hop Alliance UK,2026-10-13,0
2609,Malt Masters,2026-10-10,1
2610,Malt Masters,2026-10-12,1
2611,Hop Alliance UK,2026-10-26,0
2612,Hop Alliance UK,2026-10-17,0
2613,Malt Masters,2026-10-21,1
2614,Yeast Solutions,2026-10-14,1
2615,Yeast Solutions,2026-10-12,1
2616,Yeast Solutions,2026-10-21,0
2617,Hop Alliance UK,2026-10-21,0
2618,Brew Logitics,2026-10-20,0
2619,Malt Masters,2026-10-16,0
2620,Brew Logitics,2026-10-13,1
2621,Hop Alliance UK,2026-10-26,0
2622,Malt Masters,2026-10-21,0
2623,Brew Logitics,2026-10-24,0
2624,Brew Logitics,2026-10-18,0
2625,Brew Logitics,2026-10-15,1
2626,Brew Logitics,2026-10-27,0
2627,Brew Logitics,2026-10-11,1
2628,Malt Masters,2026-10-19,0
2629,Brew Logitics,2026-10-17,0
2630,Malt Masters,2026-10-25,0
2631,Yeast Solutions,2026-10-15,1
2632,Malt Masters,2026-10-19,0
2633,Malt Masters,2026-10-23,0
2634,Hop Alliance UK,2026-10-24,0
2635,Malt Masters,2026-10-11,1
2636,Malt Masters,2026-10-25,0
2637,Yeast Solutions,2026-10-25,0
2638,Malt Masters,2026-10-12,0
2639,Malt Masters,2026-10-20,0
2640,Yeast Solutions,2026-10-22,0
2641,Yeast Solutions,2026-10-24,0
2642,Brew Logitics,2026-10-27,0
2643,Malt Masters,2026-10-10,1
2644,Hop Alliance UK,2026-10-27,0
2645,Brew Logitics,2026-10-13,0
2646,Yeast Solutions,2026-10-23,0
2647,Malt Masters,2026-10-18,1
2648,Yeast Solutions,2026-10-17,0
2649,Yeast Solutions,2026-10-25,0
2650,Malt Masters,2026-10-17,1
2651,Brew Logitics,2026-10-26,0
2652,Malt Masters,2026-10-12,1
2653,Hop Alliance UK,2026-10-12,1
2654,Malt Masters,2026-10-20,0
2655,Malt Masters,2026-10-23,0
2656,Hop Alliance UK,2026-10-10,1
2657,Malt Masters,2026-10-20,0
2658,Brew Logitics,2026-10-19,0
2659,Brew Logitics,2026-10-21,0
2660,Hop Alliance UK,2026-10-23,0
2661,Yeast Solutions,2026-10-11,1
2662,Yeast Solutions,2026-10-10,1
2663,Hop Alliance UK,2026-10-10,1
2664,Hop Alliance UK,2026-10-11,1
2665,Brew Logitics,2026-10-12,1
2666,Brew Logitics,2026-10-22,0
2667,Malt Masters,2026-10-18,1
2668,Yeast Solutions,2026-10-11,1
2669,Hop Alliance UK,2026-10-14,1
2670,Malt Masters,2026-10-27,0
2671,Hop Alliance UK,2026-10-13,1
2672,Hop Alliance UK,2026-10-22,1
2673,Brew Logitics,2026-10-25,0
2674,Hop Alliance UK,2026-10-26,0
2675,Hop Alliance UK,2026-10-21,0
2676,Yeast Solutions,2026-10-23,0
2677,Hop Alliance UK,2026-10-19,0
2678,Malt Masters,2026-10-12,1
2679,Hop Alliance UK,2026-10-12,1
2680,Brew Logitics,2026-10-23,0
2681,Malt Masters,2026-10-16,1
2682,Malt Masters,2026-10-12,1
2683,Yeast Solutions,2026-10-19,1
2684,Hop Alliance UK,2026-10-15,1
2685,Malt Masters,2026-10-20,0
2686,Brew Logitics,2026-10-18,1
2687,Brew Logitics,2026-10-15,0
2688,Yeast Solutions,2026-10-23,0
2689,Malt Masters,2026-10-26,0
2690,Brew Logitics,2026-10-16,0
2691,Malt Masters,2026-10-14,1
2692,Hop Alliance UK,2026-10-14,1
2693,Malt Masters,2026-10-16,1
2694,Brew Logitics,2026-10-13,0
2695,Hop Alliance UK,2026-10-26,0
2696,Yeast Solutions,2026-10-27,0
2697,Malt Masters,2026-10-24,0
2698,Brew Logitics,2026-10-21,0
2699,Brew Logitics,2026-10-12,0
2700,Hop Alliance UK,2026-10-19,0
2701,Yeast Solutions,2026-10-16,1
2702,Yeast Solutions,2026-10-11,1
2703,Hop Alliance UK,2026-10-21,0
2704,Malt Masters,2026-10-15,0
2705,Yeast Solutions,2026-10-10,1
2706,Brew Logitics,2026-10-18,0
2707,Yeast Solutions,2026-10-26,0
2708,Malt Masters,2026-10-22,0
2709,Yeast Solutions,2026-10-24,0
2710,Brew Logitics,2026-10-24,0
2711,Brew Logitics,2026-10-25,0
2712,Brew Logitics,2026-10-13,1
2713,Hop Alliance UK,2026-10-27,0
2714,Yeast Solutions,2026-10-21,0
2715,Malt Masters,2026-10-22,0
2716,Malt Masters,2026-10-25,0
2717,Yeast Solutions,2026-10-17,1
2718,Brew Logitics,2026-10-14,1
2719,Brew Logitics,2026-10-18,0
2720,Hop Alliance UK,2026-10-23,0
2721,Hop Alliance UK,2026-10-18,1
2722,Hop Alliance UK,2026-10-26,0
2723,Hop Alliance UK,2026-10-23,0
2724,Yeast Solutions,2026-10-23,0
2725,Brew Logitics,2026-10-25,0
2726,Hop Alliance UK,2026-10-15,1
2727,Malt Masters,2026-10-22,0
2728,Hop Alliance UK,2026-10-20,1
2729,Hop Alliance UK,2026-10-13,1
2730,Hop Alliance UK,2026-10-25,0
2731,Yeast Solutions,2026-10-18,0
2732,Hop Alliance UK,2026-10-24,0
2733,Malt Masters,2026-10-16,0
2734,Malt Masters,2026-10-19,0
2735,Malt Masters,2026-10-22,0
2736,Brew Logitics,2026-10-20,0
2737,Brew Logitics,2026-10-13,0
2738,Hop Alliance UK,2026-10-18,1
2739,Yeast Solutions,2026-10-24,0
2740,Malt Masters,2026-10-25,0
2741,Yeast Solutions,2026-10-23,0
2742,Malt Masters,2026-10-10,1
2743,Yeast Solutions,2026-10-25,0
2744,Brew Logitics,2026-10-14,1
2745,Hop Alliance UK,2026-10-14,1
2746,Yeast Solutions,2026-10-20,1
2747,Brew Logitics,2026-10-10,1
2748,Hop Alliance UK,2026-10-13,1
2749,Brew Logitics,2026-10-13,1
2750,Yeast Solutions,2026-10-16,1
2751,Malt Masters,2026-10-26,0
2752,Brew Logitics,2026-10-15,1
2753,Yeast Solutions,2026-10-12,1
2754,Malt Masters,2026-10-19,0
2755,Malt Masters,2026-10-22,0
2756,Yeast Solutions,2026-10-16,1
2757,Hop Alliance UK,2026-10-10,1
2758,Yeast Solutions,2026-10-19,0
2759,Malt Masters,2026-10-23,0
2760,Yeast Solutions,2026-10-10,1
2761,Hop Alliance UK,2026-10-13,1
2762,Brew Logitics,2026-10-16,0
2763,Yeast Solutions,2026-10-27,0
2764,Brew Logitics,2026-10-24,0
2765,Brew Logitics,2026-10-18,1
2766,Hop Alliance UK,2026-10-15,0
2767,Brew Logitics,2026-10-13,0
2768,Brew Logitics,2026-10-23,0
2769,Brew Logitics,2026-10-11,1
2770,Yeast Solutions,2026-10-26,0
2771,Brew Logitics,2026-10-23,1
2772,Brew Logitics,2026-10-26,0
2773,Hop Alliance UK,2026-10-19,1
2774,Brew Logitics,2026-10-20,0
2775,Malt Masters,2026-10-27,0
2776,Hop Alliance UK,2026-10-15,0
2777,Brew Logitics,2026-10-14,0
2778,Brew Logitics,2026-10-15,1
2779,Hop Alliance UK,2026-10-11,1
2780,Hop Alliance UK,2026-10-27,0
2781,Hop Alliance UK,2026-10-21,1
2782,Hop Alliance UK,2026-10-22,1
2783,Hop Alliance UK,2026-10-22,0
2784,Yeast Solutions,2026-10-15,1
2785,Brew Logitics,2026-10-23,0
2786,Brew Logitics,2026-10-12,1
2787,Brew Logitics,2026-10-13,0
2788,Yeast Solutions,2026-10-12,1
2789,Malt Masters,2026-10-19,0
2790,Brew Logitics,2026-10-13,0
2791,Hop Alliance UK,2026-10-26,0
2792,Yeast Solutions,2026-10-19,1
2793,Hop Alliance UK,2026-10-15,1
2794,Hop Alliance UK,2026-10-15,1
2795,Malt Masters,2026-10-19,0
2796,Brew Logitics,2026-10-10,1
2797,Hop Alliance UK,2026-10-11,1
2798,Malt Masters,2026-10-12,0
2799,Malt Masters,2026-10-14,1
2800,Hop Alliance UK,2026-10-19,0
2801,Brew Logitics,2026-10-16,1
2802,Yeast Solutions,2026-10-12,1
2803,Hop Alliance UK,2026-10-20,1
2804,Hop Alliance UK,2026-10-25,0
2805,Malt Masters,2026-10-12,1
2806,Brew Logitics,2026-10-10,1
2807,Brew Logitics,2026-10-25,0
2808,Hop Alliance UK,2026-10-27,0
2809,Hop Alliance UK,2026-10-24,0
2810,Brew Logitics,2026-10-22,0
2811,Yeast Solutions,2026-10-15,1
2812,Hop Alliance UK,2026-10-14,1
2813,Hop Alliance UK,2026-10-10,1
2814,Malt Masters,2026-10-22,1
2815,Brew Logitics,2026-10-18,0
2816,Brew Logitics,2026-10-21,0
2817,Malt Masters,2026-10-15,1
2818,Brew Logitics,2026-10-20,0
2819,Malt Masters,2026-10-22,0
2820,Brew Logitics,2026-10-12,1
2821,Brew Logitics,2026-10-13,1
2822,Hop Alliance UK,2026-10-16,1
2823,Hop Alliance UK,2026-10-26,0
2824,Malt Masters,2026-10-11,1
2825,Malt Masters,2026-10-18,1
2826,Malt Masters,2026-10-17,1
2827,Malt Masters,2026-10-10,1
2828,Hop Alliance UK,2026-10-14,1
2829,Yeast Solutions,2026-10-12,1
2830,Brew Logitics,2026-10-19,0
2831,Yeast Solutions,2026-10-19,1
2832,Hop Alliance UK,2026-10-15,0
2833,Hop Alliance UK,2026-10-27,0
2834,Yeast Solutions,2026-10-13,0
2835,Brew Logitics,2026-10-18,0
2836,Hop Alliance UK,2026-10-27,0
2837,Yeast Solutions,2026-10-19,1
2838,Yeast Solutions,2026-10-11,1
2839,Yeast Solutions,2026-10-14,0
2840,Hop Alliance UK,2026-10-23,0
2841,Yeast Solutions,2026-10-21,0
2842,Brew Logitics,2026-10-19,0
2843,Yeast Solutions,2026-10-23,0
2844,Yeast Solutions,2026-10-22,0
2845,Brew Logitics,2026-10-16,1
2846,Malt Masters,2026-10-21,0
2847,Yeast Solutions,2026-10-25,0
2848,Brew Logitics,2026-10-16,1
2849,Yeast Solutions,2026-10-27,0
2850,Malt Masters,2026-10-13,1
2851,Malt Masters,2026-10-21,0
2852,Yeast Solutions,2026-10-22,0
2853,Brew Logitics,2026-10-19,1
2854,Hop Alliance UK,2026-10-14,1
2855,Hop Alliance UK,2026-10-19,1
2856,Yeast Solutions,2026-10-16,0
2857,Hop Alliance UK,2026-10-17,1
2858,Malt Masters,2026-10-27,0
2859,Malt Masters,2026-10-10,1
2860,Yeast Solutions,2026-10-24,0
2861,Yeast Solutions,2026-10-17,1
2862,Yeast Solutions,2026-10-18,1
2863,Hop Alliance UK,2026-10-20,0
2864,Hop Alliance UK,2026-10-15,1
2865,Malt Masters,2026-10-13,1
2866,Malt Masters,2026-10-18,0
2867,Yeast Solutions,2026-10-25,0
2868,Hop Alliance UK,2026-10-21,0
2869,Hop Alliance UK,2026-10-15,1
2870,Yeast Solutions,2026-10-24,0
2871,Brew Logitics,2026-10-12,1
2872,Yeast Solutions,2026-10-22,1
2873,Yeast Solutions,2026-10-19,1
2874,Yeast Solutions,2026-10-20,0
2875,Yeast Solutions,2026-10-11,0
2876,Brew Logitics,2026-10-15,1
2877,Malt Masters,2026-10-20,0
2878,Brew Logitics,2026-10-25,0
2879,Brew Logitics,2026-10-14,1
2880,Yeast Solutions,2026-10-11,1
2881,Hop Alliance UK,2026-10-24,0
2882,Hop Alliance UK,2026-10-12,1
2883,Yeast Solutions,2026-10-27,0
2884,Brew Logitics,2026-10-15,1
2885,Brew Logitics,2026-10-26,0
2886,Brew Logitics,2026-10-17,1
2887,Hop Alliance UK,2026-10-17,1
2888,Yeast Solutions,2026-10-11,1
2889,Malt Masters,2026-10-20,0
2890,Brew Logitics,2026-10-21,0
2891,Malt Masters,2026-10-15,0
2892,Brew Logitics,2026-10-16,1
2893,Hop Alliance UK,2026-10-17,1
2894,Hop Alliance UK,2026-10-18,1
2895,Malt Masters,2026-10-26,0
2896,Malt Masters,2026-10-14,0
2897,Yeast Solutions,2026-10-14,1
2898,Hop Alliance UK,2026-10-19,0
2899,Yeast Solutions,2026-10-24,0
2900,Hop Alliance UK,2026-10-12,1
2901,Yeast Solutions,2026-10-17,1
2902,Malt Masters,2026-10-24,0
2903,Malt Masters,2026-10-12,1
2904,Malt Masters,2026-10-10,1
2905,Yeast Solutions,2026-10-12,1
2906,Yeast Solutions,2026-10-17,0
2907,Yeast Solutions,2026-10-24,0
2908,Malt Masters,2026-10-20,0
2909,Brew Logitics,2026-10-12,1
2910,Yeast Solutions,2026-10-13,1
2911,Malt Masters,2026-10-11,1
2912,Malt Masters,2026-10-21,0
2913,Hop Alliance UK,2026-10-27,0
2914,Yeast Solutions,2026-10-14,1
2915,Yeast Solutions,2026-10-10,1
2916,Malt Masters,2026-10-27,0
2917,Yeast Solutions,2026-10-23,0
2918,Yeast Solutions,2026-10-18,0
2919,Malt Masters,2026-10-13,1
2920,Brew Logitics,2026-10-12,1
2921,Malt Masters,2026-10-18,1
2922,Malt Masters,2026-10-17,1
2923,Malt Masters,2026-10-10,1
2924,Brew Logitics,2026-10-18,0
2925,Brew Logitics,2026-10-26,0
2926,Hop Alliance UK,2026-10-18,1
2927,Yeast Solutions,2026-10-26,0
2928,Brew Logitics,2026-10-25,0
2929,Hop Alliance UK,2026-10-26,0
2930,Brew Logitics,2026-10-13,1
2931,Hop Alliance UK,2026-10-23,0
2932,Brew Logitics,2026-10-14,1
2933,Brew Logitics,2026-10-25,0
2934,Yeast Solutions,2026-10-18,0
2935,Hop Alliance UK,2026-10-23,0
2936,Malt Masters,2026-10-12,1
2937,Hop Alliance UK,2026-10-14,1
2938,Yeast Solutions,2026-10-14,1
2939,Hop Alliance UK,2026-10-20,0
2940,Hop Alliance UK,2026-10-16,1
2941,Brew Logitics,2026-10-21,1
2942,Hop Alliance UK,2026-10-21,1
2943,Malt Masters,2026-10-10,1
2944,Hop Alliance UK,2026-10-10,1
2945,Yeast Solutions,2026-10-22,0
2946,Hop Alliance UK,2026-10-12,1
2947,Brew Logitics,2026-10-25,0
2948,Yeast Solutions,2026-10-26,0
2949,Malt Masters,2026-10-22,0
2950,Malt Masters,2026-10-18,1
2951,Yeast Solutions,2026-10-20,0
2952,Hop Alliance UK,2026-10-17,1
2953,Brew Logitics,2026-10-26,0
2954,Brew Logitics,2026-10-11,1
2955,Hop Alliance UK,2026-10-10,1
2956,Hop Alliance UK,2026-10-11,1
2957,Yeast Solutions,2026-10-18,0
2958,Hop Alliance UK,2026-10-17,1
2959,Brew Logitics,2026-10-23,0
2960,Hop Alliance UK,2026-10-19,0
2961,Hop Alliance UK,2026-10-23,0
2962,Brew Logitics,2026-10-17,0
2963,Brew Logitics,2026-10-22,0
2964,Brew Logitics,2026-10-23,0
2965,Yeast Solutions,2026-10-19,0
2966,Hop Alliance UK,2026-10-26,0
2967,Brew Logitics,2026-10-18,1
2968,Brew Logitics,2026-10-23,0
2969,Brew Logitics,2026-10-18,0
2970,Yeast Solutions,2026-10-18,0
2971,Malt Masters,2026-10-10,1
2972,Yeast Solutions,2026-10-12,1
2973,Malt Masters,2026-10-14,0
2974,Malt Masters,2026-10-18,0
2975,Yeast Solutions,2026-10-14,0
2976,Malt Masters,2026-10-21,0
2977,Hop Alliance UK,2026-10-23,0
2978,Yeast Solutions,2026-10-14,0
2979,Hop Alliance UK,2026-10-22,0
2980,Brew Logitics,2026-10-21,0
2981,Yeast Solutions,2026-10-26,0
2982,Malt Masters,2026-10-12,0
2983,Yeast Solutions,2026-10-22,0
2984,Hop Alliance UK,2026-10-12,1
2985,Hop Alliance UK,2026-10-16,1
2986,Malt Masters,2026-10-23,0
2987,Yeast Solutions,2026-10-12,1
2988,Hop Alliance UK,2026-10-21,1
2989,Yeast Solutions,2026-10-25,0
2990,Hop Alliance UK,2026-10-10,1
2991,Brew Logitics,2026-10-25,0
2992,Malt Masters,2026-10-16,0
2993,Brew Logitics,2026-10-27,0
2994,Yeast Solutions,2026-10-23,0
2995,Yeast Solutions,2026-10-11,1
2996,Hop Alliance UK,2026-10-16,1
2997,Malt Masters,2026-10-12,1
2998,Hop Alliance UK,2026-10-25,0
2999,Hop Alliance UK,2026-10-20,1
3000,Brew Logitics,2026-10-12,1
3001,Hop Alliance UK,2026-10-13,1
3002,Hop Alliance UK,2026-10-13,1
3003,Malt Masters,2026-10-23,0
3004,Malt Masters,2026-10-26,0
3005,Malt Masters,2026-10-19,0
3006,Yeast Solutions,2026-10-26,0
3007,Brew Logitics,2026-10-21,0
3008,Yeast Solutions,2026-10-20,1
3009,Yeast Solutions,2026-10-16,1
3010,Yeast Solutions,2026-10-23,0
3011,Brew Logitics,2026-10-21,0
3012,Hop Alliance UK,2026-10-19,0
3013,Hop Alliance UK,2026-10-26,0
3014,Hop Alliance UK,2026-10-19,1
3015,Brew Logitics,2026-10-23,0
3016,Brew Logitics,2026-10-27,0
3017,Malt Masters,2026-10-24,0
3018,Brew Logitics,2026-10-13,1
3019,Yeast Solutions,2026-10-24,0
3020,Brew Logitics,2026-10-24,0
3021,Brew Logitics,2026-10-17,1
3022,Malt Masters,2026-10-20,0
3023,Yeast Solutions,2026-10-20,1
3024,Hop Alliance UK,2026-10-15,1
3025,Malt Masters,2026-10-15,1
3026,Yeast Solutions,2026-10-18,1
3027,Malt Masters,2026-10-10,1
3028,Yeast Solutions,2026-10-14,1
3029,Hop Alliance UK,2026-10-24,0
3030,Hop Alliance UK,2026-10-24,0
3031,Hop Alliance UK,2026-10-26,0
3032,Malt Masters,2026-10-10,1
3033,Hop Alliance UK,2026-10-20,0
3034,Hop Alliance UK,2026-10-19,0
3035,Malt Masters,2026-10-27,0
3036,Brew Logitics,2026-10-11,0
3037,Malt Masters,2026-10-19,1
3038,Brew Logitics,2026-10-18,0
3039,Malt Masters,2026-10-24,0
3040,Malt Masters,2026-10-21,0
3041,Brew Logitics,2026-10-19,1
3042,Brew Logitics,2026-10-24,0
3043,Brew Logitics,2026-10-22,0
3044,Yeast Solutions,2026-10-15,0
3045,Hop Alliance UK,2026-10-10,1
3046,Yeast Solutions,2026-10-17,1
3047,Brew Logitics,2026-10-13,1
3048,Hop Alliance UK,2026-10-16,0
3049,Brew Logitics,2026-10-21,0
3050,Yeast Solutions,2026-10-16,0
3051,Hop Alliance UK,2026-10-15,1
3052,Yeast Solutions,2026-10-24,0
3053,Hop Alliance UK,2026-10-18,0
3054,Brew Logitics,2026-10-11,1
3055,Malt Masters,2026-10-12,0
3056,Malt Masters,2026-10-10,1
3057,Malt Masters,2026-10-22,0
3058,Brew Logitics,2026-10-16,0
3059,Malt Masters,2026-10-10,1
3060,Hop Alliance UK,2026-10-20,0
3061,Brew Logitics,2026-10-16,0
3062,Malt Masters,2026-10-17,0
3063,Hop Alliance UK,2026-10-13,1
3064,Hop Alliance UK,2026-10-14,0
3065,Malt Masters,2026-10-22,0
3066,Hop Alliance UK,2026-10-15,1
3067,Brew Logitics,2026-10-11,1
3068,Hop Alliance UK,2026-10-18,0
3069,Yeast Solutions,2026-10-18,0
3070,Hop Alliance UK,2026-10-16,0
3071,Malt Masters,2026-10-19,1
3072,Hop Alliance UK,2026-10-21,0
3073,Hop Alliance UK,2026-10-15,1
3074,Brew Logitics,2026-10-17,1
3075,Hop Alliance UK,2026-10-21,0
3076,Hop Alliance UK,2026-10-25,0
3077,Malt Masters,2026-10-27,0
3078,Malt Masters,2026-10-22,0
3079,Yeast Solutions,2026-10-12,1
3080,Malt Masters,2026-10-17,0
3081,Brew Logitics,2026-10-27,0
3082,Yeast Solutions,2026-10-10,1
3083,Yeast Solutions,2026-10-24,0
3084,Hop Alliance UK,2026-10-18,1
3085,Hop Alliance UK,2026-10-14,1
3086,Brew Logitics,2026-10-16,0
3087,Yeast Solutions,2026-10-23,0
3088,Malt Masters,2026-10-27,0
3089,Brew Logitics,2026-10-21,0
3090,Brew Logitics,2026-10-17,1
3091,Malt Masters,2026-10-12,0
3092,Malt Masters,2026-10-14,1
3093,Malt Masters,2026-10-15,1
3094,Malt Masters,2026-10-23,0
3095,Malt Masters,2026-10-17,0
3096,Yeast Solutions,2026-10-11,1
3097,Yeast Solutions,2026-10-10,1
3098,Brew Logitics,2026-10-25,0
3099,Malt Masters,2026-10-11,1
3100,Yeast Solutions,2026-10-19,0
3101,Hop Alliance UK,2026-10-20,1
3102,Hop Alliance UK,2026-10-12,1
3103,Yeast Solutions,2026-10-15,0
3104,Malt Masters,2026-10-12,1
3105,Malt Masters,2026-10-13,1
3106,Yeast Solutions,2026-10-21,1
3107,Brew Logitics,2026-10-11,1
3108,Malt Masters,2026-10-19,0
3109,Malt Masters,2026-10-10,1
3110,Malt Masters,2026-10-24,0
3111,Malt Masters,2026-10-10,1
3112,Brew Logitics,2026-10-25,0
3113,Yeast Solutions,2026-10-25,0
3114,Hop Alliance UK,2026-10-20,0
3115,Hop Alliance UK,2026-10-19,0
3116,Hop Alliance UK,2026-10-17,1
3117,Brew Logitics,2026-10-10,1
3118,Brew Logitics,2026-10-27,0
3119,Brew Logitics,2026-10-12,1
3120,Brew Logitics,2026-10-23,0
3121,Brew Logitics,2026-10-27,0
3122,Yeast Solutions,2026-10-11,1
3123,Yeast Solutions,2026-10-14,1
3124,Yeast Solutions,2026-10-10,1
3125,Yeast Solutions,2026-10-22,0
3126,Yeast Solutions,2026-10-27,0
3127,Hop Alliance UK,2026-10-27,0
3128,Hop Alliance UK,2026-10-24,0
3129,Brew Logitics,2026-10-11,1
3130,Hop Alliance UK,2026-10-26,0
3131,Brew Logitics,2026-10-27,0
3132,Yeast Solutions,2026-10-16,1
3133,Yeast Solutions,2026-10-22,0
3134,Hop Alliance UK,2026-10-22,0
3135,Hop Alliance UK,2026-10-26,0
3136,Malt Masters,2026-10-23,0
3137,Brew Logitics,2026-10-16,0
3138,Brew Logitics,2026-10-15,1
3139,Yeast Solutions,2026-10-12,1
3140,Brew Logitics,2026-10-21,0
3141,Malt Masters,2026-10-19,0
3142,Yeast Solutions,2026-10-19,0
3143,Malt Masters,2026-10-10,1
3144,Brew Logitics,2026-10-21,0
3145,Hop Alliance UK,2026-10-26,0
3146,Yeast Solutions,2026-10-19,1
3147,Yeast Solutions,2026-10-11,1
3148,Yeast Solutions,2026-10-14,1
3149,Malt Masters,2026-10-15,1
3150,Brew Logitics,2026-10-15,1
3151,Hop Alliance UK,2026-10-27,0
3152,Yeast Solutions,2026-10-22,0
3153,Brew Logitics,2026-10-12,1
3154,Yeast Solutions,2026-10-15,1
3155,Malt Masters,2026-10-26,0
3156,Yeast Solutions,2026-10-19,0
3157,Hop Alliance UK,2026-10-16,1
3158,Brew Logitics,2026-10-24,0
3159,Brew Logitics,2026-10-16,0
3160,Hop Alliance UK,2026-10-19,0
3161,Brew Logitics,2026-10-15,1
3162,Malt Masters,2026-10-19,0
3163,Brew Logitics,2026-10-25,0
3164,Yeast Solutions,2026-10-27,0
3165,Yeast Solutions,2026-10-25,0
3166,Yeast Solutions,2026-10-19,1
3167,Malt Masters,2026-10-23,0
3168,Yeast Solutions,2026-10-24,0
3169,Hop Alliance UK,2026-10-23,0
3170,Yeast Solutions,2026-10-23,0
3171,Yeast Solutions,2026-10-20,0
3172,Yeast Solutions,2026-10-13,1
3173,Brew Logitics,2026-10-15,0
3174,Yeast Solutions,2026-10-14,1
3175,Yeast Solutions,2026-10-12,1
3176,Hop Alliance UK,2026-10-25,0
3177,Malt Masters,2026-10-19,0
3178,Hop Alliance UK,2026-10-16,0
3179,Brew Logitics,2026-10-21,0
3180,Malt Masters,2026-10-26,0
3181,Malt Masters,2026-10-23,0
3182,Hop Alliance UK,2026-10-23,0
3183,Brew Logitics,2026-10-20,0
3184,Malt Masters,2026-10-12,1
3185,Hop Alliance UK,2026-10-16,1
3186,Yeast Solutions,2026-10-18,0
3187,Brew Logitics,2026-10-23,0
3188,Brew Logitics,2026-10-15,1
3189,Brew Logitics,2026-10-12,1
3190,Brew Logitics,2026-10-23,0
3191,Brew Logitics,2026-10-10,1
3192,Malt Masters,2026-10-27,0
3193,Yeast Solutions,2026-10-24,0
3194,Yeast Solutions,2026-10-13,1
3195,Brew Logitics,2026-10-27,0
3196,Hop Alliance UK,2026-10-23,0
3197,Yeast Solutions,2026-10-23,0
3198,Yeast Solutions,2026-10-27,0
3199,Malt Masters,2026-10-27,0
3200,Hop Alliance UK,2026-10-24,0
3201,Yeast Solutions,2026-10-19,0
3202,Malt Masters,2026-10-13,0
3203,Brew Logitics,2026-10-20,0
3204,Malt Masters,2026-10-12,1
3205,Brew Logitics,2026-10-24,0
3206,Malt Masters,2026-10-27,0
3207,Hop Alliance UK,2026-10-10,1
3208,Brew Logitics,2026-10-16,1
3209,Hop Alliance UK,2026-10-21,0
3210,Hop Alliance UK,2026-10-11,1
3211,Yeast Solutions,2026-10-11,1
3212,Malt Masters,2026-10-15,0
3213,Hop Alliance UK,2026-10-17,1
3214,Brew Logitics,2026-10-25,0
3215,Hop Alliance UK,2026-10-13,1
3216,Malt Masters,2026-10-16,0
3217,Brew Logitics,2026-10-17,0
3218,Brew Logitics,2026-10-12,1
3219,Malt Masters,2026-10-13,0
3220,Malt Masters,2026-10-13,1
3221,Malt Masters,2026-10-16,1
3222,Hop Alliance UK,2026-10-14,1
3223,Brew Logitics,2026-10-26,0
3224,Yeast Solutions,2026-10-11,1
3225,Yeast Solutions,2026-10-23,0
3226,Hop Alliance UK,2026-10-25,0
3227,Yeast Solutions,2026-10-25,0
3228,Malt Masters,2026-10-18,1
3229,Malt Masters,2026-10-25,0
3230,Yeast Solutions,2026-10-25,0
3231,Malt Masters,2026-10-19,1
3232,Malt Masters,2026-10-27,0
3233,Yeast Solutions,2026-10-18,1
3234,Hop Alliance UK,2026-10-26,0
3235,Brew Logitics,2026-10-21,0
3236,Hop Alliance UK,2026-10-22,0
3237,Brew Logitics,2026-10-12,1
3238,Brew Logitics,2026-10-15,1
3239,Malt Masters,2026-10-13,1
3240,Hop Alliance UK,2026-10-15,1
3241,Hop Alliance UK,2026-10-18,1
3242,Yeast Solutions,2026-10-15,1
3243,Yeast Solutions,2026-10-12,1
3244,Yeast Solutions,2026-10-19,0
3245,Brew Logitics,2026-10-27,0
3246,Yeast Solutions,2026-10-19,0
3247,Malt Masters,2026-10-14,1
3248,Brew Logitics,2026-10-14,1
3249,Hop Alliance UK,2026-10-21,1
3250,Yeast Solutions,2026-10-17,1
3251,Hop Alliance UK,2026-10-16,0
3252,Hop Alliance UK,2026-10-10,1
3253,Hop Alliance UK,2026-10-27,0
3254,Brew Logitics,2026-10-26,0
3255,Brew Logitics,2026-10-18,0
3256,Brew Logitics,2026-10-23,0
3257,Yeast Solutions,2026-10-19,0
3258,Yeast Solutions,2026-10-24,0
3259,Brew Logitics,2026-10-24,0
3260,Hop Alliance UK,2026-10-25,0
3261,Malt Masters,2026-10-22,0
3262,Hop Alliance UK,2026-10-24,0
3263,Hop Alliance UK,2026-10-22,0
3264,Malt Masters,2026-10-14,0
3265,Hop Alliance UK,2026-10-26,0
3266,Yeast Solutions,2026-10-26,0
3267,Hop Alliance UK,2026-10-14,1
3268,Malt Masters,2026-10-21,0
3269,Yeast Solutions,2026-10-12,1
3270,Hop Alliance UK,2026-10-20,1
3271,Brew Logitics,2026-10-11,1
3272,Yeast Solutions,2026-10-23,0
3273,Hop Alliance UK,2026-10-12,1
3274,Malt Masters,2026-10-22,0
3275,Hop Alliance UK,2026-10-20,0
3276,Yeast Solutions,2026-10-26,0
3277,Brew Logitics,2026-10-22,1
3278,Malt Masters,2026-10-26,0
3279,Malt Masters,2026-10-16,1
3280,Brew Logitics,2026-10-11,1
3281,Hop Alliance UK,2026-10-22,0
3282,Malt Masters,2026-10-22,0
3283,Hop Alliance UK,2026-10-27,0
3284,Hop Alliance UK,2026-10-15,1
3285,Yeast Solutions,2026-10-26,0
3286,Brew Logitics,2026-10-26,0
3287,Hop Alliance UK,2026-10-19,1
3288,Malt Masters,2026-10-22,0
3289,Malt Masters,2026-10-10,1
3290,Hop Alliance UK,2026-10-26,0
3291,Yeast Solutions,2026-10-18,0
3292,Malt Masters,2026-10-17,0
3293,Brew Logitics,2026-10-12,1
3294,Malt Masters,2026-10-19,0
3295,Hop Alliance UK,2026-10-25,0
3296,Hop Alliance UK,2026-10-12,0
3297,Hop Alliance UK,2026-10-19,0
3298,Malt Masters,2026-10-16,1
3299,Brew Logitics,2026-10-18,1
3300,Malt Masters,2026-10-20,0
3301,Malt Masters,2026-10-18,1
3302,Hop Alliance UK,2026-10-19,0
3303,Hop Alliance UK,2026-10-17,0
3304,Brew Logitics,2026-10-21,1
3305,Brew Logitics,2026-10-13,1
3306,Yeast Solutions,2026-10-17,0
3307,Brew Logitics,2026-10-24,0
3308,Yeast Solutions,2026-10-22,0
3309,Yeast Solutions,2026-10-15,0
3310,Hop Alliance UK,2026-10-22,0
3311,Yeast Solutions,2026-10-19,1
3312,Malt Masters,2026-10-25,0
3313,Yeast Solutions,2026-10-13,1
3314,Malt Masters,2026-10-22,0
3315,Brew Logitics,2026-10-21,0
3316,Malt Masters,2026-10-14,1
3317,Malt Masters,2026-10-18,0
3318,Malt Masters,2026-10-16,1
3319,Brew Logitics,2026-10-11,1
3320,Yeast Solutions,2026-10-14,0
3321,Brew Logitics,2026-10-27,0
3322,Malt Masters,2026-10-27,0
3323,Malt Masters,2026-10-12,1
3324,Malt Masters,2026-10-14,1
3325,Hop Alliance UK,2026-10-22,0
3326,Hop Alliance UK,2026-10-17,1
3327,Malt Masters,2026-10-22,0
3328,Malt Masters,2026-10-15,1
3329,Yeast Solutions,2026-10-22,0
3330,Malt Masters,2026-10-10,1
3331,Brew Logitics,2026-10-25,0
3332,Yeast Solutions,2026-10-13,1
3333,Hop Alliance UK,2026-10-20,0
3334,Hop Alliance UK,2026-10-11,1
3335,Hop Alliance UK,2026-10-12,1
3336,Malt Masters,2026-10-27,0
3337,Malt Masters,2026-10-20,0
3338,Yeast Solutions,2026-10-15,1
3339,Malt Masters,2026-10-12,0
3340,Brew Logitics,2026-10-15,0
3341,Yeast Solutions,2026-10-19,0
3342,Hop Alliance UK,2026-10-25,0
3343,Brew Logitics,2026-10-22,0
3344,Hop Alliance UK,2026-10-27,0
3345,Yeast Solutions,2026-10-10,1
3346,Hop Alliance UK,2026-10-10,1
3347,Yeast Solutions,2026-10-13,1
3348,Brew Logitics,2026-10-22,0
3349,Brew Logitics,2026-10-26,0
3350,Hop Alliance UK,2026-10-23,1
3351,Brew Logitics,2026-10-17,1
3352,Brew Logitics,2026-10-20,0
3353,Yeast Solutions,2026-10-22,1
3354,Malt Masters,2026-10-22,1
3355,Brew Logitics,2026-10-19,0
3356,Malt Masters,2026-10-13,1
3357,Malt Masters,2026-10-24,0
3358,Brew Logitics,2026-10-26,0
3359,Hop Alliance UK,2026-10-10,1
3360,Brew Logitics,2026-10-22,0
3361,Hop Alliance UK,2026-10-11,1
3362,Malt Masters,2026-10-27,0
3363,Malt Masters,2026-10-27,0
3364,Brew Logitics,2026-10-14,1
3365,Hop Alliance UK,2026-10-15,0
3366,Hop Alliance UK,2026-10-12,1
3367,Hop Alliance UK,2026-10-16,1
3368,Yeast Solutions,2026-10-12,0
3369,Yeast Solutions,2026-10-10,1
3370,Malt Masters,2026-10-26,0
3371,Brew Logitics,2026-10-16,1
3372,Brew Logitics,2026-10-16,1
3373,Malt Masters,2026-10-11,1
3374,Yeast Solutions,2026-10-10,1
3375,Hop Alliance UK,2026-10-27,0
3376,Brew Logitics,2026-10-23,0
3377,Brew Logitics,2026-10-14,1
3378,Brew Logitics,2026-10-12,1
3379,Yeast Solutions,2026-10-19,1
3380,Brew Logitics,2026-10-12,1
3381,Yeast Solutions,2026-10-16,1
3382,Malt Masters,2026-10-11,1
3383,Hop Alliance UK,2026-10-12,1
3384,Brew Logitics,2026-10-16,1
3385,Yeast Solutions,2026-10-14,0
3386,Malt Masters,2026-10-12,1
3387,Brew Logitics,2026-10-24,0
3388,Malt Masters,2026-10-23,0
3389,Malt Masters,2026-10-27,0
3390,Yeast Solutions,2026-10-20,0
3391,Brew Logitics,2026-10-27,0
3392,Yeast Solutions,2026-10-15,1
3393,Brew Logitics,2026-10-22,0
3394,Brew Logitics,2026-10-10,1
3395,Brew Logitics,2026-10-14,0
3396,Malt Masters,2026-10-24,0
3397,Yeast Solutions,2026-10-23,0
3398,Yeast Solutions,2026-10-22,0
3399,Malt Masters,2026-10-12,1
3400,Hop Alliance UK,2026-10-13,0
3401,Malt Masters,2026-10-12,1
3402,Malt Masters,2026-10-15,1
3403,Malt Masters,2026-10-20,0
3404,Malt Masters,2026-10-25,0
3405,Malt Masters,2026-10-19,1
3406,Yeast Solutions,2026-10-22,1
3407,Hop Alliance UK,2026-10-13,1
3408,Yeast Solutions,2026-10-24,0
3409,Brew Logitics,2026-10-16,1
3410,Yeast Solutions,2026-10-12,1
3411,Brew Logitics,2026-10-16,0
3412,Yeast Solutions,2026-10-14,1
3413,Brew Logitics,2026-10-23,0
3414,Hop Alliance UK,2026-10-17,0
3415,Brew Logitics,2026-10-10,1
3416,Brew Logitics,2026-10-10,1
3417,Malt Masters,2026-10-19,0
3418,Brew Logitics,2026-10-19,1
3419,Yeast Solutions,2026-10-15,0
3420,Yeast Solutions,2026-10-27,0
3421,Yeast Solutions,2026-10-18,0
3422,Malt Masters,2026-10-13,0
3423,Hop Alliance UK,2026-10-14,1
3424,Malt Masters,2026-10-11,1
3425,Hop Alliance UK,2026-10-16,0
3426,Yeast Solutions,2026-10-22,0
3427,Malt Masters,2026-10-16,0
3428,Malt Masters,2026-10-12,0
3429,Hop Alliance UK,2026-10-16,1
3430,Yeast Solutions,2026-10-11,0
3431,Malt Masters,2026-10-25,0
3432,Brew Logitics,2026-10-18,1
3433,Yeast Solutions,2026-10-20,0
3434,Brew Logitics,2026-10-24,0
3435,Yeast Solutions,2026-10-10,1
3436,Yeast Solutions,2026-10-21,1
3437,Brew Logitics,2026-10-17,1
3438,Brew Logitics,2026-10-22,1
3439,Hop Alliance UK,2026-10-20,0
3440,Yeast Solutions,2026-10-20,0
3441,Malt Masters,2026-10-19,0
3442,Malt Masters,2026-10-26,0
3443,Yeast Solutions,2026-10-16,1
3444,Yeast Solutions,2026-10-11,1
3445,Yeast Solutions,2026-10-17,0
3446,Brew Logitics,2026-10-24,0
3447,Brew Logitics,2026-10-13,1
3448,Brew Logitics,2026-10-19,0
3449,Yeast Solutions,2026-10-16,1
3450,Yeast Solutions,2026-10-21,0
3451,Hop Alliance UK,2026-10-19,0
3452,Malt Masters,2026-10-27,0
3453,Brew Logitics,2026-10-15,0
3454,Brew Logitics,2026-10-26,0
3455,Hop Alliance UK,2026-10-18,0
3456,Yeast Solutions,2026-10-22,1
3457,Yeast Solutions,2026-10-14,1
3458,Hop Alliance UK,2026-10-11,1
3459,Brew Logitics,2026-10-19,0
3460,Yeast Solutions,2026-10-10,1
3461,Malt Masters,2026-10-10,1
3462,Malt Masters,2026-10-10,1
3463,Brew Logitics,2026-10-27,0
3464,Malt Masters,2026-10-24,0
3465,Brew Logitics,2026-10-22,0
3466,Malt Masters,2026-10-22,0
3467,Hop Alliance UK,2026-10-11,1
3468,Hop Alliance UK,2026-10-19,0
3469,Brew Logitics,2026-10-21,0
3470,Brew Logitics,2026-10-16,1
3471,Malt Masters,2026-10-17,1
3472,Yeast Solutions,2026-10-16,1
3473,Hop Alliance UK,2026-10-25,0
3474,Hop Alliance UK,2026-10-20,0
3475,Hop Alliance UK,2026-10-26,0
3476,Yeast Solutions,2026-10-19,0
3477,Malt Masters,2026-10-11,1
3478,Yeast Solutions,2026-10-12,1
3479,Malt Masters,2026-10-21,0
3480,Brew Logitics,2026-10-13,1
3481,Brew Logitics,2026-10-11,1
3482,Brew Logitics,2026-10-24,0
3483,Brew Logitics,2026-10-26,0
3484,Yeast Solutions,2026-10-25,0
3485,Brew Logitics,2026-10-15,0
3486,Brew Logitics,2026-10-26,0
3487,Yeast Solutions,2026-10-23,0
3488,Malt Masters,2026-10-22,0
3489,Brew Logitics,2026-10-20,1
3490,Yeast Solutions,2026-10-11,1
3491,Brew Logitics,2026-10-20,0
3492,Hop Alliance UK,2026-10-12,1
3493,Hop Alliance UK,2026-10-12,1
3494,Malt Masters,2026-10-11,1
3495,Malt Masters,2026-10-21,0
3496,Hop Alliance UK,2026-10-10,1
3497,Hop Alliance UK,2026-10-27,0
3498,Brew Logitics,2026-10-27,0
3499,Yeast Solutions,2026-10-13,1
3500,Malt Masters,2026-10-26,0
3501,Malt Masters,2026-10-11,1
3502,Malt Masters,2026-10-25,0
3503,Malt Masters,2026-10-22,0
3504,Malt Masters,2026-10-18,0
3505,Yeast Solutions,2026-10-16,1
3506,Yeast Solutions,2026-10-17,1
3507,Yeast Solutions,2026-10-20,0
3508,Yeast Solutions,2026-10-10,1
3509,Yeast Solutions,2026-10-24,0
3510,Yeast Solutions,2026-10-22,0
3511,Malt Masters,2026-10-16,0
3512,Malt Masters,2026-10-23,0
3513,Hop Alliance UK,2026-10-21,0
3514,Brew Logitics,2026-10-27,0
3515,Yeast Solutions,2026-10-17,1
3516,Brew Logitics,2026-10-15,0
3517,Yeast Solutions,2026-10-10,1
3518,Yeast Solutions,2026-10-25,0
3519,Brew Logitics,2026-10-20,0
3520,Hop Alliance UK,2026-10-21,0
3521,Malt Masters,2026-10-20,0
3522,Malt Masters,2026-10-10,1
3523,Yeast Solutions,2026-10-17,1
3524,Brew Logitics,2026-10-27,0
3525,Brew Logitics,2026-10-20,0
3526,Hop Alliance UK,2026-10-15,0
3527,Hop Alliance UK,2026-10-19,1
3528,Yeast Solutions,2026-10-24,0
3529,Malt Masters,2026-10-19,1
3530,Yeast Solutions,2026-10-27,0
3531,Yeast Solutions,2026-10-11,1
3532,Brew Logitics,2026-10-16,0
3533,Yeast Solutions,2026-10-27,0
3534,Brew Logitics,2026-10-10,1
3535,Yeast Solutions,2026-10-15,1
3536,Malt Masters,2026-10-13,1
3537,Hop Alliance UK,2026-10-22,0
3538,Malt Masters,2026-10-10,1
3539,Malt Masters,2026-10-21,0
3540,Hop Alliance UK,2026-10-19,0
3541,Malt Masters,2026-10-19,1
3542,Hop Alliance UK,2026-10-20,0
3543,Brew Logitics,2026-10-12,1
3544,Malt Masters,2026-10-27,0
3545,Yeast Solutions,2026-10-17,0
3546,Malt Masters,2026-10-25,0
3547,Hop Alliance UK,2026-10-22,0
3548,Yeast Solutions,2026-10-11,1
3549,Brew Logitics,2026-10-27,0
3550,Yeast Solutions,2026-10-12,1
3551,Brew Logitics,2026-10-26,0
3552,Malt Masters,2026-10-14,1
3553,Hop Alliance UK,2026-10-16,0
3554,Brew Logitics,2026-10-12,0
3555,Yeast Solutions,2026-10-16,1
3556,Malt Masters,2026-10-15,1
3557,Malt Masters,2026-10-26,0
3558,Malt Masters,2026-10-22,0
3559,Brew Logitics,2026-10-24,0
3560,Hop Alliance UK,2026-10-16,1
3561,Yeast Solutions,2026-10-22,0
3562,Hop Alliance UK,2026-10-14,1
3563,Brew Logitics,2026-10-12,1
3564,Hop Alliance UK,2026-10-19,0
3565,Hop Alliance UK,2026-10-11,1
3566,Hop Alliance UK,2026-10-26,0
3567,Yeast Solutions,2026-10-13,1
3568,Brew Logitics,2026-10-15,0
3569,Hop Alliance UK,2026-10-21,0
3570,Yeast Solutions,2026-10-26,0
3571,Brew Logitics,2026-10-12,1
3572,Malt Masters,2026-10-25,0
3573,Yeast Solutions,2026-10-14,1
3574,Hop Alliance UK,2026-10-18,1
3575,Hop Alliance UK,2026-10-15,1
3576,Brew Logitics,2026-10-15,1
3577,Yeast Solutions,2026-10-24,0
3578,Brew Logitics,2026-10-11,1
3579,Brew Logitics,2026-10-20,1
3580,Yeast Solutions,2026-10-27,0
3581,Hop Alliance UK,2026-10-21,0
3582,Malt Masters,2026-10-20,1
3583,Hop Alliance UK,2026-10-26,0
3584,Brew Logitics,2026-10-17,1
3585,Malt Masters,2026-10-27,0
3586,Brew Logitics,2026-10-20,0
3587,Hop Alliance UK,2026-10-13,1
3588,Brew Logitics,2026-10-27,0
3589,Malt Masters,2026-10-24,0
3590,Yeast Solutions,2026-10-10,1
3591,Hop Alliance UK,2026-10-12,1
3592,Hop Alliance UK,2026-10-19,1
3593,Brew Logitics,2026-10-10,1
3594,Yeast Solutions,2026-10-18,1
3595,Hop Alliance UK,2026-10-22,0
3596,Hop Alliance UK,2026-10-19,0
3597,Yeast Solutions,2026-10-11,1
3598,Malt Masters,2026-10-12,1
3599,Malt Masters,2026-10-26,0
3600,Malt Masters,2026-10-11,1
3601,Brew Logitics,2026-10-20,0
3602,Malt Masters,2026-10-16,0
3603,Malt Masters,2026-10-11,1
3604,Yeast Solutions,2026-10-20,1
3605,Brew Logitics,2026-10-10,1
3606,Brew Logitics,2026-10-25,0
3607,Yeast Solutions,2026-10-17,0
3608,Brew Logitics,2026-10-22,0
3609,Malt Masters,2026-10-14,1
3610,Brew Logitics,2026-10-24,0
3611,Hop Alliance UK,2026-10-11,1
3612,Yeast Solutions,2026-10-20,0
3613,Brew Logitics,2026-10-16,1
3614,Malt Masters,2026-10-10,1
3615,Malt Masters,2026-10-18,0
3616,Brew Logitics,2026-10-24,0
3617,Yeast Solutions,2026-10-23,0
3618,Malt Masters,2026-10-23,0
3619,Yeast Solutions,2026-10-24,0
3620,Malt Masters,2026-10-14,1
3621,Hop Alliance UK,2026-10-26,0
3622,Yeast Solutions,2026-10-25,0
3623,Hop Alliance UK,2026-10-25,0
3624,Hop Alliance UK,2026-10-22,1
3625,Brew Logitics,2026-10-14,0
3626,Yeast Solutions,2026-10-27,0
3627,Yeast Solutions,2026-10-21,0
3628,Brew Logitics,2026-10-19,1
3629,Yeast Solutions,2026-10-16,1
3630,Brew Logitics,2026-10-14,1
3631,Hop Alliance UK,2026-10-18,1
3632,Brew Logitics,2026-10-20,0
3633,Malt Masters,2026-10-22,0
3634,Brew Logitics,2026-10-16,0
3635,Yeast Solutions,2026-10-21,1
3636,Brew Logitics,2026-10-19,0
3637,Yeast Solutions,2026-10-26,0
3638,Yeast Solutions,2026-10-21,0
3639,Hop Alliance UK,2026-10-19,1
3640,Yeast Solutions,2026-10-18,0
3641,Malt Masters,2026-10-18,0
3642,Yeast Solutions,2026-10-16,0
3643,Malt Masters,2026-10-20,0
3644,Yeast Solutions,2026-10-20,0
3645,Malt Masters,2026-10-24,0
3646,Yeast Solutions,2026-10-24,0
3647,Yeast Solutions,2026-10-16,1
3648,Hop Alliance UK,2026-10-19,0
3649,Malt Masters,2026-10-17,1
3650,Yeast Solutions,2026-10-27,0
3651,Yeast Solutions,2026-10-17,1
3652,Yeast Solutions,2026-10-13,1
3653,Malt Masters,2026-10-23,0
3654,Brew Logitics,2026-10-24,0
3655,Brew Logitics,2026-10-20,1
3656,Yeast Solutions,2026-10-19,0
3657,Brew Logitics,2026-10-22,1
3658,Yeast Solutions,2026-10-11,1
3659,Hop Alliance UK,2026-10-27,0
3660,Malt Masters,2026-10-15,1
3661,Yeast Solutions,2026-10-24,0
3662,Brew Logitics,2026-10-14,1
3663,Malt Masters,2026-10-22,0
3664,Malt Masters,2026-10-26,0
3665,Yeast Solutions,2026-10-21,0
3666,Yeast Solutions,2026-10-27,0
3667,Brew Logitics,2026-10-12,1
3668,Brew Logitics,2026-10-11,1
3669,Yeast Solutions,2026-10-24,0
3670,Brew Logitics,2026-10-12,1
3671,Brew Logitics,2026-10-15,0
3672,Yeast Solutions,2026-10-12,1
3673,Malt Masters,2026-10-19,0
3674,Brew Logitics,2026-10-21,0
3675,Yeast Solutions,2026-10-13,0
3676,Brew Logitics,2026-10-12,1
3677,Malt Masters,2026-10-17,1
3678,Brew Logitics,2026-10-25,0
3679,Brew Logitics,2026-10-12,1
3680,Yeast Solutions,2026-10-27,0
3681,Brew Logitics,2026-10-15,1
3682,Yeast Solutions,2026-10-27,0
3683,Malt Masters,2026-10-10,1
3684,Brew Logitics,2026-10-19,1
3685,Hop Alliance UK,2026-10-15,0
3686,Brew Logitics,2026-10-10,1
3687,Yeast Solutions,2026-10-10,1
3688,Yeast Solutions,2026-10-10,1
3689,Malt Masters,2026-10-21,0
3690,Brew Logitics,2026-10-19,0
3691,Brew Logitics,2026-10-18,1
3692,Yeast Solutions,2026-10-18,1
3693,Malt Masters,2026-10-15,0
3694,Hop Alliance UK,2026-10-11,1
3695,Brew Logitics,2026-10-21,0
3696,Yeast Solutions,2026-10-10,1
3697,Hop Alliance UK,2026-10-18,0
3698,Malt Masters,2026-10-26,0
3699,Yeast Solutions,2026-10-12,1
3700,Hop Alliance UK,2026-10-18,1
3701,Yeast Solutions,2026-10-20,0
3702,Yeast Solutions,2026-10-16,0
3703,Malt Masters,2026-10-27,0
3704,Brew Logitics,2026-10-10,1
3705,Hop Alliance UK,2026-10-26,0
3706,Yeast Solutions,2026-10-20,0
3707,Yeast Solutions,2026-10-10,1
3708,Brew Logitics,2026-10-11,1
3709,Malt Masters,2026-10-11,1
3710,Malt Masters,2026-10-19,1
3711,Hop Alliance UK,2026-10-25,0
3712,Hop Alliance UK,2026-10-14,1
3713,Brew Logitics,2026-10-18,0
3714,Yeast Solutions,2026-10-21,0
3715,Brew Logitics,2026-10-12,1
3716,Brew Logitics,2026-10-22,0
3717,Hop Alliance UK,2026-10-24,0
3718,Hop Alliance UK,2026-10-15,0
3719,Brew Logitics,2026-10-23,0
3720,Yeast Solutions,2026-10-26,0
3721,Malt Masters,2026-10-16,1
3722,Hop Alliance UK,2026-10-11,1
3723,Hop Alliance UK,2026-10-14,1
3724,Brew Logitics,2026-10-25,0
3725,Hop Alliance UK,2026-10-20,1
3726,Brew Logitics,2026-10-12,1
3727,Brew Logitics,2026-10-25,0
3728,Hop Alliance UK,2026-10-25,0
3729,Brew Logitics,2026-10-27,0
3730,Malt Masters,2026-10-20,1
3731,Hop Alliance UK,2026-10-12,1
3732,Yeast Solutions,2026-10-21,0
3733,Hop Alliance UK,2026-10-24,0
3734,Brew Logitics,2026-10-20,0
3735,Malt Masters,2026-10-26,0
3736,Brew Logitics,2026-10-21,0
3737,Malt Masters,2026-10-12,1
3738,Malt Masters,2026-10-14,0
3739,Yeast Solutions,2026-10-22,0
3740,Hop Alliance UK,2026-10-10,1
3741,Yeast Solutions,2026-10-14,1
3742,Hop Alliance UK,2026-10-11,1
3743,Yeast Solutions,2026-10-23,0
3744,Malt Masters,2026-10-15,1
3745,Malt Masters,2026-10-10,1
3746,Hop Alliance UK,2026-10-27,0
3747,Brew Logitics,2026-10-18,1
3748,Brew Logitics,2026-10-23,0
3749,Hop Alliance UK,2026-10-13,1
3750,Brew Logitics,2026-10-26,0
3751,Brew Logitics,2026-10-15,0
3752,Brew Logitics,2026-10-21,0
3753,Malt Masters,2026-10-22,0
3754,Hop Alliance UK,2026-10-14,1
3755,Hop Alliance UK,2026-10-24,0
3756,Hop Alliance UK,2026-10-16,1
3757,Malt Masters,2026-10-26,0
3758,Malt Masters,2026-10-16,1
3759,Malt Masters,2026-10-24,0
3760,Yeast Solutions,2026-10-21,0
3761,Malt Masters,2026-10-10,1
3762,Brew Logitics,2026-10-27,0
3763,Hop Alliance UK,2026-10-20,0
3764,Yeast Solutions,2026-10-27,0
3765,Yeast Solutions,2026-10-23,0
3766,Hop Alliance UK,2026-10-25,0
3767,Yeast Solutions,2026-10-22,0
3768,Malt Masters,2026-10-22,0
3769,Yeast Solutions,2026-10-22,0
3770,Hop Alliance UK,2026-10-20,0
3771,Yeast Solutions,2026-10-21,0
3772,Yeast Solutions,2026-10-17,0
3773,Brew Logitics,2026-10-12,1
3774,Hop Alliance UK,2026-10-25,0
3775,Brew Logitics,2026-10-16,1
3776,Hop Alliance UK,2026-10-26,0
3777,Brew Logitics,2026-10-26,0
3778,Yeast Solutions,2026-10-20,0
3779,Yeast Solutions,2026-10-18,1
3780,Yeast Solutions,2026-10-19,1
3781,Brew Logitics,2026-10-23,0
3782,Brew Logitics,2026-10-16,0
3783,Hop Alliance UK,2026-10-16,0
3784,Hop Alliance UK,2026-10-17,1
3785,Hop Alliance UK,2026-10-23,0
3786,Yeast Solutions,2026-10-14,1
3787,Brew Logitics,2026-10-12,1
3788,Hop Alliance UK,2026-10-25,0
3789,Brew Logitics,2026-10-27,0
3790,Brew Logitics,2026-10-16,1
3791,Brew Logitics,2026-10-21,0
3792,Hop Alliance UK,2026-10-13,1
3793,Brew Logitics,2026-10-14,1
3794,Yeast Solutions,2026-10-11,1
3795,Malt Masters,2026-10-10,1
3796,Brew Logitics,2026-10-23,0
3797,Hop Alliance UK,2026-10-27,0
3798,Yeast Solutions,2026-10-23,0
3799,Brew Logitics,2026-10-16,0
3800,Malt Masters,2026-10-21,0
3801,Malt Masters,2026-10-15,1
3802,Yeast Solutions,2026-10-15,1
3803,Malt Masters,2026-10-21,0
3804,Yeast Solutions,2026-10-24,0
3805,Malt Masters,2026-10-13,1
3806,Yeast Solutions,2026-10-19,0
3807,Hop Alliance UK,2026-10-12,1
3808,Malt Masters,2026-10-17,1
3809,Yeast Solutions,2026-10-26,0
3810,Malt Masters,2026-10-21,1
3811,Brew Logitics,2026-10-17,0
3812,Brew Logitics,2026-10-26,0
3813,Hop Alliance UK,2026-10-25,0
3814,Malt Masters,2026-10-27,0
3815,Yeast Solutions,2026-10-18,1
3816,Malt Masters,2026-10-21,0
3817,Malt Masters,2026-10-11,1
3818,Hop Alliance UK,2026-10-11,1
3819,Brew Logitics,2026-10-18,0
3820,Yeast Solutions,2026-10-15,1
3821,Malt Masters,2026-10-11,1
3822,Brew Logitics,2026-10-10,1
3823,Brew Logitics,2026-10-13,1
3824,Yeast Solutions,2026-10-20,0
3825,Yeast Solutions,2026-10-25,0
3826,Brew Logitics,2026-10-21,0
3827,Yeast Solutions,2026-10-27,0
3828,Brew Logitics,2026-10-19,0
3829,Malt Masters,2026-10-16,0
3830,Brew Logitics,2026-10-22,0
3831,Yeast Solutions,2026-10-21,1
3832,Yeast Solutions,2026-10-23,0
3833,Hop Alliance UK,2026-10-17,0
3834,Brew Logitics,2026-10-21,0
3835,Hop Alliance UK,2026-10-23,0
3836,Malt Masters,2026-10-23,0
3837,Yeast Solutions,2026-10-16,1
3838,Yeast Solutions,2026-10-16,1
3839,Malt Masters,2026-10-19,1
3840,Malt Masters,2026-10-17,0
3841,Hop Alliance UK,2026-10-26,0
3842,Malt Masters,2026-10-13,0
3843,Hop Alliance UK,2026-10-15,0
3844,Yeast Solutions,2026-10-16,1
3845,Hop Alliance UK,2026-10-20,0
3846,Brew Logitics,2026-10-16,0
3847,Yeast Solutions,2026-10-21,0
3848,Malt Masters,2026-10-25,0
3849,Malt Masters,2026-10-12,1
3850,Brew Logitics,2026-10-25,0
3851,Hop Alliance UK,2026-10-24,0
3852,Yeast Solutions,2026-10-13,1
3853,Yeast Solutions,2026-10-22,0
3854,Malt Masters,2026-10-26,0
3855,Hop Alliance UK,2026-10-27,0
3856,Yeast Solutions,2026-10-10,1
3857,Yeast Solutions,2026-10-19,1
3858,Brew Logitics,2026-10-19,0
3859,Hop Alliance UK,2026-10-13,0
3860,Yeast Solutions,2026-10-16,1
3861,Brew Logitics,2026-10-18,0
3862,Yeast Solutions,2026-10-24,0
3863,Yeast Solutions,2026-10-19,0
3864,Yeast Solutions,2026-10-22,0
3865,Brew Logitics,2026-10-24,0
3866,Brew Logitics,2026-10-26,0
3867,Hop Alliance UK,2026-10-16,0
3868,Hop Alliance UK,2026-10-26,0
3869,Yeast Solutions,2026-10-12,0
3870,Brew Logitics,2026-10-23,1
3871,Brew Logitics,2026-10-15,0
3872,Hop Alliance UK,2026-10-25,0
3873,Malt Masters,2026-10-19,0
3874,Hop Alliance UK,2026-10-27,0
3875,Hop Alliance UK,2026-10-19,0
3876,Hop Alliance UK,2026-10-19,1
3877,Malt Masters,2026-10-27,0
3878,Yeast Solutions,2026-10-19,1
3879,Brew Logitics,2026-10-16,0
3880,Brew Logitics,2026-10-11,1
3881,Brew Logitics,2026-10-17,0
3882,Malt Masters,2026-10-12,1
3883,Malt Masters,2026-10-19,0
3884,Hop Alliance UK,2026-10-26,0
3885,Malt Masters,2026-10-26,0
3886,Brew Logitics,2026-10-23,0
3887,Malt Masters,2026-10-21,0
3888,Malt Masters,2026-10-13,1
3889,Brew Logitics,2026-10-14,1
3890,Yeast Solutions,2026-10-21,0
3891,Hop Alliance UK,2026-10-24,0
3892,Malt Masters,2026-10-26,0
3893,Malt Masters,2026-10-25,0
3894,Yeast Solutions,2026-10-16,1
3895,Brew Logitics,2026-10-20,0
3896,Malt Masters,2026-10-23,0
3897,Yeast Solutions,2026-10-13,1
3898,Brew Logitics,2026-10-13,1
3899,Yeast Solutions,2026-10-25,0
3900,Yeast Solutions,2026-10-22,0
3901,Malt Masters,2026-10-15,0
3902,Yeast Solutions,2026-10-20,0
3903,Hop Alliance UK,2026-10-18,1
3904,Yeast Solutions,2026-10-14,0
3905,Hop Alliance UK,2026-10-21,1
3906,Malt Masters,2026-10-25,0
3907,Malt Masters,2026-10-10,1
3908,Brew Logitics,2026-10-25,0
3909,Hop Alliance UK,2026-10-24,0
3910,Malt Masters,2026-10-21,0
3911,Brew Logitics,2026-10-26,0
3912,Malt Masters,2026-10-22,0
3913,Malt Masters,2026-10-18,0
3914,Yeast Solutions,2026-10-18,0
3915,Brew Logitics,2026-10-27,0
3916,Malt Masters,2026-10-25,0
3917,Brew Logitics,2026-10-27,0
3918,Brew Logitics,2026-10-15,0
3919,Brew Logitics,2026-10-21,1
3920,Yeast Solutions,2026-10-13,1
3921,Malt Masters,2026-10-21,0
3922,Brew Logitics,2026-10-15,0
3923,Malt Masters,2026-10-20,1
3924,Hop Alliance UK,2026-10-13,1
3925,Malt Masters,2026-10-22,0
3926,Yeast Solutions,2026-10-13,1
3927,Malt Masters,2026-10-23,0
3928,Malt Masters,2026-10-26,0
3929,Brew Logitics,2026-10-11,1
3930,Yeast Solutions,2026-10-22,0
3931,Hop Alliance UK,2026-10-23,0
3932,Hop Alliance UK,2026-10-19,0
3933,Hop Alliance UK,2026-10-22,0
3934,Yeast Solutions,2026-10-27,0
3935,Malt Masters,2026-10-13,1
3936,Hop Alliance UK,2026-10-18,0
3937,Brew Logitics,2026-10-13,1
3938,Brew Logitics,2026-10-20,1
3939,Yeast Solutions,2026-10-12,1
3940,Brew Logitics,2026-10-22,0
3941,Yeast Solutions,2026-10-21,0
3942,Brew Logitics,2026-10-17,0
3943,Malt Masters,2026-10-21,0
3944,Brew Logitics,2026-10-23,0
3945,Malt Masters,2026-10-21,1
3946,Brew Logitics,2026-10-22,1
3947,Malt Masters,2026-10-26,0
3948,Malt Masters,2026-10-27,0
3949,Hop Alliance UK,2026-10-21,0
3950,Malt Masters,2026-10-22,0
3951,Hop Alliance UK,2026-10-12,1
3952,Yeast Solutions,2026-10-15,1
3953,Hop Alliance UK,2026-10-17,0
3954,Hop Alliance UK,2026-10-27,0
3955,Brew Logitics,2026-10-16,1
3956,Malt Masters,2026-10-25,0
3957,Brew Logitics,2026-10-27,0
3958,Malt Masters,2026-10-15,1
3959,Hop Alliance UK,2026-10-11,1
3960,Brew Logitics,2026-10-15,0
3961,Yeast Solutions,2026-10-14,0
3962,Malt Masters,2026-10-25,0
3963,Hop Alliance UK,2026-10-21,1
3964,Hop Alliance UK,2026-10-21,0
3965,Malt Masters,2026-10-26,0
3966,Hop Alliance UK,2026-10-26,0
3967,Brew Logitics,2026-10-26,0
3968,Brew Logitics,2026-10-27,0
3969,Hop Alliance UK,2026-10-10,1
3970,Yeast Solutions,2026-10-17,1
3971,Brew Logitics,2026-10-14,0
3972,Yeast Solutions,2026-10-15,1
3973,Hop Alliance UK,2026-10-13,1
3974,Brew Logitics,2026-10-22,0
3975,Malt Masters,2026-10-27,0
3976,Yeast Solutions,2026-10-22,0
3977,Brew Logitics,2026-10-18,0
3978,Malt Masters,2026-10-16,1
3979,Brew Logitics,2026-10-16,0
3980,Malt Masters,2026-10-24,0
3981,Hop Alliance UK,2026-10-22,0
3982,Yeast Solutions,2026-10-10,1
3983,Yeast Solutions,2026-10-15,0
3984,Hop Alliance UK,2026-10-26,0
3985,Yeast Solutions,2026-10-19,1
3986,Malt Masters,2026-10-27,0
3987,Hop Alliance UK,2026-10-14,1
3988,Brew Logitics,2026-10-20,0
3989,Hop Alliance UK,2026-10-15,0
3990,Hop Alliance UK,2026-10-14,0
3991,Brew Logitics,2026-10-20,0
3992,Brew Logitics,2026-10-12,0
3993,Yeast Solutions,2026-10-13,1
3994,Hop Alliance UK,2026-10-13,1
3995,Yeast Solutions,2026-10-10,1
3996,Hop Alliance UK,2026-10-22,0
3997,Brew Logitics,2026-10-10,1
3998,Brew Logitics,2026-10-10,1
3999,Malt Masters,2026-10-12,0
4000,Hop Alliance UK,2026-10-21,0
4001,Brew Logitics,2026-10-24,0
4002,Yeast Solutions,2026-10-23,0
4003,Hop Alliance UK,2026-10-27,0
4004,Malt Masters,2026-10-15,1
4005,Malt Masters,2026-10-23,0
4006,Hop Alliance UK,2026-10-22,0
4007,Hop Alliance UK,2026-10-11,1
4008,Yeast Solutions,2026-10-10,1
4009,Yeast Solutions,2026-10-11,1
4010,Yeast Solutions,2026-10-27,0
4011,Brew Logitics,2026-10-19,1
4012,Brew Logitics,2026-10-24,0
4013,Malt Masters,2026-10-24,0
4014,Brew Logitics,2026-10-20,1
4015,Hop Alliance UK,2026-10-18,0
4016,Malt Masters,2026-10-12,0
4017,Malt Masters,2026-10-13,0
4018,Yeast Solutions,2026-10-25,0
4019,Malt Masters,2026-10-17,0
4020,Hop Alliance UK,2026-10-13,1
4021,Malt Masters,2026-10-16,1
4022,Yeast Solutions,2026-10-21,0
4023,Yeast Solutions,2026-10-13,0
4024,Hop Alliance UK,2026-10-14,1
4025,Yeast Solutions,2026-10-15,1
4026,Brew Logitics,2026-10-26,0
4027,Hop Alliance UK,2026-10-24,0
4028,Hop Alliance UK,2026-10-18,1
4029,Hop Alliance UK,2026-10-19,0
4030,Yeast Solutions,2026-10-24,0
4031,Brew Logitics,2026-10-20,0
4032,Hop Alliance UK,2026-10-17,0
4033,Brew Logitics,2026-10-23,0
4034,Yeast Solutions,2026-10-21,0
4035,Hop Alliance UK,2026-10-14,1
4036,Hop Alliance UK,2026-10-11,0
4037,Yeast Solutions,2026-10-25,0
4038,Hop Alliance UK,2026-10-25,0
4039,Yeast Solutions,2026-10-23,0
4040,Brew Logitics,2026-10-16,1
4041,Hop Alliance UK,2026-10-26,0
4042,Brew Logitics,2026-10-12,1
4043,Hop Alliance UK,2026-10-24,0
4044,Hop Alliance UK,2026-10-25,0
4045,Malt Masters,2026-10-14,1
4046,Malt Masters,2026-10-10,1
4047,Hop Alliance UK,2026-10-13,1
4048,Malt Masters,2026-10-19,1
4049,Malt Masters,2026-10-10,1
4050,Yeast Solutions,2026-10-21,0
4051,Malt Masters,2026-10-14,0
4052,Brew Logitics,2026-10-16,0
4053,Hop Alliance UK,2026-10-24,0
4054,Hop Alliance UK,2026-10-15,1
4055,Brew Logitics,2026-10-10,1
4056,Malt Masters,2026-10-26,0
4057,Malt Masters,2026-10-12,1
4058,Malt Masters,2026-10-22,1
4059,Yeast Solutions,2026-10-21,0
4060,Malt Masters,2026-10-16,1
4061,Brew Logitics,2026-10-11,1
4062,Brew Logitics,2026-10-19,0
4063,Yeast Solutions,2026-10-26,0
4064,Brew Logitics,2026-10-11,1
4065,Brew Logitics,2026-10-27,0
4066,Hop Alliance UK,2026-10-21,1
4067,Brew Logitics,2026-10-17,1
4068,Brew Logitics,2026-10-19,0
4069,Malt Masters,2026-10-17,0
4070,Yeast Solutions,2026-10-21,1
4071,Malt Masters,2026-10-15,1
4072,Malt Masters,2026-10-18,1
4073,Hop Alliance UK,2026-10-17,1
4074,Brew Logitics,2026-10-19,0
4075,Malt Masters,2026-10-17,1
4076,Yeast Solutions,2026-10-12,1
4077,Hop Alliance UK,2026-10-18,1
4078,Malt Masters,2026-10-21,0
4079,Hop Alliance UK,2026-10-10,1
4080,Malt Masters,2026-10-16,0
4081,Yeast Solutions,2026-10-16,1
4082,Malt Masters,2026-10-20,0
4083,Malt Masters,2026-10-10,1
4084,Yeast Solutions,2026-10-14,1
4085,Yeast Solutions,2026-10-20,1
4086,Hop Alliance UK,2026-10-24,0
4087,Yeast Solutions,2026-10-22,0
4088,Malt Masters,2026-10-15,1
4089,Hop Alliance UK,2026-10-25,0
4090,Malt Masters,2026-10-22,0
4091,Hop Alliance UK,2026-10-16,1
4092,Hop Alliance UK,2026-10-25,0
4093,Malt Masters,2026-10-21,0
4094,Hop Alliance UK,2026-10-22,0
4095,Hop Alliance UK,2026-10-12,1
4096,Brew Logitics,2026-10-21,0
4097,Hop Alliance UK,2026-10-26,0
4098,Malt Masters,2026-10-14,1
4099,Yeast Solutions,2026-10-27,0
4100,Yeast Solutions,2026-10-14,0
4101,Hop Alliance UK,2026-10-18,0
4102,Brew Logitics,2026-10-22,0
4103,Yeast Solutions,2026-10-27,0
4104,Malt Masters,2026-10-20,0
4105,Brew Logitics,2026-10-26,0
4106,Yeast Solutions,2026-10-16,1
4107,Yeast Solutions,2026-10-12,1
4108,Hop Alliance UK,2026-10-10,1
4109,Brew Logitics,2026-10-16,0
4110,Yeast Solutions,2026-10-22,0
4111,Hop Alliance UK,2026-10-12,1
4112,Brew Logitics,2026-10-13,1
4113,Malt Masters,2026-10-15,1
4114,Yeast Solutions,2026-10-26,0
4115,Malt Masters,2026-10-25,0
4116,Malt Masters,2026-10-15,1
4117,Hop Alliance UK,2026-10-22,1
4118,Brew Logitics,2026-10-21,0
4119,Malt Masters,2026-10-23,0
4120,Malt Masters,2026-10-14,1
4121,Brew Logitics,2026-10-17,0
4122,Hop Alliance UK,2026-10-25,0
4123,Malt Masters,2026-10-20,1
4124,Brew Logitics,2026-10-17,0
4125,Malt Masters,2026-10-23,0
4126,Malt Masters,2026-10-15,0
4127,Malt Masters,2026-10-16,0
4128,Malt Masters,2026-10-19,0
4129,Hop Alliance UK,2026-10-13,1
4130,Brew Logitics,2026-10-12,1
4131,Brew Logitics,2026-10-17,1
4132,Yeast Solutions,2026-10-22,0
4133,Hop Alliance UK,2026-10-26,0
4134,Yeast Solutions,2026-10-18,1
4135,Brew Logitics,2026-10-21,0
4136,Yeast Solutions,2026-10-10,1
4137,Brew Logitics,2026-10-19,1
4138,Brew Logitics,2026-10-16,1
4139,Yeast Solutions,2026-10-15,0
4140,Brew Logitics,2026-10-22,0
4141,Malt Masters,2026-10-11,1
4142,Yeast Solutions,2026-10-18,1
4143,Hop Alliance UK,2026-10-21,0
4144,Malt Masters,2026-10-24,0
4145,Brew Logitics,2026-10-21,0
4146,Hop Alliance UK,2026-10-18,0
4147,Hop Alliance UK,2026-10-23,0
4148,Brew Logitics,2026-10-27,0
4149,Malt Masters,2026-10-23,0
4150,Yeast Solutions,2026-10-20,0
4151,Brew Logitics,2026-10-24,0
4152,Yeast Solutions,2026-10-20,0
4153,Brew Logitics,2026-10-14,0
4154,Brew Logitics,2026-10-20,0
4155,Brew Logitics,2026-10-13,1
4156,Brew Logitics,2026-10-15,1
4157,Yeast Solutions,2026-10-14,1
4158,Hop Alliance UK,2026-10-27,0
4159,Brew Logitics,2026-10-16,1
4160,Hop Alliance UK,2026-10-13,1
4161,Hop Alliance UK,2026-10-13,0
4162,Yeast Solutions,2026-10-19,1
4163,Yeast Solutions,2026-10-11,1
4164,Hop Alliance UK,2026-10-27,0
4165,Hop Alliance UK,2026-10-13,0
4166,Yeast Solutions,2026-10-19,1
4167,Brew Logitics,2026-10-23,0
4168,Hop Alliance UK,2026-10-27,0
4169,Malt Masters,2026-10-11,1
4170,Hop Alliance UK,2026-10-12,1
4171,Yeast Solutions,2026-10-13,1
4172,Hop Alliance UK,2026-10-23,0
4173,Brew Logitics,2026-10-19,0
4174,Brew Logitics,2026-10-24,0
4175,Brew Logitics,2026-10-15,1
4176,Brew Logitics,2026-10-25,0
4177,Hop Alliance UK,2026-10-25,0
4178,Yeast Solutions,2026-10-11,1
4179,Hop Alliance UK,2026-10-16,1
4180,Hop Alliance UK,2026-10-27,0
4181,Yeast Solutions,2026-10-19,0
4182,Yeast Solutions,2026-10-27,0
4183,Brew Logitics,2026-10-22,0
4184,Malt Masters,2026-10-23,0
4185,Hop Alliance UK,2026-10-23,0
4186,Malt Masters,2026-10-23,0
4187,Hop Alliance UK,2026-10-13,1
4188,Brew Logitics,2026-10-18,0
4189,Brew Logitics,2026-10-14,1
4190,Yeast Solutions,2026-10-21,0
4191,Malt Masters,2026-10-22,0
4192,Hop Alliance UK,2026-10-19,1
4193,Hop Alliance UK,2026-10-21,0
4194,Yeast Solutions,2026-10-12,1
4195,Yeast Solutions,2026-10-15,1
4196,Hop Alliance UK,2026-10-14,1
4197,Brew Logitics,2026-10-22,0
4198,Yeast Solutions,2026-10-24,0
4199,Yeast Solutions,2026-10-14,1
4200,Yeast Solutions,2026-10-20,0
4201,Yeast Solutions,2026-10-24,0
4202,Malt Masters,2026-10-23,0
4203,Yeast Solutions,2026-10-17,1
4204,Brew Logitics,2026-10-15,1
4205,Brew Logitics,2026-10-19,0
4206,Hop Alliance UK,2026-10-12,1
4207,Yeast Solutions,2026-10-11,1
4208,Malt Masters,2026-10-25,0
4209,Malt Masters,2026-10-12,0
4210,Brew Logitics,2026-10-21,0
4211,Yeast Solutions,2026-10-16,0
4212,Yeast Solutions,2026-10-27,0
4213,Malt Masters,2026-10-25,0
4214,Yeast Solutions,2026-10-23,0
4215,Hop Alliance UK,2026-10-20,0
4216,Yeast Solutions,2026-10-25,0
4217,Hop Alliance UK,2026-10-19,1
4218,Brew Logitics,2026-10-26,0
4219,Malt Masters,2026-10-14,1
4220,Hop Alliance UK,2026-10-11,1
4221,Yeast Solutions,2026-10-23,0
4222,Malt Masters,2026-10-20,0
4223,Hop Alliance UK,2026-10-26,0
4224,Hop Alliance UK,2026-10-10,1
4225,Hop Alliance UK,2026-10-27,0
4226,Brew Logitics,2026-10-25,0
4227,Hop Alliance UK,2026-10-20,0
4228,Brew Logitics,2026-10-12,1
4229,Hop Alliance UK,2026-10-26,0
4230,Hop Alliance UK,2026-10-11,1
4231,Yeast Solutions,2026-10-13,1
4232,Brew Logitics,2026-10-14,1
4233,Yeast Solutions,2026-10-17,1
4234,Yeast Solutions,2026-10-26,0
4235,Yeast Solutions,2026-10-27,0
4236,Hop Alliance UK,2026-10-19,0
4237,Yeast Solutions,2026-10-16,0
4238,Malt Masters,2026-10-13,1
4239,Malt Masters,2026-10-20,0
4240,Hop Alliance UK,2026-10-15,0
4241,Brew Logitics,2026-10-14,1
4242,Hop Alliance UK,2026-10-27,0
4243,Hop Alliance UK,2026-10-26,0
4244,Hop Alliance UK,2026-10-18,0
4245,Yeast Solutions,2026-10-19,0
4246,Brew Logitics,2026-10-12,0
4247,Brew Logitics,2026-10-24,0
4248,Hop Alliance UK,2026-10-26,0
4249,Hop Alliance UK,2026-10-18,0
4250,Yeast Solutions,2026-10-18,1
4251,Brew Logitics,2026-10-21,1
4252,Yeast Solutions,2026-10-18,0
4253,Brew Logitics,2026-10-24,0
4254,Malt Masters,2026-10-10,1
4255,Hop Alliance UK,2026-10-21,0
4256,Brew Logitics,2026-10-26,0
4257,Hop Alliance UK,2026-10-23,0
4258,Malt Masters,2026-10-23,0
4259,Brew Logitics,2026-10-10,1
4260,Malt Masters,2026-10-15,1
4261,Malt Masters,2026-10-27,0
4262,Yeast Solutions,2026-10-19,1
4263,Hop Alliance UK,2026-10-19,0
4264,Brew Logitics,2026-10-18,1
4265,Malt Masters,2026-10-14,1
4266,Brew Logitics,2026-10-26,0
4267,Brew Logitics,2026-10-14,1
4268,Hop Alliance UK,2026-10-26,0
4269,Hop Alliance UK,2026-10-18,1
4270,Brew Logitics,2026-10-15,0
4271,Hop Alliance UK,2026-10-13,1
4272,Brew Logitics,2026-10-10,1
4273,Hop Alliance UK,2026-10-21,1
4274,Brew Logitics,2026-10-20,0
4275,Brew Logitics,2026-10-26,0
4276,Yeast Solutions,2026-10-26,0
4277,Brew Logitics,2026-10-10,1
4278,Brew Logitics,2026-10-24,0
4279,Malt Masters,2026-10-19,1
4280,Malt Masters,2026-10-13,1
4281,Brew Logitics,2026-10-22,1
4282,Yeast Solutions,2026-10-22,0
4283,Malt Masters,2026-10-22,0
4284,Yeast Solutions,2026-10-23,0
4285,Brew Logitics,2026-10-11,1
4286,Hop Alliance UK,2026-10-21,1
4287,Hop Alliance UK,2026-10-20,0
4288,Yeast Solutions,2026-10-19,0
4289,Brew Logitics,2026-10-23,0
4290,Malt Masters,2026-10-25,0
4291,Hop Alliance UK,2026-10-10,1
4292,Yeast Solutions,2026-10-24,0
4293,Yeast Solutions,2026-10-27,0
4294,Hop Alliance UK,2026-10-17,0
4295,Yeast Solutions,2026-10-21,0
4296,Brew Logitics,2026-10-26,0
4297,Malt Masters,2026-10-16,0
4298,Brew Logitics,2026-10-10,1
4299,Brew Logitics,2026-10-14,1
4300,Malt Masters,2026-10-27,0
4301,Malt Masters,2026-10-21,0
4302,Malt Masters,2026-10-16,0
4303,Brew Logitics,2026-10-22,0
4304,Yeast Solutions,2026-10-11,1
4305,Brew Logitics,2026-10-14,1
4306,Yeast Solutions,2026-10-18,0
4307,Brew Logitics,2026-10-16,1
4308,Brew Logitics,2026-10-27,0
4309,Hop Alliance UK,2026-10-22,0
4310,Yeast Solutions,2026-10-16,0
4311,Malt Masters,2026-10-10,1
4312,Hop Alliance UK,2026-10-24,0
4313,Malt Masters,2026-10-27,0
4314,Yeast Solutions,2026-10-19,0
4315,Malt Masters,2026-10-20,0
4316,Brew Logitics,2026-10-17,1
4317,Yeast Solutions,2026-10-12,1
4318,Brew Logitics,2026-10-19,1
4319,Yeast Solutions,2026-10-15,1
4320,Malt Masters,2026-10-14,1
4321,Malt Masters,2026-10-24,0
4322,Hop Alliance UK,2026-10-20,0
4323,Yeast Solutions,2026-10-20,1
4324,Brew Logitics,2026-10-27,0
4325,Hop Alliance UK,2026-10-18,1
4326,Malt Masters,2026-10-15,0
4327,Yeast Solutions,2026-10-23,0
4328,Brew Logitics,2026-10-26,0
4329,Malt Masters,2026-10-18,0
4330,Malt Masters,2026-10-23,0
4331,Brew Logitics,2026-10-18,1
4332,Yeast Solutions,2026-10-15,0
4333,Malt Masters,2026-10-11,1
4334,Malt Masters,2026-10-11,1
4335,Hop Alliance UK,2026-10-22,0
4336,Yeast Solutions,2026-10-20,1
4337,Brew Logitics,2026-10-10,1
4338,Hop Alliance UK,2026-10-12,1
4339,Hop Alliance UK,2026-10-20,0
4340,Malt Masters,2026-10-27,0
4341,Yeast Solutions,2026-10-19,0
4342,Hop Alliance UK,2026-10-20,0
4343,Brew Logitics,2026-10-26,0
4344,Yeast Solutions,2026-10-24,0
4345,Yeast Solutions,2026-10-23,0
4346,Hop Alliance UK,2026-10-22,0
4347,Malt Masters,2026-10-14,1
4348,Hop Alliance UK,2026-10-23,0
4349,Hop Alliance UK,2026-10-15,1
4350,Malt Masters,2026-10-26,0
4351,Brew Logitics,2026-10-14,1
4352,Yeast Solutions,2026-10-11,1
4353,Malt Masters,2026-10-17,1
4354,Brew Logitics,2026-10-15,1
4355,Malt Masters,2026-10-14,0
4356,Brew Logitics,2026-10-27,0
4357,Hop Alliance UK,2026-10-27,0
4358,Hop Alliance UK,2026-10-23,0
4359,Malt Masters,2026-10-16,1
4360,Brew Logitics,2026-10-13,0
4361,Brew Logitics,2026-10-19,0
4362,Yeast Solutions,2026-10-17,1
4363,Hop Alliance UK,2026-10-23,0
4364,Brew Logitics,2026-10-16,0
4365,Yeast Solutions,2026-10-16,1
4366,Malt Masters,2026-10-16,1
4367,Malt Masters,2026-10-10,1
4368,Hop Alliance UK,2026-10-22,0
4369,Brew Logitics,2026-10-10,1
4370,Yeast Solutions,2026-10-16,0
4371,Malt Masters,2026-10-10,1
4372,Brew Logitics,2026-10-13,0
4373,Malt Masters,2026-10-19,1
4374,Hop Alliance UK,2026-10-17,0
4375,Malt Masters,2026-10-24,0
4376,Hop Alliance UK,2026-10-17,0
4377,Malt Masters,2026-10-16,1
4378,Brew Logitics,2026-10-20,0
4379,Hop Alliance UK,2026-10-12,0
4380,Hop Alliance UK,2026-10-10,1
4381,Yeast Solutions,2026-10-11,1
4382,Malt Masters,2026-10-17,1
4383,Brew Logitics,2026-10-26,0
4384,Yeast Solutions,2026-10-16,0
4385,Malt Masters,2026-10-11,1
4386,Hop Alliance UK,2026-10-17,1
4387,Yeast Solutions,2026-10-21,1
4388,Hop Alliance UK,2026-10-16,0
4389,Malt Masters,2026-10-15,0
4390,Hop Alliance UK,2026-10-12,1
4391,Yeast Solutions,2026-10-20,0
4392,Hop Alliance UK,2026-10-14,1
4393,Brew Logitics,2026-10-26,0
4394,Malt Masters,2026-10-24,0
4395,Brew Logitics,2026-10-14,0
4396,Malt Masters,2026-10-26,0
4397,Hop Alliance UK,2026-10-17,1
4398,Yeast Solutions,2026-10-13,1
4399,Hop Alliance UK,2026-10-19,0
4400,Malt Masters,2026-10-25,0
4401,Yeast Solutions,2026-10-14,1
4402,Yeast Solutions,2026-10-19,0
4403,Brew Logitics,2026-10-24,0
4404,Brew Logitics,2026-10-18,1
4405,Hop Alliance UK,2026-10-14,0
4406,Brew Logitics,2026-10-25,0
4407,Yeast Solutions,2026-10-17,0
4408,Yeast Solutions,2026-10-14,1
4409,Brew Logitics,2026-10-19,0
4410,Brew Logitics,2026-10-10,1
4411,Malt Masters,2026-10-22,1
4412,Hop Alliance UK,2026-10-15,0
4413,Yeast Solutions,2026-10-23,0
4414,Malt Masters,2026-10-19,0
4415,Yeast Solutions,2026-10-25,0
4416,Hop Alliance UK,2026-10-16,1
4417,Yeast Solutions,2026-10-15,1
4418,Brew Logitics,2026-10-20,1
4419,Malt Masters,2026-10-11,1
4420,Hop Alliance UK,2026-10-11,0
4421,Malt Masters,2026-10-23,0
4422,Brew Logitics,2026-10-12,0
4423,Malt Masters,2026-10-23,0
4424,Yeast Solutions,2026-10-19,0
4425,Malt Masters,2026-10-26,0
4426,Malt Masters,2026-10-16,1
4427,Yeast Solutions,2026-10-15,0
4428,Hop Alliance UK,2026-10-12,1
4429,Malt Masters,2026-10-10,1
4430,Yeast Solutions,2026-10-13,1
4431,Hop Alliance UK,2026-10-14,0
4432,Yeast Solutions,2026-10-11,1
4433,Yeast Solutions,2026-10-27,0
4434,Hop Alliance UK,2026-10-17,0
4435,Yeast Solutions,2026-10-18,0
4436,Brew Logitics,2026-10-27,0
4437,Hop Alliance UK,2026-10-14,1
4438,Yeast Solutions,2026-10-24,0
4439,Malt Masters,2026-10-20,1
4440,Hop Alliance UK,2026-10-16,0
4441,Malt Masters,2026-10-19,0
4442,Yeast Solutions,2026-10-17,1
4443,Hop Alliance UK,2026-10-25,0
4444,Yeast Solutions,2026-10-18,1
4445,Malt Masters,2026-10-18,1
4446,Hop Alliance UK,2026-10-17,0
4447,Yeast Solutions,2026-10-23,0
4448,Brew Logitics,2026-10-20,1
4449,Brew Logitics,2026-10-18,0
4450,Malt Masters,2026-10-20,0
4451,Yeast Solutions,2026-10-17,0
4452,Hop Alliance UK,2026-10-22,0
4453,Brew Logitics,2026-10-16,0
4454,Hop Alliance UK,2026-10-19,0
4455,Hop Alliance UK,2026-10-11,1
4456,Brew Logitics,2026-10-23,0
4457,Malt Masters,2026-10-17,0
4458,Yeast Solutions,2026-10-16,1
4459,Malt Masters,2026-10-24,0
4460,Hop Alliance UK,2026-10-21,1
4461,Brew Logitics,2026-10-18,1
4462,Hop Alliance UK,2026-10-18,0
4463,Hop Alliance UK,2026-10-10,1
4464,Yeast Solutions,2026-10-10,1
4465,Malt Masters,2026-10-26,0
4466,Hop Alliance UK,2026-10-23,0
4467,Hop Alliance UK,2026-10-26,0
4468,Malt Masters,2026-10-25,0
4469,Malt Masters,2026-10-27,0
4470,Yeast Solutions,2026-10-22,1
4471,Malt Masters,2026-10-25,0
4472,Brew Logitics,2026-10-11,1
4473,Malt Masters,2026-10-16,1
4474,Brew Logitics,2026-10-17,1
4475,Hop Alliance UK,2026-10-27,0
4476,Yeast Solutions,2026-10-21,1
4477,Hop Alliance UK,2026-10-10,1
4478,Hop Alliance UK,2026-10-25,0
4479,Hop Alliance UK,2026-10-14,1
4480,Hop Alliance UK,2026-10-12,1
4481,Brew Logitics,2026-10-21,0
4482,Hop Alliance UK,2026-10-16,0
4483,Yeast Solutions,2026-10-27,0
4484,Hop Alliance UK,2026-10-27,0
4485,Yeast Solutions,2026-10-14,1
4486,Brew Logitics,2026-10-27,0
4487,Hop Alliance UK,2026-10-12,0
4488,Hop Alliance UK,2026-10-11,1
4489,Hop Alliance UK,2026-10-15,1
4490,Hop Alliance UK,2026-10-27,0
4491,Brew Logitics,2026-10-10,1
4492,Brew Logitics,2026-10-20,1
4493,Brew Logitics,2026-10-14,1
4494,Yeast Solutions,2026-10-21,0
4495,Hop Alliance UK,2026-10-17,0
4496,Brew Logitics,2026-10-12,1
4497,Hop Alliance UK,2026-10-24,0
4498,Brew Logitics,2026-10-12,1
4499,Yeast Solutions,2026-10-11,1
4500,Hop Alliance UK,2026-10-21,0
4501,Brew Logitics,2026-10-25,0
4502,Hop Alliance UK,2026-10-14,1
4503,Hop Alliance UK,2026-10-10,1
4504,Brew Logitics,2026-10-13,1
4505,Hop Alliance UK,2026-10-22,0
4506,Yeast Solutions,2026-10-19,0
4507,Malt Masters,2026-10-17,0
4508,Hop Alliance UK,2026-10-25,0
4509,Malt Masters,2026-10-10,1
4510,Malt Masters,2026-10-14,0
4511,Yeast Solutions,2026-10-11,1
4512,Hop Alliance UK,2026-10-14,1
4513,Malt Masters,2026-10-14,1
4514,Malt Masters,2026-10-25,0
4515,Brew Logitics,2026-10-17,0
4516,Malt Masters,2026-10-20,0
4517,Brew Logitics,2026-10-11,1
4518,Brew Logitics,2026-10-21,1
4519,Yeast Solutions,2026-10-23,0
4520,Hop Alliance UK,2026-10-18,0
4521,Brew Logitics,2026-10-18,0
4522,Yeast Solutions,2026-10-25,0
4523,Hop Alliance UK,2026-10-21,0
4524,Brew Logitics,2026-10-26,0
4525,Brew Logitics,2026-10-10,1
4526,Yeast Solutions,2026-10-21,0
4527,Brew Logitics,2026-10-19,1
4528,Malt Masters,2026-10-13,1
4529,Malt Masters,2026-10-20,1
4530,Malt Masters,2026-10-25,0
4531,Brew Logitics,2026-10-24,0
4532,Hop Alliance UK,2026-10-20,0
4533,Hop Alliance UK,2026-10-20,0
4534,Yeast Solutions,2026-10-11,1
4535,Hop Alliance UK,2026-10-15,0
4536,Brew Logitics,2026-10-11,1
4537,Brew Logitics,2026-10-14,1
4538,Yeast Solutions,2026-10-23,0
4539,Brew Logitics,2026-10-18,0
4540,Hop Alliance UK,2026-10-26,0
4541,Brew Logitics,2026-10-19,0
4542,Yeast Solutions,2026-10-19,1
4543,Yeast Solutions,2026-10-13,1
4544,Hop Alliance UK,2026-10-26,0
4545,Malt Masters,2026-10-27,0
4546,Malt Masters,2026-10-20,1
4547,Malt Masters,2026-10-27,0
4548,Malt Masters,2026-10-10,1
4549,Yeast Solutions,2026-10-19,1
4550,Brew Logitics,2026-10-13,1
4551,Hop Alliance UK,2026-10-15,1
4552,Yeast Solutions,2026-10-12,1
4553,Yeast Solutions,2026-10-25,0
4554,Brew Logitics,2026-10-18,0
4555,Brew Logitics,2026-10-22,0
4556,Malt Masters,2026-10-11,1
4557,Brew Logitics,2026-10-18,0
4558,Hop Alliance UK,2026-10-12,1
4559,Hop Alliance UK,2026-10-25,0
4560,Malt Masters,2026-10-20,0
4561,Malt Masters,2026-10-11,1
4562,Hop Alliance UK,2026-10-23,0
4563,Malt Masters,2026-10-16,1
4564,Malt Masters,2026-10-18,0
4565,Yeast Solutions,2026-10-20,0
4566,Hop Alliance UK,2026-10-23,0
4567,Hop Alliance UK,2026-10-20,0
4568,Brew Logitics,2026-10-17,1
4569,Yeast Solutions,2026-10-25,0
4570,Hop Alliance UK,2026-10-12,1
4571,Brew Logitics,2026-10-19,1
4572,Yeast Solutions,2026-10-12,1
4573,Yeast Solutions,2026-10-25,0
4574,Brew Logitics,2026-10-14,1
4575,Brew Logitics,2026-10-13,1
4576,Hop Alliance UK,2026-10-19,0
4577,Hop Alliance UK,2026-10-23,1
4578,Yeast Solutions,2026-10-20,1
4579,Malt Masters,2026-10-25,0
4580,Malt Masters,2026-10-20,0
4581,Hop Alliance UK,2026-10-23,0
4582,Malt Masters,2026-10-25,0
4583,Malt Masters,2026-10-19,0
4584,Malt Masters,2026-10-12,1
4585,Hop Alliance UK,2026-10-10,1
4586,Yeast Solutions,2026-10-14,0
4587,Brew Logitics,2026-10-18,1
4588,Yeast Solutions,2026-10-23,0
4589,Malt Masters,2026-10-13,1
4590,Brew Logitics,2026-10-16,1
4591,Yeast Solutions,2026-10-18,1
4592,Malt Masters,2026-10-11,1
4593,Brew Logitics,2026-10-11,1
4594,Hop Alliance UK,2026-10-21,0
4595,Brew Logitics,2026-10-25,0
4596,Brew Logitics,2026-10-27,0
4597,Brew Logitics,2026-10-12,1
4598,Malt Masters,2026-10-21,0
4599,Malt Masters,2026-10-26,0
4600,Hop Alliance UK,2026-10-25,0
4601,Malt Masters,2026-10-25,0
4602,Malt Masters,2026-10-15,1
4603,Malt Masters,2026-10-12,1
4604,Brew Logitics,2026-10-23,0
4605,Yeast Solutions,2026-10-22,0
4606,Brew Logitics,2026-10-17,1
4607,Brew Logitics,2026-10-25,0
4608,Hop Alliance UK,2026-10-11,1
4609,Hop Alliance UK,2026-10-20,0
4610,Yeast Solutions,2026-10-13,1
4611,Hop Alliance UK,2026-10-17,0
4612,Hop Alliance UK,2026-10-23,0
4613,Hop Alliance UK,2026-10-20,0
4614,Yeast Solutions,2026-10-21,0
4615,Malt Masters,2026-10-14,1
4616,Malt Masters,2026-10-27,0
4617,Malt Masters,2026-10-17,0
4618,Brew Logitics,2026-10-25,0
4619,Malt Masters,2026-10-18,1
4620,Brew Logitics,2026-10-25,0
4621,Hop Alliance UK,2026-10-10,1
4622,Hop Alliance UK,2026-10-17,1
4623,Hop Alliance UK,2026-10-25,0
4624,Brew Logitics,2026-10-19,1
4625,Malt Masters,2026-10-23,0
4626,Yeast Solutions,2026-10-12,1
4627,Yeast Solutions,2026-10-15,0
4628,Brew Logitics,2026-10-24,0
4629,Brew Logitics,2026-10-22,0
4630,Yeast Solutions,2026-10-18,1
4631,Hop Alliance UK,2026-10-15,1
4632,Malt Masters,2026-10-14,0
4633,Malt Masters,2026-10-23,0
4634,Yeast Solutions,2026-10-13,1
4635,Brew Logitics,2026-10-15,1
4636,Hop Alliance UK,2026-10-22,0
4637,Brew Logitics,2026-10-24,0
4638,Malt Masters,2026-10-24,0
4639,Malt Masters,2026-10-17,1
4640,Hop Alliance UK,2026-10-19,1
4641,Malt Masters,2026-10-15,0
4642,Yeast Solutions,2026-10-18,1
4643,Hop Alliance UK,2026-10-18,0
4644,Yeast Solutions,2026-10-14,1
4645,Brew Logitics,2026-10-11,1
4646,Brew Logitics,2026-10-14,1
4647,Brew Logitics,2026-10-10,1
4648,Hop Alliance UK,2026-10-14,1
4649,Hop Alliance UK,2026-10-13,1
4650,Brew Logitics,2026-10-15,1
4651,Malt Masters,2026-10-15,0
4652,Brew Logitics,2026-10-17,0
4653,Brew Logitics,2026-10-26,0
4654,Yeast Solutions,2026-10-26,0
4655,Malt Masters,2026-10-24,0
4656,Brew Logitics,2026-10-19,0
4657,Hop Alliance UK,2026-10-25,0
4658,Brew Logitics,2026-10-13,1
4659,Hop Alliance UK,2026-10-12,1
4660,Hop Alliance UK,2026-10-23,1
4661,Yeast Solutions,2026-10-18,0
4662,Hop Alliance UK,2026-10-20,0
4663,Yeast Solutions,2026-10-16,1
4664,Brew Logitics,2026-10-25,0
4665,Brew Logitics,2026-10-21,0
4666,Hop Alliance UK,2026-10-19,1
4667,Malt Masters,2026-10-26,0
4668,Brew Logitics,2026-10-17,0
4669,Malt Masters,2026-10-16,0
4670,Brew Logitics,2026-10-18,0
4671,Malt Masters,2026-10-24,0
4672,Yeast Solutions,2026-10-17,0
4673,Yeast Solutions,2026-10-25,0
4674,Yeast Solutions,2026-10-21,0
4675,Malt Masters,2026-10-22,0
4676,Hop Alliance UK,2026-10-24,0
4677,Malt Masters,2026-10-24,0
4678,Yeast Solutions,2026-10-25,0
4679,Malt Masters,2026-10-13,1
4680,Brew Logitics,2026-10-11,1
4681,Brew Logitics,2026-10-18,1
4682,Malt Masters,2026-10-14,1
4683,Yeast Solutions,2026-10-16,0
4684,Hop Alliance UK,2026-10-16,1
4685,Malt Masters,2026-10-14,1
4686,Hop Alliance UK,2026-10-24,0
4687,Brew Logitics,2026-10-22,0
4688,Brew Logitics,2026-10-17,0
4689,Malt Masters,2026-10-18,0
4690,Hop Alliance UK,2026-10-15,1
4691,Yeast Solutions,2026-10-27,0
4692,Malt Masters,2026-10-25,0
4693,Yeast Solutions,2026-10-15,1
4694,Malt Masters,2026-10-18,0
4695,Brew Logitics,2026-10-10,1
4696,Brew Logitics,2026-10-21,0
4697,Brew Logitics,2026-10-13,1
4698,Brew Logitics,2026-10-23,0
4699,Malt Masters,2026-10-11,0
4700,Brew Logitics,2026-10-12,1
4701,Malt Masters,2026-10-13,1
4702,Malt Masters,2026-10-25,0
4703,Malt Masters,2026-10-27,0
4704,Hop Alliance UK,2026-10-23,0
4705,Hop Alliance UK,2026-10-17,0
4706,Hop Alliance UK,2026-10-13,1
4707,Malt Masters,2026-10-25,0
4708,Hop Alliance UK,2026-10-22,0
4709,Hop Alliance UK,2026-10-26,0
4710,Yeast Solutions,2026-10-24,0
4711,Hop Alliance UK,2026-10-13,1
4712,Malt Masters,2026-10-25,0
4713,Yeast Solutions,2026-10-25,0
4714,Hop Alliance UK,2026-10-11,1
4715,Malt Masters,2026-10-20,0
4716,Malt Masters,2026-10-19,1
4717,Malt Masters,2026-10-12,1
4718,Brew Logitics,2026-10-23,0
4719,Brew Logitics,2026-10-27,0
4720,Yeast Solutions,2026-10-12,0
4721,Brew Logitics,2026-10-23,0
4722,Brew Logitics,2026-10-19,0
4723,Yeast Solutions,2026-10-15,0
4724,Hop Alliance UK,2026-10-21,0
4725,Yeast Solutions,2026-10-23,0
4726,Hop Alliance UK,2026-10-24,0
4727,Yeast Solutions,2026-10-11,1
4728,Brew Logitics,2026-10-20,0
4729,Yeast Solutions,2026-10-22,0
4730,Yeast Solutions,2026-10-19,0
4731,Malt Masters,2026-10-24,0
4732,Yeast Solutions,2026-10-16,0
4733,Malt Masters,2026-10-26,0
4734,Hop Alliance UK,2026-10-22,0
4735,Hop Alliance UK,2026-10-13,0
4736,Malt Masters,2026-10-13,1
4737,Brew Logitics,2026-10-15,1
4738,Brew Logitics,2026-10-16,1
4739,Malt Masters,2026-10-11,1
4740,Hop Alliance UK,2026-10-19,1
4741,Brew Logitics,2026-10-25,0
4742,Malt Masters,2026-10-16,1
4743,Brew Logitics,2026-10-20,1
4744,Hop Alliance UK,2026-10-25,0
4745,Brew Logitics,2026-10-15,1
4746,Yeast Solutions,2026-10-11,1
4747,Hop Alliance UK,2026-10-21,0
4748,Brew Logitics,2026-10-12,1
4749,Brew Logitics,2026-10-26,0
4750,Brew Logitics,2026-10-17,0
4751,Hop Alliance UK,2026-10-13,1
4752,Brew Logitics,2026-10-19,1
4753,Malt Masters,2026-10-21,0
4754,Malt Masters,2026-10-20,0
4755,Hop Alliance UK,2026-10-10,1
4756,Hop Alliance UK,2026-10-18,0
4757,Brew Logitics,2026-10-26,0
4758,Malt Masters,2026-10-20,1
4759,Brew Logitics,2026-10-13,1
4760,Hop Alliance UK,2026-10-10,1
4761,Brew Logitics,2026-10-21,0
4762,Yeast Solutions,2026-10-23,0
4763,Malt Masters,2026-10-12,1
4764,Hop Alliance UK,2026-10-16,1
4765,Yeast Solutions,2026-10-21,0
4766,Yeast Solutions,2026-10-20,0
4767,Brew Logitics,2026-10-18,0
4768,Hop Alliance UK,2026-10-12,0
4769,Hop Alliance UK,2026-10-27,0
4770,Brew Logitics,2026-10-26,0
4771,Brew Logitics,2026-10-19,1
4772,Brew Logitics,2026-10-18,1
4773,Yeast Solutions,2026-10-13,1
4774,Brew Logitics,2026-10-15,0
4775,Brew Logitics,2026-10-10,1
4776,Brew Logitics,2026-10-26,0
4777,Brew Logitics,2026-10-19,0
4778,Brew Logitics,2026-10-17,1
4779,Brew Logitics,2026-10-25,0
4780,Hop Alliance UK,2026-10-21,1
4781,Brew Logitics,2026-10-24,0
4782,Hop Alliance UK,2026-10-17,1
4783,Hop Alliance UK,2026-10-12,1
4784,Hop Alliance UK,2026-10-18,0
4785,Brew Logitics,2026-10-17,1
4786,Brew Logitics,2026-10-22,1
4787,Brew Logitics,2026-10-17,1
4788,Hop Alliance UK,2026-10-21,0
4789,Malt Masters,2026-10-20,1
4790,Malt Masters,2026-10-17,1
4791,Brew Logitics,2026-10-23,0
4792,Yeast Solutions,2026-10-11,1
4793,Hop Alliance UK,2026-10-20,0
4794,Brew Logitics,2026-10-18,0
4795,Yeast Solutions,2026-10-10,1
4796,Hop Alliance UK,2026-10-11,1
4797,Malt Masters,2026-10-22,0
4798,Brew Logitics,2026-10-26,0
4799,Hop Alliance UK,2026-10-15,1
4800,Hop Alliance UK,2026-10-11,1
4801,Hop Alliance UK,2026-10-10,1
4802,Malt Masters,2026-10-21,0
4803,Hop Alliance UK,2026-10-25,0
4804,Yeast Solutions,2026-10-15,0
4805,Malt Masters,2026-10-16,0
4806,Hop Alliance UK,2026-10-18,0
4807,Malt Masters,2026-10-16,1
4808,Malt Masters,2026-10-25,0
4809,Hop Alliance UK,2026-10-14,1
4810,Hop Alliance UK,2026-10-11,1
4811,Hop Alliance UK,2026-10-20,1
4812,Brew Logitics,2026-10-11,1
4813,Brew Logitics,2026-10-13,1
4814,Yeast Solutions,2026-10-10,1
4815,Brew Logitics,2026-10-16,0
4816,Hop Alliance UK,2026-10-20,0
4817,Hop Alliance UK,2026-10-21,0
4818,Brew Logitics,2026-10-19,0
4819,Malt Masters,2026-10-12,1
4820,Hop Alliance UK,2026-10-10,1
4821,Yeast Solutions,2026-10-26,0
4822,Brew Logitics,2026-10-19,0
4823,Yeast Solutions,2026-10-15,1
4824,Hop Alliance UK,2026-10-24,0
4825,Hop Alliance UK,2026-10-15,0
4826,Yeast Solutions,2026-10-23,0
4827,Malt Masters,2026-10-26,0
4828,Brew Logitics,2026-10-17,1
4829,Malt Masters,2026-10-11,0
4830,Malt Masters,2026-10-19,0
4831,Hop Alliance UK,2026-10-17,0
4832,Hop Alliance UK,2026-10-10,1
4833,Yeast Solutions,2026-10-10,1
4834,Yeast Solutions,2026-10-11,1
4835,Malt Masters,2026-10-27,0
4836,Yeast Solutions,2026-10-18,1
4837,Malt Masters,2026-10-16,1
4838,Malt Masters,2026-10-23,0
4839,Malt Masters,2026-10-21,0
4840,Hop Alliance UK,2026-10-18,1
4841,Hop Alliance UK,2026-10-15,0
4842,Yeast Solutions,2026-10-26,0
4843,Yeast Solutions,2026-10-17,1
4844,Hop Alliance UK,2026-10-12,0
4845,Brew Logitics,2026-10-21,0
4846,Malt Masters,2026-10-18,0
4847,Hop Alliance UK,2026-10-26,0
4848,Brew Logitics,2026-10-14,1
4849,Brew Logitics,2026-10-26,0
4850,Brew Logitics,2026-10-20,0
4851,Yeast Solutions,2026-10-17,1
4852,Hop Alliance UK,2026-10-25,0
4853,Yeast Solutions,2026-10-26,0
4854,Hop Alliance UK,2026-10-17,1
4855,Yeast Solutions,2026-10-26,0
4856,Yeast Solutions,2026-10-12,1
4857,Brew Logitics,2026-10-26,0
4858,Hop Alliance UK,2026-10-17,0
4859,Malt Masters,2026-10-15,1
4860,Yeast Solutions,2026-10-10,1
4861,Malt Masters,2026-10-18,1
4862,Brew Logitics,2026-10-13,1
4863,Malt Masters,2026-10-15,0
4864,Hop Alliance UK,2026-10-12,1
4865,Brew Logitics,2026-10-10,1
4866,Hop Alliance UK,2026-10-26,0
4867,Malt Masters,2026-10-17,0
4868,Hop Alliance UK,2026-10-17,0
4869,Yeast Solutions,2026-10-13,1
4870,Malt Masters,2026-10-26,0
4871,Hop Alliance UK,2026-10-23,0
4872,Hop Alliance UK,2026-10-11,1
4873,Brew Logitics,2026-10-18,1
4874,Brew Logitics,2026-10-20,0
4875,Malt Masters,2026-10-21,0
4876,Hop Alliance UK,2026-10-12,1
4877,Malt Masters,2026-10-14,1
4878,Yeast Solutions,2026-10-24,0
4879,Brew Logitics,2026-10-24,0
4880,Yeast Solutions,2026-10-10,1
4881,Yeast Solutions,2026-10-16,1
4882,Yeast Solutions,2026-10-18,0
4883,Malt Masters,2026-10-18,0
4884,Brew Logitics,2026-10-13,0
4885,Brew Logitics,2026-10-21,0
4886,Yeast Solutions,2026-10-24,0
4887,Brew Logitics,2026-10-26,0
4888,Yeast Solutions,2026-10-23,0
4889,Yeast Solutions,2026-10-17,1
4890,Malt Masters,2026-10-16,0
4891,Yeast Solutions,2026-10-24,0
4892,Malt Masters,2026-10-18,0
4893,Hop Alliance UK,2026-10-18,1
4894,Brew Logitics,2026-10-24,0
4895,Yeast Solutions,2026-10-22,0
4896,Malt Masters,2026-10-11,1
4897,Malt Masters,2026-10-13,0
4898,Brew Logitics,2026-10-19,1
4899,Brew Logitics,2026-10-27,0
4900,Brew Logitics,2026-10-13,1
4901,Hop Alliance UK,2026-10-12,1
4902,Malt Masters,2026-10-10,1
4903,Malt Masters,2026-10-25,0
4904,Brew Logitics,2026-10-22,0
4905,Hop Alliance UK,2026-10-26,0
4906,Malt Masters,2026-10-11,1
4907,Brew Logitics,2026-10-22,0
4908,Malt Masters,2026-10-19,1
4909,Brew Logitics,2026-10-10,1
4910,Yeast Solutions,2026-10-13,1
4911,Yeast Solutions,2026-10-20,0
4912,Yeast Solutions,2026-10-17,1
4913,Yeast Solutions,2026-10-13,1
4914,Malt Masters,2026-10-13,0
4915,Brew Logitics,2026-10-14,1
4916,Brew Logitics,2026-10-15,1
4917,Brew Logitics,2026-10-26,0
4918,Malt Masters,2026-10-11,1
4919,Hop Alliance UK,2026-10-23,0
4920,Yeast Solutions,2026-10-16,0
4921,Hop Alliance UK,2026-10-26,0
4922,Brew Logitics,2026-10-11,0
4923,Malt Masters,2026-10-23,0
4924,Malt Masters,2026-10-19,0
4925,Hop Alliance UK,2026-10-13,1
4926,Yeast Solutions,2026-10-19,1
4927,Hop Alliance UK,2026-10-20,0
4928,Malt Masters,2026-10-16,1
4929,Hop Alliance UK,2026-10-23,0
4930,Hop Alliance UK,2026-10-25,0
4931,Malt Masters,2026-10-24,0
4932,Yeast Solutions,2026-10-27,0
4933,Brew Logitics,2026-10-22,0
4934,Malt Masters,2026-10-27,0
4935,Yeast Solutions,2026-10-12,1
4936,Yeast Solutions,2026-10-14,0
4937,Malt Masters,2026-10-18,0
4938,Yeast Solutions,2026-10-19,0
4939,Brew Logitics,2026-10-24,0
4940,Hop Alliance UK,2026-10-23,0
4941,Yeast Solutions,2026-10-11,1
4942,Hop Alliance UK,2026-10-26,0
4943,Hop Alliance UK,2026-10-24,0
4944,Yeast Solutions,2026-10-21,0
4945,Hop Alliance UK,2026-10-27,0
4946,Yeast Solutions,2026-10-12,1
4947,Yeast Solutions,2026-10-27,0
4948,Hop Alliance UK,2026-10-12,1
4949,Yeast Solutions,2026-10-12,1
4950,Brew Logitics,2026-10-12,1
4951,Malt Masters,2026-10-23,1
4952,Yeast Solutions,2026-10-15,1
4953,Hop Alliance UK,2026-10-18,0
4954,Brew Logitics,2026-10-14,1
4955,Malt Masters,2026-10-20,1
4956,Malt Masters,2026-10-13,0
4957,Malt Masters,2026-10-24,0
4958,Malt Masters,2026-10-14,1
4959,Malt Masters,2026-10-11,0
4960,Hop Alliance UK,2026-10-14,1
4961,Yeast Solutions,2026-10-26,0
4962,Hop Alliance UK,2026-10-17,1
4963,Yeast Solutions,2026-10-20,0
4964,Yeast Solutions,2026-10-20,1
4965,Malt Masters,2026-10-22,0
4966,Malt Masters,2026-10-18,0
4967,Hop Alliance UK,2026-10-15,1
4968,Yeast Solutions,2026-10-25,0
4969,Yeast Solutions,2026-10-11,1
4970,Yeast Solutions,2026-10-21,0
4971,Yeast Solutions,2026-10-11,1
4972,Hop Alliance UK,2026-10-15,1
4973,Brew Logitics,2026-10-12,1
4974,Malt Masters,2026-10-22,1
4975,Brew Logitics,2026-10-25,0
4976,Brew Logitics,2026-10-27,0
4977,Yeast Solutions,2026-10-11,1
4978,Brew Logitics,2026-10-12,0
4979,Hop Alliance UK,2026-10-17,1
4980,Malt Masters,2026-10-12,1
4981,Hop Alliance UK,2026-10-15,1
4982,Brew Logitics,2026-10-10,1
4983,Brew Logitics,2026-10-21,0
4984,Brew Logitics,2026-10-25,0
4985,Brew Logitics,2026-10-23,0
4986,Brew Logitics,2026-10-20,0
4987,Malt Masters,2026-10-26,0
4988,Yeast Solutions,2026-10-27,0
4989,Malt Masters,2026-10-22,0
4990,Yeast Solutions,2026-10-15,0
4991,Yeast Solutions,2026-10-27,0
4992,Brew Logitics,2026-10-19,1
4993,Hop Alliance UK,2026-10-14,1
4994,Malt Masters,2026-10-23,0
4995,Yeast Solutions,2026-10-26,0
4996,Brew Logitics,2026-10-23,0
4997,Hop Alliance UK,2026-10-19,0
4998,Malt Masters,2026-10-16,0
4999,Brew Logitics,2026-10-23,0
5000,Malt Masters,2026-10-26,0
