1,2543,2025-01-01,230
2,2676,2025-01-01,378
3,3880,2025-01-01,459
4,3716,2025-01-01,347
5,134,2025-01-01,426
6,4045,2025-01-01,205
7,3694,2025-01-01,504
8,734,2025-01-01,217
9,2774,2025-01-01,396
10,1177,2025-01-01,242
11,3432,2025-01-01,479
12,3382,2025-01-01,130
13,2029,2025-01-01,49
14,4960,2025-01-01,180
15,4646,2025-01-01,381
16,1709,2025-01-01,80
17,3018,2025-01-01,191
18,851,2025-01-01,318
19,3342,2025-01-01,346
20,3202,2025-01-01,426
21,3469,2025-01-01,32
22,2397,2025-01-01,568
23,1134,2025-01-01,315
24,3683,2025-01-01,286
25,712,2025-01-01,407
26,3303,2025-01-01,52
27,4676,2025-01-01,364
28,4440,2025-01-01,504
29,1578,2025-01-01,568
30,4953,2025-01-01,325
31,1580,2025-01-01,395
32,4697,2025-01-01,170
33,4411,2025-01-01,66
34,1404,2025-01-01,451
35,496,2025-01-01,266
36,4313,2025-01-01,453
37,1779,2025-01-01,132
38,3503,2025-01-01,249
39,2891,2025-01-01,261
40,3297,2025-01-01,456
41,3364,2025-01-01,454
42,3870,2025-01-01,133
43,3160,2025-01-01,547
44,2094,2025-01-01,580
45,13,2025-01-01,367
46,4226,2025-01-01,74
47,2479,2025-01-01,98
48,234,2025-01-01,599
49,1597,2025-01-01,522
50,3136,2025-01-01,355
51,3629,2025-01-01,342
52,3135,2025-01-01,34
53,1405,2025-01-01,290
54,2241,2025-01-01,80
55,1786,2025-01-01,215
56,4239,2025-01-01,21
57,1032,2025-01-01,239
58,983,2025-01-01,222
59,1219,2025-01-01,352
60,2137,2025-01-01,333
61,4265,2025-01-01,158
62,4540,2025-01-01,18
63,2617,2025-01-01,313
64,4577,2025-01-01,125
65,882,2025-01-01,167
66,3221,2025-01-01,408
67,4106,2025-01-01,496
68,1410,2025-01-01,11
69,2435,2025-01-01,594
70,299,2025-01-01,267
71,2900,2025-01-01,580
72,4431,2025-01-01,136
73,1810,2025-01-01,507
74,197,2025-01-01,555
75,3325,2025-01-01,336
76,1533,2025-01-01,69
77,190,2025-01-01,567
78,3853,2025-01-01,482
79,4080,2025-01-01,596
80,1370,2025-01-01,265
81,4416,2025-01-01,201
82,3737,2025-01-01,421
83,4655,2025-01-01,260
84,3776,2025-01-01,302
85,1404,2025-01-01,14
86,2312,2025-01-01,144
87,3612,2025-01-01,331
88,1995,2025-01-01,144
89,1403,2025-01-01,344
90,889,2025-01-01,138
91,2512,2025-01-01,19
92,4836,2025-01-01,291
93,710,2025-01-01,519
94,2310,2025-01-01,265
95,3685,2025-01-01,163
96,1699,2025-01-01,541
97,4396,2025-01-01,65
98,4122,2025-01-01,354
99,4079,2025-01-01,380
100,1602,2025-01-01,101
101,2519,2025-01-01,160
102,1121,2025-01-01,315
103,258,2025-01-01,457
104,1090,2025-01-01,137
105,2836,2025-01-01,506
106,1950,2025-01-01,215
107,4110,2025-01-01,301
108,4754,2025-01-01,32
109,107,2025-01-01,166
110,2723,2025-01-01,195
111,3544,2025-01-01,382
112,1352,2025-01-01,228
113,230,2025-01-01,521
114,4564,2025-01-01,252
115,3042,2025-01-01,394
116,741,2025-01-01,312
117,679,2025-01-01,38
118,3621,2025-01-01,518
119,2846,2025-01-01,43
120,3553,2025-01-01,168
121,3861,2025-01-01,442
122,2513,2025-01-01,383
123,277,2025-01-01,399
124,4379,2025-01-01,569
125,3360,2025-01-01,21
126,66,2025-01-01,97
127,852,2025-01-01,454
128,76,2025-01-01,317
129,1152,2025-01-01,30
130,925,2025-01-01,374
131,3052,2025-01-01,181
132,3851,2025-01-01,284
133,1194,2025-01-01,380
134,2219,2025-01-01,89
135,3803,2025-01-01,175
136,3488,2025-01-01,389
137,4974,2025-01-01,280
138,1761,2025-01-01,150
139,2138,2025-01-01,412
140,2591,2025-01-01,90
141,2153,2025-01-01,224
142,568,2025-01-01,456
143,4091,2025-01-01,233
144,3978,2025-01-01,536
145,1340,2025-01-01,594
146,1614,2025-01-01,274
147,4678,2025-01-01,363
148,2048,2025-01-01,72
149,3701,2025-01-01,155
150,1063,2025-01-01,265
151,2864,2025-01-01,506
152,1023,2025-01-01,314
153,2223,2025-01-01,26
154,197,2025-01-01,90
155,4435,2025-01-01,20
156,3125,2025-01-01,414
157,4875,2025-01-01,216
158,2325,2025-01-01,41
159,3597,2025-01-01,19
160,1502,2025-01-01,554
161,4833,2025-01-01,153
162,1204,2025-01-01,310
163,453,2025-01-01,161
164,4081,2025-01-01,204
165,2120,2025-01-01,577
166,2133,2025-01-01,154
167,1069,2025-01-01,322
168,3319,2025-01-01,37
169,18,2025-01-01,176
170,1345,2025-01-01,473
171,886,2025-01-01,537
172,534,2025-01-01,314
173,2664,2025-01-01,425
174,2329,2025-01-01,469
175,548,2025-01-01,259
176,4860,2025-01-01,178
177,64,2025-01-01,345
178,4332,2025-01-01,238
179,4958,2025-01-01,5
180,4821,2025-01-01,70
181,667,2025-01-01,366
182,4228,2025-01-01,476
183,2524,2025-01-01,487
184,3148,2025-01-01,369
185,1913,2025-01-01,263
186,4519,2025-01-01,493
187,3256,2025-01-01,137
188,2593,2025-01-01,49
189,732,2025-01-01,261
190,4647,2025-01-01,52
191,1168,2025-01-01,102
192,726,2025-01-01,586
193,4017,2025-01-01,284
194,3595,2025-01-01,568
195,85,2025-01-01,27
196,17,2025-01-01,343
197,4609,2025-01-01,101
198,3342,2025-01-01,10
199,619,2025-01-01,115
200,3776,2025-01-01,569
201,4772,2025-01-01,548
202,3394,2025-01-01,341
203,1476,2025-01-01,53
204,509,2025-01-01,293
205,2957,2025-01-01,10
206,278,2025-01-01,73
207,3195,2025-01-01,470
208,3864,2025-01-01,267
209,848,2025-01-01,239
210,2783,2025-01-01,114
211,3402,2025-01-01,460
212,1076,2025-01-01,346
213,1821,2025-01-01,178
214,586,2025-01-01,73
215,2952,2025-01-01,217
216,3905,2025-01-01,123
217,2634,2025-01-01,43
218,2984,2025-01-01,153
219,3408,2025-01-01,83
220,1390,2025-01-01,209
221,2763,2025-01-01,238
222,4895,2025-01-01,425
223,1515,2025-01-01,398
224,3042,2025-01-01,106
225,3703,2025-01-01,33
226,1733,2025-01-01,220
227,4554,2025-01-01,213
228,3463,2025-01-01,256
229,2144,2025-01-01,221
230,2459,2025-01-01,393
231,2847,2025-01-01,516
232,1443,2025-01-01,309
233,1240,2025-01-01,35
234,908,2025-01-01,356
235,1045,2025-01-01,394
236,1726,2025-01-01,95
237,2412,2025-01-01,564
238,4977,2025-01-01,478
239,1925,2025-01-01,345
240,2344,2025-01-01,331
241,217,2025-01-01,376
242,1424,2025-01-01,406
243,3511,2025-01-01,275
244,2424,2025-01-01,139
245,569,2025-01-01,308
246,259,2025-01-01,15
247,3740,2025-01-01,83
248,481,2025-01-01,480
249,4896,2025-01-01,382
250,1536,2025-01-01,80
251,4550,2025-01-01,497
252,2972,2025-01-01,496
253,1113,2025-01-01,333
254,593,2025-01-01,21
255,4156,2025-01-01,196
256,2502,2025-01-01,517
257,2086,2025-01-01,484
258,555,2025-01-01,177
259,202,2025-01-01,521
260,2484,2025-01-01,411
261,3255,2025-01-01,110
262,1938,2025-01-01,202
263,1123,2025-01-01,106
264,646,2025-01-01,435
265,1189,2025-01-01,428
266,1002,2025-01-01,465
267,4754,2025-01-01,518
268,4619,2025-01-01,577
269,4410,2025-01-01,563
270,4339,2025-01-01,58
271,3723,2025-01-01,580
272,4847,2025-01-01,351
273,3949,2025-01-01,322
274,1454,2025-01-01,453
275,4250,2025-01-01,427
276,2685,2025-01-01,185
277,431,2025-01-01,505
278,1823,2025-01-01,265
279,2784,2025-01-01,378
280,450,2025-01-01,489
281,2897,2025-01-01,131
282,2962,2025-01-01,382
283,4555,2025-01-01,23
284,1077,2025-01-01,317
285,2619,2025-01-01,176
286,1569,2025-01-01,79
287,4823,2025-01-01,255
288,2297,2025-01-01,188
289,4241,2025-01-01,74
290,477,2025-01-01,515
291,2027,2025-01-01,443
292,180,2025-01-01,235
293,3238,2025-01-01,187
294,2685,2025-01-01,327
295,2588,2025-01-01,596
296,2019,2025-01-01,10
297,1438,2025-01-01,198
298,4310,2025-01-01,208
299,2393,2025-01-01,392
300,3342,2025-01-01,47
301,1067,2025-01-01,27
302,3620,2025-01-01,453
303,1418,2025-01-01,406
304,3684,2025-01-01,55
305,2476,2025-01-01,453
306,3348,2025-01-01,527
307,4174,2025-01-01,506
308,520,2025-01-01,433
309,1992,2025-01-01,594
310,4390,2025-01-01,22
311,4590,2025-01-01,463
312,999,2025-01-01,4
313,2473,2025-01-01,63
314,3771,2025-01-01,542
315,446,2025-01-01,229
316,605,2025-01-01,129
317,3698,2025-01-01,327
318,1129,2025-01-01,80
319,1689,2025-01-01,170
320,4102,2025-01-01,410
321,1233,2025-01-01,74
322,3913,2025-01-01,529
323,4719,2025-01-01,559
324,4741,2025-01-01,315
325,2824,2025-01-01,474
326,4022,2025-01-01,235
327,4721,2025-01-01,108
328,135,2025-01-01,321
329,3327,2025-01-01,351
330,196,2025-01-01,56
331,669,2025-01-01,400
332,861,2025-01-01,452
333,158,2025-01-01,324
334,4885,2025-01-01,0
335,4176,2025-01-01,286
336,51,2025-01-01,4
337,4293,2025-01-01,150
338,559,2025-01-01,55
339,2105,2025-01-01,598
340,4384,2025-01-01,222
341,330,2025-01-01,347
342,1254,2025-01-01,7
343,4741,2025-01-01,237
344,2834,2025-01-01,201
345,75,2025-01-01,366
346,1655,2025-01-01,570
347,522,2025-01-01,569
348,729,2025-01-01,452
349,4054,2025-01-01,494
350,4211,2025-01-01,240
351,4247,2025-01-01,263
352,1407,2025-01-01,496
353,3840,2025-01-01,290
354,4883,2025-01-01,184
355,2063,2025-01-01,447
356,4452,2025-01-01,313
357,4231,2025-01-01,435
358,2972,2025-01-01,465
359,4649,2025-01-01,336
360,677,2025-01-01,41
361,2948,2025-01-01,109
362,640,2025-01-01,91
363,488,2025-01-01,228
364,3790,2025-01-01,46
365,4218,2025-01-01,111
366,1704,2025-01-01,490
367,1275,2025-01-01,385
368,1803,2025-01-01,225
369,310,2025-01-01,384
370,1838,2025-01-01,565
371,1734,2025-01-01,401
372,222,2025-01-01,234
373,2671,2025-01-01,25
374,4680,2025-01-01,51
375,708,2025-01-01,49
376,1411,2025-01-01,195
377,597,2025-01-01,350
378,3879,2025-01-01,384
379,4203,2025-01-01,53
380,4642,2025-01-01,404
381,3765,2025-01-01,163
382,222,2025-01-01,153
383,3445,2025-01-01,311
384,4068,2025-01-01,402
385,4649,2025-01-01,193
386,1568,2025-01-01,379
387,607,2025-01-01,61
388,3853,2025-01-01,168
389,4970,2025-01-01,222
390,3580,2025-01-01,40
391,4860,2025-01-01,411
392,4412,2025-01-01,186
393,457,2025-01-01,518
394,1774,2025-01-01,452
395,3912,2025-01-01,88
396,4355,2025-01-01,40
397,1593,2025-01-01,582
398,2383,2025-01-01,49
399,2885,2025-01-01,395
400,3876,2025-01-01,59
401,4728,2025-01-01,276
402,4118,2025-01-01,587
403,3970,2025-01-01,139
404,2098,2025-01-01,304
405,1104,2025-01-01,484
406,2293,2025-01-01,592
407,555,2025-01-01,244
408,3929,2025-01-01,521
409,2743,2025-01-01,204
410,1424,2025-01-01,478
411,1824,2025-01-01,387
412,2017,2025-01-01,336
413,1288,2025-01-01,408
414,541,2025-01-01,449
415,2189,2025-01-01,400
416,2252,2025-01-01,247
417,236,2025-01-01,454
418,267,2025-01-01,492
419,2975,2025-01-01,360
420,3425,2025-01-01,468
421,670,2025-01-01,494
422,1533,2025-01-01,446
423,428,2025-01-01,371
424,1217,2025-01-01,342
425,2342,2025-01-01,89
426,1738,2025-01-01,83
427,4108,2025-01-01,269
428,1074,2025-01-01,447
429,340,2025-01-01,233
430,3524,2025-01-01,480
431,3216,2025-01-01,424
432,1302,2025-01-01,268
433,480,2025-01-01,533
434,3817,2025-01-01,440
435,4858,2025-01-01,424
436,3114,2025-01-01,385
437,2469,2025-01-01,504
438,844,2025-01-01,59
439,1208,2025-01-01,209
440,4911,2025-01-01,185
441,2328,2025-01-01,113
442,503,2025-01-01,291
443,594,2025-01-01,483
444,2625,2025-01-01,537
445,427,2025-01-01,565
446,4059,2025-01-01,44
447,4697,2025-01-01,101
448,3726,2025-01-01,586
449,1567,2025-01-01,127
450,760,2025-01-01,576
451,3521,2025-01-01,36
452,4378,2025-01-01,495
453,4942,2025-01-01,103
454,1923,2025-01-01,583
455,853,2025-01-01,85
456,722,2025-01-01,84
457,3418,2025-01-01,431
458,727,2025-01-01,53
459,3300,2025-01-01,243
460,3206,2025-01-01,5
461,2176,2025-01-01,104
462,1724,2025-01-01,117
463,4165,2025-01-01,423
464,1531,2025-01-01,254
465,2659,2025-01-01,541
466,116,2025-01-01,547
467,3564,2025-01-01,575
468,4732,2025-01-01,349
469,2969,2025-01-01,534
470,2064,2025-01-01,438
471,4009,2025-01-01,513
472,421,2025-01-01,33
473,571,2025-01-01,90
474,3312,2025-01-01,61
475,1869,2025-01-01,477
476,152,2025-01-01,114
477,3528,2025-01-01,193
478,3776,2025-01-01,42
479,274,2025-01-01,104
480,1996,2025-01-01,490
481,3072,2025-01-01,427
482,538,2025-01-01,285
483,4804,2025-01-01,565
484,1605,2025-01-01,135
485,4718,2025-01-01,4
486,89,2025-01-01,60
487,4449,2025-01-01,399
488,1301,2025-01-01,573
489,3083,2025-01-01,184
490,2648,2025-01-01,309
491,3031,2025-01-01,201
492,4201,2025-01-01,33
493,4623,2025-01-01,516
494,1408,2025-01-01,152
495,1646,2025-01-01,93
496,3127,2025-01-01,438
497,1434,2025-01-01,210
498,3301,2025-01-01,522
499,3226,2025-01-01,153
500,3228,2025-01-01,299
501,2517,2025-01-01,123
502,868,2025-01-01,495
503,4772,2025-01-01,42
504,1223,2025-01-01,105
505,3620,2025-01-01,411
506,4699,2025-01-01,533
507,2503,2025-01-01,353
508,3380,2025-01-01,391
509,912,2025-01-01,135
510,3965,2025-01-01,290
511,1938,2025-01-01,23
512,1902,2025-01-01,557
513,2914,2025-01-01,94
514,4755,2025-01-01,4
515,4095,2025-01-01,171
516,4614,2025-01-01,287
517,1887,2025-01-01,330
518,1773,2025-01-01,275
519,4964,2025-01-01,92
520,4380,2025-01-01,187
521,3422,2025-01-01,230
522,1089,2025-01-01,134
523,4124,2025-01-01,418
524,4386,2025-01-01,402
525,381,2025-01-01,76
526,2656,2025-01-01,11
527,1012,2025-01-01,228
528,2543,2025-01-01,590
529,132,2025-01-01,592
530,4426,2025-01-01,574
531,1917,2025-01-01,410
532,892,2025-01-01,449
533,3373,2025-01-01,480
534,769,2025-01-01,406
535,2455,2025-01-01,0
536,4330,2025-01-01,547
537,1619,2025-01-01,106
538,4010,2025-01-01,441
539,1705,2025-01-01,35
540,1715,2025-01-01,555
541,4388,2025-01-01,0
542,4426,2025-01-01,84
543,640,2025-01-01,395
544,3127,2025-01-01,93
545,4897,2025-01-01,446
546,1179,2025-01-01,446
547,4221,2025-01-01,33
548,4609,2025-01-01,257
549,166,2025-01-01,348
550,251,2025-01-01,384
551,2239,2025-01-01,108
552,4118,2025-01-01,367
553,4206,2025-01-01,233
554,4961,2025-01-01,592
555,1286,2025-01-01,282
556,3032,2025-01-01,131
557,432,2025-01-01,478
558,2071,2025-01-01,460
559,2453,2025-01-01,237
560,836,2025-01-01,407
561,4683,2025-01-01,208
562,1144,2025-01-01,431
563,1933,2025-01-01,499
564,2977,2025-01-01,341
565,936,2025-01-01,524
566,4587,2025-01-01,180
567,3975,2025-01-01,186
568,2783,2025-01-01,300
569,167,2025-01-01,65
570,3497,2025-01-01,479
571,1160,2025-01-01,511
572,354,2025-01-01,25
573,4722,2025-01-01,242
574,1223,2025-01-01,278
575,2162,2025-01-01,197
576,975,2025-01-01,21
577,1268,2025-01-01,530
578,4541,2025-01-01,424
579,1256,2025-01-01,32
580,4288,2025-01-01,28
581,2567,2025-01-01,222
582,3938,2025-01-01,37
583,2719,2025-01-01,512
584,2206,2025-01-01,24
585,3728,2025-01-01,577
586,4625,2025-01-01,115
587,685,2025-01-01,500
588,3951,2025-01-01,365
589,1497,2025-01-01,191
590,1159,2025-01-01,313
591,1311,2025-01-01,212
592,968,2025-01-01,264
593,321,2025-01-01,7
594,3900,2025-01-01,20
595,1126,2025-01-01,287
596,2056,2025-01-01,451
597,3224,2025-01-01,87
598,480,2025-01-01,13
599,3165,2025-01-01,323
600,1387,2025-01-01,437
601,4848,2025-01-01,270
602,790,2025-01-01,380
603,3588,2025-01-01,28
604,3854,2025-01-01,83
605,2724,2025-01-01,231
606,471,2025-01-01,354
607,173,2025-01-01,76
608,1928,2025-01-01,157
609,2646,2025-01-01,354
610,58,2025-01-01,337
611,375,2025-01-01,505
612,3378,2025-01-01,426
613,2199,2025-01-01,72
614,1000,2025-01-01,556
615,3745,2025-01-01,129
616,943,2025-01-01,379
617,1380,2025-01-01,511
618,4545,2025-01-01,138
619,307,2025-01-01,430
620,4049,2025-01-01,34
621,985,2025-01-01,496
622,1546,2025-01-01,95
623,2488,2025-01-01,203
624,2544,2025-01-01,297
625,478,2025-01-01,290
626,2722,2025-01-01,310
627,1632,2025-01-01,434
628,631,2025-01-01,389
629,4130,2025-01-01,355
630,480,2025-01-01,61
631,4738,2025-01-01,202
632,3910,2025-01-01,155
633,2559,2025-01-01,394
634,1972,2025-01-01,593
635,1378,2025-01-01,382
636,1474,2025-01-01,446
637,1515,2025-01-01,422
638,4807,2025-01-01,490
639,3573,2025-01-01,547
640,3484,2025-01-01,524
641,2300,2025-01-01,24
642,1117,2025-01-01,223
643,4731,2025-01-01,566
644,2222,2025-01-01,86
645,165,2025-01-01,225
646,4579,2025-01-01,582
647,672,2025-01-01,495
648,3193,2025-01-01,388
649,2816,2025-01-01,16
650,4466,2025-01-01,434
651,4457,2025-01-01,258
652,940,2025-01-01,412
653,727,2025-01-01,57
654,4126,2025-01-01,196
655,1365,2025-01-01,29
656,2972,2025-01-01,572
657,57,2025-01-01,178
658,884,2025-01-01,478
659,1626,2025-01-01,153
660,4982,2025-01-01,386
661,685,2025-01-01,40
662,1334,2025-01-01,150
663,70,2025-01-01,161
664,4470,2025-01-01,199
665,1131,2025-01-01,562
666,3933,2025-01-01,221
667,597,2025-01-01,6
668,1980,2025-01-01,546
669,4236,2025-01-01,204
670,2979,2025-01-01,225
671,3234,2025-01-01,229
672,1305,2025-01-01,295
673,3687,2025-01-01,557
674,1583,2025-01-01,202
675,4410,2025-01-01,332
676,4858,2025-01-01,391
677,4184,2025-01-01,287
678,4695,2025-01-01,487
679,4281,2025-01-01,322
680,3305,2025-01-01,185
681,3543,2025-01-01,309
682,4550,2025-01-01,13
683,168,2025-01-01,461
684,2753,2025-01-01,575
685,2558,2025-01-01,346
686,4572,2025-01-01,85
687,767,2025-01-01,532
688,2779,2025-01-01,178
689,89,2025-01-01,133
690,2935,2025-01-01,334
691,3751,2025-01-01,415
692,1531,2025-01-01,397
693,838,2025-01-01,438
694,4201,2025-01-01,328
695,1789,2025-01-01,390
696,675,2025-01-01,185
697,3738,2025-01-01,388
698,4111,2025-01-01,198
699,4995,2025-01-01,11
700,1083,2025-01-01,42
701,611,2025-01-01,411
702,2744,2025-01-01,574
703,4112,2025-01-01,96
704,4754,2025-01-01,431
705,598,2025-01-01,88
706,2991,2025-01-01,227
707,3907,2025-01-01,565
708,2598,2025-01-01,313
709,1773,2025-01-01,475
710,1256,2025-01-01,245
711,3911,2025-01-01,32
712,59,2025-01-01,175
713,2889,2025-01-01,212
714,191,2025-01-01,34
715,544,2025-01-01,208
716,3267,2025-01-01,267
717,2947,2025-01-01,363
718,1245,2025-01-01,475
719,1995,2025-01-01,259
720,4862,2025-01-01,484
721,3520,2025-01-01,398
722,3050,2025-01-01,449
723,2878,2025-01-01,255
724,935,2025-01-01,25
725,2576,2025-01-01,382
726,1111,2025-01-01,505
727,2611,2025-01-01,38
728,660,2025-01-01,69
729,2992,2025-01-01,71
730,1010,2025-01-01,167
731,4753,2025-01-01,482
732,2717,2025-01-01,355
733,933,2025-01-01,133
734,2800,2025-01-01,102
735,2494,2025-01-01,391
736,3035,2025-01-01,548
737,4748,2025-01-01,541
738,1290,2025-01-01,324
739,4352,2025-01-01,37
740,1295,2025-01-01,571
741,1199,2025-01-01,38
742,3011,2025-01-01,373
743,3089,2025-01-01,109
744,3704,2025-01-01,205
745,1630,2025-01-01,31
746,114,2025-01-01,78
747,2406,2025-01-01,451
748,971,2025-01-01,95
749,763,2025-01-01,2
750,4095,2025-01-01,347
751,4269,2025-01-01,66
752,1323,2025-01-01,0
753,798,2025-01-01,292
754,3825,2025-01-01,585
755,1584,2025-01-01,502
756,4034,2025-01-01,361
757,2149,2025-01-01,557
758,1057,2025-01-01,265
759,1778,2025-01-01,135
760,3905,2025-01-01,120
761,4268,2025-01-01,556
762,2496,2025-01-01,12
763,4210,2025-01-01,37
764,774,2025-01-01,69
765,1404,2025-01-01,452
766,3649,2025-01-01,514
767,970,2025-01-01,519
768,3100,2025-01-01,466
769,154,2025-01-01,20
770,3366,2025-01-01,71
771,3683,2025-01-01,295
772,483,2025-01-01,467
773,3652,2025-01-01,293
774,3196,2025-01-01,138
775,4962,2025-01-01,410
776,846,2025-01-01,293
777,4888,2025-01-01,146
778,3860,2025-01-01,187
779,4194,2025-01-01,263
780,110,2025-01-01,123
781,517,2025-01-01,50
782,3051,2025-01-01,359
783,1,2025-01-01,83
784,4703,2025-01-01,280
785,1694,2025-01-01,28
786,4780,2025-01-01,533
787,372,2025-01-01,181
788,216,2025-01-01,520
789,3664,2025-01-01,395
790,1984,2025-01-01,180
791,4861,2025-01-01,470
792,3312,2025-01-01,385
793,1389,2025-01-01,472
794,778,2025-01-01,452
795,4771,2025-01-01,292
796,3714,2025-01-01,9
797,516,2025-01-01,225
798,174,2025-01-01,293
799,1657,2025-01-01,227
800,2566,2025-01-01,75
801,4469,2025-01-01,316
802,781,2025-01-01,217
803,2224,2025-01-01,302
804,1550,2025-01-01,411
805,2312,2025-01-01,383
806,720,2025-01-01,325
807,4582,2025-01-01,499
808,1579,2025-01-01,307
809,2296,2025-01-01,186
810,4627,2025-01-01,218
811,1398,2025-01-01,499
812,2964,2025-01-01,181
813,2584,2025-01-01,164
814,3914,2025-01-01,79
815,907,2025-01-01,28
816,4110,2025-01-01,283
817,2193,2025-01-01,516
818,2402,2025-01-01,192
819,1831,2025-01-01,497
820,2945,2025-01-01,178
821,3574,2025-01-01,87
822,229,2025-01-01,539
823,2999,2025-01-01,159
824,4088,2025-01-01,203
825,1018,2025-01-01,110
826,4845,2025-01-01,596
827,1567,2025-01-01,260
828,649,2025-01-01,515
829,3889,2025-01-01,73
830,2723,2025-01-01,309
831,3833,2025-01-01,286
832,128,2025-01-01,20
833,1890,2025-01-01,164
834,1120,2025-01-01,112
835,3576,2025-01-01,79
836,1537,2025-01-01,29
837,4484,2025-01-01,404
838,3264,2025-01-01,117
839,1077,2025-01-01,580
840,3407,2025-01-01,512
841,4882,2025-01-01,75
842,3794,2025-01-01,32
843,4797,2025-01-01,502
844,2276,2025-01-01,146
845,4793,2025-01-01,92
846,837,2025-01-01,206
847,4726,2025-01-01,158
848,142,2025-01-01,284
849,2658,2025-01-01,431
850,1920,2025-01-01,404
851,4648,2025-01-01,97
852,110,2025-01-01,145
853,1073,2025-01-01,36
854,2695,2025-01-01,518
855,1501,2025-01-01,78
856,4342,2025-01-01,359
857,1376,2025-01-01,232
858,4865,2025-01-01,264
859,1215,2025-01-01,85
860,354,2025-01-01,333
861,3487,2025-01-01,97
862,4851,2025-01-01,115
863,918,2025-01-01,475
864,2646,2025-01-01,493
865,30,2025-01-01,524
866,4721,2025-01-01,344
867,1386,2025-01-01,244
868,2515,2025-01-01,527
869,161,2025-01-01,246
870,2788,2025-01-01,315
871,4708,2025-01-01,254
872,2850,2025-01-01,263
873,1481,2025-01-01,22
874,2899,2025-01-01,472
875,1569,2025-01-01,537
876,1973,2025-01-01,220
877,2274,2025-01-01,58
878,132,2025-01-01,577
879,2791,2025-01-01,285
880,2097,2025-01-01,405
881,3750,2025-01-01,230
882,3271,2025-01-01,351
883,2654,2025-01-01,159
884,196,2025-01-01,450
885,4140,2025-01-01,73
886,2860,2025-01-01,473
887,4696,2025-01-01,319
888,2491,2025-01-01,102
889,4094,2025-01-01,559
890,4950,2025-01-01,502
891,2482,2025-01-01,175
892,2946,2025-01-01,330
893,3247,2025-01-01,13
894,3564,2025-01-01,73
895,63,2025-01-01,35
896,381,2025-01-01,336
897,4796,2025-01-01,231
898,3558,2025-01-01,511
899,4630,2025-01-01,27
900,1963,2025-01-01,201
901,3018,2025-01-01,386
902,4442,2025-01-01,127
903,2021,2025-01-01,553
904,1154,2025-01-01,253
905,3742,2025-01-01,207
906,4960,2025-01-01,168
907,4023,2025-01-01,481
908,2370,2025-01-01,241
909,1903,2025-01-01,314
910,1776,2025-01-01,443
911,2769,2025-01-01,276
912,960,2025-01-01,66
913,3120,2025-01-01,382
914,1471,2025-01-01,565
915,1647,2025-01-01,247
916,2443,2025-01-01,92
917,2879,2025-01-01,398
918,2995,2025-01-01,7
919,2402,2025-01-01,211
920,987,2025-01-01,574
921,660,2025-01-01,438
922,1,2025-01-01,182
923,1687,2025-01-01,234
924,1718,2025-01-01,256
925,4274,2025-01-01,162
926,3684,2025-01-01,416
927,3553,2025-01-01,282
928,1066,2025-01-01,68
929,4286,2025-01-01,503
930,2091,2025-01-01,236
931,469,2025-01-01,541
932,871,2025-01-01,539
933,2977,2025-01-01,27
934,236,2025-01-01,582
935,3510,2025-01-01,212
936,283,2025-01-01,372
937,3291,2025-01-01,232
938,2277,2025-01-01,556
939,3214,2025-01-01,409
940,731,2025-01-01,132
941,3567,2025-01-01,410
942,3744,2025-01-01,457
943,584,2025-01-01,79
944,3005,2025-01-01,421
945,1130,2025-01-01,549
946,3644,2025-01-01,459
947,4396,2025-01-01,397
948,353,2025-01-01,119
949,1142,2025-01-01,388
950,3510,2025-01-01,416
951,2410,2025-01-01,408
952,1012,2025-01-01,104
953,835,2025-01-01,116
954,4522,2025-01-01,98
955,3978,2025-01-01,101
956,59,2025-01-01,191
957,1835,2025-01-01,534
958,3707,2025-01-01,267
959,4421,2025-01-01,301
960,2693,2025-01-01,299
961,1462,2025-01-01,151
962,2651,2025-01-01,596
963,2523,2025-01-01,141
964,374,2025-01-01,139
965,2498,2025-01-01,352
966,3243,2025-01-01,11
967,4627,2025-01-01,236
968,877,2025-01-01,364
969,3971,2025-01-01,58
970,2187,2025-01-01,575
971,3433,2025-01-01,326
972,2797,2025-01-01,542
973,4716,2025-01-01,541
974,3423,2025-01-01,436
975,1904,2025-01-01,390
976,2086,2025-01-01,265
977,3288,2025-01-01,528
978,2014,2025-01-01,280
979,4684,2025-01-01,517
980,2928,2025-01-01,274
981,1271,2025-01-01,97
982,3724,2025-01-01,277
983,4876,2025-01-01,113
984,2161,2025-01-01,544
985,3071,2025-01-01,181
986,2416,2025-01-01,16
987,125,2025-01-01,273
988,4865,2025-01-01,266
989,3209,2025-01-01,167
990,3667,2025-01-01,439
991,1802,2025-01-01,334
992,781,2025-01-01,347
993,1852,2025-01-01,103
994,3279,2025-01-01,213
995,2374,2025-01-01,439
996,4261,2025-01-01,531
997,4338,2025-01-01,568
998,4435,2025-01-01,326
999,1245,2025-01-01,123
1000,1416,2025-01-01,299
1001,4570,2025-01-01,250
1002,1264,2025-01-01,298
1003,3784,2025-01-01,224
1004,3707,2025-01-01,246
1005,4407,2025-01-01,391
1006,3114,2025-01-01,381
1007,4291,2025-01-01,581
1008,581,2025-01-01,268
1009,3576,2025-01-01,179
1010,4303,2025-01-01,21
1011,1935,2025-01-01,393
1012,3577,2025-01-01,157
1013,4893,2025-01-01,430
1014,1269,2025-01-01,208
1015,237,2025-01-01,238
1016,3149,2025-01-01,233
1017,2680,2025-01-01,234
1018,1839,2025-01-01,194
1019,2165,2025-01-01,585
1020,1880,2025-01-01,53
1021,1521,2025-01-01,108
1022,3327,2025-01-01,68
1023,3625,2025-01-01,407
1024,4444,2025-01-01,182
1025,882,2025-01-01,173
1026,4969,2025-01-01,561
1027,1310,2025-01-01,599
1028,27,2025-01-01,257
1029,2921,2025-01-01,237
1030,1479,2025-01-01,382
1031,3658,2025-01-01,181
1032,3337,2025-01-01,124
1033,1583,2025-01-01,53
1034,3527,2025-01-01,447
1035,3472,2025-01-01,424
1036,2005,2025-01-01,405
1037,1501,2025-01-01,143
1038,614,2025-01-01,24
1039,2159,2025-01-01,139
1040,3999,2025-01-01,353
1041,3067,2025-01-01,11
1042,2792,2025-01-01,359
1043,1249,2025-01-01,67
1044,896,2025-01-01,466
1045,4129,2025-01-01,336
1046,3418,2025-01-01,250
1047,3285,2025-01-01,337
1048,579,2025-01-01,424
1049,1184,2025-01-01,440
1050,2903,2025-01-01,376
1051,2765,2025-01-01,181
1052,4068,2025-01-01,382
1053,1117,2025-01-01,571
1054,4678,2025-01-01,419
1055,2323,2025-01-01,332
1056,2930,2025-01-01,334
1057,582,2025-01-01,83
1058,1157,2025-01-01,241
1059,3263,2025-01-01,421
1060,2725,2025-01-01,423
1061,1057,2025-01-01,10
1062,4783,2025-01-01,281
1063,3303,2025-01-01,539
1064,3375,2025-01-01,401
1065,4188,2025-01-01,201
1066,534,2025-01-01,581
1067,4447,2025-01-01,293
1068,2224,2025-01-01,142
1069,3284,2025-01-01,289
1070,1759,2025-01-01,555
1071,4845,2025-01-01,270
1072,4361,2025-01-01,213
1073,3259,2025-01-01,412
1074,1914,2025-01-01,225
1075,2010,2025-01-01,388
1076,2863,2025-01-01,572
1077,3560,2025-01-01,115
1078,1317,2025-01-01,486
1079,3711,2025-01-01,357
1080,1505,2025-01-01,142
1081,401,2025-01-01,201
1082,547,2025-01-01,573
1083,749,2025-01-01,375
1084,2323,2025-01-01,465
1085,949,2025-01-01,467
1086,3819,2025-01-01,308
1087,3893,2025-01-01,468
1088,3073,2025-01-01,131
1089,1014,2025-01-01,264
1090,4579,2025-01-01,565
1091,1475,2025-01-01,480
1092,1662,2025-01-01,270
1093,1766,2025-01-01,107
1094,401,2025-01-01,509
1095,3398,2025-01-01,284
1096,2233,2025-01-01,231
1097,3856,2025-01-01,361
1098,41,2025-01-01,76
1099,343,2025-01-01,374
1100,1776,2025-01-01,298
1101,2924,2025-01-01,432
1102,2097,2025-01-01,339
1103,3580,2025-01-01,14
1104,3039,2025-01-01,263
1105,3693,2025-01-01,361
1106,1597,2025-01-01,398
1107,4487,2025-01-01,515
1108,299,2025-01-01,275
1109,3641,2025-01-01,589
1110,1729,2025-01-01,247
1111,2148,2025-01-01,234
1112,2517,2025-01-01,85
1113,3917,2025-01-01,590
1114,74,2025-01-01,44
1115,206,2025-01-01,230
1116,1759,2025-01-01,109
1117,3581,2025-01-01,363
1118,2013,2025-01-01,173
1119,4202,2025-01-01,274
1120,2868,2025-01-01,200
1121,4422,2025-01-01,363
1122,1781,2025-01-01,306
1123,4591,2025-01-01,158
1124,909,2025-01-01,123
1125,1699,2025-01-01,515
1126,1605,2025-01-01,205
1127,2684,2025-01-01,440
1128,426,2025-01-01,408
1129,229,2025-01-01,563
1130,2608,2025-01-01,154
1131,262,2025-01-01,506
1132,3950,2025-01-01,295
1133,2228,2025-01-01,515
1134,843,2025-01-01,502
1135,1407,2025-01-01,212
1136,4637,2025-01-01,152
1137,3437,2025-01-01,493
1138,4674,2025-01-01,347
1139,1778,2025-01-01,484
1140,1746,2025-01-01,475
1141,3664,2025-01-01,7
1142,476,2025-01-01,459
1143,795,2025-01-01,120
1144,2677,2025-01-01,320
1145,2002,2025-01-01,529
1146,4120,2025-01-01,24
1147,440,2025-01-01,240
1148,1995,2025-01-01,265
1149,1336,2025-01-01,278
1150,4261,2025-01-01,300
1151,3069,2025-01-01,185
1152,1830,2025-01-01,230
1153,4530,2025-01-01,567
1154,714,2025-01-01,565
1155,4880,2025-01-01,384
1156,4766,2025-01-01,373
1157,809,2025-01-01,292
1158,4996,2025-01-01,203
1159,4514,2025-01-01,357
1160,349,2025-01-01,548
1161,2066,2025-01-01,161
1162,177,2025-01-01,101
1163,1945,2025-01-01,409
1164,1830,2025-01-01,50
1165,1688,2025-01-01,462
1166,1556,2025-01-01,72
1167,1749,2025-01-01,109
1168,369,2025-01-01,411
1169,3822,2025-01-01,143
1170,1284,2025-01-01,142
1171,2008,2025-01-01,15
1172,287,2025-01-01,406
1173,4079,2025-01-01,239
1174,3096,2025-01-01,68
1175,2561,2025-01-01,243
1176,2151,2025-01-01,101
1177,3445,2025-01-01,455
1178,14,2025-01-01,263
1179,1027,2025-01-01,99
1180,1277,2025-01-01,81
1181,3399,2025-01-01,286
1182,2510,2025-01-01,415
1183,624,2025-01-01,219
1184,2706,2025-01-01,11
1185,1406,2025-01-01,284
1186,745,2025-01-01,555
1187,2992,2025-01-01,376
1188,4451,2025-01-01,410
1189,2700,2025-01-01,549
1190,1771,2025-01-01,298
1191,1405,2025-01-01,586
1192,3620,2025-01-01,66
1193,4961,2025-01-01,259
1194,4700,2025-01-01,520
1195,4585,2025-01-01,511
1196,2572,2025-01-01,433
1197,4147,2025-01-01,180
1198,1828,2025-01-01,424
1199,4401,2025-01-01,26
1200,2254,2025-01-01,368
1201,1474,2025-01-01,242
1202,4845,2025-01-01,441
1203,1556,2025-01-01,579
1204,4399,2025-01-01,372
1205,3240,2025-01-01,130
1206,2334,2025-01-01,152
1207,4332,2025-01-01,453
1208,1800,2025-01-01,456
1209,3571,2025-01-01,496
1210,268,2025-01-01,449
1211,1076,2025-01-01,138
1212,4591,2025-01-01,470
1213,7,2025-01-01,359
1214,2993,2025-01-01,578
1215,214,2025-01-01,358
1216,2350,2025-01-01,254
1217,866,2025-01-01,240
1218,4177,2025-01-01,186
1219,2377,2025-01-01,204
1220,2992,2025-01-01,127
1221,1534,2025-01-01,83
1222,1754,2025-01-01,68
1223,3662,2025-01-01,468
1224,4213,2025-01-01,594
1225,1837,2025-01-01,586
1226,1131,2025-01-01,184
1227,1088,2025-01-01,90
1228,591,2025-01-01,369
1229,4704,2025-01-01,218
1230,3023,2025-01-01,367
1231,832,2025-01-01,102
1232,3116,2025-01-01,167
1233,1712,2025-01-01,517
1234,2326,2025-01-01,551
1235,4474,2025-01-01,342
1236,3112,2025-01-01,505
1237,2692,2025-01-01,544
1238,4342,2025-01-01,362
1239,2475,2025-01-01,495
1240,3156,2025-01-01,453
1241,377,2025-01-01,433
1242,2781,2025-01-01,173
1243,4953,2025-01-01,316
1244,3088,2025-01-01,282
1245,2953,2025-01-01,302
1246,4575,2025-01-01,282
1247,521,2025-01-01,62
1248,1101,2025-01-01,40
1249,279,2025-01-01,463
1250,3915,2025-01-01,125
1251,843,2025-01-01,40
1252,3011,2025-01-01,194
1253,2266,2025-01-01,119
1254,4119,2025-01-01,116
1255,292,2025-01-01,118
1256,3602,2025-01-01,229
1257,1985,2025-01-01,52
1258,331,2025-01-01,287
1259,1668,2025-01-01,461
1260,1318,2025-01-01,96
1261,2274,2025-01-01,70
1262,4465,2025-01-01,151
1263,3946,2025-01-01,531
1264,1599,2025-01-01,371
1265,845,2025-01-01,147
1266,2570,2025-01-01,90
1267,4995,2025-01-01,258
1268,2603,2025-01-01,420
1269,4424,2025-01-01,319
1270,4101,2025-01-01,117
1271,931,2025-01-01,549
1272,4691,2025-01-01,405
1273,1653,2025-01-01,388
1274,4084,2025-01-01,20
1275,642,2025-01-01,388
1276,4428,2025-01-01,97
1277,1294,2025-01-01,50
1278,1121,2025-01-01,208
1279,1946,2025-01-01,564
1280,887,2025-01-01,484
1281,400,2025-01-01,541
1282,2526,2025-01-01,53
1283,728,2025-01-01,464
1284,4191,2025-01-01,200
1285,699,2025-01-01,88
1286,4603,2025-01-01,589
1287,4974,2025-01-01,200
1288,627,2025-01-01,295
1289,2566,2025-01-01,133
1290,1642,2025-01-01,497
1291,4650,2025-01-01,476
1292,4706,2025-01-01,488
1293,1,2025-01-01,77
1294,3415,2025-01-01,229
1295,2280,2025-01-01,431
1296,2317,2025-01-01,487
1297,4213,2025-01-01,331
1298,3298,2025-01-01,236
1299,2373,2025-01-01,338
1300,339,2025-01-01,577
1301,3327,2025-01-01,434
1302,3877,2025-01-01,521
1303,3830,2025-01-01,495
1304,2055,2025-01-01,473
1305,2344,2025-01-01,381
1306,377,2025-01-01,241
1307,4755,2025-01-01,512
1308,4967,2025-01-01,516
1309,57,2025-01-01,423
1310,2353,2025-01-01,484
1311,4605,2025-01-01,305
1312,1107,2025-01-01,244
1313,928,2025-01-01,419
1314,2319,2025-01-01,79
1315,4851,2025-01-01,289
1316,812,2025-01-01,169
1317,3795,2025-01-01,342
1318,586,2025-01-01,535
1319,2623,2025-01-01,279
1320,3132,2025-01-01,389
1321,2448,2025-01-01,213
1322,1089,2025-01-01,174
1323,2225,2025-01-01,218
1324,867,2025-01-01,573
1325,3559,2025-01-01,435
1326,3260,2025-01-01,122
1327,182,2025-01-01,34
1328,207,2025-01-01,182
1329,4616,2025-01-01,74
1330,939,2025-01-01,498
1331,3142,2025-01-01,468
1332,4704,2025-01-01,252
1333,1155,2025-01-01,249
1334,135,2025-01-01,406
1335,2846,2025-01-01,327
1336,2183,2025-01-01,78
1337,4163,2025-01-01,413
1338,3984,2025-01-01,277
1339,2916,2025-01-01,205
1340,1443,2025-01-01,350
1341,4411,2025-01-01,134
1342,678,2025-01-01,78
1343,1825,2025-01-01,358
1344,4356,2025-01-01,464
1345,4672,2025-01-01,141
1346,2255,2025-01-01,304
1347,1223,2025-01-01,123
1348,69,2025-01-01,335
1349,775,2025-01-01,495
1350,252,2025-01-01,90
1351,2428,2025-01-01,46
1352,4234,2025-01-01,261
1353,733,2025-01-01,134
1354,4951,2025-01-01,172
1355,3854,2025-01-01,537
1356,1809,2025-01-01,208
1357,2545,2025-01-01,97
1358,308,2025-01-01,474
1359,4643,2025-01-01,54
1360,1993,2025-01-01,481
1361,1089,2025-01-01,353
1362,1414,2025-01-01,203
1363,2800,2025-01-01,473
1364,647,2025-01-01,500
1365,1219,2025-01-01,374
1366,2517,2025-01-01,571
1367,82,2025-01-01,186
1368,2650,2025-01-01,24
1369,3205,2025-01-01,285
1370,4083,2025-01-01,279
1371,1911,2025-01-01,303
1372,2882,2025-01-01,477
1373,4562,2025-01-01,457
1374,4284,2025-01-01,72
1375,3079,2025-01-01,186
1376,4827,2025-01-01,390
1377,412,2025-01-01,418
1378,426,2025-01-01,107
1379,3136,2025-01-01,360
1380,4279,2025-01-01,232
1381,2175,2025-01-01,41
1382,3674,2025-01-01,577
1383,1754,2025-01-01,344
1384,4275,2025-01-01,16
1385,3026,2025-01-01,327
1386,1752,2025-01-01,156
1387,277,2025-01-01,333
1388,769,2025-01-01,147
1389,2029,2025-01-01,398
1390,1334,2025-01-01,527
1391,788,2025-01-01,252
1392,3516,2025-01-01,388
1393,2984,2025-01-01,387
1394,2418,2025-01-01,255
1395,349,2025-01-01,440
1396,2455,2025-01-01,45
1397,3675,2025-01-01,347
1398,1244,2025-01-01,489
1399,157,2025-01-01,534
1400,3482,2025-01-01,227
1401,4838,2025-01-01,557
1402,1804,2025-01-01,488
1403,434,2025-01-01,464
1404,707,2025-01-01,490
1405,3079,2025-01-01,132
1406,4130,2025-01-01,53
1407,4300,2025-01-01,345
1408,3814,2025-01-01,368
1409,1683,2025-01-01,178
1410,344,2025-01-01,202
1411,4728,2025-01-01,129
1412,3274,2025-01-01,568
1413,3189,2025-01-01,521
1414,375,2025-01-01,226
1415,4184,2025-01-01,386
1416,3222,2025-01-01,419
1417,640,2025-01-01,526
1418,1078,2025-01-01,387
1419,1941,2025-01-01,132
1420,3910,2025-01-01,453
1421,2408,2025-01-01,423
1422,1715,2025-01-01,424
1423,2576,2025-01-01,5
1424,4535,2025-01-01,458
1425,2985,2025-01-01,511
1426,4407,2025-01-01,321
1427,1584,2025-01-01,549
1428,4982,2025-01-01,404
1429,1541,2025-01-01,230
1430,2011,2025-01-01,130
1431,3608,2025-01-01,543
1432,763,2025-01-01,505
1433,2292,2025-01-01,73
1434,2938,2025-01-01,374
1435,1818,2025-01-01,279
1436,4015,2025-01-01,157
1437,219,2025-01-01,359
1438,3934,2025-01-01,94
1439,2552,2025-01-01,345
1440,1352,2025-01-01,90
1441,2692,2025-01-01,455
1442,1021,2025-01-01,111
1443,1039,2025-01-01,169
1444,1570,2025-01-01,268
1445,1210,2025-01-01,489
1446,2614,2025-01-01,499
1447,1890,2025-01-01,259
1448,1061,2025-01-01,123
1449,1096,2025-01-01,583
1450,4721,2025-01-01,543
1451,2683,2025-01-01,57
1452,2421,2025-01-01,521
1453,2969,2025-01-01,272
1454,1200,2025-01-01,408
1455,864,2025-01-01,50
1456,1253,2025-01-01,170
1457,3872,2025-01-01,173
1458,193,2025-01-01,273
1459,539,2025-01-01,532
1460,2173,2025-01-01,196
1461,1916,2025-01-01,283
1462,4382,2025-01-01,374
1463,2231,2025-01-01,248
1464,2525,2025-01-01,114
1465,4351,2025-01-01,244
1466,4842,2025-01-01,332
1467,4826,2025-01-01,595
1468,1605,2025-01-01,262
1469,2277,2025-01-01,410
1470,3273,2025-01-01,158
1471,3934,2025-01-01,10
1472,595,2025-01-01,272
1473,2685,2025-01-01,338
1474,4625,2025-01-01,446
1475,4717,2025-01-01,203
1476,3050,2025-01-01,292
1477,2644,2025-01-01,425
1478,3846,2025-01-01,178
1479,1370,2025-01-01,38
1480,2426,2025-01-01,503
1481,3057,2025-01-01,539
1482,3730,2025-01-01,582
1483,760,2025-01-01,420
1484,2202,2025-01-01,434
1485,2644,2025-01-01,288
1486,159,2025-01-01,29
1487,857,2025-01-01,441
1488,4923,2025-01-01,214
1489,2297,2025-01-01,88
1490,2141,2025-01-01,506
1491,3383,2025-01-01,308
1492,4593,2025-01-01,365
1493,3500,2025-01-01,217
1494,4262,2025-01-01,12
1495,2359,2025-01-01,220
1496,2995,2025-01-01,230
1497,79,2025-01-01,239
1498,2143,2025-01-01,266
1499,1711,2025-01-01,433
1500,4594,2025-01-01,299
1501,3898,2025-01-01,130
1502,1873,2025-01-01,170
1503,3947,2025-01-01,387
1504,457,2025-01-01,409
1505,2091,2025-01-01,407
1506,753,2025-01-01,399
1507,88,2025-01-01,316
1508,1875,2025-01-01,599
1509,457,2025-01-01,404
1510,4935,2025-01-01,68
1511,1729,2025-01-01,228
1512,3759,2025-01-01,232
1513,2319,2025-01-01,10
1514,3195,2025-01-01,251
1515,1308,2025-01-01,501
1516,1668,2025-01-01,448
1517,4684,2025-01-01,26
1518,1979,2025-01-01,297
1519,3535,2025-01-01,481
1520,971,2025-01-01,210
1521,1279,2025-01-01,294
1522,3873,2025-01-01,143
1523,2695,2025-01-01,215
1524,1558,2025-01-01,381
1525,3955,2025-01-01,276
1526,91,2025-01-01,391
1527,3595,2025-01-01,13
1528,1122,2025-01-01,20
1529,3870,2025-01-01,121
1530,79,2025-01-01,372
1531,822,2025-01-01,418
1532,1096,2025-01-01,17
1533,4145,2025-01-01,81
1534,554,2025-01-01,194
1535,4204,2025-01-01,51
1536,2222,2025-01-01,547
1537,2698,2025-01-01,485
1538,4466,2025-01-01,124
1539,1668,2025-01-01,211
1540,4840,2025-01-01,238
1541,741,2025-01-01,419
1542,2359,2025-01-01,593
1543,328,2025-01-01,213
1544,3321,2025-01-01,47
1545,4260,2025-01-01,322
1546,190,2025-01-01,368
1547,2116,2025-01-01,175
1548,2717,2025-01-01,515
1549,2818,2025-01-01,392
1550,2378,2025-01-01,438
1551,2090,2025-01-01,87
1552,2891,2025-01-01,583
1553,4658,2025-01-01,301
1554,4576,2025-01-01,1
1555,4237,2025-01-01,26
1556,832,2025-01-01,62
1557,4963,2025-01-01,390
1558,145,2025-01-01,316
1559,1192,2025-01-01,369
1560,2009,2025-01-01,316
1561,1570,2025-01-01,489
1562,4861,2025-01-01,320
1563,1719,2025-01-01,440
1564,2689,2025-01-01,258
1565,701,2025-01-01,229
1566,4236,2025-01-01,150
1567,3338,2025-01-01,486
1568,1394,2025-01-01,269
1569,949,2025-01-01,36
1570,1691,2025-01-01,345
1571,4697,2025-01-01,301
1572,3896,2025-01-01,100
1573,568,2025-01-01,149
1574,2310,2025-01-01,278
1575,3070,2025-01-01,455
1576,43,2025-01-01,211
1577,177,2025-01-01,306
1578,4632,2025-01-01,373
1579,4192,2025-01-01,343
1580,2389,2025-01-01,130
1581,2565,2025-01-01,276
1582,2564,2025-01-01,270
1583,3828,2025-01-01,235
1584,2557,2025-01-01,206
1585,1545,2025-01-01,8
1586,4549,2025-01-01,325
1587,2217,2025-01-01,85
1588,4755,2025-01-01,372
1589,4682,2025-01-01,59
1590,3511,2025-01-01,396
1591,3759,2025-01-01,515
1592,2011,2025-01-01,220
1593,4894,2025-01-01,92
1594,1323,2025-01-01,338
1595,4620,2025-01-01,589
1596,3591,2025-01-01,352
1597,3297,2025-01-01,302
1598,461,2025-01-01,165
1599,1378,2025-01-01,410
1600,4217,2025-01-01,55
1601,2842,2025-01-01,171
1602,4313,2025-01-01,173
1603,1662,2025-01-01,485
1604,1186,2025-01-01,574
1605,463,2025-01-01,426
1606,1783,2025-01-01,7
1607,3186,2025-01-01,374
1608,1946,2025-01-01,268
1609,1469,2025-01-01,567
1610,1349,2025-01-01,566
1611,814,2025-01-01,567
1612,1135,2025-01-01,101
1613,2563,2025-01-01,103
1614,1567,2025-01-01,595
1615,3000,2025-01-01,543
1616,3622,2025-01-01,132
1617,182,2025-01-01,439
1618,1949,2025-01-01,558
1619,4435,2025-01-01,105
1620,866,2025-01-01,207
1621,3652,2025-01-01,48
1622,3777,2025-01-01,31
1623,2879,2025-01-01,220
1624,3815,2025-01-01,392
1625,4587,2025-01-01,562
1626,545,2025-01-01,360
1627,2802,2025-01-01,177
1628,2407,2025-01-01,496
1629,2803,2025-01-01,171
1630,3846,2025-01-01,42
1631,4110,2025-01-01,481
1632,2056,2025-01-01,74
1633,151,2025-01-01,27
1634,2354,2025-01-01,520
1635,1681,2025-01-01,540
1636,426,2025-01-01,395
1637,814,2025-01-01,349
1638,1191,2025-01-01,272
1639,429,2025-01-01,26
1640,670,2025-01-01,197
1641,906,2025-01-01,162
1642,1732,2025-01-01,122
1643,3555,2025-01-01,217
1644,2643,2025-01-01,546
1645,3165,2025-01-01,177
1646,4389,2025-01-01,371
1647,1274,2025-01-01,589
1648,4683,2025-01-01,340
1649,1310,2025-01-01,270
1650,1264,2025-01-01,295
1651,1432,2025-01-01,249
1652,4795,2025-01-01,378
1653,4040,2025-01-01,554
1654,1432,2025-01-01,256
1655,3363,2025-01-01,436
1656,445,2025-01-01,496
1657,4811,2025-01-01,7
1658,1281,2025-01-01,590
1659,3970,2025-01-01,283
1660,4516,2025-01-01,21
1661,1916,2025-01-01,320
1662,215,2025-01-01,116
1663,1093,2025-01-01,84
1664,1417,2025-01-01,155
1665,3863,2025-01-01,1
1666,783,2025-01-01,213
1667,4219,2025-01-01,463
1668,3280,2025-01-01,349
1669,2275,2025-01-01,256
1670,246,2025-01-01,173
1671,781,2025-01-01,119
1672,1622,2025-01-01,415
1673,1979,2025-01-01,216
1674,1030,2025-01-01,476
1675,1281,2025-01-01,466
1676,745,2025-01-01,544
1677,4595,2025-01-01,304
1678,3768,2025-01-01,78
1679,3815,2025-01-01,403
1680,72,2025-01-01,538
1681,4701,2025-01-01,169
1682,4576,2025-01-01,71
1683,2768,2025-01-01,69
1684,3320,2025-01-01,341
1685,2465,2025-01-01,558
1686,3842,2025-01-01,164
1687,355,2025-01-01,8
1688,3873,2025-01-01,348
1689,2291,2025-01-01,251
1690,3087,2025-01-01,571
1691,3416,2025-01-01,548
1692,3052,2025-01-01,34
1693,2408,2025-01-01,447
1694,44,2025-01-01,134
1695,2110,2025-01-01,14
1696,1026,2025-01-01,507
1697,631,2025-01-01,296
1698,3073,2025-01-01,594
1699,21,2025-01-01,89
1700,2823,2025-01-01,4
1701,1575,2025-01-01,562
1702,1174,2025-01-01,237
1703,1442,2025-01-01,177
1704,4237,2025-01-01,532
1705,2795,2025-01-01,514
1706,3876,2025-01-01,559
1707,944,2025-01-01,500
1708,1072,2025-01-01,458
1709,350,2025-01-01,490
1710,605,2025-01-01,290
1711,3473,2025-01-01,193
1712,785,2025-01-01,128
1713,1734,2025-01-01,495
1714,193,2025-01-01,593
1715,1776,2025-01-01,61
1716,3354,2025-01-01,112
1717,2218,2025-01-01,210
1718,2889,2025-01-01,315
1719,4083,2025-01-01,530
1720,1140,2025-01-01,206
1721,3672,2025-01-01,365
1722,4046,2025-01-01,516
1723,4827,2025-01-01,198
1724,1166,2025-01-01,389
1725,2213,2025-01-01,28
1726,2533,2025-01-01,423
1727,3117,2025-01-01,300
1728,4944,2025-01-01,76
1729,4814,2025-01-01,223
1730,1763,2025-01-01,530
1731,2986,2025-01-01,99
1732,3981,2025-01-01,418
1733,4213,2025-01-01,59
1734,4643,2025-01-01,367
1735,3694,2025-01-01,114
1736,3107,2025-01-01,576
1737,303,2025-01-01,484
1738,1845,2025-01-01,545
1739,3082,2025-01-01,355
1740,4985,2025-01-01,412
1741,2298,2025-01-01,488
1742,3768,2025-01-01,340
1743,669,2025-01-01,490
1744,3958,2025-01-01,197
1745,2767,2025-01-01,443
1746,3217,2025-01-01,22
1747,3130,2025-01-01,158
1748,197,2025-01-01,578
1749,3442,2025-01-01,397
1750,1584,2025-01-01,71
1751,3441,2025-01-01,330
1752,4740,2025-01-01,533
1753,564,2025-01-01,105
1754,3399,2025-01-01,281
1755,3223,2025-01-01,395
1756,2081,2025-01-01,385
1757,1144,2025-01-01,333
1758,1766,2025-01-01,439
1759,4728,2025-01-01,550
1760,4818,2025-01-01,574
1761,4577,2025-01-01,469
1762,4669,2025-01-01,309
1763,66,2025-01-01,54
1764,2872,2025-01-01,123
1765,4500,2025-01-01,298
1766,2924,2025-01-01,194
1767,1485,2025-01-01,17
1768,4823,2025-01-01,249
1769,4155,2025-01-01,480
1770,1757,2025-01-01,457
1771,2851,2025-01-01,314
1772,383,2025-01-01,490
1773,1119,2025-01-01,31
1774,3491,2025-01-01,111
1775,1390,2025-01-01,213
1776,843,2025-01-01,345
1777,1498,2025-01-01,453
1778,162,2025-01-01,203
1779,692,2025-01-01,38
1780,2652,2025-01-01,50
1781,1468,2025-01-01,82
1782,3527,2025-01-01,374
1783,1318,2025-01-01,59
1784,1702,2025-01-01,479
1785,1751,2025-01-01,472
1786,3910,2025-01-01,114
1787,2535,2025-01-01,471
1788,2808,2025-01-01,122
1789,71,2025-01-01,582
1790,2328,2025-01-01,420
1791,4375,2025-01-01,326
1792,4294,2025-01-01,8
1793,3201,2025-01-01,479
1794,4151,2025-01-01,575
1795,352,2025-01-01,231
1796,2836,2025-01-01,456
1797,445,2025-01-01,48
1798,2521,2025-01-01,580
1799,21,2025-01-01,427
1800,1057,2025-01-01,291
1801,1080,2025-01-01,422
1802,2699,2025-01-01,461
1803,4427,2025-01-01,375
1804,2241,2025-01-01,587
1805,2689,2025-01-01,390
1806,4537,2025-01-01,489
1807,2369,2025-01-01,540
1808,1649,2025-01-01,591
1809,1787,2025-01-01,250
1810,3924,2025-01-01,519
1811,3529,2025-01-01,495
1812,1005,2025-01-01,557
1813,879,2025-01-01,233
1814,2482,2025-01-01,63
1815,4391,2025-01-01,588
1816,38,2025-01-01,78
1817,894,2025-01-01,562
1818,2505,2025-01-01,166
1819,3233,2025-01-01,110
1820,2224,2025-01-01,558
1821,3421,2025-01-01,420
1822,3695,2025-01-01,292
1823,2106,2025-01-01,454
1824,3841,2025-01-01,50
1825,1426,2025-01-01,366
1826,3402,2025-01-01,9
1827,2240,2025-01-01,504
1828,7,2025-01-01,162
1829,2916,2025-01-01,328
1830,2237,2025-01-01,482
1831,4304,2025-01-01,11
1832,4467,2025-01-01,578
1833,3162,2025-01-01,116
1834,4862,2025-01-01,534
1835,477,2025-01-01,103
1836,3327,2025-01-01,562
1837,2259,2025-01-01,114
1838,1388,2025-01-01,555
1839,4325,2025-01-01,50
1840,607,2025-01-01,216
1841,3287,2025-01-01,558
1842,3234,2025-01-01,513
1843,1699,2025-01-01,201
1844,1893,2025-01-01,172
1845,2386,2025-01-01,20
1846,530,2025-01-01,204
1847,832,2025-01-01,499
1848,2464,2025-01-01,378
1849,4058,2025-01-01,331
1850,3832,2025-01-01,415
1851,2991,2025-01-01,212
1852,1734,2025-01-01,300
1853,439,2025-01-01,181
1854,1814,2025-01-01,434
1855,278,2025-01-01,215
1856,183,2025-01-01,199
1857,3774,2025-01-01,339
1858,2325,2025-01-01,377
1859,352,2025-01-01,351
1860,4723,2025-01-01,2
1861,2076,2025-01-01,261
1862,4993,2025-01-01,179
1863,3413,2025-01-01,282
1864,4329,2025-01-01,220
1865,1141,2025-01-01,51
1866,345,2025-01-01,320
1867,4666,2025-01-01,30
1868,3487,2025-01-01,433
1869,3099,2025-01-01,551
1870,4839,2025-01-01,297
1871,4468,2025-01-01,251
1872,1975,2025-01-01,537
1873,1851,2025-01-01,311
1874,3586,2025-01-01,119
1875,2113,2025-01-01,302
1876,2304,2025-01-01,418
1877,4886,2025-01-01,306
1878,618,2025-01-01,328
1879,1290,2025-01-01,290
1880,2277,2025-01-01,514
1881,3530,2025-01-01,136
1882,4357,2025-01-01,566
1883,4207,2025-01-01,255
1884,966,2025-01-01,403
1885,665,2025-01-01,341
1886,489,2025-01-01,558
1887,1915,2025-01-01,407
1888,1404,2025-01-01,453
1889,3460,2025-01-01,351
1890,2124,2025-01-01,566
1891,282,2025-01-01,480
1892,2603,2025-01-01,539
1893,3998,2025-01-01,384
1894,1176,2025-01-01,530
1895,3022,2025-01-01,528
1896,1619,2025-01-01,456
1897,21,2025-01-01,500
1898,3498,2025-01-01,369
1899,4177,2025-01-01,419
1900,4649,2025-01-01,537
1901,2208,2025-01-01,321
1902,2042,2025-01-01,498
1903,2233,2025-01-01,103
1904,2654,2025-01-01,172
1905,692,2025-01-01,93
1906,1295,2025-01-01,474
1907,1455,2025-01-01,580
1908,648,2025-01-01,295
1909,3193,2025-01-01,545
1910,25,2025-01-01,99
1911,4827,2025-01-01,152
1912,370,2025-01-01,592
1913,1639,2025-01-01,128
1914,3779,2025-01-01,86
1915,3674,2025-01-01,18
1916,13,2025-01-01,410
1917,881,2025-01-01,494
1918,1460,2025-01-01,192
1919,1907,2025-01-01,298
1920,790,2025-01-01,187
1921,3858,2025-01-01,330
1922,2594,2025-01-01,339
1923,4579,2025-01-01,156
1924,1753,2025-01-01,346
1925,922,2025-01-01,426
1926,333,2025-01-01,57
1927,2157,2025-01-01,481
1928,2758,2025-01-01,110
1929,4633,2025-01-01,171
1930,3417,2025-01-01,357
1931,3302,2025-01-01,43
1932,4806,2025-01-01,124
1933,51,2025-01-01,472
1934,4839,2025-01-01,562
1935,4593,2025-01-01,274
1936,1387,2025-01-01,22
1937,1086,2025-01-01,557
1938,4669,2025-01-01,548
1939,48,2025-01-01,74
1940,2744,2025-01-01,87
1941,3478,2025-01-01,591
1942,4167,2025-01-01,516
1943,2622,2025-01-01,264
1944,1968,2025-01-01,297
1945,951,2025-01-01,358
1946,1122,2025-01-01,376
1947,1031,2025-01-01,435
1948,1680,2025-01-01,546
1949,1060,2025-01-01,244
1950,1305,2025-01-01,453
1951,442,2025-01-01,378
1952,1758,2025-01-01,189
1953,4670,2025-01-01,520
1954,1627,2025-01-01,384
1955,275,2025-01-01,413
1956,2863,2025-01-01,521
1957,2337,2025-01-01,340
1958,404,2025-01-01,91
1959,1615,2025-01-01,176
1960,2273,2025-01-01,109
1961,3589,2025-01-01,223
1962,3657,2025-01-01,584
1963,1904,2025-01-01,356
1964,146,2025-01-01,7
1965,4161,2025-01-01,114
1966,956,2025-01-01,72
1967,2623,2025-01-01,138
1968,4115,2025-01-01,281
1969,2199,2025-01-01,31
1970,3140,2025-01-01,516
1971,3988,2025-01-01,167
1972,3257,2025-01-01,156
1973,4162,2025-01-01,587
1974,1119,2025-01-01,298
1975,4987,2025-01-01,508
1976,2133,2025-01-01,356
1977,539,2025-01-01,310
1978,92,2025-01-01,537
1979,3430,2025-01-01,146
1980,828,2025-01-01,364
1981,1137,2025-01-01,155
1982,1479,2025-01-01,457
1983,3384,2025-01-01,17
1984,4133,2025-01-01,185
1985,943,2025-01-01,406
1986,849,2025-01-01,359
1987,4072,2025-01-01,511
1988,4888,2025-01-01,520
1989,3641,2025-01-01,71
1990,361,2025-01-01,564
1991,1963,2025-01-01,517
1992,1629,2025-01-01,562
1993,4366,2025-01-01,299
1994,2811,2025-01-01,378
1995,1835,2025-01-01,263
1996,3551,2025-01-01,25
1997,2024,2025-01-01,32
1998,2808,2025-01-01,107
1999,1489,2025-01-01,1
2000,1168,2025-01-01,299
2001,1804,2025-01-01,396
2002,1712,2025-01-01,93
2003,2427,2025-01-01,98
2004,1210,2025-01-01,156
2005,3154,2025-01-01,399
2006,1495,2025-01-01,445
2007,1338,2025-01-01,249
2008,1606,2025-01-01,306
2009,2290,2025-01-01,539
2010,3160,2025-01-01,211
2011,1639,2025-01-01,442
2012,4983,2025-01-01,109
2013,3222,2025-01-01,214
2014,857,2025-01-01,141
2015,445,2025-01-01,592
2016,890,2025-01-01,268
2017,786,2025-01-01,535
2018,3796,2025-01-01,275
2019,2281,2025-01-01,420
2020,3203,2025-01-01,293
2021,4705,2025-01-01,24
2022,756,2025-01-01,182
2023,1539,2025-01-01,409
2024,1399,2025-01-01,491
2025,1710,2025-01-01,589
2026,1484,2025-01-01,117
2027,3004,2025-01-01,414
2028,846,2025-01-01,435
2029,4805,2025-01-01,480
2030,4245,2025-01-01,434
2031,672,2025-01-01,567
2032,4498,2025-01-01,394
2033,4815,2025-01-01,554
2034,3812,2025-01-01,72
2035,1280,2025-01-01,354
2036,3297,2025-01-01,341
2037,4688,2025-01-01,445
2038,576,2025-01-01,150
2039,2850,2025-01-01,142
2040,796,2025-01-01,537
2041,4609,2025-01-01,86
2042,1357,2025-01-01,200
2043,2444,2025-01-01,586
2044,1146,2025-01-01,13
2045,721,2025-01-01,93
2046,2758,2025-01-01,530
2047,3067,2025-01-01,126
2048,1400,2025-01-01,196
2049,3969,2025-01-01,42
2050,439,2025-01-01,581
2051,3769,2025-01-01,216
2052,579,2025-01-01,166
2053,2484,2025-01-01,90
2054,4294,2025-01-01,291
2055,4232,2025-01-01,465
2056,3396,2025-01-01,472
2057,2301,2025-01-01,44
2058,3981,2025-01-01,489
2059,4273,2025-01-01,515
2060,885,2025-01-01,100
2061,798,2025-01-01,277
2062,4823,2025-01-01,469
2063,4708,2025-01-01,35
2064,4786,2025-01-01,194
2065,942,2025-01-01,392
2066,4176,2025-01-01,547
2067,2940,2025-01-01,244
2068,2177,2025-01-01,473
2069,1023,2025-01-01,158
2070,1094,2025-01-01,415
2071,719,2025-01-01,553
2072,201,2025-01-01,573
2073,4108,2025-01-01,113
2074,3037,2025-01-01,83
2075,4014,2025-01-01,226
2076,3551,2025-01-01,583
2077,315,2025-01-01,584
2078,1044,2025-01-01,121
2079,2712,2025-01-01,436
2080,356,2025-01-01,541
2081,595,2025-01-01,472
2082,958,2025-01-01,54
2083,561,2025-01-01,123
2084,4761,2025-01-01,307
2085,2900,2025-01-01,409
2086,4429,2025-01-01,379
2087,3982,2025-01-01,390
2088,94,2025-01-01,510
2089,3742,2025-01-01,356
2090,877,2025-01-01,91
2091,1098,2025-01-01,585
2092,1274,2025-01-01,473
2093,482,2025-01-01,306
2094,3141,2025-01-01,168
2095,2037,2025-01-01,572
2096,3695,2025-01-01,439
2097,4490,2025-01-01,344
2098,3132,2025-01-01,505
2099,328,2025-01-01,34
2100,3838,2025-01-01,31
2101,309,2025-01-01,505
2102,482,2025-01-01,248
2103,3079,2025-01-01,461
2104,1157,2025-01-01,192
2105,2549,2025-01-01,356
2106,4130,2025-01-01,599
2107,3134,2025-01-01,480
2108,3288,2025-01-01,363
2109,535,2025-01-01,254
2110,1927,2025-01-01,187
2111,2397,2025-01-01,571
2112,1344,2025-01-01,75
2113,4555,2025-01-01,184
2114,2568,2025-01-01,260
2115,53,2025-01-01,66
2116,2096,2025-01-01,308
2117,1138,2025-01-01,183
2118,1231,2025-01-01,158
2119,177,2025-01-01,545
2120,1817,2025-01-01,423
2121,4080,2025-01-01,426
2122,4909,2025-01-01,434
2123,3201,2025-01-01,1
2124,816,2025-01-01,46
2125,3763,2025-01-01,202
2126,2735,2025-01-01,84
2127,1421,2025-01-01,279
2128,761,2025-01-01,429
2129,4571,2025-01-01,568
2130,584,2025-01-01,41
2131,2466,2025-01-01,318
2132,4741,2025-01-01,175
2133,2519,2025-01-01,264
2134,2382,2025-01-01,225
2135,4178,2025-01-01,176
2136,1298,2025-01-01,439
2137,4171,2025-01-01,104
2138,1741,2025-01-01,113
2139,2819,2025-01-01,363
2140,4346,2025-01-01,17
2141,2003,2025-01-01,578
2142,2996,2025-01-01,64
2143,1902,2025-01-01,192
2144,3597,2025-01-01,181
2145,2123,2025-01-01,400
2146,4384,2025-01-01,236
2147,4796,2025-01-01,520
2148,4731,2025-01-01,590
2149,2701,2025-01-01,166
2150,2086,2025-01-01,592
2151,2057,2025-01-01,163
2152,2709,2025-01-01,249
2153,1704,2025-01-01,584
2154,3096,2025-01-01,310
2155,3281,2025-01-01,444
2156,4595,2025-01-01,245
2157,396,2025-01-01,441
2158,3859,2025-01-01,440
2159,2096,2025-01-01,339
2160,1704,2025-01-01,294
2161,4907,2025-01-01,428
2162,4512,2025-01-01,322
2163,3785,2025-01-01,42
2164,2954,2025-01-01,64
2165,310,2025-01-01,156
2166,3878,2025-01-01,460
2167,2386,2025-01-01,337
2168,4112,2025-01-01,511
2169,2456,2025-01-01,249
2170,2345,2025-01-01,583
2171,4108,2025-01-01,61
2172,2777,2025-01-01,348
2173,4162,2025-01-01,553
2174,1049,2025-01-01,288
2175,1819,2025-01-01,493
2176,4926,2025-01-01,286
2177,1151,2025-01-01,364
2178,3712,2025-01-01,272
2179,4683,2025-01-01,378
2180,1982,2025-01-01,217
2181,2349,2025-01-01,161
2182,400,2025-01-01,326
2183,1368,2025-01-01,552
2184,25,2025-01-01,442
2185,213,2025-01-01,83
2186,4447,2025-01-01,290
2187,183,2025-01-01,130
2188,2376,2025-01-01,242
2189,2902,2025-01-01,31
2190,3332,2025-01-01,583
2191,1968,2025-01-01,53
2192,1226,2025-01-01,517
2193,488,2025-01-01,377
2194,3308,2025-01-01,188
2195,805,2025-01-01,460
2196,3203,2025-01-01,503
2197,2709,2025-01-01,268
2198,3778,2025-01-01,72
2199,1866,2025-01-01,164
2200,1195,2025-01-01,290
2201,729,2025-01-01,433
2202,1209,2025-01-01,236
2203,3889,2025-01-01,19
2204,632,2025-01-01,220
2205,2570,2025-01-01,133
2206,1097,2025-01-01,27
2207,3723,2025-01-01,52
2208,2096,2025-01-01,296
2209,4496,2025-01-01,507
2210,477,2025-01-01,222
2211,756,2025-01-01,399
2212,936,2025-01-01,150
2213,1426,2025-01-01,183
2214,1011,2025-01-01,582
2215,3859,2025-01-01,579
2216,3628,2025-01-01,26
2217,3696,2025-01-01,558
2218,3813,2025-01-01,552
2219,3305,2025-01-01,147
2220,1423,2025-01-01,446
2221,411,2025-01-01,295
2222,2392,2025-01-01,501
2223,2410,2025-01-01,77
2224,101,2025-01-01,436
2225,3088,2025-01-01,349
2226,3171,2025-01-01,541
2227,4434,2025-01-01,380
2228,1800,2025-01-01,351
2229,2716,2025-01-01,234
2230,1690,2025-01-01,35
2231,2453,2025-01-01,31
2232,2585,2025-01-01,398
2233,3604,2025-01-01,526
2234,4648,2025-01-01,227
2235,1692,2025-01-01,66
2236,3948,2025-01-01,348
2237,3967,2025-01-01,403
2238,2191,2025-01-01,244
2239,1885,2025-01-01,583
2240,2591,2025-01-01,407
2241,3190,2025-01-01,516
2242,4929,2025-01-01,19
2243,1609,2025-01-01,29
2244,3786,2025-01-01,87
2245,1297,2025-01-01,472
2246,4036,2025-01-01,519
2247,3025,2025-01-01,453
2248,2306,2025-01-01,178
2249,2806,2025-01-01,565
2250,3672,2025-01-01,177
2251,873,2025-01-01,373
2252,1439,2025-01-01,48
2253,4537,2025-01-01,423
2254,4501,2025-01-01,588
2255,3318,2025-01-01,182
2256,131,2025-01-01,324
2257,3558,2025-01-01,575
2258,1470,2025-01-01,165
2259,4796,2025-01-01,22
2260,2344,2025-01-01,220
2261,1715,2025-01-01,558
2262,1270,2025-01-01,509
2263,791,2025-01-01,92
2264,1005,2025-01-01,385
2265,3035,2025-01-01,143
2266,4428,2025-01-01,116
2267,2055,2025-01-01,328
2268,4444,2025-01-01,459
2269,945,2025-01-01,233
2270,4303,2025-01-01,466
2271,4508,2025-01-01,94
2272,3926,2025-01-01,373
2273,3127,2025-01-01,236
2274,4298,2025-01-01,22
2275,1221,2025-01-01,306
2276,2728,2025-01-01,96
2277,4342,2025-01-01,70
2278,972,2025-01-01,153
2279,1699,2025-01-01,442
2280,3512,2025-01-01,39
2281,486,2025-01-01,86
2282,3892,2025-01-01,555
2283,4524,2025-01-01,146
2284,631,2025-01-01,166
2285,2809,2025-01-01,488
2286,3679,2025-01-01,173
2287,3114,2025-01-01,179
2288,1963,2025-01-01,370
2289,2401,2025-01-01,314
2290,817,2025-01-01,509
2291,1380,2025-01-01,198
2292,810,2025-01-01,77
2293,1810,2025-01-01,40
2294,4730,2025-01-01,370
2295,979,2025-01-01,143
2296,3866,2025-01-01,173
2297,2482,2025-01-01,477
2298,1922,2025-01-01,242
2299,4198,2025-01-01,383
2300,1552,2025-01-01,391
2301,3249,2025-01-01,493
2302,2497,2025-01-01,186
2303,1083,2025-01-01,420
2304,4341,2025-01-01,339
2305,1415,2025-01-01,379
2306,1528,2025-01-01,448
2307,1430,2025-01-01,88
2308,1991,2025-01-01,580
2309,2890,2025-01-01,110
2310,2743,2025-01-01,356
2311,63,2025-01-01,554
2312,498,2025-01-01,18
2313,2373,2025-01-01,435
2314,2205,2025-01-01,472
2315,1460,2025-01-01,283
2316,111,2025-01-01,348
2317,1677,2025-01-01,135
2318,1599,2025-01-01,244
2319,3524,2025-01-01,582
2320,37,2025-01-01,66
2321,3902,2025-01-01,403
2322,4526,2025-01-01,231
2323,3168,2025-01-01,423
2324,1428,2025-01-01,86
2325,444,2025-01-01,19
2326,1598,2025-01-01,598
2327,1935,2025-01-01,365
2328,3579,2025-01-01,332
2329,4661,2025-01-01,585
2330,4813,2025-01-01,367
2331,2570,2025-01-01,329
2332,312,2025-01-01,167
2333,1678,2025-01-01,153
2334,4014,2025-01-01,525
2335,1144,2025-01-01,267
2336,169,2025-01-01,383
2337,2756,2025-01-01,464
2338,336,2025-01-01,110
2339,2559,2025-01-01,362
2340,2643,2025-01-01,349
2341,698,2025-01-01,199
2342,2317,2025-01-01,102
2343,2863,2025-01-01,385
2344,2718,2025-01-01,545
2345,1343,2025-01-01,523
2346,1564,2025-01-01,215
2347,1583,2025-01-01,34
2348,703,2025-01-01,41
2349,2234,2025-01-01,274
2350,4963,2025-01-01,127
2351,1564,2025-01-01,458
2352,3796,2025-01-01,78
2353,1646,2025-01-01,372
2354,4244,2025-01-01,576
2355,2004,2025-01-01,270
2356,3753,2025-01-01,72
2357,1412,2025-01-01,454
2358,2800,2025-01-01,101
2359,3680,2025-01-01,340
2360,4776,2025-01-01,490
2361,3634,2025-01-01,577
2362,3112,2025-01-01,338
2363,4284,2025-01-01,418
2364,1378,2025-01-01,357
2365,4722,2025-01-01,167
2366,2704,2025-01-01,206
2367,3491,2025-01-01,402
2368,2357,2025-01-01,383
2369,4749,2025-01-01,131
2370,817,2025-01-01,465
2371,145,2025-01-01,347
2372,1134,2025-01-01,561
2373,3519,2025-01-01,414
2374,2854,2025-01-01,133
2375,732,2025-01-01,555
2376,1488,2025-01-01,423
2377,808,2025-01-01,296
2378,558,2025-01-01,565
2379,1146,2025-01-01,548
2380,4251,2025-01-01,368
2381,827,2025-01-01,175
2382,2436,2025-01-01,377
2383,547,2025-01-01,352
2384,2922,2025-01-01,53
2385,3745,2025-01-01,342
2386,3724,2025-01-01,569
2387,3930,2025-01-01,438
2388,4153,2025-01-01,393
2389,1295,2025-01-01,374
2390,1718,2025-01-01,180
2391,1831,2025-01-01,178
2392,4403,2025-01-01,24
2393,1362,2025-01-01,546
2394,1166,2025-01-01,476
2395,4372,2025-01-01,122
2396,711,2025-01-01,394
2397,2608,2025-01-01,86
2398,2720,2025-01-01,418
2399,2556,2025-01-01,10
2400,3296,2025-01-01,283
2401,3919,2025-01-01,169
2402,4509,2025-01-01,168
2403,1398,2025-01-01,90
2404,4973,2025-01-01,438
2405,1154,2025-01-01,211
2406,1876,2025-01-01,105
2407,2351,2025-01-01,399
2408,801,2025-01-01,562
2409,2406,2025-01-01,67
2410,1340,2025-01-01,575
2411,830,2025-01-01,442
2412,1367,2025-01-01,350
2413,2793,2025-01-01,459
2414,284,2025-01-01,492
2415,3923,2025-01-01,134
2416,2835,2025-01-01,138
2417,4677,2025-01-01,332
2418,3968,2025-01-01,237
2419,971,2025-01-01,144
2420,3579,2025-01-01,430
2421,3664,2025-01-01,226
2422,2623,2025-01-01,207
2423,2371,2025-01-01,148
2424,3019,2025-01-01,591
2425,2926,2025-01-01,336
2426,3631,2025-01-01,573
2427,2599,2025-01-01,273
2428,1162,2025-01-01,505
2429,1447,2025-01-01,552
2430,3203,2025-01-01,126
2431,1486,2025-01-01,311
2432,716,2025-01-01,342
2433,3879,2025-01-01,269
2434,4925,2025-01-01,135
2435,4093,2025-01-01,558
2436,1649,2025-01-01,597
2437,1576,2025-01-01,514
2438,1441,2025-01-01,490
2439,261,2025-01-01,2
2440,301,2025-01-01,373
2441,3201,2025-01-01,450
2442,145,2025-01-01,349
2443,893,2025-01-01,421
2444,3827,2025-01-01,576
2445,2696,2025-01-01,516
2446,2528,2025-01-01,30
2447,3767,2025-01-01,434
2448,3248,2025-01-01,188
2449,4339,2025-01-01,257
2450,4426,2025-01-01,372
2451,3141,2025-01-01,29
2452,2110,2025-01-01,457
2453,1235,2025-01-01,255
2454,2393,2025-01-01,106
2455,1298,2025-01-01,346
2456,646,2025-01-01,463
2457,3809,2025-01-01,411
2458,4305,2025-01-01,25
2459,4643,2025-01-01,391
2460,2259,2025-01-01,368
2461,1210,2025-01-01,148
2462,2479,2025-01-01,471
2463,813,2025-01-01,418
2464,4919,2025-01-01,149
2465,3843,2025-01-01,514
2466,2740,2025-01-01,513
2467,2582,2025-01-01,541
2468,3241,2025-01-01,75
2469,3320,2025-01-01,102
2470,1429,2025-01-01,69
2471,325,2025-01-01,201
2472,1777,2025-01-01,167
2473,2419,2025-01-01,96
2474,4967,2025-01-01,402
2475,438,2025-01-01,414
2476,3223,2025-01-01,190
2477,790,2025-01-01,142
2478,4887,2025-01-01,382
2479,4416,2025-01-01,180
2480,41,2025-01-01,455
2481,1756,2025-01-01,466
2482,4682,2025-01-01,286
2483,1323,2025-01-01,217
2484,3702,2025-01-01,223
2485,1617,2025-01-01,105
2486,3814,2025-01-01,210
2487,3053,2025-01-01,557
2488,2571,2025-01-01,43
2489,3864,2025-01-01,344
2490,2479,2025-01-01,191
2491,2963,2025-01-01,84
2492,4290,2025-01-01,520
2493,1906,2025-01-01,593
2494,2063,2025-01-01,332
2495,2275,2025-01-01,177
2496,902,2025-01-01,591
2497,1765,2025-01-01,481
2498,890,2025-01-01,587
2499,1301,2025-01-01,383
2500,4778,2025-01-01,299
2501,1898,2025-01-01,43
2502,3139,2025-01-01,20
2503,2444,2025-01-01,190
2504,4559,2025-01-01,121
2505,3300,2025-01-01,362
2506,1223,2025-01-01,489
2507,925,2025-01-01,429
2508,533,2025-01-01,116
2509,2673,2025-01-01,285
2510,1932,2025-01-01,562
2511,2194,2025-01-01,240
2512,2731,2025-01-01,327
2513,761,2025-01-01,520
2514,3827,2025-01-01,509
2515,2563,2025-01-01,243
2516,223,2025-01-01,271
2517,1721,2025-01-01,7
2518,4125,2025-01-01,372
2519,2392,2025-01-01,273
2520,2526,2025-01-01,18
2521,1121,2025-01-01,276
2522,2821,2025-01-01,144
2523,293,2025-01-01,251
2524,888,2025-01-01,262
2525,3372,2025-01-01,353
2526,2709,2025-01-01,457
2527,453,2025-01-01,556
2528,481,2025-01-01,176
2529,3391,2025-01-01,282
2530,2696,2025-01-01,471
2531,4716,2025-01-01,189
2532,1770,2025-01-01,69
2533,4822,2025-01-01,333
2534,4400,2025-01-01,335
2535,1916,2025-01-01,336
2536,2192,2025-01-01,434
2537,2096,2025-01-01,10
2538,1382,2025-01-01,405
2539,1006,2025-01-01,406
2540,1133,2025-01-01,570
2541,309,2025-01-01,318
2542,2733,2025-01-01,417
2543,831,2025-01-01,339
2544,2016,2025-01-01,116
2545,1356,2025-01-01,178
2546,199,2025-01-01,236
2547,2193,2025-01-01,374
2548,596,2025-01-01,210
2549,3264,2025-01-01,541
2550,1959,2025-01-01,304
2551,1842,2025-01-01,276
2552,842,2025-01-01,405
2553,1064,2025-01-01,223
2554,2587,2025-01-01,457
2555,2632,2025-01-01,69
2556,2816,2025-01-01,164
2557,965,2025-01-01,358
2558,3260,2025-01-01,577
2559,2597,2025-01-01,565
2560,824,2025-01-01,392
2561,3402,2025-01-01,329
2562,1633,2025-01-01,309
2563,1697,2025-01-01,276
2564,1443,2025-01-01,425
2565,2566,2025-01-01,173
2566,3677,2025-01-01,261
2567,909,2025-01-01,348
2568,817,2025-01-01,424
2569,1558,2025-01-01,146
2570,435,2025-01-01,293
2571,1170,2025-01-01,446
2572,2132,2025-01-01,210
2573,1071,2025-01-01,391
2574,4294,2025-01-01,199
2575,1954,2025-01-01,283
2576,3009,2025-01-01,50
2577,4328,2025-01-01,277
2578,3572,2025-01-01,577
2579,4213,2025-01-01,457
2580,4894,2025-01-01,549
2581,2613,2025-01-01,426
2582,1275,2025-01-01,356
2583,1437,2025-01-01,71
2584,1087,2025-01-01,292
2585,299,2025-01-01,5
2586,4691,2025-01-01,598
2587,786,2025-01-01,141
2588,2269,2025-01-01,75
2589,617,2025-01-01,159
2590,2101,2025-01-01,272
2591,4340,2025-01-01,207
2592,491,2025-01-01,301
2593,725,2025-01-01,94
2594,4768,2025-01-01,298
2595,3529,2025-01-01,491
2596,3177,2025-01-01,309
2597,4771,2025-01-01,514
2598,1247,2025-01-01,7
2599,1611,2025-01-01,431
2600,2603,2025-01-01,595
2601,2897,2025-01-01,173
2602,4159,2025-01-01,182
2603,3362,2025-01-01,405
2604,1113,2025-01-01,342
2605,3699,2025-01-01,251
2606,3107,2025-01-01,407
2607,4051,2025-01-01,66
2608,3342,2025-01-01,445
2609,2999,2025-01-01,275
2610,1380,2025-01-01,11
2611,4232,2025-01-01,277
2612,44,2025-01-01,171
2613,4764,2025-01-01,17
2614,2114,2025-01-01,441
2615,574,2025-01-01,303
2616,477,2025-01-01,414
2617,2805,2025-01-01,359
2618,4691,2025-01-01,302
2619,855,2025-01-01,194
2620,1058,2025-01-01,397
2621,3492,2025-01-01,91
2622,2660,2025-01-01,340
2623,206,2025-01-01,503
2624,107,2025-01-01,383
2625,3268,2025-01-01,41
2626,797,2025-01-01,83
2627,2866,2025-01-01,45
2628,3540,2025-01-01,476
2629,3829,2025-01-01,254
2630,676,2025-01-01,416
2631,1943,2025-01-01,22
2632,262,2025-01-01,29
2633,3474,2025-01-01,175
2634,339,2025-01-01,395
2635,4237,2025-01-01,559
2636,3644,2025-01-01,548
2637,4446,2025-01-01,584
2638,1707,2025-01-01,6
2639,675,2025-01-01,515
2640,3317,2025-01-01,98
2641,2696,2025-01-01,432
2642,3090,2025-01-01,11
2643,2290,2025-01-01,243
2644,3172,2025-01-01,214
2645,2698,2025-01-01,23
2646,1960,2025-01-01,451
2647,1539,2025-01-01,118
2648,1744,2025-01-01,306
2649,3768,2025-01-01,308
2650,3881,2025-01-01,533
2651,1421,2025-01-01,359
2652,1573,2025-01-01,339
2653,2567,2025-01-01,360
2654,120,2025-01-01,34
2655,4973,2025-01-01,547
2656,4493,2025-01-01,344
2657,2584,2025-01-01,156
2658,872,2025-01-01,516
2659,1463,2025-01-01,333
2660,438,2025-01-01,200
2661,1546,2025-01-01,280
2662,2926,2025-01-01,505
2663,4324,2025-01-01,563
2664,4830,2025-01-01,237
2665,4497,2025-01-01,506
2666,4677,2025-01-01,424
2667,2767,2025-01-01,4
2668,3192,2025-01-01,10
2669,853,2025-01-01,528
2670,4426,2025-01-01,88
2671,4845,2025-01-01,450
2672,3854,2025-01-01,183
2673,628,2025-01-01,332
2674,453,2025-01-01,515
2675,2565,2025-01-01,341
2676,4998,2025-01-01,152
2677,3674,2025-01-01,578
2678,1139,2025-01-01,73
2679,4805,2025-01-01,478
2680,3507,2025-01-01,65
2681,2869,2025-01-01,293
2682,4187,2025-01-01,386
2683,2246,2025-01-01,494
2684,312,2025-01-01,159
2685,1207,2025-01-01,197
2686,1891,2025-01-01,0
2687,1670,2025-01-01,532
2688,4994,2025-01-01,393
2689,2289,2025-01-01,118
2690,517,2025-01-01,167
2691,1353,2025-01-01,106
2692,2450,2025-01-01,455
2693,167,2025-01-01,35
2694,537,2025-01-01,141
2695,2198,2025-01-01,131
2696,2745,2025-01-01,104
2697,1938,2025-01-01,347
2698,2153,2025-01-01,439
2699,4693,2025-01-01,284
2700,2476,2025-01-01,414
2701,1748,2025-01-01,292
2702,200,2025-01-01,497
2703,3870,2025-01-01,276
2704,490,2025-01-01,375
2705,598,2025-01-01,280
2706,4365,2025-01-01,586
2707,334,2025-01-01,31
2708,2247,2025-01-01,353
2709,3425,2025-01-01,402
2710,1945,2025-01-01,482
2711,4563,2025-01-01,64
2712,3399,2025-01-01,24
2713,3905,2025-01-01,420
2714,4784,2025-01-01,129
2715,3192,2025-01-01,366
2716,1060,2025-01-01,346
2717,1780,2025-01-01,105
2718,3974,2025-01-01,160
2719,2139,2025-01-01,261
2720,4526,2025-01-01,499
2721,4523,2025-01-01,183
2722,298,2025-01-01,161
2723,2799,2025-01-01,498
2724,4654,2025-01-01,109
2725,3230,2025-01-01,375
2726,2325,2025-01-01,42
2727,865,2025-01-01,546
2728,4596,2025-01-01,488
2729,1700,2025-01-01,376
2730,3784,2025-01-01,309
2731,939,2025-01-01,214
2732,338,2025-01-01,566
2733,714,2025-01-01,553
2734,3895,2025-01-01,195
2735,3406,2025-01-01,421
2736,299,2025-01-01,598
2737,4912,2025-01-01,342
2738,4371,2025-01-01,345
2739,272,2025-01-01,591
2740,545,2025-01-01,108
2741,1587,2025-01-01,195
2742,340,2025-01-01,335
2743,3455,2025-01-01,105
2744,4447,2025-01-01,595
2745,2799,2025-01-01,481
2746,399,2025-01-01,104
2747,1366,2025-01-01,307
2748,4246,2025-01-01,62
2749,1761,2025-01-01,44
2750,768,2025-01-01,564
2751,338,2025-01-01,208
2752,1249,2025-01-01,333
2753,842,2025-01-01,70
2754,2173,2025-01-01,141
2755,4834,2025-01-01,107
2756,2294,2025-01-01,572
2757,4519,2025-01-01,362
2758,2285,2025-01-01,453
2759,810,2025-01-01,44
2760,4311,2025-01-01,233
2761,4690,2025-01-01,155
2762,1826,2025-01-01,188
2763,676,2025-01-01,467
2764,4924,2025-01-01,358
2765,2994,2025-01-01,222
2766,1842,2025-01-01,339
2767,3408,2025-01-01,164
2768,2934,2025-01-01,448
2769,832,2025-01-01,251
2770,4430,2025-01-01,93
2771,212,2025-01-01,385
2772,398,2025-01-01,341
2773,4429,2025-01-01,39
2774,340,2025-01-01,580
2775,1995,2025-01-01,321
2776,2235,2025-01-01,513
2777,2056,2025-01-01,450
2778,3751,2025-01-01,75
2779,1483,2025-01-01,38
2780,2078,2025-01-01,563
2781,4575,2025-01-01,208
2782,2067,2025-01-01,516
2783,874,2025-01-01,492
2784,536,2025-01-01,515
2785,4639,2025-01-01,239
2786,4629,2025-01-01,563
2787,2811,2025-01-01,234
2788,1592,2025-01-01,402
2789,4295,2025-01-01,251
2790,2814,2025-01-01,590
2791,3788,2025-01-01,147
2792,304,2025-01-01,256
2793,2080,2025-01-01,116
2794,3224,2025-01-01,41
2795,1054,2025-01-01,23
2796,1147,2025-01-01,331
2797,4802,2025-01-01,248
2798,172,2025-01-01,556
2799,4576,2025-01-01,217
2800,4498,2025-01-01,182
2801,4562,2025-01-01,444
2802,2174,2025-01-01,238
2803,3351,2025-01-01,332
2804,3845,2025-01-01,132
2805,2863,2025-01-01,127
2806,2043,2025-01-01,564
2807,627,2025-01-01,413
2808,3701,2025-01-01,107
2809,2961,2025-01-01,47
2810,3984,2025-01-01,61
2811,4770,2025-01-01,461
2812,4108,2025-01-01,166
2813,4520,2025-01-01,197
2814,433,2025-01-01,267
2815,1398,2025-01-01,95
2816,4572,2025-01-01,7
2817,1206,2025-01-01,556
2818,559,2025-01-01,133
2819,3329,2025-01-01,374
2820,2855,2025-01-01,282
2821,4581,2025-01-01,178
2822,1113,2025-01-01,196
2823,102,2025-01-01,69
2824,4135,2025-01-01,93
2825,233,2025-01-01,67
2826,2489,2025-01-01,130
2827,4295,2025-01-01,273
2828,3564,2025-01-01,67
2829,4690,2025-01-01,516
2830,3218,2025-01-01,48
2831,2945,2025-01-01,71
2832,92,2025-01-01,217
2833,2627,2025-01-01,85
2834,4704,2025-01-01,23
2835,1258,2025-01-01,288
2836,3899,2025-01-01,534
2837,1790,2025-01-01,33
2838,1771,2025-01-01,25
2839,1054,2025-01-01,405
2840,3320,2025-01-01,510
2841,2043,2025-01-01,373
2842,1421,2025-01-01,565
2843,859,2025-01-01,97
2844,36,2025-01-01,235
2845,4083,2025-01-01,514
2846,3247,2025-01-01,348
2847,876,2025-01-01,158
2848,3507,2025-01-01,107
2849,637,2025-01-01,200
2850,4271,2025-01-01,340
2851,923,2025-01-01,222
2852,4393,2025-01-01,581
2853,1997,2025-01-01,291
2854,4862,2025-01-01,407
2855,4006,2025-01-01,256
2856,813,2025-01-01,487
2857,3365,2025-01-01,496
2858,2013,2025-01-01,163
2859,1748,2025-01-01,372
2860,1253,2025-01-01,324
2861,3812,2025-01-01,486
2862,1481,2025-01-01,488
2863,1569,2025-01-01,560
2864,1942,2025-01-01,475
2865,4133,2025-01-01,465
2866,1975,2025-01-01,200
2867,885,2025-01-01,503
2868,2964,2025-01-01,448
2869,4317,2025-01-01,101
2870,795,2025-01-01,374
2871,332,2025-01-01,219
2872,2253,2025-01-01,470
2873,1910,2025-01-01,403
2874,4325,2025-01-01,132
2875,1733,2025-01-01,514
2876,1940,2025-01-01,160
2877,4898,2025-01-01,153
2878,1634,2025-01-01,343
2879,2246,2025-01-01,182
2880,3232,2025-01-01,373
2881,4216,2025-01-01,460
2882,4604,2025-01-01,378
2883,3830,2025-01-01,308
2884,2185,2025-01-01,553
2885,1821,2025-01-01,126
2886,177,2025-01-01,84
2887,1850,2025-01-01,7
2888,4637,2025-01-01,265
2889,2598,2025-01-01,388
2890,613,2025-01-01,371
2891,2731,2025-01-01,539
2892,2454,2025-01-01,153
2893,2050,2025-01-01,527
2894,4254,2025-01-01,38
2895,3583,2025-01-01,7
2896,3703,2025-01-01,367
2897,2430,2025-01-01,355
2898,3149,2025-01-01,85
2899,2236,2025-01-01,393
2900,4093,2025-01-01,471
2901,4946,2025-01-01,357
2902,954,2025-01-01,139
2903,4335,2025-01-01,565
2904,4064,2025-01-01,38
2905,1103,2025-01-01,376
2906,954,2025-01-01,27
2907,333,2025-01-01,155
2908,3476,2025-01-01,247
2909,3067,2025-01-01,508
2910,3679,2025-01-01,166
2911,4681,2025-01-01,580
2912,615,2025-01-01,184
2913,1501,2025-01-01,422
2914,510,2025-01-01,60
2915,3062,2025-01-01,436
2916,3831,2025-01-01,53
2917,1571,2025-01-01,22
2918,3250,2025-01-01,219
2919,957,2025-01-01,143
2920,908,2025-01-01,490
2921,3180,2025-01-01,189
2922,3234,2025-01-01,18
2923,221,2025-01-01,55
2924,3509,2025-01-01,191
2925,464,2025-01-01,254
2926,849,2025-01-01,420
2927,4515,2025-01-01,72
2928,3953,2025-01-01,195
2929,4526,2025-01-01,29
2930,3795,2025-01-01,407
2931,2702,2025-01-01,417
2932,3924,2025-01-01,123
2933,4186,2025-01-01,81
2934,4243,2025-01-01,225
2935,2516,2025-01-01,99
2936,2162,2025-01-01,239
2937,1267,2025-01-01,41
2938,2899,2025-01-01,581
2939,1137,2025-01-01,455
2940,4851,2025-01-01,474
2941,432,2025-01-01,6
2942,3515,2025-01-01,43
2943,2251,2025-01-01,348
2944,2776,2025-01-01,182
2945,537,2025-01-01,479
2946,3910,2025-01-01,271
2947,4163,2025-01-01,454
2948,657,2025-01-01,166
2949,1387,2025-01-01,530
2950,1340,2025-01-01,498
2951,2116,2025-01-01,357
2952,1167,2025-01-01,284
2953,1046,2025-01-01,200
2954,3255,2025-01-01,135
2955,423,2025-01-01,351
2956,3867,2025-01-01,520
2957,3771,2025-01-01,432
2958,4466,2025-01-01,165
2959,4720,2025-01-01,340
2960,1282,2025-01-01,29
2961,1783,2025-01-01,276
2962,3615,2025-01-01,56
2963,281,2025-01-01,269
2964,2193,2025-01-01,439
2965,4513,2025-01-01,227
2966,2201,2025-01-01,208
2967,3077,2025-01-01,586
2968,3072,2025-01-01,138
2969,484,2025-01-01,425
2970,674,2025-01-01,14
2971,2078,2025-01-01,203
2972,4993,2025-01-01,562
2973,4094,2025-01-01,421
2974,125,2025-01-01,392
2975,194,2025-01-01,123
2976,3250,2025-01-01,294
2977,2290,2025-01-01,597
2978,2508,2025-01-01,590
2979,741,2025-01-01,345
2980,2260,2025-01-01,146
2981,2342,2025-01-01,176
2982,1684,2025-01-01,119
2983,1157,2025-01-01,587
2984,4106,2025-01-01,390
2985,4002,2025-01-01,8
2986,4747,2025-01-01,349
2987,2003,2025-01-01,93
2988,4933,2025-01-01,444
2989,274,2025-01-01,7
2990,4292,2025-01-01,482
2991,304,2025-01-01,335
2992,2367,2025-01-01,43
2993,4769,2025-01-01,35
2994,499,2025-01-01,71
2995,3782,2025-01-01,166
2996,1984,2025-01-01,240
2997,1352,2025-01-01,455
2998,4552,2025-01-01,280
2999,403,2025-01-01,250
3000,3816,2025-01-01,299
3001,3392,2025-01-01,81
3002,4285,2025-01-01,556
3003,4727,2025-01-01,141
3004,4526,2025-01-01,200
3005,3457,2025-01-01,539
3006,4311,2025-01-01,50
3007,3624,2025-01-01,138
3008,55,2025-01-01,494
3009,4965,2025-01-01,400
3010,1241,2025-01-01,104
3011,2618,2025-01-01,459
3012,3129,2025-01-01,261
3013,3576,2025-01-01,145
3014,4039,2025-01-01,530
3015,2191,2025-01-01,18
3016,1424,2025-01-01,362
3017,502,2025-01-01,293
3018,1565,2025-01-01,98
3019,4408,2025-01-01,124
3020,2256,2025-01-01,155
3021,3733,2025-01-01,82
3022,233,2025-01-01,545
3023,3877,2025-01-01,338
3024,4032,2025-01-01,512
3025,4015,2025-01-01,276
3026,2815,2025-01-01,445
3027,4291,2025-01-01,107
3028,2605,2025-01-01,562
3029,215,2025-01-01,333
3030,2763,2025-01-01,412
3031,2548,2025-01-01,52
3032,648,2025-01-01,144
3033,4525,2025-01-01,292
3034,3301,2025-01-01,277
3035,4072,2025-01-01,242
3036,4893,2025-01-01,323
3037,3514,2025-01-01,523
3038,4402,2025-01-01,389
3039,136,2025-01-01,491
3040,3538,2025-01-01,569
3041,4285,2025-01-01,375
3042,1063,2025-01-01,256
3043,2945,2025-01-01,380
3044,2178,2025-01-01,551
3045,2275,2025-01-01,586
3046,1075,2025-01-01,127
3047,2770,2025-01-01,281
3048,4613,2025-01-01,350
3049,288,2025-01-01,328
3050,2282,2025-01-01,555
3051,951,2025-01-01,42
3052,1759,2025-01-01,316
3053,1680,2025-01-01,236
3054,3245,2025-01-01,592
3055,2221,2025-01-01,480
3056,2855,2025-01-01,447
3057,2914,2025-01-01,20
3058,1542,2025-01-01,370
3059,3371,2025-01-01,587
3060,4750,2025-01-01,474
3061,924,2025-01-01,176
3062,4503,2025-01-01,597
3063,1535,2025-01-01,380
3064,2602,2025-01-01,181
3065,2339,2025-01-01,558
3066,2329,2025-01-01,241
3067,4258,2025-01-01,506
3068,3326,2025-01-01,457
3069,2135,2025-01-01,115
3070,1852,2025-01-01,92
3071,3705,2025-01-01,438
3072,2935,2025-01-01,252
3073,1529,2025-01-01,373
3074,465,2025-01-01,254
3075,1790,2025-01-01,15
3076,1117,2025-01-01,92
3077,4474,2025-01-01,499
3078,2181,2025-01-01,157
3079,2230,2025-01-01,140
3080,4709,2025-01-01,596
3081,354,2025-01-01,26
3082,3706,2025-01-01,244
3083,4792,2025-01-01,429
3084,1277,2025-01-01,153
3085,4590,2025-01-01,465
3086,2860,2025-01-01,243
3087,1438,2025-01-01,205
3088,952,2025-01-01,366
3089,1166,2025-01-01,194
3090,2330,2025-01-01,565
3091,170,2025-01-01,462
3092,4045,2025-01-01,525
3093,3948,2025-01-01,261
3094,3552,2025-01-01,387
3095,3378,2025-01-01,83
3096,3033,2025-01-01,66
3097,4225,2025-01-01,265
3098,3404,2025-01-01,568
3099,3882,2025-01-01,63
3100,4553,2025-01-01,333
3101,1155,2025-01-01,411
3102,3793,2025-01-01,46
3103,4184,2025-01-01,472
3104,4920,2025-01-01,523
3105,4882,2025-01-01,307
3106,3567,2025-01-01,506
3107,3384,2025-01-01,201
3108,59,2025-01-01,198
3109,4655,2025-01-01,383
3110,2421,2025-01-01,93
3111,356,2025-01-01,532
3112,355,2025-01-01,139
3113,3662,2025-01-01,531
3114,3213,2025-01-01,478
3115,2469,2025-01-01,307
3116,1147,2025-01-01,365
3117,2815,2025-01-01,559
3118,2636,2025-01-01,181
3119,2546,2025-01-01,170
3120,3185,2025-01-01,564
3121,3345,2025-01-01,490
3122,1189,2025-01-01,425
3123,3209,2025-01-01,379
3124,4640,2025-01-01,40
3125,1295,2025-01-01,361
3126,2319,2025-01-01,220
3127,2399,2025-01-01,513
3128,3956,2025-01-01,418
3129,1540,2025-01-01,141
3130,2787,2025-01-01,225
3131,122,2025-01-01,23
3132,3416,2025-01-01,45
3133,3351,2025-01-01,304
3134,3046,2025-01-01,190
3135,2831,2025-01-01,183
3136,3083,2025-01-01,215
3137,2819,2025-01-01,284
3138,104,2025-01-01,257
3139,3744,2025-01-01,457
3140,4983,2025-01-01,212
3141,1637,2025-01-01,287
3142,2459,2025-01-01,358
3143,3558,2025-01-01,332
3144,930,2025-01-01,49
3145,507,2025-01-01,193
3146,3204,2025-01-01,588
3147,1369,2025-01-01,523
3148,4443,2025-01-01,225
3149,2246,2025-01-01,240
3150,3625,2025-01-01,320
3151,1975,2025-01-01,271
3152,627,2025-01-01,135
3153,4432,2025-01-01,238
3154,892,2025-01-01,204
3155,3965,2025-01-01,164
3156,1600,2025-01-01,559
3157,4933,2025-01-01,295
3158,3930,2025-01-01,379
3159,4101,2025-01-01,15
3160,3178,2025-01-01,333
3161,1909,2025-01-01,224
3162,3845,2025-01-01,457
3163,1155,2025-01-01,16
3164,1016,2025-01-01,518
3165,1337,2025-01-01,129
3166,2215,2025-01-01,573
3167,2896,2025-01-01,454
3168,4780,2025-01-01,489
3169,3632,2025-01-01,551
3170,2038,2025-01-01,267
3171,1239,2025-01-01,532
3172,1385,2025-01-01,590
3173,831,2025-01-01,72
3174,4417,2025-01-01,373
3175,3742,2025-01-01,425
3176,2196,2025-01-01,580
3177,4459,2025-01-01,327
3178,1089,2025-01-01,239
3179,3797,2025-01-01,446
3180,1408,2025-01-01,54
3181,1957,2025-01-01,528
3182,4420,2025-01-01,597
3183,3674,2025-01-01,146
3184,3866,2025-01-01,355
3185,2021,2025-01-01,218
3186,3305,2025-01-01,192
3187,594,2025-01-01,580
3188,3335,2025-01-01,65
3189,1450,2025-01-01,542
3190,3449,2025-01-01,194
3191,4898,2025-01-01,5
3192,1096,2025-01-01,279
3193,1155,2025-01-01,328
3194,2797,2025-01-01,62
3195,2748,2025-01-01,333
3196,16,2025-01-01,349
3197,3904,2025-01-01,229
3198,3982,2025-01-01,400
3199,710,2025-01-01,299
3200,4166,2025-01-01,374
3201,3352,2025-01-01,68
3202,974,2025-01-01,208
3203,4589,2025-01-01,449
3204,2833,2025-01-01,90
3205,1073,2025-01-01,45
3206,1984,2025-01-01,109
3207,589,2025-01-01,566
3208,1666,2025-01-01,65
3209,1975,2025-01-01,128
3210,3097,2025-01-01,457
3211,2803,2025-01-01,584
3212,527,2025-01-01,557
3213,2967,2025-01-01,115
3214,4715,2025-01-01,356
3215,3421,2025-01-01,287
3216,4734,2025-01-01,89
3217,2072,2025-01-01,432
3218,760,2025-01-01,208
3219,3138,2025-01-01,539
3220,4341,2025-01-01,52
3221,2193,2025-01-01,586
3222,2979,2025-01-01,254
3223,3003,2025-01-01,483
3224,695,2025-01-01,379
3225,3331,2025-01-01,339
3226,75,2025-01-01,154
3227,1350,2025-01-01,401
3228,3949,2025-01-01,271
3229,4212,2025-01-01,280
3230,1481,2025-01-01,45
3231,1794,2025-01-01,540
3232,4350,2025-01-01,549
3233,3836,2025-01-01,394
3234,1955,2025-01-01,323
3235,369,2025-01-01,214
3236,2662,2025-01-01,246
3237,4869,2025-01-01,343
3238,3294,2025-01-01,560
3239,4774,2025-01-01,111
3240,1354,2025-01-01,479
3241,1175,2025-01-01,126
3242,4910,2025-01-01,372
3243,1385,2025-01-01,379
3244,4127,2025-01-01,151
3245,1588,2025-01-01,20
3246,2213,2025-01-01,228
3247,4372,2025-01-01,437
3248,2502,2025-01-01,451
3249,1827,2025-01-01,469
3250,3384,2025-01-01,277
3251,3782,2025-01-01,442
3252,4448,2025-01-01,372
3253,4589,2025-01-01,550
3254,759,2025-01-01,596
3255,4268,2025-01-01,585
3256,3089,2025-01-01,376
3257,609,2025-01-01,295
3258,2823,2025-01-01,524
3259,4894,2025-01-01,286
3260,4100,2025-01-01,444
3261,4947,2025-01-01,207
3262,4742,2025-01-01,470
3263,3683,2025-01-01,350
3264,3654,2025-01-01,409
3265,2651,2025-01-01,439
3266,3599,2025-01-01,321
3267,54,2025-01-01,125
3268,4747,2025-01-01,528
3269,1702,2025-01-01,19
3270,4083,2025-01-01,204
3271,2888,2025-01-01,195
3272,1755,2025-01-01,342
3273,634,2025-01-01,54
3274,1234,2025-01-01,324
3275,4085,2025-01-01,144
3276,3185,2025-01-01,264
3277,4101,2025-01-01,121
3278,1507,2025-01-01,55
3279,3463,2025-01-01,370
3280,2740,2025-01-01,7
3281,2338,2025-01-01,288
3282,3199,2025-01-01,475
3283,3949,2025-01-01,163
3284,144,2025-01-01,360
3285,2536,2025-01-01,109
3286,52,2025-01-01,237
3287,2135,2025-01-01,457
3288,4878,2025-01-01,507
3289,4140,2025-01-01,494
3290,4203,2025-01-01,548
3291,4749,2025-01-01,180
3292,2300,2025-01-01,465
3293,1911,2025-01-01,236
3294,4000,2025-01-01,118
3295,1111,2025-01-01,431
3296,4694,2025-01-01,498
3297,4465,2025-01-01,5
3298,2742,2025-01-01,226
3299,3261,2025-01-01,136
3300,3388,2025-01-01,310
3301,4804,2025-01-01,194
3302,4864,2025-01-01,486
3303,3883,2025-01-01,341
3304,4449,2025-01-01,28
3305,1212,2025-01-01,446
3306,1689,2025-01-01,418
3307,4271,2025-01-01,196
3308,111,2025-01-01,155
3309,4646,2025-01-01,338
3310,2205,2025-01-01,583
3311,1862,2025-01-01,35
3312,4224,2025-01-01,72
3313,1601,2025-01-01,60
3314,2779,2025-01-01,391
3315,2791,2025-01-01,48
3316,1000,2025-01-01,439
3317,1378,2025-01-01,275
3318,3813,2025-01-01,55
3319,3758,2025-01-01,56
3320,4552,2025-01-01,87
3321,3867,2025-01-01,482
3322,3567,2025-01-01,399
3323,3065,2025-01-01,160
3324,141,2025-01-01,430
3325,2569,2025-01-01,197
3326,398,2025-01-01,187
3327,1030,2025-01-01,251
3328,3698,2025-01-01,339
3329,1274,2025-01-01,487
3330,547,2025-01-01,215
3331,3585,2025-01-01,130
3332,3709,2025-01-01,147
3333,925,2025-01-01,23
3334,367,2025-01-01,554
3335,3367,2025-01-01,465
3336,328,2025-01-01,342
3337,479,2025-01-01,63
3338,2570,2025-01-01,496
3339,570,2025-01-01,217
3340,4416,2025-01-01,106
3341,3509,2025-01-01,139
3342,4288,2025-01-01,31
3343,2498,2025-01-01,252
3344,3346,2025-01-01,505
3345,2557,2025-01-01,14
3346,1157,2025-01-01,60
3347,2636,2025-01-01,408
3348,3401,2025-01-01,400
3349,1004,2025-01-01,527
3350,2725,2025-01-01,330
3351,2252,2025-01-01,59
3352,2805,2025-01-01,403
3353,3204,2025-01-01,432
3354,3705,2025-01-01,184
3355,1525,2025-01-01,272
3356,1486,2025-01-01,554
3357,3548,2025-01-01,80
3358,2342,2025-01-01,335
3359,4911,2025-01-01,461
3360,658,2025-01-01,316
3361,3938,2025-01-01,403
3362,2502,2025-01-01,329
3363,4281,2025-01-01,365
3364,1562,2025-01-01,250
3365,2274,2025-01-01,13
3366,4562,2025-01-01,429
3367,2493,2025-01-01,33
3368,589,2025-01-01,395
3369,4710,2025-01-01,335
3370,85,2025-01-01,597
3371,2863,2025-01-01,542
3372,1741,2025-01-01,9
3373,2655,2025-01-01,56
3374,2180,2025-01-01,276
3375,3825,2025-01-01,295
3376,4797,2025-01-01,78
3377,3332,2025-01-01,130
3378,3426,2025-01-01,28
3379,2156,2025-01-01,54
3380,279,2025-01-01,371
3381,4248,2025-01-01,489
3382,894,2025-01-01,568
3383,4090,2025-01-01,411
3384,1439,2025-01-01,192
3385,4920,2025-01-01,355
3386,970,2025-01-01,170
3387,2680,2025-01-01,53
3388,698,2025-01-01,435
3389,3657,2025-01-01,110
3390,2101,2025-01-01,216
3391,2340,2025-01-01,251
3392,3794,2025-01-01,282
3393,600,2025-01-01,43
3394,4085,2025-01-01,564
3395,693,2025-01-01,73
3396,2472,2025-01-01,293
3397,152,2025-01-01,201
3398,3342,2025-01-01,192
3399,4545,2025-01-01,338
3400,2327,2025-01-01,111
3401,3482,2025-01-01,24
3402,2395,2025-01-01,307
3403,2960,2025-01-01,360
3404,41,2025-01-01,280
3405,2087,2025-01-01,466
3406,3623,2025-01-01,50
3407,2994,2025-01-01,279
3408,669,2025-01-01,44
3409,3256,2025-01-01,38
3410,3157,2025-01-01,107
3411,2306,2025-01-01,279
3412,75,2025-01-01,274
3413,3182,2025-01-01,192
3414,3787,2025-01-01,485
3415,1745,2025-01-01,111
3416,2259,2025-01-01,387
3417,987,2025-01-01,498
3418,4567,2025-01-01,258
3419,1972,2025-01-01,521
3420,4665,2025-01-01,378
3421,1518,2025-01-01,533
3422,177,2025-01-01,368
3423,4513,2025-01-01,71
3424,2072,2025-01-01,536
3425,1448,2025-01-01,28
3426,2670,2025-01-01,538
3427,2380,2025-01-01,75
3428,3401,2025-01-01,124
3429,4338,2025-01-01,352
3430,4993,2025-01-01,483
3431,3613,2025-01-01,371
3432,3783,2025-01-01,410
3433,309,2025-01-01,586
3434,2564,2025-01-01,99
3435,4910,2025-01-01,554
3436,3726,2025-01-01,128
3437,2565,2025-01-01,516
3438,3918,2025-01-01,320
3439,4589,2025-01-01,535
3440,2605,2025-01-01,513
3441,3560,2025-01-01,508
3442,3817,2025-01-01,430
3443,3274,2025-01-01,559
3444,1810,2025-01-01,456
3445,1404,2025-01-01,137
3446,2649,2025-01-01,489
3447,4843,2025-01-01,112
3448,2631,2025-01-01,272
3449,3276,2025-01-01,510
3450,3766,2025-01-01,547
3451,2114,2025-01-01,527
3452,1116,2025-01-01,308
3453,3753,2025-01-01,368
3454,314,2025-01-01,328
3455,4437,2025-01-01,359
3456,574,2025-01-01,333
3457,83,2025-01-01,335
3458,1235,2025-01-01,200
3459,1498,2025-01-01,60
3460,2073,2025-01-01,82
3461,1965,2025-01-01,233
3462,1352,2025-01-01,125
3463,4809,2025-01-01,494
3464,1941,2025-01-01,116
3465,1403,2025-01-01,129
3466,2539,2025-01-01,336
3467,2022,2025-01-01,25
3468,2025,2025-01-01,550
3469,1708,2025-01-01,198
3470,1974,2025-01-01,577
3471,349,2025-01-01,287
3472,813,2025-01-01,30
3473,3853,2025-01-01,131
3474,414,2025-01-01,158
3475,926,2025-01-01,275
3476,664,2025-01-01,191
3477,3685,2025-01-01,63
3478,4871,2025-01-01,43
3479,2183,2025-01-01,39
3480,3484,2025-01-01,578
3481,4599,2025-01-01,64
3482,1104,2025-01-01,592
3483,2642,2025-01-01,491
3484,1666,2025-01-01,506
3485,3463,2025-01-01,245
3486,4440,2025-01-01,493
3487,1796,2025-01-01,100
3488,3612,2025-01-01,120
3489,4018,2025-01-01,28
3490,2588,2025-01-01,332
3491,3795,2025-01-01,258
3492,2218,2025-01-01,137
3493,3362,2025-01-01,105
3494,925,2025-01-01,198
3495,3173,2025-01-01,569
3496,4698,2025-01-01,477
3497,1439,2025-01-01,487
3498,4688,2025-01-01,243
3499,4779,2025-01-01,544
3500,4087,2025-01-01,299
3501,1520,2025-01-01,129
3502,3079,2025-01-01,468
3503,2595,2025-01-01,452
3504,3202,2025-01-01,368
3505,2239,2025-01-01,525
3506,2284,2025-01-01,502
3507,3229,2025-01-01,64
3508,4696,2025-01-01,528
3509,1879,2025-01-01,47
3510,2806,2025-01-01,130
3511,845,2025-01-01,472
3512,3572,2025-01-01,497
3513,124,2025-01-01,247
3514,1469,2025-01-01,265
3515,2344,2025-01-01,52
3516,4365,2025-01-01,364
3517,4017,2025-01-01,529
3518,2337,2025-01-01,346
3519,4650,2025-01-01,155
3520,889,2025-01-01,314
3521,3661,2025-01-01,189
3522,4952,2025-01-01,70
3523,1468,2025-01-01,580
3524,423,2025-01-01,235
3525,4537,2025-01-01,364
3526,30,2025-01-01,352
3527,3773,2025-01-01,272
3528,790,2025-01-01,480
3529,3205,2025-01-01,516
3530,2546,2025-01-01,155
3531,3652,2025-01-01,396
3532,1731,2025-01-01,145
3533,3782,2025-01-01,136
3534,3101,2025-01-01,518
3535,2911,2025-01-01,10
3536,3380,2025-01-01,62
3537,4480,2025-01-01,19
3538,3127,2025-01-01,16
3539,4726,2025-01-01,254
3540,3038,2025-01-01,2
3541,3992,2025-01-01,162
3542,4550,2025-01-01,358
3543,1830,2025-01-01,244
3544,583,2025-01-01,401
3545,2535,2025-01-01,496
3546,3077,2025-01-01,197
3547,4391,2025-01-01,539
3548,48,2025-01-01,583
3549,139,2025-01-01,67
3550,1537,2025-01-01,434
3551,4575,2025-01-01,354
3552,1652,2025-01-01,14
3553,3973,2025-01-01,275
3554,3448,2025-01-01,311
3555,2557,2025-01-01,561
3556,1449,2025-01-01,486
3557,3531,2025-01-01,155
3558,3348,2025-01-01,598
3559,4495,2025-01-01,530
3560,653,2025-01-01,169
3561,4591,2025-01-01,582
3562,4387,2025-01-01,379
3563,3278,2025-01-01,92
3564,357,2025-01-01,532
3565,4377,2025-01-01,238
3566,4485,2025-01-01,131
3567,1067,2025-01-01,3
3568,928,2025-01-01,28
3569,3253,2025-01-01,349
3570,3612,2025-01-01,321
3571,2324,2025-01-01,243
3572,2859,2025-01-01,368
3573,2563,2025-01-01,500
3574,2618,2025-01-01,162
3575,312,2025-01-01,319
3576,745,2025-01-01,453
3577,1552,2025-01-01,343
3578,1020,2025-01-01,342
3579,4855,2025-01-01,86
3580,1521,2025-01-01,4
3581,4465,2025-01-01,223
3582,4563,2025-01-01,513
3583,4516,2025-01-01,71
3584,880,2025-01-01,392
3585,3325,2025-01-01,123
3586,4291,2025-01-01,162
3587,801,2025-01-01,351
3588,2390,2025-01-01,273
3589,3078,2025-01-01,528
3590,1793,2025-01-01,205
3591,3464,2025-01-01,71
3592,3826,2025-01-01,225
3593,2225,2025-01-01,141
3594,4962,2025-01-01,390
3595,4421,2025-01-01,152
3596,2957,2025-01-01,128
3597,1990,2025-01-01,274
3598,1999,2025-01-01,99
3599,3553,2025-01-01,159
3600,1737,2025-01-01,379
3601,663,2025-01-01,171
3602,1661,2025-01-01,491
3603,355,2025-01-01,518
3604,2921,2025-01-01,481
3605,3918,2025-01-01,507
3606,3089,2025-01-01,107
3607,2731,2025-01-01,214
3608,1249,2025-01-01,521
3609,1550,2025-01-01,73
3610,2945,2025-01-01,8
3611,2139,2025-01-01,47
3612,592,2025-01-01,42
3613,1371,2025-01-01,412
3614,2150,2025-01-01,186
3615,957,2025-01-01,451
3616,346,2025-01-01,181
3617,2361,2025-01-01,586
3618,2370,2025-01-01,348
3619,1583,2025-01-01,442
3620,298,2025-01-01,350
3621,3553,2025-01-01,201
3622,2260,2025-01-01,147
3623,391,2025-01-01,170
3624,438,2025-01-01,390
3625,3662,2025-01-01,70
3626,505,2025-01-01,62
3627,2580,2025-01-01,436
3628,3534,2025-01-01,536
3629,2709,2025-01-01,416
3630,4533,2025-01-01,110
3631,332,2025-01-01,242
3632,4016,2025-01-01,429
3633,2125,2025-01-01,305
3634,4976,2025-01-01,72
3635,1151,2025-01-01,430
3636,1679,2025-01-01,278
3637,3536,2025-01-01,420
3638,3314,2025-01-01,556
3639,3431,2025-01-01,93
3640,1221,2025-01-01,314
3641,1171,2025-01-01,8
3642,4650,2025-01-01,589
3643,1624,2025-01-01,255
3644,4504,2025-01-01,173
3645,124,2025-01-01,344
3646,1783,2025-01-01,361
3647,4071,2025-01-01,7
3648,667,2025-01-01,453
3649,2537,2025-01-01,502
3650,2306,2025-01-01,25
3651,3812,2025-01-01,83
3652,3568,2025-01-01,315
3653,4781,2025-01-01,528
3654,1761,2025-01-01,508
3655,2184,2025-01-01,67
3656,2678,2025-01-01,107
3657,2102,2025-01-01,15
3658,3312,2025-01-01,79
3659,3783,2025-01-01,431
3660,2982,2025-01-01,305
3661,1413,2025-01-01,424
3662,4045,2025-01-01,591
3663,125,2025-01-01,141
3664,772,2025-01-01,371
3665,4858,2025-01-01,593
3666,987,2025-01-01,428
3667,2245,2025-01-01,443
3668,3193,2025-01-01,435
3669,1914,2025-01-01,249
3670,1363,2025-01-01,339
3671,100,2025-01-01,241
3672,4400,2025-01-01,374
3673,3614,2025-01-01,19
3674,4762,2025-01-01,7
3675,3290,2025-01-01,113
3676,1686,2025-01-01,566
3677,3700,2025-01-01,206
3678,3782,2025-01-01,153
3679,4929,2025-01-01,9
3680,148,2025-01-01,214
3681,2333,2025-01-01,568
3682,3416,2025-01-01,190
3683,4218,2025-01-01,122
3684,2513,2025-01-01,354
3685,3748,2025-01-01,72
3686,4888,2025-01-01,591
3687,1653,2025-01-01,488
3688,2405,2025-01-01,258
3689,235,2025-01-01,258
3690,3378,2025-01-01,23
3691,1619,2025-01-01,222
3692,2651,2025-01-01,98
3693,2322,2025-01-01,44
3694,1411,2025-01-01,329
3695,2652,2025-01-01,434
3696,2185,2025-01-01,34
3697,1272,2025-01-01,570
3698,496,2025-01-01,294
3699,1190,2025-01-01,449
3700,1863,2025-01-01,514
3701,3047,2025-01-01,119
3702,3577,2025-01-01,141
3703,309,2025-01-01,329
3704,454,2025-01-01,1
3705,2337,2025-01-01,384
3706,2815,2025-01-01,122
3707,319,2025-01-01,268
3708,3208,2025-01-01,14
3709,274,2025-01-01,249
3710,885,2025-01-01,585
3711,95,2025-01-01,165
3712,4756,2025-01-01,150
3713,4110,2025-01-01,527
3714,1521,2025-01-01,277
3715,2376,2025-01-01,236
3716,2884,2025-01-01,551
3717,2479,2025-01-01,351
3718,3860,2025-01-01,529
3719,4273,2025-01-01,536
3720,2773,2025-01-01,192
3721,1413,2025-01-01,283
3722,3018,2025-01-01,414
3723,493,2025-01-01,99
3724,4063,2025-01-01,113
3725,248,2025-01-01,177
3726,3931,2025-01-01,9
3727,492,2025-01-01,46
3728,3602,2025-01-01,330
3729,1680,2025-01-01,179
3730,4538,2025-01-01,428
3731,1134,2025-01-01,226
3732,2039,2025-01-01,390
3733,2594,2025-01-01,435
3734,4732,2025-01-01,109
3735,3050,2025-01-01,378
3736,1030,2025-01-01,327
3737,4332,2025-01-01,296
3738,2256,2025-01-01,233
3739,4894,2025-01-01,56
3740,2534,2025-01-01,271
3741,935,2025-01-01,115
3742,3810,2025-01-01,105
3743,3016,2025-01-01,29
3744,1679,2025-01-01,187
3745,3261,2025-01-01,584
3746,142,2025-01-01,590
3747,2886,2025-01-01,351
3748,1487,2025-01-01,525
3749,2339,2025-01-01,22
3750,1369,2025-01-01,264
3751,1096,2025-01-01,481
3752,2327,2025-01-01,50
3753,3909,2025-01-01,528
3754,4071,2025-01-01,181
3755,4210,2025-01-01,339
3756,1286,2025-01-01,359
3757,4857,2025-01-01,158
3758,3672,2025-01-01,100
3759,4766,2025-01-01,22
3760,2387,2025-01-01,134
3761,4396,2025-01-01,578
3762,421,2025-01-01,165
3763,2784,2025-01-01,389
3764,641,2025-01-01,62
3765,2843,2025-01-01,71
3766,1788,2025-01-01,419
3767,2588,2025-01-01,264
3768,2506,2025-01-01,119
3769,2281,2025-01-01,287
3770,2289,2025-01-01,527
3771,577,2025-01-01,171
3772,1446,2025-01-01,281
3773,2608,2025-01-01,138
3774,2147,2025-01-01,493
3775,2881,2025-01-01,211
3776,4366,2025-01-01,208
3777,4899,2025-01-01,174
3778,1777,2025-01-01,182
3779,1900,2025-01-01,253
3780,4281,2025-01-01,87
3781,1725,2025-01-01,553
3782,229,2025-01-01,388
3783,2936,2025-01-01,88
3784,3917,2025-01-01,193
3785,3560,2025-01-01,552
3786,3182,2025-01-01,511
3787,1378,2025-01-01,131
3788,3454,2025-01-01,576
3789,107,2025-01-01,397
3790,1117,2025-01-01,524
3791,1321,2025-01-01,389
3792,4288,2025-01-01,262
3793,4247,2025-01-01,451
3794,234,2025-01-01,339
3795,1038,2025-01-01,133
3796,1009,2025-01-01,24
3797,2343,2025-01-01,422
3798,3160,2025-01-01,299
3799,2486,2025-01-01,359
3800,273,2025-01-01,230
3801,4034,2025-01-01,236
3802,2765,2025-01-01,475
3803,3391,2025-01-01,135
3804,678,2025-01-01,293
3805,4873,2025-01-01,471
3806,2988,2025-01-01,356
3807,499,2025-01-01,38
3808,2698,2025-01-01,453
3809,1232,2025-01-01,218
3810,4308,2025-01-01,22
3811,902,2025-01-01,221
3812,3096,2025-01-01,72
3813,3924,2025-01-01,554
3814,2850,2025-01-01,449
3815,4215,2025-01-01,19
3816,838,2025-01-01,254
3817,2261,2025-01-01,323
3818,3780,2025-01-01,494
3819,607,2025-01-01,223
3820,3167,2025-01-01,49
3821,3740,2025-01-01,180
3822,3787,2025-01-01,472
3823,2500,2025-01-01,489
3824,4910,2025-01-01,511
3825,865,2025-01-01,518
3826,3825,2025-01-01,34
3827,42,2025-01-01,111
3828,4140,2025-01-01,348
3829,831,2025-01-01,464
3830,885,2025-01-01,457
3831,444,2025-01-01,344
3832,1985,2025-01-01,98
3833,1292,2025-01-01,485
3834,942,2025-01-01,380
3835,3196,2025-01-01,302
3836,314,2025-01-01,204
3837,2421,2025-01-01,190
3838,591,2025-01-01,416
3839,2303,2025-01-01,532
3840,1085,2025-01-01,39
3841,235,2025-01-01,378
3842,2762,2025-01-01,417
3843,858,2025-01-01,490
3844,47,2025-01-01,415
3845,847,2025-01-01,257
3846,1724,2025-01-01,263
3847,2317,2025-01-01,306
3848,625,2025-01-01,497
3849,2534,2025-01-01,397
3850,151,2025-01-01,473
3851,951,2025-01-01,66
3852,625,2025-01-01,428
3853,1530,2025-01-01,318
3854,407,2025-01-01,458
3855,4350,2025-01-01,291
3856,1993,2025-01-01,292
3857,4297,2025-01-01,329
3858,3476,2025-01-01,275
3859,456,2025-01-01,16
3860,3183,2025-01-01,566
3861,3962,2025-01-01,390
3862,4153,2025-01-01,341
3863,2881,2025-01-01,305
3864,484,2025-01-01,11
3865,491,2025-01-01,164
3866,4691,2025-01-01,440
3867,2906,2025-01-01,289
3868,4745,2025-01-01,245
3869,632,2025-01-01,596
3870,4606,2025-01-01,375
3871,2795,2025-01-01,577
3872,3417,2025-01-01,333
3873,4282,2025-01-01,444
3874,1566,2025-01-01,18
3875,4997,2025-01-01,562
3876,2675,2025-01-01,460
3877,3395,2025-01-01,328
3878,4214,2025-01-01,586
3879,4708,2025-01-01,235
3880,951,2025-01-01,554
3881,3550,2025-01-01,5
3882,2878,2025-01-01,488
3883,4950,2025-01-01,90
3884,4787,2025-01-01,139
3885,2072,2025-01-01,554
3886,812,2025-01-01,492
3887,943,2025-01-01,598
3888,1463,2025-01-01,238
3889,4880,2025-01-01,214
3890,2883,2025-01-01,273
3891,4688,2025-01-01,104
3892,2378,2025-01-01,15
3893,4024,2025-01-01,425
3894,2833,2025-01-01,48
3895,4555,2025-01-01,179
3896,1522,2025-01-01,381
3897,3880,2025-01-01,330
3898,736,2025-01-01,295
3899,534,2025-01-01,594
3900,464,2025-01-01,387
3901,3450,2025-01-01,274
3902,612,2025-01-01,277
3903,2364,2025-01-01,534
3904,4584,2025-01-01,333
3905,3485,2025-01-01,554
3906,1077,2025-01-01,265
3907,364,2025-01-01,410
3908,974,2025-01-01,242
3909,2503,2025-01-01,34
3910,3688,2025-01-01,537
3911,891,2025-01-01,67
3912,292,2025-01-01,254
3913,2409,2025-01-01,376
3914,1431,2025-01-01,548
3915,5,2025-01-01,433
3916,3861,2025-01-01,433
3917,1908,2025-01-01,159
3918,1522,2025-01-01,442
3919,3644,2025-01-01,340
3920,3699,2025-01-01,501
3921,3749,2025-01-01,528
3922,1852,2025-01-01,259
3923,193,2025-01-01,309
3924,4373,2025-01-01,471
3925,457,2025-01-01,465
3926,3995,2025-01-01,553
3927,345,2025-01-01,490
3928,3314,2025-01-01,308
3929,3768,2025-01-01,472
3930,4278,2025-01-01,379
3931,305,2025-01-01,223
3932,3949,2025-01-01,532
3933,4188,2025-01-01,301
3934,3575,2025-01-01,144
3935,3457,2025-01-01,324
3936,1475,2025-01-01,202
3937,3906,2025-01-01,570
3938,1991,2025-01-01,476
3939,4160,2025-01-01,104
3940,536,2025-01-01,320
3941,253,2025-01-01,107
3942,4526,2025-01-01,388
3943,2618,2025-01-01,347
3944,2958,2025-01-01,387
3945,275,2025-01-01,384
3946,3810,2025-01-01,582
3947,4753,2025-01-01,152
3948,3305,2025-01-01,211
3949,1811,2025-01-01,231
3950,4531,2025-01-01,50
3951,4839,2025-01-01,38
3952,3163,2025-01-01,513
3953,4105,2025-01-01,399
3954,2156,2025-01-01,382
3955,2031,2025-01-01,556
3956,1536,2025-01-01,177
3957,2904,2025-01-01,441
3958,774,2025-01-01,501
3959,1486,2025-01-01,534
3960,384,2025-01-01,293
3961,3053,2025-01-01,30
3962,4654,2025-01-01,440
3963,55,2025-01-01,494
3964,3689,2025-01-01,546
3965,1794,2025-01-01,135
3966,662,2025-01-01,439
3967,941,2025-01-01,479
3968,50,2025-01-01,48
3969,4523,2025-01-01,227
3970,4823,2025-01-01,211
3971,1749,2025-01-01,529
3972,2846,2025-01-01,260
3973,1183,2025-01-01,203
3974,2639,2025-01-01,50
3975,1420,2025-01-01,250
3976,3124,2025-01-01,512
3977,509,2025-01-01,285
3978,479,2025-01-01,185
3979,3565,2025-01-01,484
3980,3956,2025-01-01,509
3981,3484,2025-01-01,526
3982,168,2025-01-01,86
3983,4371,2025-01-01,539
3984,3795,2025-01-01,35
3985,2898,2025-01-01,404
3986,2218,2025-01-01,221
3987,2937,2025-01-01,121
3988,4302,2025-01-01,12
3989,3578,2025-01-01,516
3990,291,2025-01-01,383
3991,4714,2025-01-01,317
3992,1894,2025-01-01,374
3993,1275,2025-01-01,456
3994,3081,2025-01-01,361
3995,3784,2025-01-01,511
3996,2745,2025-01-01,489
3997,898,2025-01-01,433
3998,668,2025-01-01,291
3999,3630,2025-01-01,277
4000,1791,2025-01-01,299
4001,4055,2025-01-01,471
4002,3340,2025-01-01,420
4003,936,2025-01-01,0
4004,1109,2025-01-01,185
4005,1742,2025-01-01,412
4006,2455,2025-01-01,564
4007,2007,2025-01-01,573
4008,3077,2025-01-01,410
4009,608,2025-01-01,185
4010,4908,2025-01-01,214
4011,3954,2025-01-01,476
4012,2261,2025-01-01,1
4013,3811,2025-01-01,258
4014,4257,2025-01-01,572
4015,407,2025-01-01,216
4016,4874,2025-01-01,579
4017,3944,2025-01-01,563
4018,2813,2025-01-01,250
4019,2794,2025-01-01,415
4020,53,2025-01-01,177
4021,1269,2025-01-01,422
4022,3738,2025-01-01,2
4023,2855,2025-01-01,596
4024,2754,2025-01-01,130
4025,2939,2025-01-01,112
4026,3322,2025-01-01,347
4027,3470,2025-01-01,445
4028,2652,2025-01-01,518
4029,3569,2025-01-01,234
4030,2356,2025-01-01,210
4031,4808,2025-01-01,165
4032,2455,2025-01-01,332
4033,1509,2025-01-01,123
4034,880,2025-01-01,350
4035,190,2025-01-01,486
4036,4690,2025-01-01,109
4037,3860,2025-01-01,312
4038,1006,2025-01-01,245
4039,4440,2025-01-01,419
4040,3541,2025-01-01,46
4041,291,2025-01-01,471
4042,3189,2025-01-01,309
4043,1483,2025-01-01,421
4044,4596,2025-01-01,445
4045,294,2025-01-01,306
4046,3698,2025-01-01,103
4047,949,2025-01-01,259
4048,3471,2025-01-01,423
4049,4278,2025-01-01,484
4050,3242,2025-01-01,382
4051,993,2025-01-01,477
4052,3914,2025-01-01,316
4053,3584,2025-01-01,199
4054,1548,2025-01-01,189
4055,11,2025-01-01,595
4056,4568,2025-01-01,217
4057,4576,2025-01-01,219
4058,911,2025-01-01,247
4059,4619,2025-01-01,458
4060,1532,2025-01-01,515
4061,4674,2025-01-01,103
4062,1697,2025-01-01,83
4063,4804,2025-01-01,420
4064,3275,2025-01-01,3
4065,3328,2025-01-01,461
4066,1458,2025-01-01,231
4067,4632,2025-01-01,430
4068,1310,2025-01-01,180
4069,3010,2025-01-01,383
4070,2878,2025-01-01,84
4071,1139,2025-01-01,259
4072,2538,2025-01-01,330
4073,3182,2025-01-01,486
4074,1027,2025-01-01,207
4075,1808,2025-01-01,430
4076,2891,2025-01-01,166
4077,999,2025-01-01,199
4078,4464,2025-01-01,431
4079,3750,2025-01-01,39
4080,1598,2025-01-01,8
4081,167,2025-01-01,370
4082,514,2025-01-01,42
4083,123,2025-01-01,23
4084,4565,2025-01-01,595
4085,4261,2025-01-01,570
4086,4843,2025-01-01,261
4087,4852,2025-01-01,591
4088,647,2025-01-01,521
4089,4761,2025-01-01,100
4090,1846,2025-01-01,330
4091,2625,2025-01-01,259
4092,2115,2025-01-01,382
4093,2833,2025-01-01,598
4094,3558,2025-01-01,578
4095,45,2025-01-01,228
4096,3513,2025-01-01,107
4097,3186,2025-01-01,197
4098,3894,2025-01-01,358
4099,2500,2025-01-01,543
4100,968,2025-01-01,131
4101,804,2025-01-01,416
4102,2306,2025-01-01,476
4103,2468,2025-01-01,463
4104,1667,2025-01-01,410
4105,3454,2025-01-01,270
4106,4511,2025-01-01,231
4107,2116,2025-01-01,529
4108,3655,2025-01-01,536
4109,3861,2025-01-01,593
4110,2524,2025-01-01,126
4111,1681,2025-01-01,446
4112,3337,2025-01-01,60
4113,1001,2025-01-01,485
4114,1998,2025-01-01,279
4115,963,2025-01-01,258
4116,271,2025-01-01,458
4117,898,2025-01-01,357
4118,496,2025-01-01,305
4119,1327,2025-01-01,501
4120,2128,2025-01-01,161
4121,2852,2025-01-01,28
4122,721,2025-01-01,132
4123,2305,2025-01-01,116
4124,1594,2025-01-01,202
4125,2407,2025-01-01,511
4126,2214,2025-01-01,534
4127,2538,2025-01-01,80
4128,2833,2025-01-01,184
4129,877,2025-01-01,187
4130,4932,2025-01-01,418
4131,3806,2025-01-01,137
4132,2953,2025-01-01,106
4133,4160,2025-01-01,594
4134,1369,2025-01-01,518
4135,4736,2025-01-01,534
4136,3994,2025-01-01,64
4137,879,2025-01-01,299
4138,3212,2025-01-01,141
4139,2686,2025-01-01,313
4140,3500,2025-01-01,85
4141,4779,2025-01-01,130
4142,3163,2025-01-01,535
4143,2579,2025-01-01,52
4144,2517,2025-01-01,329
4145,1418,2025-01-01,519
4146,648,2025-01-01,590
4147,2816,2025-01-01,500
4148,129,2025-01-01,483
4149,4619,2025-01-01,494
4150,4767,2025-01-01,260
4151,3194,2025-01-01,565
4152,978,2025-01-01,0
4153,2865,2025-01-01,484
4154,4452,2025-01-01,29
4155,1083,2025-01-01,166
4156,1737,2025-01-01,310
4157,1746,2025-01-01,447
4158,1533,2025-01-01,539
4159,4526,2025-01-01,362
4160,4447,2025-01-01,531
4161,2383,2025-01-01,333
4162,4439,2025-01-01,482
4163,3368,2025-01-01,572
4164,3569,2025-01-01,388
4165,2101,2025-01-01,425
4166,2854,2025-01-01,496
4167,2743,2025-01-01,427
4168,1156,2025-01-01,374
4169,926,2025-01-01,462
4170,1024,2025-01-01,327
4171,1675,2025-01-01,115
4172,3439,2025-01-01,391
4173,2612,2025-01-01,516
4174,1234,2025-01-01,335
4175,4335,2025-01-01,12
4176,473,2025-01-01,519
4177,2487,2025-01-01,227
4178,196,2025-01-01,461
4179,3307,2025-01-01,113
4180,2266,2025-01-01,148
4181,672,2025-01-01,209
4182,3723,2025-01-01,135
4183,2585,2025-01-01,531
4184,840,2025-01-01,24
4185,860,2025-01-01,590
4186,2565,2025-01-01,535
4187,912,2025-01-01,122
4188,20,2025-01-01,514
4189,351,2025-01-01,547
4190,3853,2025-01-01,29
4191,2238,2025-01-01,31
4192,1759,2025-01-01,464
4193,4427,2025-01-01,314
4194,3350,2025-01-01,29
4195,368,2025-01-01,305
4196,1399,2025-01-01,327
4197,1468,2025-01-01,46
4198,1445,2025-01-01,368
4199,296,2025-01-01,175
4200,1388,2025-01-01,260
4201,4165,2025-01-01,326
4202,1252,2025-01-01,155
4203,415,2025-01-01,504
4204,4429,2025-01-01,321
4205,4022,2025-01-01,151
4206,2601,2025-01-01,574
4207,4484,2025-01-01,216
4208,1118,2025-01-01,237
4209,4625,2025-01-01,274
4210,1045,2025-01-01,300
4211,1341,2025-01-01,328
4212,2394,2025-01-01,502
4213,4592,2025-01-01,258
4214,4879,2025-01-01,194
4215,331,2025-01-01,55
4216,1715,2025-01-01,183
4217,4008,2025-01-01,398
4218,93,2025-01-01,355
4219,3440,2025-01-01,401
4220,4065,2025-01-01,570
4221,1489,2025-01-01,177
4222,3122,2025-01-01,86
4223,2587,2025-01-01,399
4224,3768,2025-01-01,430
4225,327,2025-01-01,502
4226,1883,2025-01-01,419
4227,1296,2025-01-01,241
4228,1964,2025-01-01,550
4229,1111,2025-01-01,481
4230,1846,2025-01-01,518
4231,3817,2025-01-01,372
4232,3049,2025-01-01,55
4233,3533,2025-01-01,170
4234,988,2025-01-01,60
4235,772,2025-01-01,31
4236,1691,2025-01-01,591
4237,445,2025-01-01,87
4238,1290,2025-01-01,339
4239,1379,2025-01-01,568
4240,1725,2025-01-01,468
4241,2297,2025-01-01,231
4242,3765,2025-01-01,553
4243,3992,2025-01-01,12
4244,214,2025-01-01,518
4245,202,2025-01-01,388
4246,3492,2025-01-01,139
4247,4052,2025-01-01,572
4248,1711,2025-01-01,399
4249,770,2025-01-01,92
4250,309,2025-01-01,372
4251,2855,2025-01-01,413
4252,263,2025-01-01,94
4253,3211,2025-01-01,598
4254,254,2025-01-01,65
4255,4136,2025-01-01,241
4256,967,2025-01-01,516
4257,3365,2025-01-01,288
4258,1216,2025-01-01,411
4259,2304,2025-01-01,298
4260,4617,2025-01-01,457
4261,3948,2025-01-01,231
4262,4888,2025-01-01,452
4263,3083,2025-01-01,8
4264,4684,2025-01-01,239
4265,1266,2025-01-01,147
4266,4890,2025-01-01,89
4267,1093,2025-01-01,233
4268,4230,2025-01-01,568
4269,1701,2025-01-01,595
4270,23,2025-01-01,577
4271,648,2025-01-01,82
4272,350,2025-01-01,283
4273,1546,2025-01-01,241
4274,767,2025-01-01,248
4275,4473,2025-01-01,131
4276,2574,2025-01-01,304
4277,3283,2025-01-01,57
4278,2023,2025-01-01,572
4279,3310,2025-01-01,50
4280,201,2025-01-01,530
4281,3555,2025-01-01,95
4282,1431,2025-01-01,28
4283,4182,2025-01-01,81
4284,3947,2025-01-01,402
4285,877,2025-01-01,182
4286,2498,2025-01-01,175
4287,3707,2025-01-01,544
4288,2121,2025-01-01,443
4289,2528,2025-01-01,466
4290,4980,2025-01-01,287
4291,262,2025-01-01,269
4292,3034,2025-01-01,177
4293,4090,2025-01-01,65
4294,2919,2025-01-01,174
4295,3509,2025-01-01,168
4296,3774,2025-01-01,152
4297,4907,2025-01-01,150
4298,2707,2025-01-01,170
4299,4884,2025-01-01,48
4300,1002,2025-01-01,60
4301,4421,2025-01-01,201
4302,2482,2025-01-01,274
4303,2252,2025-01-01,189
4304,1590,2025-01-01,139
4305,4586,2025-01-01,249
4306,3999,2025-01-01,160
4307,3764,2025-01-01,192
4308,1088,2025-01-01,208
4309,4467,2025-01-01,62
4310,1788,2025-01-01,198
4311,3650,2025-01-01,127
4312,4334,2025-01-01,321
4313,2150,2025-01-01,461
4314,4354,2025-01-01,134
4315,2207,2025-01-01,482
4316,657,2025-01-01,515
4317,4055,2025-01-01,264
4318,1978,2025-01-01,418
4319,3350,2025-01-01,425
4320,1471,2025-01-01,468
4321,3784,2025-01-01,119
4322,4944,2025-01-01,524
4323,2856,2025-01-01,246
4324,4291,2025-01-01,246
4325,4179,2025-01-01,339
4326,3755,2025-01-01,206
4327,2490,2025-01-01,548
4328,3543,2025-01-01,193
4329,1600,2025-01-01,477
4330,1296,2025-01-01,219
4331,4952,2025-01-01,41
4332,2947,2025-01-01,186
4333,1390,2025-01-01,428
4334,707,2025-01-01,300
4335,3098,2025-01-01,455
4336,3165,2025-01-01,321
4337,3601,2025-01-01,528
4338,2662,2025-01-01,434
4339,2079,2025-01-01,147
4340,2493,2025-01-01,103
4341,3879,2025-01-01,422
4342,1695,2025-01-01,239
4343,1327,2025-01-01,340
4344,2092,2025-01-01,536
4345,67,2025-01-01,586
4346,2169,2025-01-01,171
4347,4566,2025-01-01,578
4348,3471,2025-01-01,361
4349,3648,2025-01-01,201
4350,4251,2025-01-01,254
4351,1151,2025-01-01,343
4352,2081,2025-01-01,118
4353,1927,2025-01-01,444
4354,3470,2025-01-01,474
4355,1860,2025-01-01,349
4356,487,2025-01-01,448
4357,289,2025-01-01,460
4358,2933,2025-01-01,89
4359,118,2025-01-01,333
4360,230,2025-01-01,34
4361,455,2025-01-01,569
4362,3661,2025-01-01,352
4363,4397,2025-01-01,11
4364,792,2025-01-01,329
4365,1500,2025-01-01,39
4366,180,2025-01-01,157
4367,2060,2025-01-01,575
4368,678,2025-01-01,535
4369,106,2025-01-01,111
4370,4022,2025-01-01,498
4371,1695,2025-01-01,574
4372,4400,2025-01-01,401
4373,2702,2025-01-01,360
4374,3221,2025-01-01,483
4375,4702,2025-01-01,315
4376,1029,2025-01-01,523
4377,2671,2025-01-01,425
4378,1025,2025-01-01,445
4379,3864,2025-01-01,447
4380,2552,2025-01-01,535
4381,3924,2025-01-01,418
4382,1356,2025-01-01,342
4383,1007,2025-01-01,371
4384,1566,2025-01-01,165
4385,2508,2025-01-01,336
4386,1302,2025-01-01,546
4387,1008,2025-01-01,132
4388,4232,2025-01-01,57
4389,4620,2025-01-01,55
4390,786,2025-01-01,300
4391,3406,2025-01-01,111
4392,412,2025-01-01,489
4393,8,2025-01-01,506
4394,4391,2025-01-01,289
4395,2175,2025-01-01,52
4396,3005,2025-01-01,276
4397,3888,2025-01-01,33
4398,1792,2025-01-01,557
4399,3953,2025-01-01,132
4400,4161,2025-01-01,310
4401,3092,2025-01-01,493
4402,3334,2025-01-01,273
4403,33,2025-01-01,379
4404,436,2025-01-01,458
4405,3927,2025-01-01,498
4406,1288,2025-01-01,250
4407,3471,2025-01-01,48
4408,2586,2025-01-01,317
4409,1913,2025-01-01,559
4410,1064,2025-01-01,386
4411,3342,2025-01-01,530
4412,4657,2025-01-01,175
4413,322,2025-01-01,165
4414,2340,2025-01-01,466
4415,2016,2025-01-01,214
4416,4707,2025-01-01,480
4417,410,2025-01-01,12
4418,4287,2025-01-01,447
4419,3889,2025-01-01,515
4420,76,2025-01-01,301
4421,4308,2025-01-01,522
4422,1582,2025-01-01,539
4423,3123,2025-01-01,349
4424,4603,2025-01-01,440
4425,1520,2025-01-01,395
4426,4496,2025-01-01,526
4427,2758,2025-01-01,334
4428,1778,2025-01-01,21
4429,4240,2025-01-01,182
4430,1747,2025-01-01,187
4431,4470,2025-01-01,167
4432,2240,2025-01-01,25
4433,1750,2025-01-01,252
4434,3108,2025-01-01,562
4435,2361,2025-01-01,144
4436,1415,2025-01-01,484
4437,1266,2025-01-01,352
4438,3166,2025-01-01,186
4439,2721,2025-01-01,35
4440,2038,2025-01-01,520
4441,2325,2025-01-01,514
4442,3701,2025-01-01,526
4443,2292,2025-01-01,529
4444,3056,2025-01-01,517
4445,3419,2025-01-01,260
4446,1869,2025-01-01,138
4447,3674,2025-01-01,451
4448,1458,2025-01-01,277
4449,2397,2025-01-01,206
4450,58,2025-01-01,410
4451,2301,2025-01-01,400
4452,1088,2025-01-01,123
4453,1141,2025-01-01,448
4454,2120,2025-01-01,106
4455,2425,2025-01-01,180
4456,4045,2025-01-01,292
4457,1385,2025-01-01,201
4458,2081,2025-01-01,22
4459,117,2025-01-01,595
4460,4519,2025-01-01,92
4461,4415,2025-01-01,416
4462,4280,2025-01-01,23
4463,683,2025-01-01,155
4464,2180,2025-01-01,227
4465,1511,2025-01-01,157
4466,926,2025-01-01,28
4467,3079,2025-01-01,436
4468,65,2025-01-01,184
4469,2607,2025-01-01,323
4470,3317,2025-01-01,280
4471,2507,2025-01-01,180
4472,1047,2025-01-01,140
4473,778,2025-01-01,505
4474,483,2025-01-01,354
4475,949,2025-01-01,180
4476,1729,2025-01-01,99
4477,1173,2025-01-01,86
4478,2701,2025-01-01,77
4479,4398,2025-01-01,429
4480,3916,2025-01-01,421
4481,1670,2025-01-01,329
4482,88,2025-01-01,446
4483,4034,2025-01-01,524
4484,167,2025-01-01,109
4485,1741,2025-01-01,471
4486,363,2025-01-01,494
4487,4156,2025-01-01,42
4488,2985,2025-01-01,7
4489,3039,2025-01-01,564
4490,391,2025-01-01,109
4491,196,2025-01-01,318
4492,3645,2025-01-01,522
4493,1216,2025-01-01,40
4494,1530,2025-01-01,537
4495,3769,2025-01-01,303
4496,281,2025-01-01,61
4497,4369,2025-01-01,128
4498,4301,2025-01-01,300
4499,4763,2025-01-01,587
4500,2640,2025-01-01,299
4501,734,2025-01-01,564
4502,816,2025-01-01,201
4503,3812,2025-01-01,113
4504,932,2025-01-01,295
4505,4310,2025-01-01,468
4506,2553,2025-01-01,314
4507,1202,2025-01-01,515
4508,540,2025-01-01,121
4509,4988,2025-01-01,30
4510,2443,2025-01-01,8
4511,2794,2025-01-01,275
4512,3078,2025-01-01,228
4513,3482,2025-01-01,149
4514,3615,2025-01-01,32
4515,2944,2025-01-01,486
4516,2572,2025-01-01,0
4517,1828,2025-01-01,195
4518,255,2025-01-01,420
4519,2881,2025-01-01,599
4520,3584,2025-01-01,407
4521,4479,2025-01-01,176
4522,2438,2025-01-01,525
4523,3374,2025-01-01,182
4524,898,2025-01-01,169
4525,3209,2025-01-01,442
4526,744,2025-01-01,236
4527,2016,2025-01-01,299
4528,2623,2025-01-01,258
4529,2944,2025-01-01,34
4530,4375,2025-01-01,383
4531,4783,2025-01-01,14
4532,4540,2025-01-01,297
4533,3616,2025-01-01,109
4534,1811,2025-01-01,262
4535,3620,2025-01-01,417
4536,1136,2025-01-01,501
4537,751,2025-01-01,102
4538,3194,2025-01-01,215
4539,3288,2025-01-01,339
4540,3769,2025-01-01,409
4541,765,2025-01-01,220
4542,16,2025-01-01,399
4543,131,2025-01-01,53
4544,62,2025-01-01,185
4545,1783,2025-01-01,194
4546,2850,2025-01-01,426
4547,3144,2025-01-01,341
4548,1852,2025-01-01,343
4549,3801,2025-01-01,482
4550,4434,2025-01-01,42
4551,259,2025-01-01,464
4552,3986,2025-01-01,391
4553,1975,2025-01-01,457
4554,724,2025-01-01,404
4555,4817,2025-01-01,580
4556,2686,2025-01-01,153
4557,3465,2025-01-01,41
4558,451,2025-01-01,319
4559,4255,2025-01-01,69
4560,1389,2025-01-01,101
4561,3009,2025-01-01,438
4562,2504,2025-01-01,380
4563,146,2025-01-01,417
4564,1502,2025-01-01,261
4565,3110,2025-01-01,171
4566,1704,2025-01-01,449
4567,974,2025-01-01,302
4568,4786,2025-01-01,432
4569,2384,2025-01-01,228
4570,3104,2025-01-01,127
4571,2405,2025-01-01,488
4572,2705,2025-01-01,149
4573,1895,2025-01-01,507
4574,4165,2025-01-01,508
4575,971,2025-01-01,234
4576,1593,2025-01-01,360
4577,3805,2025-01-01,431
4578,4772,2025-01-01,537
4579,817,2025-01-01,416
4580,2368,2025-01-01,154
4581,4675,2025-01-01,112
4582,2492,2025-01-01,149
4583,3927,2025-01-01,565
4584,3495,2025-01-01,267
4585,3710,2025-01-01,71
4586,484,2025-01-01,423
4587,1567,2025-01-01,280
4588,4767,2025-01-01,24
4589,2855,2025-01-01,234
4590,3296,2025-01-01,375
4591,3969,2025-01-01,416
4592,122,2025-01-01,407
4593,1165,2025-01-01,436
4594,2847,2025-01-01,102
4595,2949,2025-01-01,170
4596,1469,2025-01-01,159
4597,3606,2025-01-01,507
4598,4674,2025-01-01,443
4599,2870,2025-01-01,505
4600,2862,2025-01-01,46
4601,1561,2025-01-01,516
4602,785,2025-01-01,430
4603,738,2025-01-01,226
4604,784,2025-01-01,223
4605,168,2025-01-01,269
4606,1725,2025-01-01,483
4607,1388,2025-01-01,447
4608,4982,2025-01-01,437
4609,688,2025-01-01,552
4610,4115,2025-01-01,297
4611,1906,2025-01-01,488
4612,3420,2025-01-01,452
4613,839,2025-01-01,260
4614,3449,2025-01-01,354
4615,1639,2025-01-01,197
4616,2510,2025-01-01,163
4617,1586,2025-01-01,255
4618,2165,2025-01-01,588
4619,712,2025-01-01,312
4620,1260,2025-01-01,449
4621,434,2025-01-01,570
4622,3587,2025-01-01,299
4623,4731,2025-01-01,51
4624,3287,2025-01-01,427
4625,4134,2025-01-01,124
4626,443,2025-01-01,539
4627,3296,2025-01-01,523
4628,4667,2025-01-01,21
4629,3143,2025-01-01,295
4630,1278,2025-01-01,442
4631,3903,2025-01-01,92
4632,4076,2025-01-01,581
4633,4280,2025-01-01,359
4634,4032,2025-01-01,313
4635,2841,2025-01-01,480
4636,3307,2025-01-01,362
4637,4855,2025-01-01,352
4638,2366,2025-01-01,287
4639,2633,2025-01-01,297
4640,1432,2025-01-01,261
4641,830,2025-01-01,149
4642,2554,2025-01-01,111
4643,1604,2025-01-01,596
4644,85,2025-01-01,271
4645,606,2025-01-01,292
4646,3365,2025-01-01,262
4647,839,2025-01-01,151
4648,2595,2025-01-01,461
4649,1276,2025-01-01,351
4650,206,2025-01-01,261
4651,225,2025-01-01,33
4652,1201,2025-01-01,12
4653,97,2025-01-01,444
4654,969,2025-01-01,435
4655,1106,2025-01-01,192
4656,2396,2025-01-01,372
4657,2980,2025-01-01,423
4658,190,2025-01-01,396
4659,2989,2025-01-01,13
4660,3116,2025-01-01,101
4661,3165,2025-01-01,549
4662,2890,2025-01-01,579
4663,547,2025-01-01,434
4664,534,2025-01-01,336
4665,3555,2025-01-01,537
4666,490,2025-01-01,267
4667,2294,2025-01-01,268
4668,1303,2025-01-01,219
4669,3922,2025-01-01,21
4670,2548,2025-01-01,183
4671,3363,2025-01-01,41
4672,4605,2025-01-01,436
4673,2818,2025-01-01,197
4674,4016,2025-01-01,199
4675,2937,2025-01-01,7
4676,2386,2025-01-01,213
4677,897,2025-01-01,162
4678,1898,2025-01-01,308
4679,893,2025-01-01,394
4680,4060,2025-01-01,581
4681,2145,2025-01-01,577
4682,362,2025-01-01,581
4683,387,2025-01-01,301
4684,1668,2025-01-01,507
4685,3847,2025-01-01,14
4686,286,2025-01-01,28
4687,1914,2025-01-01,287
4688,2310,2025-01-01,10
4689,2893,2025-01-01,198
4690,1098,2025-01-01,78
4691,4642,2025-01-01,462
4692,4760,2025-01-01,459
4693,4678,2025-01-01,486
4694,3128,2025-01-01,333
4695,3336,2025-01-01,258
4696,1536,2025-01-01,361
4697,4153,2025-01-01,119
4698,616,2025-01-01,294
4699,3875,2025-01-01,490
4700,3143,2025-01-01,153
4701,175,2025-01-01,364
4702,4298,2025-01-01,401
4703,54,2025-01-01,571
4704,4540,2025-01-01,514
4705,1527,2025-01-01,496
4706,1284,2025-01-01,390
4707,3623,2025-01-01,527
4708,613,2025-01-01,393
4709,540,2025-01-01,255
4710,790,2025-01-01,419
4711,3680,2025-01-01,552
4712,3307,2025-01-01,342
4713,84,2025-01-01,559
4714,1611,2025-01-01,596
4715,3265,2025-01-01,242
4716,2319,2025-01-01,310
4717,3323,2025-01-01,124
4718,3015,2025-01-01,91
4719,576,2025-01-01,455
4720,766,2025-01-01,148
4721,3856,2025-01-01,542
4722,2897,2025-01-01,96
4723,2503,2025-01-01,471
4724,218,2025-01-01,495
4725,797,2025-01-01,182
4726,4049,2025-01-01,275
4727,4743,2025-01-01,408
4728,2009,2025-01-01,438
4729,3886,2025-01-01,54
4730,4136,2025-01-01,171
4731,761,2025-01-01,265
4732,664,2025-01-01,64
4733,754,2025-01-01,572
4734,4870,2025-01-01,528
4735,1017,2025-01-01,425
4736,3269,2025-01-01,232
4737,4271,2025-01-01,507
4738,2575,2025-01-01,179
4739,2831,2025-01-01,43
4740,2516,2025-01-01,446
4741,3528,2025-01-01,308
4742,3485,2025-01-01,280
4743,1605,2025-01-01,514
4744,4810,2025-01-01,250
4745,4817,2025-01-01,212
4746,3744,2025-01-01,310
4747,3477,2025-01-01,305
4748,1847,2025-01-01,475
4749,1738,2025-01-01,368
4750,3602,2025-01-01,92
4751,4102,2025-01-01,351
4752,2420,2025-01-01,347
4753,3401,2025-01-01,175
4754,1642,2025-01-01,501
4755,1356,2025-01-01,550
4756,328,2025-01-01,0
4757,2663,2025-01-01,377
4758,805,2025-01-01,487
4759,4797,2025-01-01,210
4760,1042,2025-01-01,244
4761,1748,2025-01-01,551
4762,1632,2025-01-01,70
4763,2909,2025-01-01,346
4764,1687,2025-01-01,382
4765,3790,2025-01-01,54
4766,3805,2025-01-01,111
4767,4829,2025-01-01,405
4768,3484,2025-01-01,139
4769,938,2025-01-01,300
4770,4922,2025-01-01,34
4771,661,2025-01-01,409
4772,3824,2025-01-01,123
4773,21,2025-01-01,517
4774,3376,2025-01-01,345
4775,225,2025-01-01,207
4776,4803,2025-01-01,299
4777,856,2025-01-01,497
4778,3069,2025-01-01,303
4779,2702,2025-01-01,197
4780,1199,2025-01-01,263
4781,1582,2025-01-01,249
4782,1616,2025-01-01,231
4783,1495,2025-01-01,110
4784,1694,2025-01-01,289
4785,2062,2025-01-01,165
4786,1879,2025-01-01,212
4787,4046,2025-01-01,418
4788,2391,2025-01-01,158
4789,284,2025-01-01,207
4790,817,2025-01-01,552
4791,4516,2025-01-01,30
4792,2413,2025-01-01,506
4793,1880,2025-01-01,101
4794,1108,2025-01-01,83
4795,3023,2025-01-01,139
4796,4578,2025-01-01,424
4797,48,2025-01-01,543
4798,4098,2025-01-01,74
4799,279,2025-01-01,452
4800,4565,2025-01-01,407
4801,3302,2025-01-01,522
4802,4345,2025-01-01,567
4803,4873,2025-01-01,280
4804,646,2025-01-01,99
4805,4638,2025-01-01,39
4806,3437,2025-01-01,109
4807,4332,2025-01-01,332
4808,3137,2025-01-01,76
4809,214,2025-01-01,40
4810,456,2025-01-01,11
4811,3517,2025-01-01,588
4812,316,2025-01-01,543
4813,4213,2025-01-01,281
4814,4640,2025-01-01,20
4815,3361,2025-01-01,577
4816,4502,2025-01-01,249
4817,2040,2025-01-01,88
4818,1628,2025-01-01,406
4819,4090,2025-01-01,280
4820,3779,2025-01-01,563
4821,2980,2025-01-01,63
4822,4073,2025-01-01,225
4823,291,2025-01-01,511
4824,3378,2025-01-01,218
4825,2192,2025-01-01,420
4826,824,2025-01-01,381
4827,1156,2025-01-01,273
4828,898,2025-01-01,598
4829,4030,2025-01-01,41
4830,1988,2025-01-01,116
4831,3667,2025-01-01,256
4832,4536,2025-01-01,246
4833,292,2025-01-01,224
4834,4995,2025-01-01,137
4835,2180,2025-01-01,289
4836,3936,2025-01-01,305
4837,1318,2025-01-01,308
4838,4060,2025-01-01,380
4839,4145,2025-01-01,11
4840,1851,2025-01-01,163
4841,4932,2025-01-01,118
4842,4195,2025-01-01,282
4843,4240,2025-01-01,392
4844,4563,2025-01-01,107
4845,42,2025-01-01,537
4846,845,2025-01-01,365
4847,2693,2025-01-01,207
4848,1261,2025-01-01,250
4849,1031,2025-01-01,10
4850,540,2025-01-01,598
4851,1905,2025-01-01,492
4852,3118,2025-01-01,295
4853,2464,2025-01-01,259
4854,3315,2025-01-01,297
4855,2851,2025-01-01,51
4856,4886,2025-01-01,459
4857,4251,2025-01-01,361
4858,1836,2025-01-01,208
4859,2340,2025-01-01,255
4860,4906,2025-01-01,323
4861,3433,2025-01-01,71
4862,1781,2025-01-01,481
4863,4359,2025-01-01,38
4864,788,2025-01-01,82
4865,4449,2025-01-01,312
4866,1466,2025-01-01,212
4867,762,2025-01-01,144
4868,3417,2025-01-01,107
4869,3668,2025-01-01,485
4870,3003,2025-01-01,172
4871,467,2025-01-01,170
4872,554,2025-01-01,172
4873,4484,2025-01-01,339
4874,2805,2025-01-01,555
4875,3240,2025-01-01,275
4876,1002,2025-01-01,73
4877,2378,2025-01-01,149
4878,4898,2025-01-01,250
4879,4905,2025-01-01,169
4880,4594,2025-01-01,355
4881,3951,2025-01-01,301
4882,2909,2025-01-01,142
4883,1241,2025-01-01,280
4884,1020,2025-01-01,139
4885,2246,2025-01-01,123
4886,1116,2025-01-01,399
4887,3747,2025-01-01,387
4888,1819,2025-01-01,564
4889,2517,2025-01-01,77
4890,3666,2025-01-01,556
4891,3809,2025-01-01,357
4892,3634,2025-01-01,479
4893,463,2025-01-01,530
4894,2782,2025-01-01,534
4895,3603,2025-01-01,516
4896,3005,2025-01-01,143
4897,2825,2025-01-01,20
4898,4377,2025-01-01,301
4899,4428,2025-01-01,164
4900,3435,2025-01-01,512
4901,2771,2025-01-01,223
4902,2915,2025-01-01,477
4903,2871,2025-01-01,167
4904,4305,2025-01-01,263
4905,2618,2025-01-01,400
4906,3980,2025-01-01,322
4907,640,2025-01-01,593
4908,1359,2025-01-01,69
4909,1653,2025-01-01,9
4910,1995,2025-01-01,269
4911,3610,2025-01-01,323
4912,3814,2025-01-01,213
4913,2383,2025-01-01,251
4914,283,2025-01-01,116
4915,3126,2025-01-01,273
4916,1950,2025-01-01,536
4917,2222,2025-01-01,19
4918,3590,2025-01-01,222
4919,4331,2025-01-01,536
4920,3180,2025-01-01,444
4921,2405,2025-01-01,128
4922,203,2025-01-01,210
4923,3076,2025-01-01,356
4924,93,2025-01-01,280
4925,1007,2025-01-01,525
4926,3009,2025-01-01,313
4927,1174,2025-01-01,73
4928,4398,2025-01-01,506
4929,1968,2025-01-01,377
4930,2877,2025-01-01,562
4931,636,2025-01-01,209
4932,1351,2025-01-01,118
4933,3518,2025-01-01,312
4934,723,2025-01-01,283
4935,3259,2025-01-01,522
4936,1396,2025-01-01,400
4937,2144,2025-01-01,568
4938,2695,2025-01-01,44
4939,2976,2025-01-01,588
4940,2881,2025-01-01,382
4941,2423,2025-01-01,270
4942,1329,2025-01-01,466
4943,3351,2025-01-01,488
4944,1082,2025-01-01,150
4945,2903,2025-01-01,482
4946,2832,2025-01-01,400
4947,1149,2025-01-01,556
4948,3611,2025-01-01,86
4949,2152,2025-01-01,213
4950,309,2025-01-01,157
4951,3475,2025-01-01,467
4952,1403,2025-01-01,247
4953,422,2025-01-01,490
4954,3394,2025-01-01,558
4955,3690,2025-01-01,571
4956,420,2025-01-01,550
4957,746,2025-01-01,156
4958,4413,2025-01-01,93
4959,2218,2025-01-01,213
4960,1112,2025-01-01,290
4961,4556,2025-01-01,328
4962,4553,2025-01-01,131
4963,1341,2025-01-01,348
4964,12,2025-01-01,100
4965,65,2025-01-01,200
4966,4345,2025-01-01,164
4967,1656,2025-01-01,74
4968,1002,2025-01-01,496
4969,2378,2025-01-01,528
4970,3454,2025-01-01,414
4971,2958,2025-01-01,541
4972,3247,2025-01-01,233
4973,3914,2025-01-01,493
4974,2572,2025-01-01,54
4975,4150,2025-01-01,427
4976,524,2025-01-01,31
4977,3102,2025-01-01,76
4978,4907,2025-01-01,559
4979,3048,2025-01-01,289
4980,3816,2025-01-01,96
4981,2810,2025-01-01,300
4982,4713,2025-01-01,23
4983,1365,2025-01-01,343
4984,1062,2025-01-01,207
4985,3363,2025-01-01,231
4986,916,2025-01-01,502
4987,1691,2025-01-01,388
4988,4720,2025-01-01,481
4989,3871,2025-01-01,466
4990,1113,2025-01-01,152
4991,1653,2025-01-01,69
4992,3959,2025-01-01,473
4993,4899,2025-01-01,385
4994,3354,2025-01-01,270
4995,4041,2025-01-01,133
4996,2516,2025-01-01,443
4997,3328,2025-01-01,529
4998,4147,2025-01-01,591
4999,18,2025-01-01,50
5000,4940,2025-01-01,299
5001,3243,2025-01-01,345
5002,1641,2025-01-01,475
5003,2493,2025-01-01,219
5004,4238,2025-01-01,351
5005,3275,2025-01-01,533
5006,2177,2025-01-01,43
5007,4222,2025-01-01,298
5008,4257,2025-01-01,544
5009,2092,2025-01-01,195
5010,3789,2025-01-01,40
5011,1116,2025-01-01,455
5012,2522,2025-01-01,288
5013,1331,2025-01-01,526
5014,1510,2025-01-01,572
5015,46,2025-01-01,167
5016,1696,2025-01-01,104
5017,2548,2025-01-01,378
5018,292,2025-01-01,468
5019,3893,2025-01-01,193
5020,4958,2025-01-01,190
5021,130,2025-01-01,274
5022,3117,2025-01-01,85
5023,3341,2025-01-01,243
5024,3810,2025-01-01,439
5025,1710,2025-01-01,421
5026,2158,2025-01-01,507
5027,3995,2025-01-01,465
5028,4753,2025-01-01,536
5029,1685,2025-01-01,343
5030,403,2025-01-01,111
5031,836,2025-01-01,280
5032,4223,2025-01-01,479
5033,3882,2025-01-01,36
5034,3246,2025-01-01,415
5035,1164,2025-01-01,322
5036,4294,2025-01-01,59
5037,1128,2025-01-01,264
5038,4932,2025-01-01,299
5039,1632,2025-01-01,83
5040,2795,2025-01-01,471
5041,2,2025-01-01,568
5042,1518,2025-01-01,49
5043,3035,2025-01-01,583
5044,2019,2025-01-01,190
5045,1548,2025-01-01,333
5046,1729,2025-01-01,21
5047,3034,2025-01-01,203
5048,2965,2025-01-01,99
5049,3745,2025-01-01,90
5050,2453,2025-01-01,272
5051,4277,2025-01-01,349
5052,2556,2025-01-01,30
5053,1203,2025-01-01,50
5054,688,2025-01-01,208
5055,227,2025-01-01,531
5056,4910,2025-01-01,15
5057,3489,2025-01-01,101
5058,4909,2025-01-01,340
5059,2236,2025-01-01,595
5060,2380,2025-01-01,178
5061,1429,2025-01-01,417
5062,1910,2025-01-01,80
5063,116,2025-01-01,67
5064,3434,2025-01-01,250
5065,3231,2025-01-01,140
5066,2211,2025-01-01,350
5067,3668,2025-01-01,267
5068,2610,2025-01-01,496
5069,3492,2025-01-01,191
5070,2558,2025-01-01,468
5071,3250,2025-01-01,399
5072,1474,2025-01-01,372
5073,332,2025-01-01,451
5074,2101,2025-01-01,14
5075,1293,2025-01-01,536
5076,3855,2025-01-01,161
5077,2637,2025-01-01,35
5078,977,2025-01-01,261
5079,4881,2025-01-01,505
5080,653,2025-01-01,283
5081,3593,2025-01-01,101
5082,1071,2025-01-01,140
5083,1889,2025-01-01,72
5084,1341,2025-01-01,177
5085,3919,2025-01-01,509
5086,4636,2025-01-01,508
5087,1756,2025-01-01,240
5088,37,2025-01-01,235
5089,1228,2025-01-01,403
5090,4029,2025-01-01,199
5091,1959,2025-01-01,77
5092,2666,2025-01-01,332
5093,3835,2025-01-01,4
5094,1696,2025-01-01,28
5095,3448,2025-01-01,232
5096,4844,2025-01-01,86
5097,1421,2025-01-01,374
5098,1895,2025-01-01,261
5099,4930,2025-01-01,205
5100,774,2025-01-01,227
5101,1947,2025-01-01,86
5102,394,2025-01-01,205
5103,2281,2025-01-01,399
5104,1048,2025-01-01,125
5105,1988,2025-01-01,183
5106,4675,2025-01-01,43
5107,3515,2025-01-01,392
5108,3595,2025-01-01,162
5109,3615,2025-01-01,578
5110,4023,2025-01-01,47
5111,2009,2025-01-01,2
5112,1853,2025-01-01,580
5113,132,2025-01-01,42
5114,2975,2025-01-01,585
5115,3464,2025-01-01,172
5116,3062,2025-01-01,41
5117,669,2025-01-01,326
5118,2228,2025-01-01,176
5119,3954,2025-01-01,281
5120,1986,2025-01-01,402
5121,2979,2025-01-01,61
5122,2178,2025-01-01,69
5123,2945,2025-01-01,497
5124,429,2025-01-01,423
5125,820,2025-01-01,597
5126,4789,2025-01-01,463
5127,459,2025-01-01,62
5128,4657,2025-01-01,161
5129,1874,2025-01-01,357
5130,2387,2025-01-01,504
5131,1720,2025-01-01,442
5132,4369,2025-01-01,441
5133,2347,2025-01-01,266
5134,122,2025-01-01,328
5135,1316,2025-01-01,22
5136,478,2025-01-01,526
5137,2984,2025-01-01,305
5138,878,2025-01-01,441
5139,161,2025-01-01,410
5140,4235,2025-01-01,424
5141,155,2025-01-01,26
5142,3337,2025-01-01,501
5143,3739,2025-01-01,132
5144,1652,2025-01-01,64
5145,3321,2025-01-01,92
5146,3940,2025-01-01,454
5147,2604,2025-01-01,51
5148,381,2025-01-01,546
5149,4679,2025-01-01,196
5150,4980,2025-01-01,242
5151,254,2025-01-01,5
5152,2430,2025-01-01,313
5153,2314,2025-01-01,271
5154,2713,2025-01-01,40
5155,3353,2025-01-01,38
5156,3665,2025-01-01,311
5157,684,2025-01-01,350
5158,2418,2025-01-01,580
5159,467,2025-01-01,72
5160,2716,2025-01-01,239
5161,2952,2025-01-01,179
5162,332,2025-01-01,156
5163,3877,2025-01-01,597
5164,3824,2025-01-01,404
5165,3093,2025-01-01,414
5166,662,2025-01-01,64
5167,3736,2025-01-01,16
5168,3158,2025-01-01,289
5169,2931,2025-01-01,463
5170,3547,2025-01-01,483
5171,2796,2025-01-01,239
5172,2247,2025-01-01,1
5173,3793,2025-01-01,337
5174,293,2025-01-01,85
5175,298,2025-01-01,73
5176,3113,2025-01-01,98
5177,3135,2025-01-01,520
5178,3392,2025-01-01,12
5179,4922,2025-01-01,314
5180,4567,2025-01-01,434
5181,3329,2025-01-01,133
5182,4464,2025-01-01,478
5183,1017,2025-01-01,391
5184,687,2025-01-01,266
5185,880,2025-01-01,105
5186,3648,2025-01-01,510
5187,610,2025-01-01,508
5188,3106,2025-01-01,163
5189,3885,2025-01-01,221
5190,1624,2025-01-01,498
5191,3650,2025-01-01,354
5192,4981,2025-01-01,305
5193,875,2025-01-01,578
5194,4496,2025-01-01,579
5195,3198,2025-01-01,63
5196,4230,2025-01-01,378
5197,1102,2025-01-01,100
5198,3747,2025-01-01,453
5199,1472,2025-01-01,65
5200,1564,2025-01-01,211
5201,2656,2025-01-01,282
5202,1326,2025-01-01,177
5203,2331,2025-01-01,75
5204,2402,2025-01-01,481
5205,3652,2025-01-01,401
5206,171,2025-01-01,113
5207,742,2025-01-01,237
5208,2080,2025-01-01,10
5209,1614,2025-01-01,200
5210,2433,2025-01-01,403
5211,2421,2025-01-01,252
5212,777,2025-01-01,314
5213,4358,2025-01-01,309
5214,1289,2025-01-01,373
5215,4127,2025-01-01,437
5216,3030,2025-01-01,134
5217,4566,2025-01-01,282
5218,552,2025-01-01,296
5219,2488,2025-01-01,63
5220,289,2025-01-01,577
5221,2132,2025-01-01,546
5222,1280,2025-01-01,332
5223,4741,2025-01-01,398
5224,1456,2025-01-01,63
5225,41,2025-01-01,521
5226,1476,2025-01-01,26
5227,2972,2025-01-01,175
5228,3225,2025-01-01,123
5229,4695,2025-01-01,294
5230,2402,2025-01-01,534
5231,2098,2025-01-01,316
5232,2726,2025-01-01,527
5233,2556,2025-01-01,15
5234,2059,2025-01-01,507
5235,4055,2025-01-01,430
5236,1210,2025-01-01,73
5237,4968,2025-01-01,192
5238,3480,2025-01-01,339
5239,2083,2025-01-01,512
5240,3387,2025-01-01,77
5241,430,2025-01-01,365
5242,2352,2025-01-01,380
5243,1998,2025-01-01,439
5244,705,2025-01-01,272
5245,1161,2025-01-01,189
5246,1715,2025-01-01,480
5247,700,2025-01-01,359
5248,4512,2025-01-01,363
5249,428,2025-01-01,363
5250,2999,2025-01-01,173
5251,889,2025-01-01,579
5252,1669,2025-01-01,463
5253,4509,2025-01-01,223
5254,4828,2025-01-01,262
5255,4784,2025-01-01,109
5256,134,2025-01-01,508
5257,4924,2025-01-01,228
5258,4196,2025-01-01,261
5259,4486,2025-01-01,205
5260,4600,2025-01-01,79
5261,4242,2025-01-01,234
5262,3910,2025-01-01,327
5263,3399,2025-01-01,518
5264,1140,2025-01-01,254
5265,1773,2025-01-01,420
5266,4652,2025-01-01,505
5267,3206,2025-01-01,67
5268,2898,2025-01-01,559
5269,4754,2025-01-01,26
5270,1373,2025-01-01,3
5271,4979,2025-01-01,184
5272,4082,2025-01-01,355
5273,377,2025-01-01,26
5274,2614,2025-01-01,495
5275,1460,2025-01-01,207
5276,190,2025-01-01,357
5277,3335,2025-01-01,71
5278,1070,2025-01-01,179
5279,4765,2025-01-01,277
5280,3811,2025-01-01,240
5281,1175,2025-01-01,12
5282,4697,2025-01-01,499
5283,85,2025-01-01,441
5284,1318,2025-01-01,551
5285,277,2025-01-01,426
5286,2396,2025-01-01,192
5287,3850,2025-01-01,570
5288,475,2025-01-01,249
5289,2641,2025-01-01,372
5290,1299,2025-01-01,93
5291,516,2025-01-01,71
5292,1439,2025-01-01,485
5293,1329,2025-01-01,457
5294,2684,2025-01-01,148
5295,3139,2025-01-01,6
5296,1698,2025-01-01,299
5297,4631,2025-01-01,135
5298,4914,2025-01-01,199
5299,79,2025-01-01,79
5300,4614,2025-01-01,85
5301,11,2025-01-01,237
5302,2991,2025-01-01,553
5303,916,2025-01-01,146
5304,2596,2025-01-01,236
5305,2293,2025-01-01,142
5306,1149,2025-01-01,183
5307,3049,2025-01-01,153
5308,673,2025-01-01,513
5309,4097,2025-01-01,512
5310,3400,2025-01-01,61
5311,1396,2025-01-01,164
5312,2953,2025-01-01,408
5313,4546,2025-01-01,434
5314,360,2025-01-01,206
5315,4116,2025-01-01,576
5316,4279,2025-01-01,222
5317,1639,2025-01-01,489
5318,2715,2025-01-01,117
5319,476,2025-01-01,481
5320,3451,2025-01-01,435
5321,736,2025-01-01,329
5322,1458,2025-01-01,357
5323,831,2025-01-01,67
5324,2874,2025-01-01,358
5325,1275,2025-01-01,387
5326,3966,2025-01-01,37
5327,3541,2025-01-01,81
5328,1771,2025-01-01,106
5329,4391,2025-01-01,366
5330,3590,2025-01-01,190
5331,4976,2025-01-01,164
5332,1213,2025-01-01,266
5333,689,2025-01-01,461
5334,3874,2025-01-01,36
5335,2354,2025-01-01,386
5336,3158,2025-01-01,495
5337,3247,2025-01-01,294
5338,1369,2025-01-01,151
5339,1515,2025-01-01,30
5340,2185,2025-01-01,89
5341,553,2025-01-01,132
5342,4816,2025-01-01,82
5343,3794,2025-01-01,206
5344,2260,2025-01-01,388
5345,4857,2025-01-01,276
5346,1921,2025-01-01,250
5347,1971,2025-01-01,408
5348,2656,2025-01-01,511
5349,1873,2025-01-01,44
5350,2180,2025-01-01,63
5351,782,2025-01-01,154
5352,3548,2025-01-01,260
5353,2737,2025-01-01,559
5354,4115,2025-01-01,177
5355,3715,2025-01-01,455
5356,2320,2025-01-01,280
5357,734,2025-01-01,485
5358,3527,2025-01-01,351
5359,3319,2025-01-01,372
5360,3246,2025-01-01,139
5361,3411,2025-01-01,555
5362,3688,2025-01-01,307
5363,4445,2025-01-01,520
5364,1220,2025-01-01,523
5365,2630,2025-01-01,444
5366,2733,2025-01-01,463
5367,2230,2025-01-01,134
5368,2925,2025-01-01,473
5369,188,2025-01-01,378
5370,4534,2025-01-01,75
5371,3712,2025-01-01,585
5372,3255,2025-01-01,483
5373,1023,2025-01-01,593
5374,912,2025-01-01,538
5375,1331,2025-01-01,436
5376,2749,2025-01-01,322
5377,2153,2025-01-01,302
5378,3838,2025-01-01,138
5379,4816,2025-01-01,175
5380,510,2025-01-01,262
5381,4611,2025-01-01,351
5382,4194,2025-01-01,596
5383,2378,2025-01-01,157
5384,4293,2025-01-01,83
5385,2645,2025-01-01,534
5386,701,2025-01-01,578
5387,4232,2025-01-01,406
5388,2283,2025-01-01,535
5389,1370,2025-01-01,482
5390,623,2025-01-01,187
5391,1088,2025-01-01,500
5392,2414,2025-01-01,375
5393,1790,2025-01-01,216
5394,3270,2025-01-01,68
5395,3194,2025-01-01,583
5396,623,2025-01-01,502
5397,4205,2025-01-01,433
5398,2070,2025-01-01,179
5399,1261,2025-01-01,395
5400,2103,2025-01-01,424
5401,3100,2025-01-01,502
5402,4046,2025-01-01,184
5403,1230,2025-01-01,470
5404,4431,2025-01-01,357
5405,1814,2025-01-01,480
5406,1617,2025-01-01,321
5407,1362,2025-01-01,171
5408,3619,2025-01-01,16
5409,715,2025-01-01,115
5410,3574,2025-01-01,296
5411,3603,2025-01-01,534
5412,1407,2025-01-01,555
5413,243,2025-01-01,473
5414,4110,2025-01-01,553
5415,4654,2025-01-01,204
5416,354,2025-01-01,445
5417,3455,2025-01-01,192
5418,1960,2025-01-01,131
5419,2581,2025-01-01,493
5420,1949,2025-01-01,126
5421,3021,2025-01-01,29
5422,1054,2025-01-01,594
5423,177,2025-01-01,511
5424,3978,2025-01-01,100
5425,2547,2025-01-01,417
5426,1155,2025-01-01,36
5427,2679,2025-01-01,179
5428,2437,2025-01-01,63
5429,408,2025-01-01,412
5430,4495,2025-01-01,442
5431,157,2025-01-01,167
5432,978,2025-01-01,229
5433,1137,2025-01-01,111
5434,3329,2025-01-01,550
5435,4209,2025-01-01,569
5436,995,2025-01-01,262
5437,3615,2025-01-01,398
5438,4454,2025-01-01,498
5439,1981,2025-01-01,260
5440,353,2025-01-01,18
5441,3376,2025-01-01,269
5442,1686,2025-01-01,404
5443,3895,2025-01-01,206
5444,1528,2025-01-01,135
5445,3890,2025-01-01,6
5446,345,2025-01-01,193
5447,4127,2025-01-01,478
5448,4952,2025-01-01,558
5449,843,2025-01-01,155
5450,271,2025-01-01,17
5451,112,2025-01-01,168
5452,1023,2025-01-01,598
5453,461,2025-01-01,392
5454,2894,2025-01-01,591
5455,1464,2025-01-01,57
5456,711,2025-01-01,289
5457,4878,2025-01-01,45
5458,4097,2025-01-01,116
5459,1304,2025-01-01,18
5460,3897,2025-01-01,388
5461,711,2025-01-01,166
5462,1619,2025-01-01,583
5463,1811,2025-01-01,241
5464,1707,2025-01-01,253
5465,3225,2025-01-01,102
5466,466,2025-01-01,175
5467,2353,2025-01-01,346
5468,2059,2025-01-01,76
5469,4572,2025-01-01,275
5470,1605,2025-01-01,233
5471,162,2025-01-01,410
5472,4971,2025-01-01,55
5473,4489,2025-01-01,596
5474,736,2025-01-01,527
5475,3265,2025-01-01,279
5476,981,2025-01-01,343
5477,4443,2025-01-01,545
5478,3984,2025-01-01,526
5479,3727,2025-01-01,195
5480,924,2025-01-01,313
5481,3482,2025-01-01,373
5482,114,2025-01-01,162
5483,1691,2025-01-01,530
5484,858,2025-01-01,223
5485,4493,2025-01-01,294
5486,4572,2025-01-01,89
5487,4422,2025-01-01,552
5488,3401,2025-01-01,321
5489,3161,2025-01-01,81
5490,1043,2025-01-01,55
5491,2655,2025-01-01,131
5492,235,2025-01-01,1
5493,3894,2025-01-01,562
5494,3278,2025-01-01,434
5495,2752,2025-01-01,226
5496,583,2025-01-01,447
5497,1929,2025-01-01,13
5498,2834,2025-01-01,425
5499,3076,2025-01-01,71
5500,4014,2025-01-01,299
5501,1357,2025-01-01,74
5502,2812,2025-01-01,14
5503,4017,2025-01-01,105
5504,3518,2025-01-01,453
5505,4195,2025-01-01,580
5506,2999,2025-01-01,60
5507,2062,2025-01-01,91
5508,1387,2025-01-01,359
5509,3709,2025-01-01,76
5510,2888,2025-01-01,106
5511,12,2025-01-01,61
5512,2524,2025-01-01,487
5513,1759,2025-01-01,543
5514,2076,2025-01-01,425
5515,2638,2025-01-01,74
5516,3363,2025-01-01,218
5517,1527,2025-01-01,199
5518,1935,2025-01-01,204
5519,4659,2025-01-01,5
5520,3088,2025-01-01,438
5521,708,2025-01-01,32
5522,1552,2025-01-01,206
5523,3812,2025-01-01,589
5524,3288,2025-01-01,185
5525,2158,2025-01-01,359
5526,2464,2025-01-01,383
5527,1935,2025-01-01,543
5528,171,2025-01-01,188
5529,936,2025-01-01,298
5530,4071,2025-01-01,115
5531,1829,2025-01-01,169
5532,2178,2025-01-01,590
5533,869,2025-01-01,595
5534,622,2025-01-01,499
5535,2085,2025-01-01,517
5536,1636,2025-01-01,230
5537,2952,2025-01-01,434
5538,4520,2025-01-01,389
5539,859,2025-01-01,510
5540,4945,2025-01-01,459
5541,3961,2025-01-01,77
5542,1093,2025-01-01,184
5543,236,2025-01-01,487
5544,2641,2025-01-01,479
5545,4259,2025-01-01,390
5546,2019,2025-01-01,415
5547,4707,2025-01-01,433
5548,286,2025-01-01,505
5549,382,2025-01-01,296
5550,409,2025-01-01,317
5551,1859,2025-01-01,72
5552,508,2025-01-01,515
5553,2379,2025-01-01,469
5554,4740,2025-01-01,497
5555,1017,2025-01-01,176
5556,1722,2025-01-01,479
5557,1270,2025-01-01,70
5558,1068,2025-01-01,324
5559,4716,2025-01-01,586
5560,3783,2025-01-01,241
5561,3141,2025-01-01,124
5562,1199,2025-01-01,104
5563,1367,2025-01-01,205
5564,4128,2025-01-01,393
5565,4903,2025-01-01,310
5566,4670,2025-01-01,597
5567,701,2025-01-01,409
5568,1431,2025-01-01,147
5569,522,2025-01-01,527
5570,1584,2025-01-01,254
5571,314,2025-01-01,135
5572,2477,2025-01-01,266
5573,2005,2025-01-01,240
5574,2734,2025-01-01,322
5575,1746,2025-01-01,181
5576,2183,2025-01-01,243
5577,579,2025-01-01,241
5578,1251,2025-01-01,221
5579,4543,2025-01-01,131
5580,760,2025-01-01,476
5581,3904,2025-01-01,251
5582,3766,2025-01-01,323
5583,4976,2025-01-01,249
5584,2222,2025-01-01,374
5585,3737,2025-01-01,477
5586,866,2025-01-01,283
5587,1789,2025-01-01,317
5588,1992,2025-01-01,568
5589,650,2025-01-01,160
5590,3053,2025-01-01,308
5591,4234,2025-01-01,393
5592,2670,2025-01-01,179
5593,3576,2025-01-01,59
5594,289,2025-01-01,592
5595,4881,2025-01-01,464
5596,4472,2025-01-01,115
5597,432,2025-01-01,342
5598,4559,2025-01-01,296
5599,3500,2025-01-01,486
5600,4900,2025-01-01,108
5601,3875,2025-01-01,341
5602,4581,2025-01-01,391
5603,3367,2025-01-01,23
5604,1150,2025-01-01,150
5605,2288,2025-01-01,547
5606,433,2025-01-01,534
5607,1531,2025-01-01,2
5608,1205,2025-01-01,470
5609,773,2025-01-01,471
5610,1852,2025-01-01,287
5611,2297,2025-01-01,24
5612,4717,2025-01-01,363
5613,2937,2025-01-01,506
5614,3454,2025-01-01,461
5615,2166,2025-01-01,567
5616,949,2025-01-01,156
5617,299,2025-01-01,225
5618,3058,2025-01-01,145
5619,1366,2025-01-01,194
5620,2326,2025-01-01,378
5621,872,2025-01-01,93
5622,4628,2025-01-01,390
5623,636,2025-01-01,89
5624,880,2025-01-01,108
5625,4276,2025-01-01,366
5626,2783,2025-01-01,71
5627,2363,2025-01-01,169
5628,2574,2025-01-01,259
5629,4279,2025-01-01,35
5630,4499,2025-01-01,217
5631,2755,2025-01-01,492
5632,2539,2025-01-01,568
5633,1910,2025-01-01,40
5634,136,2025-01-01,3
5635,2351,2025-01-01,284
5636,2840,2025-01-01,69
5637,1700,2025-01-01,495
5638,1947,2025-01-01,292
5639,3762,2025-01-01,50
5640,630,2025-01-01,275
5641,4647,2025-01-01,176
5642,2091,2025-01-01,14
5643,2264,2025-01-01,545
5644,2738,2025-01-01,567
5645,116,2025-01-01,61
5646,3293,2025-01-01,382
5647,2789,2025-01-01,210
5648,2918,2025-01-01,215
5649,3882,2025-01-01,223
5650,4877,2025-01-01,566
5651,2537,2025-01-01,172
5652,1171,2025-01-01,287
5653,3135,2025-01-01,401
5654,2539,2025-01-01,487
5655,3108,2025-01-01,486
5656,1087,2025-01-01,240
5657,2231,2025-01-01,555
5658,2615,2025-01-01,46
5659,434,2025-01-01,258
5660,1658,2025-01-01,434
5661,2998,2025-01-01,297
5662,2190,2025-01-01,556
5663,2404,2025-01-01,18
5664,2715,2025-01-01,246
5665,2953,2025-01-01,169
5666,3996,2025-01-01,507
5667,1863,2025-01-01,296
5668,3984,2025-01-01,148
5669,4021,2025-01-01,24
5670,3476,2025-01-01,372
5671,2764,2025-01-01,420
5672,486,2025-01-01,581
5673,3087,2025-01-01,95
5674,2249,2025-01-01,304
5675,4517,2025-01-01,541
5676,1026,2025-01-01,20
5677,2115,2025-01-01,254
5678,960,2025-01-01,366
5679,3639,2025-01-01,253
5680,3077,2025-01-01,88
5681,1035,2025-01-01,11
5682,3437,2025-01-01,98
5683,2520,2025-01-01,174
5684,2487,2025-01-01,247
5685,3361,2025-01-01,214
5686,2936,2025-01-01,541
5687,659,2025-01-01,195
5688,4898,2025-01-01,328
5689,305,2025-01-01,227
5690,2240,2025-01-01,347
5691,945,2025-01-01,17
5692,1603,2025-01-01,581
5693,4,2025-01-01,385
5694,3901,2025-01-01,523
5695,3971,2025-01-01,287
5696,4494,2025-01-01,210
5697,3317,2025-01-01,463
5698,861,2025-01-01,527
5699,4666,2025-01-01,547
5700,4849,2025-01-01,379
5701,4010,2025-01-01,6
5702,1867,2025-01-01,501
5703,4111,2025-01-01,450
5704,4488,2025-01-01,449
5705,4934,2025-01-01,467
5706,4670,2025-01-01,379
5707,788,2025-01-01,299
5708,4323,2025-01-01,199
5709,2921,2025-01-01,302
5710,477,2025-01-01,514
5711,869,2025-01-01,374
5712,933,2025-01-01,17
5713,949,2025-01-01,370
5714,1153,2025-01-01,541
5715,4123,2025-01-01,461
5716,1175,2025-01-01,101
5717,4195,2025-01-01,4
5718,2764,2025-01-01,27
5719,3899,2025-01-01,35
5720,2377,2025-01-01,113
5721,3684,2025-01-01,382
5722,1706,2025-01-01,423
5723,4571,2025-01-01,29
5724,2890,2025-01-01,387
5725,1467,2025-01-01,231
5726,3915,2025-01-01,348
5727,2180,2025-01-01,494
5728,3074,2025-01-01,415
5729,4993,2025-01-01,341
5730,4407,2025-01-01,435
5731,947,2025-01-01,465
5732,1929,2025-01-01,108
5733,572,2025-01-01,19
5734,4639,2025-01-01,17
5735,1773,2025-01-01,298
5736,4192,2025-01-01,495
5737,3211,2025-01-01,177
5738,4050,2025-01-01,93
5739,1186,2025-01-01,329
5740,3964,2025-01-01,24
5741,805,2025-01-01,450
5742,2702,2025-01-01,128
5743,817,2025-01-01,593
5744,4038,2025-01-01,595
5745,693,2025-01-01,365
5746,2926,2025-01-01,180
5747,2225,2025-01-01,467
5748,2646,2025-01-01,131
5749,3925,2025-01-01,191
5750,916,2025-01-01,158
5751,3984,2025-01-01,127
5752,1893,2025-01-01,345
5753,4642,2025-01-01,70
5754,4552,2025-01-01,422
5755,931,2025-01-01,419
5756,4962,2025-01-01,541
5757,2525,2025-01-01,301
5758,4209,2025-01-01,302
5759,3600,2025-01-01,410
5760,2660,2025-01-01,249
5761,192,2025-01-01,137
5762,1156,2025-01-01,356
5763,4253,2025-01-01,258
5764,3776,2025-01-01,149
5765,4632,2025-01-01,501
5766,1228,2025-01-01,159
5767,4357,2025-01-01,396
5768,4441,2025-01-01,373
5769,4213,2025-01-01,114
5770,645,2025-01-01,420
5771,3737,2025-01-01,523
5772,941,2025-01-01,268
5773,3213,2025-01-01,449
5774,3812,2025-01-01,252
5775,3463,2025-01-01,81
5776,2061,2025-01-01,387
5777,1617,2025-01-01,314
5778,3886,2025-01-01,461
5779,1509,2025-01-01,387
5780,2458,2025-01-01,462
5781,2836,2025-01-01,12
5782,3592,2025-01-01,135
5783,2912,2025-01-01,585
5784,3438,2025-01-01,376
5785,3078,2025-01-01,473
5786,2858,2025-01-01,217
5787,4358,2025-01-01,475
5788,4145,2025-01-01,174
5789,3304,2025-01-01,4
5790,3468,2025-01-01,314
5791,1980,2025-01-01,549
5792,4202,2025-01-01,531
5793,937,2025-01-01,595
5794,1750,2025-01-01,53
5795,662,2025-01-01,374
5796,1206,2025-01-01,48
5797,4371,2025-01-01,451
5798,1374,2025-01-01,401
5799,53,2025-01-01,266
5800,1225,2025-01-01,181
5801,210,2025-01-01,182
5802,2071,2025-01-01,513
5803,4517,2025-01-01,591
5804,1680,2025-01-01,98
5805,1012,2025-01-01,103
5806,1541,2025-01-01,452
5807,4879,2025-01-01,339
5808,1424,2025-01-01,519
5809,753,2025-01-01,217
5810,1868,2025-01-01,360
5811,1783,2025-01-01,253
5812,909,2025-01-01,476
5813,2730,2025-01-01,46
5814,1367,2025-01-01,588
5815,3125,2025-01-01,463
5816,2042,2025-01-01,492
5817,1042,2025-01-01,32
5818,1005,2025-01-01,439
5819,739,2025-01-01,193
5820,1241,2025-01-01,408
5821,884,2025-01-01,255
5822,3612,2025-01-01,214
5823,3828,2025-01-01,43
5824,162,2025-01-01,460
5825,569,2025-01-01,215
5826,1444,2025-01-01,33
5827,629,2025-01-01,37
5828,4296,2025-01-01,560
5829,3561,2025-01-01,392
5830,3301,2025-01-01,283
5831,35,2025-01-01,28
5832,3876,2025-01-01,420
5833,4335,2025-01-01,444
5834,3586,2025-01-01,521
5835,2375,2025-01-01,71
5836,4282,2025-01-01,142
5837,1604,2025-01-01,479
5838,823,2025-01-01,596
5839,3342,2025-01-01,360
5840,3306,2025-01-01,251
5841,1578,2025-01-01,577
5842,433,2025-01-01,93
5843,3673,2025-01-01,325
5844,1177,2025-01-01,382
5845,4408,2025-01-01,535
5846,3811,2025-01-01,133
5847,4471,2025-01-01,162
5848,1045,2025-01-01,64
5849,4472,2025-01-01,170
5850,1382,2025-01-01,240
5851,1676,2025-01-01,313
5852,605,2025-01-01,77
5853,4449,2025-01-01,299
5854,3808,2025-01-01,283
5855,1033,2025-01-01,360
5856,3079,2025-01-01,335
5857,3066,2025-01-01,384
5858,1902,2025-01-01,474
5859,4043,2025-01-01,341
5860,4400,2025-01-01,264
5861,4721,2025-01-01,306
5862,1105,2025-01-01,453
5863,1955,2025-01-01,582
5864,3348,2025-01-01,547
5865,4757,2025-01-01,584
5866,4372,2025-01-01,271
5867,2076,2025-01-01,429
5868,914,2025-01-01,463
5869,3077,2025-01-01,11
5870,131,2025-01-01,209
5871,3886,2025-01-01,461
5872,2474,2025-01-01,103
5873,1651,2025-01-01,404
5874,4435,2025-01-01,240
5875,1039,2025-01-01,380
5876,2925,2025-01-01,351
5877,1006,2025-01-01,59
5878,768,2025-01-01,123
5879,4154,2025-01-01,84
5880,1439,2025-01-01,588
5881,3964,2025-01-01,223
5882,3811,2025-01-01,591
5883,1472,2025-01-01,536
5884,423,2025-01-01,576
5885,4924,2025-01-01,508
5886,26,2025-01-01,135
5887,3227,2025-01-01,208
5888,4684,2025-01-01,536
5889,3212,2025-01-01,38
5890,90,2025-01-01,370
5891,3249,2025-01-01,578
5892,1039,2025-01-01,84
5893,4327,2025-01-01,563
5894,1179,2025-01-01,492
5895,4090,2025-01-01,404
5896,399,2025-01-01,167
5897,1419,2025-01-01,514
5898,743,2025-01-01,365
5899,2282,2025-01-01,286
5900,1764,2025-01-01,134
5901,1711,2025-01-01,431
5902,4164,2025-01-01,221
5903,32,2025-01-01,561
5904,1324,2025-01-01,503
5905,190,2025-01-01,468
5906,2951,2025-01-01,230
5907,1028,2025-01-01,460
5908,91,2025-01-01,421
5909,3298,2025-01-01,253
5910,1000,2025-01-01,141
5911,4475,2025-01-01,173
5912,1372,2025-01-01,285
5913,1276,2025-01-01,502
5914,2260,2025-01-01,306
5915,2798,2025-01-01,432
5916,2489,2025-01-01,110
5917,4045,2025-01-01,6
5918,3548,2025-01-01,42
5919,2544,2025-01-01,345
5920,2463,2025-01-01,195
5921,3757,2025-01-01,537
5922,1447,2025-01-01,308
5923,4380,2025-01-01,485
5924,3343,2025-01-01,503
5925,3876,2025-01-01,235
5926,1025,2025-01-01,301
5927,883,2025-01-01,488
5928,648,2025-01-01,82
5929,3644,2025-01-01,397
5930,4897,2025-01-01,334
5931,2810,2025-01-01,182
5932,1199,2025-01-01,264
5933,4476,2025-01-01,378
5934,3501,2025-01-01,489
5935,637,2025-01-01,510
5936,2323,2025-01-01,395
5937,1967,2025-01-01,317
5938,650,2025-01-01,296
5939,4020,2025-01-01,188
5940,3152,2025-01-01,3
5941,2324,2025-01-01,382
5942,4170,2025-01-01,305
5943,1520,2025-01-01,458
5944,1538,2025-01-01,544
5945,4158,2025-01-01,456
5946,1414,2025-01-01,570
5947,2510,2025-01-01,216
5948,1927,2025-01-01,250
5949,3766,2025-01-01,532
5950,2428,2025-01-01,445
5951,1583,2025-01-01,490
5952,1937,2025-01-01,83
5953,2248,2025-01-01,417
5954,3943,2025-01-01,487
5955,2670,2025-01-01,506
5956,4547,2025-01-01,131
5957,2166,2025-01-01,431
5958,55,2025-01-01,565
5959,552,2025-01-01,176
5960,3647,2025-01-01,40
5961,4736,2025-01-01,254
5962,3971,2025-01-01,91
5963,4653,2025-01-01,3
5964,3985,2025-01-01,19
5965,1588,2025-01-01,477
5966,3495,2025-01-01,223
5967,4783,2025-01-01,326
5968,3231,2025-01-01,355
5969,1425,2025-01-01,188
5970,4093,2025-01-01,441
5971,4303,2025-01-01,291
5972,1560,2025-01-01,404
5973,699,2025-01-01,253
5974,218,2025-01-01,128
5975,1452,2025-01-01,560
5976,3341,2025-01-01,415
5977,2835,2025-01-01,10
5978,1196,2025-01-01,5
5979,3177,2025-01-01,33
5980,3699,2025-01-01,324
5981,4136,2025-01-01,588
5982,3800,2025-01-01,190
5983,2982,2025-01-01,284
5984,4604,2025-01-01,510
5985,3328,2025-01-01,126
5986,113,2025-01-01,253
5987,4400,2025-01-01,142
5988,1883,2025-01-01,194
5989,4390,2025-01-01,449
5990,3429,2025-01-01,180
5991,1867,2025-01-01,422
5992,2479,2025-01-01,338
5993,286,2025-01-01,113
5994,398,2025-01-01,47
5995,166,2025-01-01,223
5996,3217,2025-01-01,267
5997,1124,2025-01-01,297
5998,1607,2025-01-01,364
5999,1851,2025-01-01,236
6000,216,2025-01-01,299
6001,2437,2025-01-01,348
6002,4926,2025-01-01,526
6003,4774,2025-01-01,98
6004,1124,2025-01-01,90
6005,3826,2025-01-01,187
6006,3511,2025-01-01,598
6007,3297,2025-01-01,127
6008,2921,2025-01-01,70
6009,4990,2025-01-01,123
6010,1593,2025-01-01,117
6011,3257,2025-01-01,225
6012,3913,2025-01-01,259
6013,516,2025-01-01,10
6014,2657,2025-01-01,404
6015,4192,2025-01-01,182
6016,3202,2025-01-01,446
6017,2308,2025-01-01,23
6018,4799,2025-01-01,524
6019,2389,2025-01-01,589
6020,763,2025-01-01,540
6021,1357,2025-01-01,510
6022,2784,2025-01-01,335
6023,1178,2025-01-01,529
6024,2545,2025-01-01,195
6025,3076,2025-01-01,502
6026,3415,2025-01-01,234
6027,1307,2025-01-01,356
6028,3469,2025-01-01,497
6029,2738,2025-01-01,301
6030,78,2025-01-01,163
6031,2644,2025-01-01,64
6032,4353,2025-01-01,559
6033,1858,2025-01-01,68
6034,3129,2025-01-01,57
6035,108,2025-01-01,441
6036,4703,2025-01-01,134
6037,2661,2025-01-01,300
6038,813,2025-01-01,530
6039,4803,2025-01-01,445
6040,2419,2025-01-01,107
6041,2376,2025-01-01,446
6042,556,2025-01-01,359
6043,4318,2025-01-01,306
6044,4804,2025-01-01,383
6045,2920,2025-01-01,9
6046,4423,2025-01-01,406
6047,143,2025-01-01,543
6048,1433,2025-01-01,181
6049,2411,2025-01-01,431
6050,4754,2025-01-01,547
6051,2425,2025-01-01,439
6052,2859,2025-01-01,284
6053,4810,2025-01-01,383
6054,1436,2025-01-01,118
6055,3753,2025-01-01,129
6056,4484,2025-01-01,305
6057,2744,2025-01-01,183
6058,967,2025-01-01,131
6059,2500,2025-01-01,310
6060,1790,2025-01-01,559
6061,4653,2025-01-01,279
6062,241,2025-01-01,346
6063,3985,2025-01-01,234
6064,2449,2025-01-01,299
6065,1023,2025-01-01,130
6066,2287,2025-01-01,554
6067,607,2025-01-01,298
6068,876,2025-01-01,454
6069,1702,2025-01-01,328
6070,4304,2025-01-01,283
6071,3446,2025-01-01,445
6072,4385,2025-01-01,235
6073,467,2025-01-01,360
6074,836,2025-01-01,51
6075,1634,2025-01-01,152
6076,53,2025-01-01,329
6077,2131,2025-01-01,567
6078,2218,2025-01-01,365
6079,3818,2025-01-01,233
6080,3877,2025-01-01,119
6081,47,2025-01-01,195
6082,1223,2025-01-01,240
6083,192,2025-01-01,433
6084,2728,2025-01-01,445
6085,4160,2025-01-01,498
6086,1512,2025-01-01,509
6087,4012,2025-01-01,144
6088,4495,2025-01-01,417
6089,3738,2025-01-01,236
6090,1209,2025-01-01,12
6091,4231,2025-01-01,174
6092,3398,2025-01-01,20
6093,396,2025-01-01,221
6094,658,2025-01-01,557
6095,401,2025-01-01,547
6096,7,2025-01-01,411
6097,1521,2025-01-01,246
6098,224,2025-01-01,78
6099,3346,2025-01-01,125
6100,3805,2025-01-01,598
6101,1476,2025-01-01,428
6102,4153,2025-01-01,317
6103,409,2025-01-01,14
6104,591,2025-01-01,212
6105,4987,2025-01-01,228
6106,307,2025-01-01,460
6107,3361,2025-01-01,209
6108,4779,2025-01-01,257
6109,1513,2025-01-01,183
6110,4969,2025-01-01,593
6111,3885,2025-01-01,87
6112,2276,2025-01-01,75
6113,4821,2025-01-01,200
6114,332,2025-01-01,267
6115,1384,2025-01-01,477
6116,1348,2025-01-01,41
6117,3825,2025-01-01,467
6118,2459,2025-01-01,332
6119,2104,2025-01-01,44
6120,818,2025-01-01,41
6121,283,2025-01-01,336
6122,1615,2025-01-01,42
6123,1291,2025-01-01,26
6124,4684,2025-01-01,293
6125,2235,2025-01-01,43
6126,828,2025-01-01,150
6127,2502,2025-01-01,194
6128,3406,2025-01-01,489
6129,2109,2025-01-01,360
6130,323,2025-01-01,409
6131,84,2025-01-01,516
6132,1462,2025-01-01,93
6133,1322,2025-01-01,274
6134,1152,2025-01-01,179
6135,4238,2025-01-01,204
6136,1620,2025-01-01,239
6137,689,2025-01-01,204
6138,2392,2025-01-01,273
6139,3835,2025-01-01,141
6140,3981,2025-01-01,587
6141,2616,2025-01-01,207
6142,860,2025-01-01,378
6143,1567,2025-01-01,329
6144,3750,2025-01-01,320
6145,328,2025-01-01,456
6146,1945,2025-01-01,255
6147,2971,2025-01-01,234
6148,4390,2025-01-01,45
6149,3178,2025-01-01,334
6150,2716,2025-01-01,567
6151,4385,2025-01-01,571
6152,1391,2025-01-01,164
6153,3171,2025-01-01,450
6154,2033,2025-01-01,376
6155,2321,2025-01-01,244
6156,3395,2025-01-01,577
6157,4606,2025-01-01,49
6158,2688,2025-01-01,319
6159,2127,2025-01-01,308
6160,1506,2025-01-01,236
6161,2788,2025-01-01,233
6162,375,2025-01-01,14
6163,66,2025-01-01,284
6164,3527,2025-01-01,284
6165,1815,2025-01-01,483
6166,4733,2025-01-01,27
6167,3589,2025-01-01,131
6168,3613,2025-01-01,459
6169,4200,2025-01-01,490
6170,2651,2025-01-01,521
6171,146,2025-01-01,384
6172,826,2025-01-01,490
6173,4577,2025-01-01,215
6174,1512,2025-01-01,423
6175,3990,2025-01-01,179
6176,393,2025-01-01,438
6177,1205,2025-01-01,30
6178,2550,2025-01-01,187
6179,3637,2025-01-01,121
6180,4708,2025-01-01,78
6181,4777,2025-01-01,243
6182,3298,2025-01-01,100
6183,3517,2025-01-01,552
6184,3047,2025-01-01,210
6185,4237,2025-01-01,569
6186,2238,2025-01-01,258
6187,3517,2025-01-01,557
6188,3644,2025-01-01,134
6189,1809,2025-01-01,367
6190,1666,2025-01-01,351
6191,3649,2025-01-01,545
6192,3652,2025-01-01,476
6193,4316,2025-01-01,599
6194,729,2025-01-01,73
6195,454,2025-01-01,232
6196,89,2025-01-01,380
6197,1863,2025-01-01,142
6198,4055,2025-01-01,554
6199,1190,2025-01-01,326
6200,4523,2025-01-01,209
6201,3287,2025-01-01,3
6202,4818,2025-01-01,148
6203,2912,2025-01-01,307
6204,1362,2025-01-01,494
6205,4443,2025-01-01,466
6206,4470,2025-01-01,459
6207,2838,2025-01-01,360
6208,566,2025-01-01,14
6209,2737,2025-01-01,584
6210,2032,2025-01-01,115
6211,2212,2025-01-01,142
6212,2149,2025-01-01,414
6213,425,2025-01-01,26
6214,4828,2025-01-01,100
6215,4445,2025-01-01,357
6216,192,2025-01-01,498
6217,1244,2025-01-01,367
6218,957,2025-01-01,166
6219,4274,2025-01-01,451
6220,326,2025-01-01,238
6221,1954,2025-01-01,115
6222,425,2025-01-01,401
6223,4562,2025-01-01,275
6224,351,2025-01-01,579
6225,2505,2025-01-01,27
6226,2747,2025-01-01,365
6227,3114,2025-01-01,582
6228,3734,2025-01-01,450
6229,87,2025-01-01,511
6230,253,2025-01-01,351
6231,4147,2025-01-01,204
6232,1663,2025-01-01,435
6233,2207,2025-01-01,436
6234,4248,2025-01-01,490
6235,3789,2025-01-01,448
6236,4668,2025-01-01,425
6237,2921,2025-01-01,434
6238,2089,2025-01-01,288
6239,703,2025-01-01,526
6240,2348,2025-01-01,450
6241,1452,2025-01-01,278
6242,2716,2025-01-01,166
6243,3203,2025-01-01,542
6244,4180,2025-01-01,117
6245,2458,2025-01-01,518
6246,2501,2025-01-01,356
6247,1203,2025-01-01,105
6248,1991,2025-01-01,51
6249,102,2025-01-01,122
6250,710,2025-01-01,172
6251,517,2025-01-01,34
6252,498,2025-01-01,149
6253,3875,2025-01-01,259
6254,169,2025-01-01,372
6255,2532,2025-01-01,587
6256,1966,2025-01-01,261
6257,4906,2025-01-01,22
6258,4881,2025-01-01,99
6259,339,2025-01-01,388
6260,132,2025-01-01,287
6261,4866,2025-01-01,189
6262,803,2025-01-01,480
6263,3899,2025-01-01,432
6264,3876,2025-01-01,375
6265,1066,2025-01-01,66
6266,2405,2025-01-01,450
6267,822,2025-01-01,214
6268,3608,2025-01-01,433
6269,4317,2025-01-01,186
6270,2141,2025-01-01,462
6271,525,2025-01-01,157
6272,4009,2025-01-01,46
6273,4657,2025-01-01,462
6274,1559,2025-01-01,275
6275,2339,2025-01-01,404
6276,1267,2025-01-01,290
6277,668,2025-01-01,371
6278,2078,2025-01-01,177
6279,2277,2025-01-01,310
6280,849,2025-01-01,217
6281,1811,2025-01-01,469
6282,726,2025-01-01,274
6283,737,2025-01-01,173
6284,4333,2025-01-01,517
6285,3341,2025-01-01,380
6286,4230,2025-01-01,553
6287,1178,2025-01-01,442
6288,3319,2025-01-01,344
6289,4898,2025-01-01,494
6290,2269,2025-01-01,450
6291,2638,2025-01-01,358
6292,4961,2025-01-01,381
6293,1338,2025-01-01,276
6294,1598,2025-01-01,507
6295,4612,2025-01-01,272
6296,81,2025-01-01,165
6297,1641,2025-01-01,382
6298,1051,2025-01-01,176
6299,908,2025-01-01,335
6300,3523,2025-01-01,384
6301,1105,2025-01-01,107
6302,2374,2025-01-01,588
6303,3612,2025-01-01,124
6304,4263,2025-01-01,586
6305,1491,2025-01-01,271
6306,705,2025-01-01,184
6307,4580,2025-01-01,254
6308,3037,2025-01-01,66
6309,4619,2025-01-01,443
6310,3931,2025-01-01,469
6311,1562,2025-01-01,90
6312,1536,2025-01-01,551
6313,2359,2025-01-01,68
6314,4345,2025-01-01,256
6315,2443,2025-01-01,21
6316,1942,2025-01-01,403
6317,1857,2025-01-01,68
6318,4135,2025-01-01,311
6319,3919,2025-01-01,282
6320,889,2025-01-01,88
6321,2344,2025-01-01,594
6322,1218,2025-01-01,398
6323,1603,2025-01-01,49
6324,4551,2025-01-01,18
6325,1160,2025-01-01,227
6326,2563,2025-01-01,518
6327,3366,2025-01-01,256
6328,644,2025-01-01,347
6329,1563,2025-01-01,548
6330,2734,2025-01-01,330
6331,4774,2025-01-01,193
6332,3715,2025-01-01,164
6333,1728,2025-01-01,476
6334,284,2025-01-01,542
6335,2264,2025-01-01,529
6336,1321,2025-01-01,559
6337,3445,2025-01-01,199
6338,4207,2025-01-01,304
6339,4140,2025-01-01,233
6340,2464,2025-01-01,98
6341,422,2025-01-01,403
6342,3629,2025-01-01,106
6343,3445,2025-01-01,243
6344,4261,2025-01-01,425
6345,3831,2025-01-01,304
6346,1317,2025-01-01,499
6347,4465,2025-01-01,88
6348,4536,2025-01-01,335
6349,3190,2025-01-01,74
6350,120,2025-01-01,124
6351,2509,2025-01-01,479
6352,1152,2025-01-01,46
6353,4259,2025-01-01,143
6354,480,2025-01-01,455
6355,510,2025-01-01,529
6356,1666,2025-01-01,301
6357,560,2025-01-01,439
6358,3598,2025-01-01,479
6359,323,2025-01-01,126
6360,2513,2025-01-01,328
6361,4000,2025-01-01,136
6362,2619,2025-01-01,350
6363,2938,2025-01-01,98
6364,1124,2025-01-01,463
6365,2456,2025-01-01,40
6366,3389,2025-01-01,447
6367,1473,2025-01-01,314
6368,408,2025-01-01,244
6369,4873,2025-01-01,325
6370,964,2025-01-01,128
6371,4091,2025-01-01,480
6372,2086,2025-01-01,402
6373,4638,2025-01-01,98
6374,3781,2025-01-01,240
6375,2129,2025-01-01,48
6376,3234,2025-01-01,92
6377,3824,2025-01-01,447
6378,3199,2025-01-01,416
6379,4571,2025-01-01,410
6380,1011,2025-01-01,594
6381,4489,2025-01-01,553
6382,1408,2025-01-01,146
6383,3474,2025-01-01,598
6384,3182,2025-01-01,546
6385,60,2025-01-01,119
6386,1759,2025-01-01,231
6387,707,2025-01-01,495
6388,4266,2025-01-01,180
6389,1428,2025-01-01,5
6390,2347,2025-01-01,9
6391,2554,2025-01-01,426
6392,3804,2025-01-01,524
6393,4873,2025-01-01,316
6394,2228,2025-01-01,375
6395,835,2025-01-01,216
6396,1609,2025-01-01,342
6397,1491,2025-01-01,33
6398,3069,2025-01-01,26
6399,356,2025-01-01,33
6400,1187,2025-01-01,471
6401,974,2025-01-01,266
6402,1018,2025-01-01,519
6403,2581,2025-01-01,459
6404,4429,2025-01-01,325
6405,2960,2025-01-01,79
6406,1883,2025-01-01,485
6407,2717,2025-01-01,577
6408,3900,2025-01-01,165
6409,2883,2025-01-01,274
6410,536,2025-01-01,39
6411,1836,2025-01-01,428
6412,434,2025-01-01,22
6413,2526,2025-01-01,447
6414,3680,2025-01-01,419
6415,594,2025-01-01,7
6416,3036,2025-01-01,457
6417,3187,2025-01-01,29
6418,4037,2025-01-01,181
6419,3895,2025-01-01,266
6420,1894,2025-01-01,226
6421,1481,2025-01-01,208
6422,2541,2025-01-01,76
6423,4891,2025-01-01,444
6424,1205,2025-01-01,476
6425,1557,2025-01-01,68
6426,4000,2025-01-01,218
6427,4610,2025-01-01,299
6428,4894,2025-01-01,284
6429,2005,2025-01-01,356
6430,304,2025-01-01,288
6431,3317,2025-01-01,375
6432,4041,2025-01-01,335
6433,4919,2025-01-01,218
6434,4928,2025-01-01,472
6435,1334,2025-01-01,390
6436,1483,2025-01-01,579
6437,1622,2025-01-01,99
6438,2867,2025-01-01,36
6439,121,2025-01-01,54
6440,1760,2025-01-01,433
6441,1920,2025-01-01,592
6442,2994,2025-01-01,307
6443,4642,2025-01-01,35
6444,1520,2025-01-01,292
6445,2816,2025-01-01,303
6446,758,2025-01-01,483
6447,1520,2025-01-01,180
6448,2114,2025-01-01,571
6449,2029,2025-01-01,203
6450,4338,2025-01-01,292
6451,4237,2025-01-01,154
6452,3732,2025-01-01,375
6453,1816,2025-01-01,1
6454,3911,2025-01-01,307
6455,3147,2025-01-01,287
6456,753,2025-01-01,148
6457,631,2025-01-01,121
6458,4145,2025-01-01,108
6459,2742,2025-01-01,288
6460,2513,2025-01-01,516
6461,1761,2025-01-01,138
6462,2151,2025-01-01,574
6463,3261,2025-01-01,311
6464,4200,2025-01-01,328
6465,1472,2025-01-01,299
6466,4725,2025-01-01,559
6467,2911,2025-01-01,48
6468,161,2025-01-01,317
6469,2713,2025-01-01,65
6470,1030,2025-01-01,234
6471,2509,2025-01-01,118
6472,2397,2025-01-01,41
6473,2673,2025-01-01,207
6474,3013,2025-01-01,530
6475,300,2025-01-01,361
6476,3685,2025-01-01,53
6477,4705,2025-01-01,440
6478,4073,2025-01-01,156
6479,2010,2025-01-01,269
6480,2466,2025-01-01,437
6481,1448,2025-01-01,535
6482,345,2025-01-01,148
6483,3340,2025-01-01,31
6484,2558,2025-01-01,388
6485,466,2025-01-01,496
6486,453,2025-01-01,467
6487,1334,2025-01-01,2
6488,748,2025-01-01,521
6489,2746,2025-01-01,485
6490,1735,2025-01-01,599
6491,3531,2025-01-01,259
6492,105,2025-01-01,337
6493,194,2025-01-01,451
6494,2340,2025-01-01,162
6495,2048,2025-01-01,85
6496,4031,2025-01-01,210
6497,952,2025-01-01,206
6498,490,2025-01-01,330
6499,4444,2025-01-01,382
6500,919,2025-01-01,299
6501,1965,2025-01-01,509
6502,1907,2025-01-01,155
6503,115,2025-01-01,259
6504,4019,2025-01-01,55
6505,536,2025-01-01,427
6506,3346,2025-01-01,480
6507,4010,2025-01-01,356
6508,1026,2025-01-01,338
6509,4711,2025-01-01,418
6510,1788,2025-01-01,124
6511,951,2025-01-01,284
6512,1720,2025-01-01,297
6513,4358,2025-01-01,537
6514,4079,2025-01-01,245
6515,3015,2025-01-01,354
6516,3182,2025-01-01,495
6517,4332,2025-01-01,250
6518,2154,2025-01-01,558
6519,1019,2025-01-01,98
6520,1388,2025-01-01,456
6521,4234,2025-01-01,382
6522,912,2025-01-01,409
6523,4540,2025-01-01,579
6524,741,2025-01-01,19
6525,1145,2025-01-01,416
6526,1891,2025-01-01,373
6527,1539,2025-01-01,9
6528,1911,2025-01-01,58
6529,519,2025-01-01,585
6530,2448,2025-01-01,255
6531,236,2025-01-01,79
6532,1658,2025-01-01,98
6533,901,2025-01-01,310
6534,1978,2025-01-01,459
6535,2687,2025-01-01,355
6536,2360,2025-01-01,443
6537,3806,2025-01-01,136
6538,1042,2025-01-01,389
6539,2094,2025-01-01,405
6540,2199,2025-01-01,533
6541,609,2025-01-01,357
6542,4664,2025-01-01,576
6543,4333,2025-01-01,588
6544,4844,2025-01-01,149
6545,2993,2025-01-01,495
6546,4557,2025-01-01,432
6547,1584,2025-01-01,89
6548,2527,2025-01-01,239
6549,2184,2025-01-01,18
6550,3158,2025-01-01,321
6551,3399,2025-01-01,242
6552,2779,2025-01-01,14
6553,4767,2025-01-01,4
6554,2644,2025-01-01,420
6555,2217,2025-01-01,183
6556,876,2025-01-01,539
6557,4949,2025-01-01,147
6558,208,2025-01-01,343
6559,3550,2025-01-01,191
6560,280,2025-01-01,285
6561,2802,2025-01-01,559
6562,1821,2025-01-01,556
6563,1216,2025-01-01,569
6564,2014,2025-01-01,387
6565,1553,2025-01-01,505
6566,3730,2025-01-01,322
6567,277,2025-01-01,593
6568,3143,2025-01-01,152
6569,1070,2025-01-01,545
6570,2430,2025-01-01,53
6571,91,2025-01-01,409
6572,3397,2025-01-01,144
6573,2980,2025-01-01,276
6574,3710,2025-01-01,501
6575,1406,2025-01-01,257
6576,361,2025-01-01,144
6577,1869,2025-01-01,134
6578,3270,2025-01-01,165
6579,1060,2025-01-01,374
6580,3363,2025-01-01,49
6581,2746,2025-01-01,188
6582,572,2025-01-01,277
6583,2452,2025-01-01,19
6584,3512,2025-01-01,543
6585,619,2025-01-01,215
6586,1835,2025-01-01,513
6587,4027,2025-01-01,337
6588,1815,2025-01-01,32
6589,181,2025-01-01,145
6590,2457,2025-01-01,83
6591,3633,2025-01-01,181
6592,3294,2025-01-01,314
6593,3766,2025-01-01,531
6594,922,2025-01-01,146
6595,4326,2025-01-01,294
6596,2249,2025-01-01,504
6597,4305,2025-01-01,388
6598,1671,2025-01-01,300
6599,1668,2025-01-01,264
6600,4947,2025-01-01,426
6601,2080,2025-01-01,70
6602,1731,2025-01-01,467
6603,456,2025-01-01,230
6604,304,2025-01-01,99
6605,756,2025-01-01,594
6606,2295,2025-01-01,6
6607,229,2025-01-01,132
6608,3071,2025-01-01,426
6609,4205,2025-01-01,294
6610,2546,2025-01-01,51
6611,1209,2025-01-01,288
6612,2077,2025-01-01,389
6613,3666,2025-01-01,331
6614,1412,2025-01-01,232
6615,2615,2025-01-01,101
6616,1185,2025-01-01,134
6617,4447,2025-01-01,508
6618,3262,2025-01-01,520
6619,3904,2025-01-01,469
6620,4153,2025-01-01,14
6621,4127,2025-01-01,476
6622,3180,2025-01-01,341
6623,295,2025-01-01,131
6624,2689,2025-01-01,200
6625,3850,2025-01-01,82
6626,4296,2025-01-01,438
6627,2072,2025-01-01,510
6628,223,2025-01-01,475
6629,2719,2025-01-01,371
6630,3023,2025-01-01,215
6631,2145,2025-01-01,549
6632,4368,2025-01-01,37
6633,2775,2025-01-01,68
6634,3905,2025-01-01,25
6635,3157,2025-01-01,148
6636,4681,2025-01-01,525
6637,164,2025-01-01,334
6638,1313,2025-01-01,204
6639,369,2025-01-01,120
6640,253,2025-01-01,514
6641,3552,2025-01-01,474
6642,3618,2025-01-01,19
6643,3976,2025-01-01,6
6644,162,2025-01-01,255
6645,721,2025-01-01,113
6646,876,2025-01-01,43
6647,4506,2025-01-01,379
6648,3888,2025-01-01,441
6649,4387,2025-01-01,535
6650,1892,2025-01-01,380
6651,2985,2025-01-01,383
6652,3112,2025-01-01,292
6653,2731,2025-01-01,134
6654,3347,2025-01-01,201
6655,751,2025-01-01,560
6656,4583,2025-01-01,512
6657,4802,2025-01-01,269
6658,884,2025-01-01,451
6659,1772,2025-01-01,442
6660,217,2025-01-01,575
6661,3130,2025-01-01,392
6662,4241,2025-01-01,218
6663,4326,2025-01-01,295
6664,2695,2025-01-01,272
6665,3669,2025-01-01,121
6666,1425,2025-01-01,531
6667,4848,2025-01-01,31
6668,3740,2025-01-01,100
6669,167,2025-01-01,317
6670,2927,2025-01-01,445
6671,1851,2025-01-01,551
6672,2297,2025-01-01,517
6673,708,2025-01-01,576
6674,4550,2025-01-01,569
6675,2914,2025-01-01,455
6676,1145,2025-01-01,595
6677,690,2025-01-01,573
6678,4530,2025-01-01,470
6679,493,2025-01-01,50
6680,1757,2025-01-01,533
6681,2087,2025-01-01,274
6682,2594,2025-01-01,284
6683,2969,2025-01-01,418
6684,4046,2025-01-01,303
6685,2462,2025-01-01,351
6686,3711,2025-01-01,466
6687,552,2025-01-01,32
6688,197,2025-01-01,583
6689,2963,2025-01-01,193
6690,2146,2025-01-01,123
6691,3669,2025-01-01,549
6692,3697,2025-01-01,166
6693,3430,2025-01-01,252
6694,4222,2025-01-01,366
6695,2866,2025-01-01,60
6696,396,2025-01-01,238
6697,4564,2025-01-01,540
6698,3505,2025-01-01,182
6699,2714,2025-01-01,563
6700,3642,2025-01-01,493
6701,2458,2025-01-01,71
6702,4480,2025-01-01,264
6703,1753,2025-01-01,210
6704,2916,2025-01-01,435
6705,150,2025-01-01,299
6706,4561,2025-01-01,569
6707,3170,2025-01-01,490
6708,2987,2025-01-01,105
6709,3083,2025-01-01,392
6710,4894,2025-01-01,360
6711,3383,2025-01-01,61
6712,2153,2025-01-01,10
6713,3953,2025-01-01,186
6714,3417,2025-01-01,195
6715,2680,2025-01-01,340
6716,2244,2025-01-01,430
6717,3645,2025-01-01,283
6718,1358,2025-01-01,361
6719,2796,2025-01-01,579
6720,3372,2025-01-01,595
6721,62,2025-01-01,8
6722,781,2025-01-01,516
6723,2208,2025-01-01,55
6724,3657,2025-01-01,217
6725,4160,2025-01-01,212
6726,4145,2025-01-01,584
6727,4693,2025-01-01,482
6728,3427,2025-01-01,586
6729,4635,2025-01-01,383
6730,735,2025-01-01,208
6731,4560,2025-01-01,225
6732,1766,2025-01-01,170
6733,1866,2025-01-01,140
6734,4,2025-01-01,173
6735,4119,2025-01-01,250
6736,4474,2025-01-01,535
6737,1675,2025-01-01,125
6738,753,2025-01-01,228
6739,969,2025-01-01,60
6740,396,2025-01-01,449
6741,593,2025-01-01,270
6742,409,2025-01-01,258
6743,61,2025-01-01,201
6744,2751,2025-01-01,135
6745,2196,2025-01-01,300
6746,4211,2025-01-01,182
6747,3302,2025-01-01,33
6748,2928,2025-01-01,294
6749,1969,2025-01-01,558
6750,4187,2025-01-01,186
6751,4250,2025-01-01,323
6752,1168,2025-01-01,149
6753,2179,2025-01-01,298
6754,4524,2025-01-01,68
6755,9,2025-01-01,404
6756,1715,2025-01-01,276
6757,4372,2025-01-01,391
6758,3169,2025-01-01,439
6759,2401,2025-01-01,419
6760,3297,2025-01-01,132
6761,3328,2025-01-01,118
6762,2664,2025-01-01,218
6763,2341,2025-01-01,359
6764,2935,2025-01-01,108
6765,3141,2025-01-01,81
6766,1208,2025-01-01,90
6767,3771,2025-01-01,31
6768,3165,2025-01-01,46
6769,2029,2025-01-01,251
6770,1095,2025-01-01,91
6771,3214,2025-01-01,76
6772,522,2025-01-01,373
6773,4932,2025-01-01,529
6774,2518,2025-01-01,157
6775,3825,2025-01-01,462
6776,4555,2025-01-01,538
6777,370,2025-01-01,220
6778,4432,2025-01-01,366
6779,3873,2025-01-01,341
6780,954,2025-01-01,487
6781,2376,2025-01-01,503
6782,4944,2025-01-01,265
6783,2445,2025-01-01,512
6784,869,2025-01-01,233
6785,4632,2025-01-01,467
6786,4854,2025-01-01,363
6787,1503,2025-01-01,390
6788,1646,2025-01-01,377
6789,4591,2025-01-01,419
6790,3225,2025-01-01,409
6791,2484,2025-01-01,256
6792,2953,2025-01-01,423
6793,3241,2025-01-01,394
6794,3355,2025-01-01,460
6795,3797,2025-01-01,294
6796,4965,2025-01-01,422
6797,1685,2025-01-01,13
6798,3563,2025-01-01,452
6799,4456,2025-01-01,443
6800,3861,2025-01-01,355
6801,2693,2025-01-01,368
6802,2570,2025-01-01,476
6803,3354,2025-01-01,210
6804,4747,2025-01-01,123
6805,1269,2025-01-01,109
6806,533,2025-01-01,141
6807,792,2025-01-01,464
6808,2283,2025-01-01,183
6809,1218,2025-01-01,408
6810,694,2025-01-01,537
6811,1470,2025-01-01,101
6812,4599,2025-01-01,578
6813,4678,2025-01-01,62
6814,3049,2025-01-01,591
6815,134,2025-01-01,330
6816,455,2025-01-01,79
6817,3398,2025-01-01,48
6818,238,2025-01-01,130
6819,1256,2025-01-01,58
6820,4520,2025-01-01,320
6821,1658,2025-01-01,490
6822,435,2025-01-01,568
6823,2779,2025-01-01,62
6824,1268,2025-01-01,293
6825,4088,2025-01-01,496
6826,3401,2025-01-01,230
6827,3045,2025-01-01,341
6828,4580,2025-01-01,69
6829,3088,2025-01-01,555
6830,560,2025-01-01,359
6831,2508,2025-01-01,51
6832,4228,2025-01-01,418
6833,3461,2025-01-01,512
6834,4566,2025-01-01,135
6835,863,2025-01-01,512
6836,156,2025-01-01,40
6837,3226,2025-01-01,338
6838,1976,2025-01-01,204
6839,1913,2025-01-01,333
6840,3549,2025-01-01,335
6841,514,2025-01-01,450
6842,2706,2025-01-01,31
6843,2810,2025-01-01,92
6844,3429,2025-01-01,88
6845,2237,2025-01-01,311
6846,452,2025-01-01,126
6847,332,2025-01-01,525
6848,784,2025-01-01,284
6849,4330,2025-01-01,469
6850,2074,2025-01-01,432
6851,1362,2025-01-01,193
6852,326,2025-01-01,486
6853,3999,2025-01-01,424
6854,3930,2025-01-01,465
6855,4147,2025-01-01,286
6856,732,2025-01-01,81
6857,2942,2025-01-01,344
6858,150,2025-01-01,53
6859,4206,2025-01-01,262
6860,3305,2025-01-01,124
6861,3095,2025-01-01,294
6862,2049,2025-01-01,254
6863,4300,2025-01-01,27
6864,3475,2025-01-01,480
6865,2866,2025-01-01,203
6866,3519,2025-01-01,43
6867,2132,2025-01-01,359
6868,3626,2025-01-01,35
6869,1822,2025-01-01,548
6870,2134,2025-01-01,183
6871,4008,2025-01-01,292
6872,3147,2025-01-01,299
6873,2615,2025-01-01,207
6874,2088,2025-01-01,118
6875,3740,2025-01-01,385
6876,4093,2025-01-01,232
6877,4373,2025-01-01,274
6878,4848,2025-01-01,373
6879,1181,2025-01-01,404
6880,2279,2025-01-01,215
6881,4210,2025-01-01,122
6882,4121,2025-01-01,204
6883,578,2025-01-01,38
6884,4179,2025-01-01,250
6885,2349,2025-01-01,520
6886,4886,2025-01-01,69
6887,4236,2025-01-01,372
6888,3847,2025-01-01,23
6889,4181,2025-01-01,241
6890,1939,2025-01-01,54
6891,1288,2025-01-01,509
6892,1107,2025-01-01,75
6893,3171,2025-01-01,584
6894,243,2025-01-01,566
6895,2036,2025-01-01,537
6896,2967,2025-01-01,547
6897,3839,2025-01-01,394
6898,817,2025-01-01,336
6899,3611,2025-01-01,159
6900,1062,2025-01-01,73
6901,1761,2025-01-01,333
6902,1248,2025-01-01,592
6903,597,2025-01-01,195
6904,3420,2025-01-01,596
6905,4023,2025-01-01,115
6906,2644,2025-01-01,505
6907,3623,2025-01-01,366
6908,578,2025-01-01,61
6909,1776,2025-01-01,580
6910,352,2025-01-01,406
6911,1369,2025-01-01,313
6912,206,2025-01-01,30
6913,1101,2025-01-01,476
6914,2411,2025-01-01,55
6915,2088,2025-01-01,275
6916,316,2025-01-01,496
6917,4614,2025-01-01,507
6918,4695,2025-01-01,568
6919,2761,2025-01-01,215
6920,442,2025-01-01,55
6921,93,2025-01-01,377
6922,2195,2025-01-01,197
6923,4554,2025-01-01,550
6924,3767,2025-01-01,365
6925,3005,2025-01-01,494
6926,1851,2025-01-01,165
6927,920,2025-01-01,566
6928,3987,2025-01-01,379
6929,4450,2025-01-01,473
6930,4091,2025-01-01,107
6931,601,2025-01-01,462
6932,4587,2025-01-01,488
6933,4939,2025-01-01,330
6934,901,2025-01-01,51
6935,1648,2025-01-01,380
6936,3073,2025-01-01,161
6937,849,2025-01-01,348
6938,2595,2025-01-01,529
6939,2819,2025-01-01,273
6940,4266,2025-01-01,554
6941,4585,2025-01-01,193
6942,2900,2025-01-01,237
6943,707,2025-01-01,551
6944,466,2025-01-01,164
6945,3763,2025-01-01,114
6946,3832,2025-01-01,58
6947,51,2025-01-01,557
6948,1354,2025-01-01,360
6949,3651,2025-01-01,407
6950,2023,2025-01-01,404
6951,4018,2025-01-01,149
6952,815,2025-01-01,391
6953,2327,2025-01-01,169
6954,4519,2025-01-01,523
6955,1207,2025-01-01,199
6956,3254,2025-01-01,0
6957,4112,2025-01-01,53
6958,2072,2025-01-01,250
6959,3649,2025-01-01,90
6960,1235,2025-01-01,248
6961,2203,2025-01-01,532
6962,4502,2025-01-01,485
6963,3992,2025-01-01,344
6964,3830,2025-01-01,404
6965,932,2025-01-01,365
6966,4712,2025-01-01,570
6967,1803,2025-01-01,598
6968,918,2025-01-01,351
6969,686,2025-01-01,460
6970,1527,2025-01-01,317
6971,3578,2025-01-01,419
6972,115,2025-01-01,309
6973,1646,2025-01-01,417
6974,1095,2025-01-01,365
6975,1151,2025-01-01,447
6976,4587,2025-01-01,210
6977,510,2025-01-01,348
6978,4124,2025-01-01,114
6979,2568,2025-01-01,246
6980,3764,2025-01-01,369
6981,1399,2025-01-01,30
6982,724,2025-01-01,580
6983,1086,2025-01-01,434
6984,282,2025-01-01,271
6985,4789,2025-01-01,371
6986,4878,2025-01-01,285
6987,3285,2025-01-01,445
6988,1432,2025-01-01,500
6989,2072,2025-01-01,497
6990,4383,2025-01-01,395
6991,4276,2025-01-01,269
6992,4281,2025-01-01,486
6993,4258,2025-01-01,353
6994,1185,2025-01-01,455
6995,3597,2025-01-01,475
6996,4465,2025-01-01,249
6997,2018,2025-01-01,432
6998,2369,2025-01-01,148
6999,2814,2025-01-01,153
7000,2180,2025-01-01,299
7001,949,2025-01-01,499
7002,1683,2025-01-01,32
7003,4580,2025-01-01,382
7004,2342,2025-01-01,423
7005,1620,2025-01-01,360
7006,4165,2025-01-01,551
7007,1319,2025-01-01,375
7008,3067,2025-01-01,506
7009,593,2025-01-01,155
7010,2109,2025-01-01,10
7011,213,2025-01-01,15
7012,3968,2025-01-01,450
7013,4656,2025-01-01,333
7014,1670,2025-01-01,323
7015,929,2025-01-01,48
7016,640,2025-01-01,56
7017,4144,2025-01-01,120
7018,3990,2025-01-01,93
7019,4272,2025-01-01,46
7020,4673,2025-01-01,9
7021,3273,2025-01-01,17
7022,678,2025-01-01,73
7023,603,2025-01-01,338
7024,3256,2025-01-01,200
7025,4599,2025-01-01,208
7026,3616,2025-01-01,373
7027,3960,2025-01-01,285
7028,2798,2025-01-01,183
7029,888,2025-01-01,320
7030,618,2025-01-01,63
7031,2350,2025-01-01,264
7032,1726,2025-01-01,177
7033,2412,2025-01-01,63
7034,3642,2025-01-01,566
7035,901,2025-01-01,334
7036,1427,2025-01-01,74
7037,2021,2025-01-01,151
7038,2138,2025-01-01,480
7039,1157,2025-01-01,337
7040,4540,2025-01-01,38
7041,2679,2025-01-01,537
7042,4245,2025-01-01,277
7043,4826,2025-01-01,73
7044,4745,2025-01-01,279
7045,4142,2025-01-01,528
7046,2508,2025-01-01,331
7047,4327,2025-01-01,288
7048,4064,2025-01-01,466
7049,1954,2025-01-01,284
7050,922,2025-01-01,576
7051,476,2025-01-01,261
7052,1780,2025-01-01,414
7053,4278,2025-01-01,18
7054,1428,2025-01-01,65
7055,1270,2025-01-01,306
7056,3916,2025-01-01,307
7057,4897,2025-01-01,329
7058,956,2025-01-01,163
7059,1953,2025-01-01,80
7060,3915,2025-01-01,192
7061,970,2025-01-01,347
7062,4039,2025-01-01,494
7063,1461,2025-01-01,442
7064,1085,2025-01-01,424
7065,4821,2025-01-01,174
7066,3816,2025-01-01,110
7067,343,2025-01-01,445
7068,1832,2025-01-01,334
7069,2734,2025-01-01,233
7070,3904,2025-01-01,306
7071,2485,2025-01-01,107
7072,336,2025-01-01,268
7073,2335,2025-01-01,306
7074,3775,2025-01-01,324
7075,230,2025-01-01,262
7076,4502,2025-01-01,192
7077,189,2025-01-01,340
7078,4288,2025-01-01,15
7079,4383,2025-01-01,237
7080,1032,2025-01-01,477
7081,1781,2025-01-01,277
7082,3095,2025-01-01,118
7083,2286,2025-01-01,231
7084,2409,2025-01-01,486
7085,2538,2025-01-01,91
7086,1128,2025-01-01,574
7087,2714,2025-01-01,540
7088,3594,2025-01-01,587
7089,4462,2025-01-01,213
7090,2399,2025-01-01,445
7091,313,2025-01-01,51
7092,1326,2025-01-01,335
7093,3748,2025-01-01,170
7094,1166,2025-01-01,512
7095,2828,2025-01-01,561
7096,55,2025-01-01,554
7097,686,2025-01-01,249
7098,698,2025-01-01,335
7099,329,2025-01-01,65
7100,4370,2025-01-01,123
7101,2697,2025-01-01,256
7102,4953,2025-01-01,365
7103,3467,2025-01-01,355
7104,4217,2025-01-01,506
7105,3407,2025-01-01,511
7106,3082,2025-01-01,497
7107,1130,2025-01-01,429
7108,2462,2025-01-01,437
7109,1736,2025-01-01,236
7110,241,2025-01-01,54
7111,2024,2025-01-01,490
7112,972,2025-01-01,194
7113,2567,2025-01-01,547
7114,2428,2025-01-01,83
7115,4855,2025-01-01,38
7116,2905,2025-01-01,218
7117,2082,2025-01-01,372
7118,4629,2025-01-01,445
7119,53,2025-01-01,452
7120,3788,2025-01-01,418
7121,337,2025-01-01,201
7122,1174,2025-01-01,332
7123,301,2025-01-01,165
7124,3724,2025-01-01,157
7125,4607,2025-01-01,540
7126,2410,2025-01-01,302
7127,1673,2025-01-01,143
7128,2451,2025-01-01,242
7129,4536,2025-01-01,485
7130,3096,2025-01-01,104
7131,1409,2025-01-01,421
7132,2311,2025-01-01,479
7133,785,2025-01-01,233
7134,3027,2025-01-01,189
7135,3449,2025-01-01,131
7136,1504,2025-01-01,461
7137,3872,2025-01-01,27
7138,2175,2025-01-01,422
7139,3945,2025-01-01,580
7140,1669,2025-01-01,9
7141,3181,2025-01-01,390
7142,3775,2025-01-01,468
7143,1353,2025-01-01,427
7144,4806,2025-01-01,328
7145,872,2025-01-01,290
7146,2726,2025-01-01,183
7147,4001,2025-01-01,123
7148,1508,2025-01-01,494
7149,8,2025-01-01,398
7150,3878,2025-01-01,116
7151,1602,2025-01-01,523
7152,3062,2025-01-01,426
7153,1987,2025-01-01,316
7154,4842,2025-01-01,213
7155,1428,2025-01-01,478
7156,3312,2025-01-01,233
7157,895,2025-01-01,301
7158,4297,2025-01-01,382
7159,410,2025-01-01,136
7160,578,2025-01-01,61
7161,846,2025-01-01,16
7162,2771,2025-01-01,441
7163,1294,2025-01-01,10
7164,4640,2025-01-01,534
7165,3919,2025-01-01,3
7166,754,2025-01-01,117
7167,1282,2025-01-01,354
7168,868,2025-01-01,499
7169,1566,2025-01-01,575
7170,1212,2025-01-01,328
7171,2088,2025-01-01,283
7172,3352,2025-01-01,593
7173,4002,2025-01-01,181
7174,3793,2025-01-01,150
7175,3398,2025-01-01,45
7176,1264,2025-01-01,550
7177,3574,2025-01-01,261
7178,802,2025-01-01,431
7179,3543,2025-01-01,445
7180,4292,2025-01-01,529
7181,2583,2025-01-01,136
7182,3250,2025-01-01,514
7183,2409,2025-01-01,355
7184,1239,2025-01-01,153
7185,1825,2025-01-01,239
7186,1139,2025-01-01,373
7187,470,2025-01-01,313
7188,1190,2025-01-01,285
7189,3005,2025-01-01,234
7190,1264,2025-01-01,3
7191,2921,2025-01-01,32
7192,1615,2025-01-01,540
7193,391,2025-01-01,174
7194,307,2025-01-01,238
7195,2408,2025-01-01,274
7196,509,2025-01-01,131
7197,1925,2025-01-01,378
7198,2258,2025-01-01,454
7199,4474,2025-01-01,323
7200,1559,2025-01-01,361
7201,2552,2025-01-01,115
7202,4025,2025-01-01,370
7203,861,2025-01-01,534
7204,3458,2025-01-01,455
7205,784,2025-01-01,244
7206,730,2025-01-01,234
7207,4248,2025-01-01,193
7208,1453,2025-01-01,467
7209,1003,2025-01-01,128
7210,2813,2025-01-01,107
7211,4615,2025-01-01,268
7212,3081,2025-01-01,311
7213,3886,2025-01-01,206
7214,4919,2025-01-01,24
7215,40,2025-01-01,589
7216,2647,2025-01-01,406
7217,4654,2025-01-01,113
7218,1631,2025-01-01,386
7219,275,2025-01-01,336
7220,3745,2025-01-01,290
7221,603,2025-01-01,585
7222,2214,2025-01-01,111
7223,2336,2025-01-01,291
7224,2554,2025-01-01,25
7225,1231,2025-01-01,414
7226,2395,2025-01-01,452
7227,4054,2025-01-01,243
7228,2803,2025-01-01,548
7229,4436,2025-01-01,46
7230,365,2025-01-01,521
7231,4489,2025-01-01,103
7232,3127,2025-01-01,153
7233,1458,2025-01-01,263
7234,2712,2025-01-01,373
7235,510,2025-01-01,395
7236,3612,2025-01-01,497
7237,4289,2025-01-01,35
7238,3027,2025-01-01,286
7239,3285,2025-01-01,579
7240,3104,2025-01-01,543
7241,3849,2025-01-01,420
7242,4203,2025-01-01,451
7243,1772,2025-01-01,405
7244,470,2025-01-01,566
7245,1576,2025-01-01,232
7246,2966,2025-01-01,162
7247,4543,2025-01-01,529
7248,1075,2025-01-01,251
7249,3181,2025-01-01,413
7250,3906,2025-01-01,48
7251,4205,2025-01-01,478
7252,2558,2025-01-01,577
7253,4831,2025-01-01,210
7254,229,2025-01-01,385
7255,2812,2025-01-01,262
7256,2756,2025-01-01,214
7257,360,2025-01-01,125
7258,713,2025-01-01,353
7259,1658,2025-01-01,253
7260,3762,2025-01-01,448
7261,1483,2025-01-01,264
7262,4250,2025-01-01,163
7263,440,2025-01-01,220
7264,4584,2025-01-01,102
7265,1453,2025-01-01,515
7266,3054,2025-01-01,338
7267,1617,2025-01-01,540
7268,711,2025-01-01,405
7269,479,2025-01-01,237
7270,4379,2025-01-01,306
7271,226,2025-01-01,169
7272,720,2025-01-01,220
7273,2503,2025-01-01,384
7274,647,2025-01-01,29
7275,481,2025-01-01,105
7276,3887,2025-01-01,123
7277,632,2025-01-01,350
7278,210,2025-01-01,547
7279,2857,2025-01-01,61
7280,100,2025-01-01,491
7281,94,2025-01-01,55
7282,4420,2025-01-01,322
7283,2855,2025-01-01,242
7284,3226,2025-01-01,39
7285,3438,2025-01-01,582
7286,281,2025-01-01,507
7287,4838,2025-01-01,574
7288,4297,2025-01-01,134
7289,2134,2025-01-01,135
7290,3090,2025-01-01,194
7291,4123,2025-01-01,25
7292,3797,2025-01-01,448
7293,4473,2025-01-01,375
7294,1497,2025-01-01,153
7295,4755,2025-01-01,139
7296,3718,2025-01-01,452
7297,1769,2025-01-01,262
7298,1929,2025-01-01,13
7299,3015,2025-01-01,513
7300,870,2025-01-01,168
7301,2004,2025-01-01,558
7302,3723,2025-01-01,27
7303,4878,2025-01-01,382
7304,2864,2025-01-01,235
7305,2588,2025-01-01,576
7306,3133,2025-01-01,553
7307,4055,2025-01-01,150
7308,367,2025-01-01,12
7309,546,2025-01-01,358
7310,3350,2025-01-01,486
7311,4355,2025-01-01,90
7312,2759,2025-01-01,400
7313,155,2025-01-01,259
7314,3568,2025-01-01,335
7315,3176,2025-01-01,572
7316,3605,2025-01-01,233
7317,1852,2025-01-01,453
7318,4263,2025-01-01,485
7319,2717,2025-01-01,348
7320,4547,2025-01-01,542
7321,4347,2025-01-01,544
7322,446,2025-01-01,83
7323,2326,2025-01-01,131
7324,553,2025-01-01,537
7325,439,2025-01-01,54
7326,670,2025-01-01,182
7327,2434,2025-01-01,444
7328,1621,2025-01-01,290
7329,2961,2025-01-01,232
7330,2619,2025-01-01,567
7331,4427,2025-01-01,568
7332,3605,2025-01-01,8
7333,4544,2025-01-01,322
7334,3672,2025-01-01,195
7335,3142,2025-01-01,258
7336,237,2025-01-01,69
7337,1912,2025-01-01,276
7338,185,2025-01-01,370
7339,4475,2025-01-01,363
7340,4869,2025-01-01,574
7341,1646,2025-01-01,170
7342,2689,2025-01-01,492
7343,2946,2025-01-01,322
7344,898,2025-01-01,119
7345,2027,2025-01-01,414
7346,644,2025-01-01,333
7347,4721,2025-01-01,524
7348,2129,2025-01-01,132
7349,2163,2025-01-01,567
7350,4082,2025-01-01,513
7351,4421,2025-01-01,49
7352,4580,2025-01-01,206
7353,112,2025-01-01,25
7354,3355,2025-01-01,409
7355,2399,2025-01-01,459
7356,1833,2025-01-01,575
7357,91,2025-01-01,164
7358,1140,2025-01-01,183
7359,3978,2025-01-01,78
7360,1085,2025-01-01,6
7361,4167,2025-01-01,314
7362,2066,2025-01-01,255
7363,3157,2025-01-01,487
7364,1297,2025-01-01,391
7365,2926,2025-01-01,52
7366,4290,2025-01-01,399
7367,2400,2025-01-01,257
7368,2378,2025-01-01,562
7369,3113,2025-01-01,469
7370,2163,2025-01-01,63
7371,701,2025-01-01,456
7372,1771,2025-01-01,113
7373,178,2025-01-01,581
7374,3271,2025-01-01,301
7375,1265,2025-01-01,58
7376,50,2025-01-01,105
7377,3581,2025-01-01,441
7378,16,2025-01-01,580
7379,1769,2025-01-01,454
7380,386,2025-01-01,86
7381,4719,2025-01-01,192
7382,2210,2025-01-01,175
7383,189,2025-01-01,75
7384,3498,2025-01-01,536
7385,2985,2025-01-01,525
7386,310,2025-01-01,304
7387,3875,2025-01-01,148
7388,864,2025-01-01,61
7389,3198,2025-01-01,37
7390,1967,2025-01-01,513
7391,3527,2025-01-01,129
7392,3421,2025-01-01,531
7393,518,2025-01-01,434
7394,2607,2025-01-01,287
7395,3468,2025-01-01,285
7396,3744,2025-01-01,518
7397,2262,2025-01-01,368
7398,1606,2025-01-01,442
7399,4745,2025-01-01,104
7400,3081,2025-01-01,113
7401,4252,2025-01-01,430
7402,512,2025-01-01,505
7403,4460,2025-01-01,306
7404,3971,2025-01-01,448
7405,3593,2025-01-01,363
7406,128,2025-01-01,56
7407,4352,2025-01-01,238
7408,3929,2025-01-01,181
7409,3489,2025-01-01,142
7410,3936,2025-01-01,66
7411,3505,2025-01-01,320
7412,3798,2025-01-01,59
7413,647,2025-01-01,595
7414,365,2025-01-01,127
7415,1635,2025-01-01,571
7416,3316,2025-01-01,565
7417,4854,2025-01-01,66
7418,3033,2025-01-01,271
7419,740,2025-01-01,71
7420,691,2025-01-01,378
7421,4725,2025-01-01,544
7422,2800,2025-01-01,234
7423,4706,2025-01-01,75
7424,3219,2025-01-01,528
7425,264,2025-01-01,6
7426,1184,2025-01-01,346
7427,280,2025-01-01,565
7428,135,2025-01-01,176
7429,1956,2025-01-01,321
7430,1827,2025-01-01,281
7431,4056,2025-01-01,20
7432,3648,2025-01-01,12
7433,4929,2025-01-01,81
7434,3601,2025-01-01,290
7435,1646,2025-01-01,64
7436,2088,2025-01-01,274
7437,2147,2025-01-01,405
7438,302,2025-01-01,215
7439,1239,2025-01-01,332
7440,3312,2025-01-01,26
7441,538,2025-01-01,154
7442,2117,2025-01-01,177
7443,2592,2025-01-01,89
7444,2558,2025-01-01,468
7445,477,2025-01-01,97
7446,2053,2025-01-01,408
7447,1885,2025-01-01,390
7448,536,2025-01-01,347
7449,3809,2025-01-01,86
7450,2819,2025-01-01,393
7451,2734,2025-01-01,582
7452,1861,2025-01-01,201
7453,712,2025-01-01,395
7454,4805,2025-01-01,582
7455,1046,2025-01-01,128
7456,3645,2025-01-01,121
7457,4835,2025-01-01,365
7458,92,2025-01-01,346
7459,3334,2025-01-01,422
7460,4805,2025-01-01,361
7461,2769,2025-01-01,297
7462,4322,2025-01-01,310
7463,683,2025-01-01,333
7464,1457,2025-01-01,37
7465,2547,2025-01-01,62
7466,1396,2025-01-01,403
7467,4594,2025-01-01,67
7468,2330,2025-01-01,56
7469,202,2025-01-01,534
7470,820,2025-01-01,158
7471,3390,2025-01-01,212
7472,1224,2025-01-01,87
7473,3813,2025-01-01,95
7474,1274,2025-01-01,33
7475,3669,2025-01-01,511
7476,3083,2025-01-01,266
7477,1885,2025-01-01,365
7478,4114,2025-01-01,547
7479,595,2025-01-01,576
7480,4815,2025-01-01,312
7481,1061,2025-01-01,544
7482,1381,2025-01-01,346
7483,575,2025-01-01,504
7484,689,2025-01-01,78
7485,2609,2025-01-01,7
7486,340,2025-01-01,549
7487,3627,2025-01-01,270
7488,1164,2025-01-01,414
7489,3366,2025-01-01,132
7490,3193,2025-01-01,599
7491,1082,2025-01-01,259
7492,4963,2025-01-01,115
7493,720,2025-01-01,253
7494,3333,2025-01-01,370
7495,4493,2025-01-01,353
7496,1161,2025-01-01,294
7497,1665,2025-01-01,552
7498,2245,2025-01-01,33
7499,2734,2025-01-01,584
7500,407,2025-01-01,299
7501,2847,2025-01-01,129
7502,1000,2025-01-01,441
7503,1262,2025-01-01,432
7504,3101,2025-01-01,524
7505,2741,2025-01-01,539
7506,2534,2025-01-01,393
7507,4871,2025-01-01,491
7508,1011,2025-01-01,244
7509,312,2025-01-01,597
7510,4029,2025-01-01,137
7511,2711,2025-01-01,202
7512,4524,2025-01-01,14
7513,2024,2025-01-01,538
7514,4317,2025-01-01,280
7515,658,2025-01-01,145
7516,114,2025-01-01,316
7517,497,2025-01-01,376
7518,2417,2025-01-01,497
7519,1385,2025-01-01,501
7520,351,2025-01-01,305
7521,862,2025-01-01,78
7522,2861,2025-01-01,84
7523,149,2025-01-01,458
7524,863,2025-01-01,60
7525,2567,2025-01-01,153
7526,1981,2025-01-01,197
7527,2957,2025-01-01,150
7528,64,2025-01-01,313
7529,12,2025-01-01,12
7530,1509,2025-01-01,373
7531,538,2025-01-01,308
7532,2062,2025-01-01,407
7533,1306,2025-01-01,458
7534,1898,2025-01-01,311
7535,4145,2025-01-01,358
7536,819,2025-01-01,513
7537,3210,2025-01-01,124
7538,4200,2025-01-01,311
7539,2925,2025-01-01,174
7540,3784,2025-01-01,454
7541,1956,2025-01-01,289
7542,3912,2025-01-01,472
7543,4925,2025-01-01,537
7544,702,2025-01-01,240
7545,3863,2025-01-01,218
7546,2229,2025-01-01,126
7547,2214,2025-01-01,139
7548,2089,2025-01-01,364
7549,1068,2025-01-01,224
7550,4333,2025-01-01,24
7551,1939,2025-01-01,430
7552,4541,2025-01-01,400
7553,1205,2025-01-01,344
7554,1926,2025-01-01,381
7555,1295,2025-01-01,573
7556,4598,2025-01-01,563
7557,4839,2025-01-01,121
7558,634,2025-01-01,459
7559,2649,2025-01-01,453
7560,560,2025-01-01,417
7561,109,2025-01-01,480
7562,4668,2025-01-01,588
7563,4353,2025-01-01,273
7564,2996,2025-01-01,196
7565,2059,2025-01-01,571
7566,3311,2025-01-01,469
7567,1919,2025-01-01,216
7568,666,2025-01-01,137
7569,102,2025-01-01,510
7570,2299,2025-01-01,484
7571,4840,2025-01-01,390
7572,1243,2025-01-01,60
7573,521,2025-01-01,378
7574,1471,2025-01-01,452
7575,1579,2025-01-01,27
7576,4169,2025-01-01,576
7577,2278,2025-01-01,301
7578,4795,2025-01-01,316
7579,1526,2025-01-01,186
7580,3671,2025-01-01,571
7581,123,2025-01-01,201
7582,4685,2025-01-01,575
7583,2949,2025-01-01,61
7584,1516,2025-01-01,20
7585,3825,2025-01-01,556
7586,4429,2025-01-01,259
7587,3698,2025-01-01,114
7588,3768,2025-01-01,95
7589,2847,2025-01-01,299
7590,1002,2025-01-01,178
7591,1978,2025-01-01,468
7592,109,2025-01-01,135
7593,2300,2025-01-01,598
7594,856,2025-01-01,384
7595,1103,2025-01-01,125
7596,501,2025-01-01,399
7597,3147,2025-01-01,48
7598,3285,2025-01-01,388
7599,1310,2025-01-01,7
7600,252,2025-01-01,475
7601,1777,2025-01-01,104
7602,3004,2025-01-01,272
7603,929,2025-01-01,121
7604,3107,2025-01-01,182
7605,151,2025-01-01,342
7606,4281,2025-01-01,117
7607,1086,2025-01-01,178
7608,40,2025-01-01,50
7609,2003,2025-01-01,121
7610,181,2025-01-01,202
7611,3261,2025-01-01,376
7612,1391,2025-01-01,379
7613,2102,2025-01-01,257
7614,4045,2025-01-01,463
7615,4974,2025-01-01,434
7616,1729,2025-01-01,195
7617,648,2025-01-01,528
7618,3375,2025-01-01,236
7619,2561,2025-01-01,153
7620,1629,2025-01-01,138
7621,2168,2025-01-01,181
7622,377,2025-01-01,327
7623,2852,2025-01-01,43
7624,1383,2025-01-01,227
7625,2791,2025-01-01,321
7626,2065,2025-01-01,31
7627,3758,2025-01-01,522
7628,1449,2025-01-01,96
7629,942,2025-01-01,530
7630,4302,2025-01-01,100
7631,514,2025-01-01,236
7632,1447,2025-01-01,426
7633,144,2025-01-01,416
7634,1155,2025-01-01,63
7635,4400,2025-01-01,6
7636,1118,2025-01-01,6
7637,4848,2025-01-01,115
7638,3232,2025-01-01,579
7639,3281,2025-01-01,535
7640,830,2025-01-01,197
7641,3240,2025-01-01,585
7642,4964,2025-01-01,367
7643,2122,2025-01-01,123
7644,213,2025-01-01,536
7645,2891,2025-01-01,297
7646,871,2025-01-01,64
7647,93,2025-01-01,82
7648,3322,2025-01-01,470
7649,2113,2025-01-01,66
7650,3135,2025-01-01,496
7651,4950,2025-01-01,103
7652,2562,2025-01-01,586
7653,1498,2025-01-01,303
7654,976,2025-01-01,554
7655,2121,2025-01-01,386
7656,4044,2025-01-01,285
7657,2055,2025-01-01,486
7658,3814,2025-01-01,10
7659,4742,2025-01-01,580
7660,4379,2025-01-01,469
7661,3803,2025-01-01,259
7662,2048,2025-01-01,138
7663,2008,2025-01-01,346
7664,409,2025-01-01,254
7665,1819,2025-01-01,223
7666,4221,2025-01-01,115
7667,2067,2025-01-01,451
7668,1996,2025-01-01,420
7669,1304,2025-01-01,248
7670,2197,2025-01-01,93
7671,3099,2025-01-01,427
7672,819,2025-01-01,31
7673,1964,2025-01-01,239
7674,3307,2025-01-01,32
7675,3286,2025-01-01,251
7676,1067,2025-01-01,138
7677,1894,2025-01-01,317
7678,600,2025-01-01,503
7679,252,2025-01-01,559
7680,2135,2025-01-01,211
7681,4089,2025-01-01,229
7682,4544,2025-01-01,139
7683,4429,2025-01-01,265
7684,5000,2025-01-01,96
7685,697,2025-01-01,490
7686,4749,2025-01-01,435
7687,2383,2025-01-01,308
7688,882,2025-01-01,276
7689,1727,2025-01-01,14
7690,2398,2025-01-01,9
7691,3350,2025-01-01,525
7692,2666,2025-01-01,590
7693,2697,2025-01-01,414
7694,4763,2025-01-01,359
7695,1201,2025-01-01,238
7696,1965,2025-01-01,483
7697,4369,2025-01-01,353
7698,4808,2025-01-01,294
7699,4766,2025-01-01,560
7700,4925,2025-01-01,522
7701,2329,2025-01-01,219
7702,2290,2025-01-01,518
7703,4714,2025-01-01,187
7704,1557,2025-01-01,266
7705,628,2025-01-01,467
7706,2422,2025-01-01,235
7707,96,2025-01-01,32
7708,4022,2025-01-01,37
7709,3048,2025-01-01,317
7710,3309,2025-01-01,74
7711,3058,2025-01-01,480
7712,3448,2025-01-01,25
7713,2789,2025-01-01,473
7714,4164,2025-01-01,406
7715,1940,2025-01-01,497
7716,3117,2025-01-01,32
7717,2942,2025-01-01,446
7718,4513,2025-01-01,260
7719,3643,2025-01-01,200
7720,885,2025-01-01,41
7721,2404,2025-01-01,565
7722,1218,2025-01-01,338
7723,4190,2025-01-01,572
7724,93,2025-01-01,452
7725,4098,2025-01-01,328
7726,675,2025-01-01,325
7727,3247,2025-01-01,195
7728,226,2025-01-01,25
7729,2438,2025-01-01,481
7730,4301,2025-01-01,210
7731,620,2025-01-01,101
7732,630,2025-01-01,439
7733,3877,2025-01-01,225
7734,4117,2025-01-01,97
7735,218,2025-01-01,124
7736,3350,2025-01-01,452
7737,3751,2025-01-01,282
7738,2635,2025-01-01,289
7739,3174,2025-01-01,379
7740,4983,2025-01-01,195
7741,833,2025-01-01,514
7742,938,2025-01-01,315
7743,3915,2025-01-01,308
7744,1571,2025-01-01,223
7745,1030,2025-01-01,399
7746,1788,2025-01-01,486
7747,4245,2025-01-01,471
7748,3793,2025-01-01,586
7749,4375,2025-01-01,417
7750,199,2025-01-01,103
7751,3292,2025-01-01,299
7752,2832,2025-01-01,58
7753,1814,2025-01-01,254
7754,4085,2025-01-01,413
7755,3999,2025-01-01,156
7756,2117,2025-01-01,352
7757,2154,2025-01-01,251
7758,4322,2025-01-01,400
7759,1710,2025-01-01,513
7760,1732,2025-01-01,400
7761,3589,2025-01-01,212
7762,1948,2025-01-01,309
7763,3049,2025-01-01,220
7764,4060,2025-01-01,263
7765,132,2025-01-01,58
7766,2331,2025-01-01,169
7767,1413,2025-01-01,312
7768,3005,2025-01-01,589
7769,2679,2025-01-01,367
7770,705,2025-01-01,28
7771,4365,2025-01-01,523
7772,869,2025-01-01,326
7773,133,2025-01-01,71
7774,3598,2025-01-01,136
7775,1006,2025-01-01,591
7776,3601,2025-01-01,401
7777,2680,2025-01-01,491
7778,1403,2025-01-01,148
7779,1755,2025-01-01,411
7780,4402,2025-01-01,456
7781,829,2025-01-01,579
7782,1791,2025-01-01,181
7783,3784,2025-01-01,69
7784,1211,2025-01-01,1
7785,2612,2025-01-01,314
7786,1348,2025-01-01,229
7787,1036,2025-01-01,197
7788,4295,2025-01-01,427
7789,2296,2025-01-01,379
7790,3506,2025-01-01,505
7791,3205,2025-01-01,158
7792,2074,2025-01-01,324
7793,2172,2025-01-01,314
7794,3481,2025-01-01,164
7795,215,2025-01-01,380
7796,1244,2025-01-01,551
7797,1732,2025-01-01,316
7798,3131,2025-01-01,274
7799,2705,2025-01-01,159
7800,3910,2025-01-01,236
7801,1383,2025-01-01,473
7802,1709,2025-01-01,226
7803,1887,2025-01-01,243
7804,4702,2025-01-01,539
7805,2688,2025-01-01,64
7806,3209,2025-01-01,354
7807,4549,2025-01-01,499
7808,1366,2025-01-01,334
7809,62,2025-01-01,565
7810,4705,2025-01-01,330
7811,3594,2025-01-01,406
7812,1327,2025-01-01,441
7813,3172,2025-01-01,389
7814,2819,2025-01-01,115
7815,918,2025-01-01,275
7816,4059,2025-01-01,101
7817,4943,2025-01-01,116
7818,58,2025-01-01,125
7819,3694,2025-01-01,564
7820,3056,2025-01-01,312
7821,4431,2025-01-01,431
7822,3305,2025-01-01,258
7823,1340,2025-01-01,8
7824,3308,2025-01-01,218
7825,3719,2025-01-01,423
7826,3518,2025-01-01,11
7827,1369,2025-01-01,22
7828,4349,2025-01-01,417
7829,2133,2025-01-01,55
7830,423,2025-01-01,106
7831,2469,2025-01-01,119
7832,4006,2025-01-01,490
7833,1355,2025-01-01,115
7834,1395,2025-01-01,482
7835,850,2025-01-01,102
7836,2595,2025-01-01,17
7837,119,2025-01-01,188
7838,4634,2025-01-01,156
7839,3820,2025-01-01,468
7840,1524,2025-01-01,53
7841,2671,2025-01-01,415
7842,2810,2025-01-01,313
7843,148,2025-01-01,548
7844,3904,2025-01-01,405
7845,4772,2025-01-01,420
7846,1393,2025-01-01,361
7847,1504,2025-01-01,587
7848,3396,2025-01-01,341
7849,905,2025-01-01,553
7850,2364,2025-01-01,169
7851,2330,2025-01-01,263
7852,2841,2025-01-01,495
7853,848,2025-01-01,247
7854,4033,2025-01-01,385
7855,1012,2025-01-01,564
7856,4572,2025-01-01,504
7857,2679,2025-01-01,538
7858,1448,2025-01-01,175
7859,112,2025-01-01,497
7860,1193,2025-01-01,453
7861,1696,2025-01-01,554
7862,2422,2025-01-01,148
7863,817,2025-01-01,523
7864,1020,2025-01-01,419
7865,3773,2025-01-01,317
7866,4114,2025-01-01,570
7867,4321,2025-01-01,220
7868,2329,2025-01-01,469
7869,1045,2025-01-01,578
7870,1602,2025-01-01,485
7871,4829,2025-01-01,591
7872,2500,2025-01-01,542
7873,3200,2025-01-01,78
7874,2125,2025-01-01,37
7875,925,2025-01-01,582
7876,4267,2025-01-01,363
7877,33,2025-01-01,112
7878,939,2025-01-01,568
7879,2517,2025-01-01,261
7880,2148,2025-01-01,341
7881,175,2025-01-01,327
7882,4281,2025-01-01,73
7883,4161,2025-01-01,313
7884,4315,2025-01-01,71
7885,4016,2025-01-01,256
7886,69,2025-01-01,218
7887,1902,2025-01-01,164
7888,2383,2025-01-01,422
7889,3276,2025-01-01,565
7890,2141,2025-01-01,382
7891,1945,2025-01-01,563
7892,1561,2025-01-01,590
7893,1553,2025-01-01,330
7894,3414,2025-01-01,269
7895,4360,2025-01-01,232
7896,3609,2025-01-01,52
7897,323,2025-01-01,540
7898,371,2025-01-01,364
7899,3292,2025-01-01,258
7900,1060,2025-01-01,574
7901,1308,2025-01-01,199
7902,3947,2025-01-01,242
7903,2254,2025-01-01,368
7904,2065,2025-01-01,397
7905,4686,2025-01-01,332
7906,625,2025-01-01,212
7907,2429,2025-01-01,70
7908,1422,2025-01-01,89
7909,2369,2025-01-01,269
7910,1078,2025-01-01,420
7911,580,2025-01-01,79
7912,3796,2025-01-01,48
7913,1001,2025-01-01,491
7914,1017,2025-01-01,176
7915,4299,2025-01-01,90
7916,76,2025-01-01,591
7917,854,2025-01-01,147
7918,4255,2025-01-01,170
7919,1010,2025-01-01,226
7920,4431,2025-01-01,351
7921,3652,2025-01-01,541
7922,2989,2025-01-01,500
7923,4181,2025-01-01,259
7924,1701,2025-01-01,210
7925,10,2025-01-01,587
7926,1931,2025-01-01,597
7927,3994,2025-01-01,25
7928,4546,2025-01-01,449
7929,1536,2025-01-01,557
7930,1325,2025-01-01,398
7931,1603,2025-01-01,268
7932,4578,2025-01-01,316
7933,1001,2025-01-01,381
7934,2112,2025-01-01,514
7935,1652,2025-01-01,312
7936,1015,2025-01-01,373
7937,2497,2025-01-01,425
7938,2551,2025-01-01,31
7939,1857,2025-01-01,564
7940,1271,2025-01-01,457
7941,1440,2025-01-01,471
7942,4430,2025-01-01,571
7943,2354,2025-01-01,540
7944,3260,2025-01-01,272
7945,3661,2025-01-01,440
7946,3868,2025-01-01,264
7947,4800,2025-01-01,591
7948,1635,2025-01-01,450
7949,3419,2025-01-01,363
7950,3891,2025-01-01,427
7951,3131,2025-01-01,231
7952,1179,2025-01-01,50
7953,334,2025-01-01,236
7954,1568,2025-01-01,533
7955,4507,2025-01-01,217
7956,286,2025-01-01,230
7957,3646,2025-01-01,300
7958,2354,2025-01-01,96
7959,3872,2025-01-01,506
7960,3595,2025-01-01,474
7961,1839,2025-01-01,564
7962,1345,2025-01-01,169
7963,1425,2025-01-01,393
7964,510,2025-01-01,487
7965,947,2025-01-01,228
7966,4298,2025-01-01,95
7967,1259,2025-01-01,536
7968,90,2025-01-01,376
7969,2309,2025-01-01,268
7970,4268,2025-01-01,224
7971,3166,2025-01-01,194
7972,3725,2025-01-01,288
7973,3950,2025-01-01,96
7974,878,2025-01-01,589
7975,2796,2025-01-01,87
7976,4499,2025-01-01,21
7977,4246,2025-01-01,585
7978,3501,2025-01-01,146
7979,4185,2025-01-01,281
7980,472,2025-01-01,158
7981,3341,2025-01-01,309
7982,771,2025-01-01,422
7983,4002,2025-01-01,459
7984,1566,2025-01-01,324
7985,2340,2025-01-01,379
7986,2121,2025-01-01,578
7987,4346,2025-01-01,252
7988,925,2025-01-01,2
7989,3437,2025-01-01,78
7990,3806,2025-01-01,8
7991,49,2025-01-01,86
7992,2587,2025-01-01,271
7993,992,2025-01-01,453
7994,2225,2025-01-01,316
7995,4324,2025-01-01,174
7996,4347,2025-01-01,573
7997,4923,2025-01-01,51
7998,1148,2025-01-01,176
7999,2596,2025-01-01,598
8000,1614,2025-01-01,299
8001,2218,2025-01-01,77
8002,2221,2025-01-01,551
8003,715,2025-01-01,570
8004,3551,2025-01-01,225
8005,4927,2025-01-01,270
8006,3731,2025-01-01,527
8007,1352,2025-01-01,286
8008,35,2025-01-01,240
8009,2026,2025-01-01,22
8010,2409,2025-01-01,59
8011,2003,2025-01-01,88
8012,2864,2025-01-01,91
8013,4599,2025-01-01,94
8014,995,2025-01-01,149
8015,1741,2025-01-01,299
8016,2604,2025-01-01,528
8017,1183,2025-01-01,263
8018,2921,2025-01-01,173
8019,4362,2025-01-01,49
8020,911,2025-01-01,112
8021,1972,2025-01-01,293
8022,3568,2025-01-01,257
8023,4212,2025-01-01,466
8024,4619,2025-01-01,378
8025,4793,2025-01-01,508
8026,2267,2025-01-01,155
8027,3039,2025-01-01,124
8028,1697,2025-01-01,131
8029,2874,2025-01-01,1
8030,755,2025-01-01,112
8031,3006,2025-01-01,39
8032,457,2025-01-01,216
8033,4836,2025-01-01,210
8034,2654,2025-01-01,583
8035,3643,2025-01-01,196
8036,780,2025-01-01,343
8037,4834,2025-01-01,572
8038,983,2025-01-01,64
8039,4179,2025-01-01,142
8040,2150,2025-01-01,576
8041,360,2025-01-01,3
8042,1465,2025-01-01,158
8043,2080,2025-01-01,467
8044,819,2025-01-01,7
8045,1342,2025-01-01,535
8046,1566,2025-01-01,466
8047,441,2025-01-01,590
8048,2533,2025-01-01,410
8049,2553,2025-01-01,303
8050,1262,2025-01-01,211
8051,1465,2025-01-01,75
8052,3772,2025-01-01,216
8053,2017,2025-01-01,452
8054,2629,2025-01-01,223
8055,4862,2025-01-01,189
8056,2492,2025-01-01,250
8057,3126,2025-01-01,19
8058,4156,2025-01-01,157
8059,352,2025-01-01,432
8060,507,2025-01-01,414
8061,306,2025-01-01,477
8062,2865,2025-01-01,103
8063,3809,2025-01-01,510
8064,3399,2025-01-01,67
8065,2448,2025-01-01,211
8066,3004,2025-01-01,24
8067,3325,2025-01-01,234
8068,1274,2025-01-01,271
8069,3478,2025-01-01,356
8070,1214,2025-01-01,396
8071,229,2025-01-01,17
8072,1403,2025-01-01,370
8073,200,2025-01-01,47
8074,3056,2025-01-01,11
8075,3330,2025-01-01,527
8076,219,2025-01-01,454
8077,2706,2025-01-01,180
8078,2492,2025-01-01,211
8079,1011,2025-01-01,117
8080,1058,2025-01-01,331
8081,1127,2025-01-01,460
8082,2713,2025-01-01,463
8083,4935,2025-01-01,423
8084,4628,2025-01-01,584
8085,4711,2025-01-01,526
8086,2654,2025-01-01,217
8087,2124,2025-01-01,299
8088,1468,2025-01-01,165
8089,1733,2025-01-01,355
8090,3168,2025-01-01,300
8091,2413,2025-01-01,220
8092,2380,2025-01-01,511
8093,3788,2025-01-01,49
8094,474,2025-01-01,516
8095,4661,2025-01-01,446
8096,2764,2025-01-01,378
8097,1090,2025-01-01,590
8098,3706,2025-01-01,151
8099,1508,2025-01-01,362
8100,820,2025-01-01,542
8101,146,2025-01-01,198
8102,1923,2025-01-01,149
8103,3435,2025-01-01,502
8104,3024,2025-01-01,588
8105,2499,2025-01-01,65
8106,1282,2025-01-01,49
8107,1363,2025-01-01,376
8108,1934,2025-01-01,28
8109,1519,2025-01-01,523
8110,3390,2025-01-01,396
8111,1362,2025-01-01,79
8112,3790,2025-01-01,579
8113,1406,2025-01-01,549
8114,3940,2025-01-01,518
8115,2470,2025-01-01,519
8116,1711,2025-01-01,175
8117,599,2025-01-01,346
8118,603,2025-01-01,300
8119,4188,2025-01-01,33
8120,993,2025-01-01,49
8121,1588,2025-01-01,316
8122,4870,2025-01-01,436
8123,1006,2025-01-01,197
8124,4704,2025-01-01,279
8125,621,2025-01-01,295
8126,4536,2025-01-01,182
8127,1384,2025-01-01,92
8128,2872,2025-01-01,180
8129,2067,2025-01-01,14
8130,3267,2025-01-01,596
8131,2587,2025-01-01,484
8132,1284,2025-01-01,99
8133,4338,2025-01-01,463
8134,151,2025-01-01,478
8135,4526,2025-01-01,108
8136,2543,2025-01-01,78
8137,762,2025-01-01,315
8138,2428,2025-01-01,147
8139,259,2025-01-01,382
8140,2317,2025-01-01,473
8141,2055,2025-01-01,220
8142,606,2025-01-01,427
8143,144,2025-01-01,484
8144,3450,2025-01-01,128
8145,1533,2025-01-01,287
8146,666,2025-01-01,524
8147,4622,2025-01-01,301
8148,4648,2025-01-01,587
8149,233,2025-01-01,430
8150,1542,2025-01-01,21
8151,724,2025-01-01,49
8152,2996,2025-01-01,564
8153,3513,2025-01-01,87
8154,245,2025-01-01,354
8155,2514,2025-01-01,547
8156,2429,2025-01-01,130
8157,987,2025-01-01,238
8158,1033,2025-01-01,445
8159,3218,2025-01-01,94
8160,4119,2025-01-01,107
8161,1452,2025-01-01,339
8162,1927,2025-01-01,422
8163,3808,2025-01-01,147
8164,2872,2025-01-01,509
8165,70,2025-01-01,548
8166,2993,2025-01-01,591
8167,1275,2025-01-01,536
8168,2925,2025-01-01,101
8169,2328,2025-01-01,583
8170,2236,2025-01-01,318
8171,2260,2025-01-01,5
8172,2728,2025-01-01,425
8173,3393,2025-01-01,66
8174,1328,2025-01-01,433
8175,955,2025-01-01,578
8176,1267,2025-01-01,425
8177,3796,2025-01-01,274
8178,3462,2025-01-01,590
8179,4584,2025-01-01,229
8180,2878,2025-01-01,257
8181,4022,2025-01-01,127
8182,194,2025-01-01,582
8183,2289,2025-01-01,397
8184,3056,2025-01-01,559
8185,193,2025-01-01,530
8186,1566,2025-01-01,200
8187,185,2025-01-01,21
8188,504,2025-01-01,104
8189,3307,2025-01-01,532
8190,835,2025-01-01,337
8191,1252,2025-01-01,157
8192,1397,2025-01-01,546
8193,2222,2025-01-01,525
8194,4529,2025-01-01,342
8195,3906,2025-01-01,289
8196,2909,2025-01-01,531
8197,1899,2025-01-01,359
8198,585,2025-01-01,142
8199,3540,2025-01-01,36
8200,583,2025-01-01,350
8201,1217,2025-01-01,228
8202,1268,2025-01-01,151
8203,1818,2025-01-01,46
8204,3609,2025-01-01,205
8205,2477,2025-01-01,25
8206,4309,2025-01-01,338
8207,3693,2025-01-01,426
8208,2820,2025-01-01,411
8209,4773,2025-01-01,583
8210,4432,2025-01-01,280
8211,1269,2025-01-01,181
8212,3949,2025-01-01,236
8213,3724,2025-01-01,25
8214,3698,2025-01-01,462
8215,4332,2025-01-01,328
8216,1219,2025-01-01,243
8217,1029,2025-01-01,116
8218,3847,2025-01-01,281
8219,4618,2025-01-01,577
8220,2815,2025-01-01,3
8221,3787,2025-01-01,553
8222,2438,2025-01-01,155
8223,4093,2025-01-01,320
8224,2948,2025-01-01,88
8225,4368,2025-01-01,105
8226,2362,2025-01-01,83
8227,653,2025-01-01,225
8228,3066,2025-01-01,476
8229,423,2025-01-01,337
8230,1761,2025-01-01,99
8231,1161,2025-01-01,163
8232,3733,2025-01-01,337
8233,1179,2025-01-01,256
8234,1196,2025-01-01,472
8235,1808,2025-01-01,105
8236,1025,2025-01-01,439
8237,2530,2025-01-01,473
8238,2860,2025-01-01,340
8239,150,2025-01-01,411
8240,3605,2025-01-01,271
8241,4188,2025-01-01,74
8242,2942,2025-01-01,114
8243,105,2025-01-01,430
8244,932,2025-01-01,473
8245,340,2025-01-01,90
8246,2228,2025-01-01,200
8247,4766,2025-01-01,473
8248,1383,2025-01-01,299
8249,1410,2025-01-01,391
8250,4638,2025-01-01,87
8251,1860,2025-01-01,228
8252,1795,2025-01-01,22
8253,484,2025-01-01,452
8254,590,2025-01-01,373
8255,963,2025-01-01,324
8256,1575,2025-01-01,205
8257,3768,2025-01-01,349
8258,1315,2025-01-01,316
8259,258,2025-01-01,23
8260,2687,2025-01-01,542
8261,1049,2025-01-01,45
8262,712,2025-01-01,321
8263,3178,2025-01-01,555
8264,4143,2025-01-01,234
8265,4562,2025-01-01,576
8266,1983,2025-01-01,507
8267,1824,2025-01-01,330
8268,1625,2025-01-01,450
8269,1143,2025-01-01,483
8270,3717,2025-01-01,113
8271,2950,2025-01-01,216
8272,2654,2025-01-01,368
8273,3032,2025-01-01,130
8274,899,2025-01-01,179
8275,1459,2025-01-01,554
8276,82,2025-01-01,234
8277,2854,2025-01-01,357
8278,189,2025-01-01,505
8279,4721,2025-01-01,402
8280,1609,2025-01-01,184
8281,3913,2025-01-01,69
8282,4045,2025-01-01,350
8283,2021,2025-01-01,0
8284,2189,2025-01-01,415
8285,4207,2025-01-01,169
8286,4538,2025-01-01,502
8287,366,2025-01-01,377
8288,2843,2025-01-01,467
8289,2987,2025-01-01,144
8290,715,2025-01-01,443
8291,3294,2025-01-01,96
8292,3136,2025-01-01,212
8293,3885,2025-01-01,196
8294,1273,2025-01-01,424
8295,2346,2025-01-01,589
8296,967,2025-01-01,49
8297,4745,2025-01-01,418
8298,3238,2025-01-01,134
8299,3133,2025-01-01,481
8300,1297,2025-01-01,20
8301,2040,2025-01-01,419
8302,4961,2025-01-01,61
8303,2410,2025-01-01,120
8304,2871,2025-01-01,40
8305,2903,2025-01-01,461
8306,590,2025-01-01,101
8307,160,2025-01-01,432
8308,2968,2025-01-01,345
8309,778,2025-01-01,171
8310,1239,2025-01-01,475
8311,3117,2025-01-01,528
8312,2924,2025-01-01,28
8313,1358,2025-01-01,327
8314,2506,2025-01-01,100
8315,1957,2025-01-01,68
8316,4944,2025-01-01,73
8317,4830,2025-01-01,450
8318,3842,2025-01-01,502
8319,549,2025-01-01,243
8320,4237,2025-01-01,495
8321,4908,2025-01-01,278
8322,1143,2025-01-01,544
8323,442,2025-01-01,5
8324,3311,2025-01-01,460
8325,1616,2025-01-01,447
8326,2986,2025-01-01,133
8327,2388,2025-01-01,12
8328,3030,2025-01-01,483
8329,2634,2025-01-01,64
8330,3507,2025-01-01,461
8331,20,2025-01-01,161
8332,375,2025-01-01,23
8333,3416,2025-01-01,354
8334,2054,2025-01-01,94
8335,836,2025-01-01,426
8336,3398,2025-01-01,54
8337,2271,2025-01-01,20
8338,1209,2025-01-01,584
8339,4136,2025-01-01,455
8340,2697,2025-01-01,18
8341,2922,2025-01-01,276
8342,1990,2025-01-01,448
8343,3906,2025-01-01,309
8344,1108,2025-01-01,385
8345,2892,2025-01-01,95
8346,3612,2025-01-01,145
8347,187,2025-01-01,133
8348,3987,2025-01-01,18
8349,685,2025-01-01,575
8350,4155,2025-01-01,523
8351,3170,2025-01-01,594
8352,2366,2025-01-01,3
8353,4555,2025-01-01,14
8354,3095,2025-01-01,568
8355,1125,2025-01-01,369
8356,668,2025-01-01,112
8357,405,2025-01-01,435
8358,4871,2025-01-01,103
8359,434,2025-01-01,178
8360,271,2025-01-01,423
8361,24,2025-01-01,49
8362,2692,2025-01-01,597
8363,1485,2025-01-01,98
8364,577,2025-01-01,55
8365,1326,2025-01-01,252
8366,3806,2025-01-01,361
8367,2670,2025-01-01,538
8368,3503,2025-01-01,70
8369,1739,2025-01-01,88
8370,1271,2025-01-01,367
8371,1563,2025-01-01,30
8372,2854,2025-01-01,473
8373,3902,2025-01-01,409
8374,922,2025-01-01,569
8375,3432,2025-01-01,269
8376,1373,2025-01-01,26
8377,850,2025-01-01,479
8378,1658,2025-01-01,49
8379,1275,2025-01-01,526
8380,924,2025-01-01,596
8381,1378,2025-01-01,305
8382,4692,2025-01-01,510
8383,897,2025-01-01,250
8384,2785,2025-01-01,6
8385,4574,2025-01-01,429
8386,2125,2025-01-01,436
8387,3480,2025-01-01,190
8388,4539,2025-01-01,329
8389,1004,2025-01-01,173
8390,1624,2025-01-01,333
8391,437,2025-01-01,421
8392,4274,2025-01-01,521
8393,4894,2025-01-01,105
8394,33,2025-01-01,31
8395,1199,2025-01-01,305
8396,2736,2025-01-01,6
8397,1117,2025-01-01,22
8398,2079,2025-01-01,568
8399,1832,2025-01-01,63
8400,785,2025-01-01,484
8401,3206,2025-01-01,353
8402,1056,2025-01-01,537
8403,3388,2025-01-01,247
8404,1480,2025-01-01,432
8405,607,2025-01-01,356
8406,2066,2025-01-01,105
8407,1597,2025-01-01,122
8408,4497,2025-01-01,201
8409,4552,2025-01-01,469
8410,720,2025-01-01,482
8411,3206,2025-01-01,493
8412,2371,2025-01-01,215
8413,845,2025-01-01,218
8414,4311,2025-01-01,266
8415,754,2025-01-01,81
8416,714,2025-01-01,12
8417,1889,2025-01-01,311
8418,266,2025-01-01,506
8419,1933,2025-01-01,270
8420,4802,2025-01-01,214
8421,321,2025-01-01,495
8422,2179,2025-01-01,91
8423,1679,2025-01-01,249
8424,3132,2025-01-01,560
8425,2183,2025-01-01,170
8426,2940,2025-01-01,485
8427,2878,2025-01-01,401
8428,2724,2025-01-01,90
8429,4300,2025-01-01,82
8430,1173,2025-01-01,390
8431,565,2025-01-01,128
8432,3641,2025-01-01,246
8433,1168,2025-01-01,507
8434,3483,2025-01-01,143
8435,4215,2025-01-01,305
8436,1644,2025-01-01,201
8437,2490,2025-01-01,582
8438,932,2025-01-01,577
8439,2525,2025-01-01,416
8440,115,2025-01-01,22
8441,2790,2025-01-01,440
8442,3418,2025-01-01,142
8443,2772,2025-01-01,171
8444,4267,2025-01-01,69
8445,4855,2025-01-01,9
8446,4979,2025-01-01,298
8447,2776,2025-01-01,451
8448,155,2025-01-01,39
8449,99,2025-01-01,459
8450,1779,2025-01-01,533
8451,3008,2025-01-01,340
8452,2605,2025-01-01,222
8453,4146,2025-01-01,530
8454,3049,2025-01-01,599
8455,3101,2025-01-01,463
8456,4568,2025-01-01,551
8457,4784,2025-01-01,219
8458,1242,2025-01-01,252
8459,1480,2025-01-01,306
8460,1489,2025-01-01,469
8461,2716,2025-01-01,155
8462,1576,2025-01-01,499
8463,1008,2025-01-01,599
8464,4989,2025-01-01,144
8465,406,2025-01-01,220
8466,3244,2025-01-01,506
8467,4326,2025-01-01,161
8468,4489,2025-01-01,435
8469,1716,2025-01-01,81
8470,1330,2025-01-01,324
8471,1355,2025-01-01,111
8472,4313,2025-01-01,258
8473,964,2025-01-01,475
8474,1428,2025-01-01,229
8475,1430,2025-01-01,480
8476,2605,2025-01-01,198
8477,175,2025-01-01,592
8478,2536,2025-01-01,412
8479,137,2025-01-01,304
8480,485,2025-01-01,429
8481,3378,2025-01-01,122
8482,253,2025-01-01,29
8483,3503,2025-01-01,77
8484,2586,2025-01-01,154
8485,3163,2025-01-01,282
8486,3866,2025-01-01,113
8487,2121,2025-01-01,304
8488,4772,2025-01-01,509
8489,4541,2025-01-01,252
8490,4524,2025-01-01,218
8491,163,2025-01-01,256
8492,1342,2025-01-01,504
8493,4912,2025-01-01,411
8494,257,2025-01-01,371
8495,4994,2025-01-01,527
8496,4941,2025-01-01,185
8497,218,2025-01-01,313
8498,3442,2025-01-01,516
8499,277,2025-01-01,366
8500,3449,2025-01-01,299
8501,804,2025-01-01,498
8502,2639,2025-01-01,348
8503,3032,2025-01-01,586
8504,4860,2025-01-01,92
8505,3731,2025-01-01,396
8506,1485,2025-01-01,547
8507,1432,2025-01-01,599
8508,2335,2025-01-01,315
8509,1045,2025-01-01,509
8510,1034,2025-01-01,565
8511,2753,2025-01-01,158
8512,4919,2025-01-01,115
8513,2988,2025-01-01,167
8514,2489,2025-01-01,200
8515,899,2025-01-01,452
8516,141,2025-01-01,370
8517,2925,2025-01-01,208
8518,4474,2025-01-01,504
8519,2641,2025-01-01,464
8520,3064,2025-01-01,545
8521,1991,2025-01-01,524
8522,4033,2025-01-01,132
8523,1961,2025-01-01,5
8524,3539,2025-01-01,287
8525,2928,2025-01-01,345
8526,3087,2025-01-01,300
8527,2731,2025-01-01,155
8528,1966,2025-01-01,427
8529,2169,2025-01-01,419
8530,2178,2025-01-01,336
8531,1231,2025-01-01,33
8532,4929,2025-01-01,396
8533,1195,2025-01-01,37
8534,522,2025-01-01,20
8535,1959,2025-01-01,340
8536,3459,2025-01-01,200
8537,1021,2025-01-01,248
8538,4336,2025-01-01,443
8539,1688,2025-01-01,82
8540,1278,2025-01-01,177
8541,197,2025-01-01,159
8542,179,2025-01-01,348
8543,3099,2025-01-01,161
8544,2970,2025-01-01,68
8545,2631,2025-01-01,473
8546,753,2025-01-01,105
8547,2673,2025-01-01,485
8548,716,2025-01-01,517
8549,4251,2025-01-01,117
8550,1337,2025-01-01,560
8551,2663,2025-01-01,74
8552,1392,2025-01-01,597
8553,1545,2025-01-01,476
8554,635,2025-01-01,174
8555,3283,2025-01-01,417
8556,2270,2025-01-01,471
8557,774,2025-01-01,447
8558,380,2025-01-01,395
8559,4191,2025-01-01,152
8560,3260,2025-01-01,44
8561,476,2025-01-01,502
8562,4223,2025-01-01,179
8563,833,2025-01-01,541
8564,2358,2025-01-01,28
8565,1837,2025-01-01,412
8566,3714,2025-01-01,380
8567,4821,2025-01-01,136
8568,4743,2025-01-01,337
8569,4702,2025-01-01,118
8570,2224,2025-01-01,436
8571,70,2025-01-01,46
8572,4201,2025-01-01,398
8573,4722,2025-01-01,210
8574,3910,2025-01-01,86
8575,2875,2025-01-01,415
8576,921,2025-01-01,515
8577,2114,2025-01-01,205
8578,4573,2025-01-01,561
8579,993,2025-01-01,47
8580,3885,2025-01-01,57
8581,451,2025-01-01,439
8582,3140,2025-01-01,348
8583,1242,2025-01-01,9
8584,766,2025-01-01,156
8585,1854,2025-01-01,586
8586,4744,2025-01-01,67
8587,510,2025-01-01,440
8588,1462,2025-01-01,414
8589,707,2025-01-01,256
8590,2276,2025-01-01,476
8591,4522,2025-01-01,144
8592,2738,2025-01-01,321
8593,1833,2025-01-01,274
8594,3185,2025-01-01,141
8595,946,2025-01-01,486
8596,3537,2025-01-01,217
8597,4246,2025-01-01,393
8598,1405,2025-01-01,529
8599,4724,2025-01-01,194
8600,4445,2025-01-01,399
8601,3517,2025-01-01,541
8602,1400,2025-01-01,507
8603,3350,2025-01-01,105
8604,855,2025-01-01,393
8605,659,2025-01-01,181
8606,2961,2025-01-01,110
8607,3673,2025-01-01,584
8608,3384,2025-01-01,460
8609,3598,2025-01-01,194
8610,2640,2025-01-01,470
8611,3168,2025-01-01,20
8612,2774,2025-01-01,26
8613,4900,2025-01-01,591
8614,4620,2025-01-01,23
8615,3374,2025-01-01,292
8616,3569,2025-01-01,342
8617,3867,2025-01-01,500
8618,436,2025-01-01,46
8619,699,2025-01-01,477
8620,4860,2025-01-01,277
8621,852,2025-01-01,347
8622,2274,2025-01-01,324
8623,2700,2025-01-01,99
8624,3974,2025-01-01,208
8625,2838,2025-01-01,589
8626,2620,2025-01-01,36
8627,3399,2025-01-01,518
8628,3842,2025-01-01,409
8629,3522,2025-01-01,447
8630,2606,2025-01-01,476
8631,2222,2025-01-01,311
8632,1806,2025-01-01,209
8633,114,2025-01-01,231
8634,1244,2025-01-01,429
8635,4306,2025-01-01,98
8636,3592,2025-01-01,309
8637,689,2025-01-01,46
8638,364,2025-01-01,142
8639,3715,2025-01-01,107
8640,730,2025-01-01,163
8641,2726,2025-01-01,595
8642,3790,2025-01-01,66
8643,3807,2025-01-01,3
8644,102,2025-01-01,185
8645,2636,2025-01-01,475
8646,486,2025-01-01,504
8647,2743,2025-01-01,94
8648,2154,2025-01-01,162
8649,2449,2025-01-01,303
8650,4731,2025-01-01,287
8651,4259,2025-01-01,597
8652,1432,2025-01-01,379
8653,3047,2025-01-01,487
8654,2572,2025-01-01,295
8655,1791,2025-01-01,316
8656,1124,2025-01-01,311
8657,729,2025-01-01,188
8658,1701,2025-01-01,227
8659,1359,2025-01-01,353
8660,3152,2025-01-01,584
8661,4852,2025-01-01,148
8662,603,2025-01-01,298
8663,4398,2025-01-01,69
8664,1658,2025-01-01,525
8665,1352,2025-01-01,159
8666,4494,2025-01-01,124
8667,2784,2025-01-01,491
8668,2227,2025-01-01,491
8669,2299,2025-01-01,31
8670,1123,2025-01-01,330
8671,1722,2025-01-01,79
8672,3459,2025-01-01,12
8673,2788,2025-01-01,43
8674,3628,2025-01-01,413
8675,382,2025-01-01,84
8676,3710,2025-01-01,434
8677,1851,2025-01-01,378
8678,587,2025-01-01,578
8679,4022,2025-01-01,163
8680,672,2025-01-01,369
8681,905,2025-01-01,348
8682,2054,2025-01-01,190
8683,3065,2025-01-01,348
8684,803,2025-01-01,246
8685,791,2025-01-01,210
8686,243,2025-01-01,488
8687,2127,2025-01-01,89
8688,2827,2025-01-01,244
8689,777,2025-01-01,354
8690,4352,2025-01-01,206
8691,1720,2025-01-01,240
8692,221,2025-01-01,147
8693,4583,2025-01-01,445
8694,3543,2025-01-01,157
8695,3807,2025-01-01,108
8696,3913,2025-01-01,39
8697,2388,2025-01-01,337
8698,4041,2025-01-01,280
8699,3665,2025-01-01,93
8700,3752,2025-01-01,106
8701,289,2025-01-01,323
8702,2996,2025-01-01,516
8703,2599,2025-01-01,211
8704,3178,2025-01-01,56
8705,790,2025-01-01,103
8706,1093,2025-01-01,57
8707,1218,2025-01-01,34
8708,1447,2025-01-01,190
8709,2608,2025-01-01,274
8710,2587,2025-01-01,588
8711,765,2025-01-01,424
8712,1526,2025-01-01,436
8713,2544,2025-01-01,180
8714,3652,2025-01-01,373
8715,946,2025-01-01,219
8716,4800,2025-01-01,436
8717,536,2025-01-01,510
8718,3419,2025-01-01,218
8719,2152,2025-01-01,63
8720,898,2025-01-01,209
8721,3107,2025-01-01,364
8722,2750,2025-01-01,266
8723,1464,2025-01-01,584
8724,4964,2025-01-01,135
8725,2693,2025-01-01,74
8726,3892,2025-01-01,161
8727,4972,2025-01-01,81
8728,1611,2025-01-01,501
8729,1310,2025-01-01,582
8730,1493,2025-01-01,399
8731,1435,2025-01-01,441
8732,1303,2025-01-01,155
8733,1927,2025-01-01,91
8734,4581,2025-01-01,37
8735,2157,2025-01-01,38
8736,1906,2025-01-01,131
8737,1054,2025-01-01,103
8738,3594,2025-01-01,465
8739,4364,2025-01-01,20
8740,4430,2025-01-01,21
8741,1567,2025-01-01,31
8742,2952,2025-01-01,524
8743,1663,2025-01-01,62
8744,4978,2025-01-01,252
8745,1561,2025-01-01,499
8746,758,2025-01-01,310
8747,436,2025-01-01,42
8748,1633,2025-01-01,496
8749,3324,2025-01-01,244
8750,4033,2025-01-01,337
8751,3998,2025-01-01,305
8752,1768,2025-01-01,452
8753,1146,2025-01-01,64
8754,1981,2025-01-01,193
8755,1331,2025-01-01,359
8756,1884,2025-01-01,27
8757,179,2025-01-01,318
8758,205,2025-01-01,579
8759,2339,2025-01-01,156
8760,810,2025-01-01,0
8761,4225,2025-01-01,180
8762,1460,2025-01-01,395
8763,2603,2025-01-01,2
8764,3511,2025-01-01,525
8765,557,2025-01-01,310
8766,747,2025-01-01,403
8767,2218,2025-01-01,438
8768,4185,2025-01-01,341
8769,626,2025-01-01,19
8770,3088,2025-01-01,106
8771,232,2025-01-01,220
8772,372,2025-01-01,89
8773,3698,2025-01-01,153
8774,1804,2025-01-01,81
8775,191,2025-01-01,363
8776,3495,2025-01-01,234
8777,1330,2025-01-01,523
8778,1814,2025-01-01,172
8779,2695,2025-01-01,424
8780,2562,2025-01-01,103
8781,3457,2025-01-01,199
8782,531,2025-01-01,388
8783,1437,2025-01-01,583
8784,461,2025-01-01,386
8785,3056,2025-01-01,52
8786,370,2025-01-01,409
8787,4771,2025-01-01,443
8788,3309,2025-01-01,314
8789,4851,2025-01-01,87
8790,3754,2025-01-01,447
8791,1426,2025-01-01,273
8792,4415,2025-01-01,457
8793,3203,2025-01-01,14
8794,4982,2025-01-01,116
8795,2193,2025-01-01,459
8796,2550,2025-01-01,481
8797,2705,2025-01-01,31
8798,230,2025-01-01,275
8799,499,2025-01-01,449
8800,270,2025-01-01,588
8801,3645,2025-01-01,579
8802,3908,2025-01-01,39
8803,4493,2025-01-01,405
8804,694,2025-01-01,433
8805,2817,2025-01-01,478
8806,46,2025-01-01,273
8807,340,2025-01-01,423
8808,1757,2025-01-01,106
8809,1559,2025-01-01,59
8810,3762,2025-01-01,344
8811,4089,2025-01-01,373
8812,2400,2025-01-01,366
8813,2434,2025-01-01,400
8814,4425,2025-01-01,150
8815,3983,2025-01-01,413
8816,4762,2025-01-01,360
8817,2800,2025-01-01,530
8818,4577,2025-01-01,319
8819,3906,2025-01-01,244
8820,4621,2025-01-01,29
8821,4496,2025-01-01,36
8822,1317,2025-01-01,207
8823,1830,2025-01-01,555
8824,1227,2025-01-01,531
8825,1735,2025-01-01,410
8826,2466,2025-01-01,149
8827,4395,2025-01-01,481
8828,1451,2025-01-01,418
8829,129,2025-01-01,376
8830,4917,2025-01-01,329
8831,2018,2025-01-01,356
8832,2086,2025-01-01,69
8833,1247,2025-01-01,484
8834,3456,2025-01-01,315
8835,3700,2025-01-01,12
8836,314,2025-01-01,27
8837,439,2025-01-01,284
8838,3994,2025-01-01,281
8839,3152,2025-01-01,180
8840,2209,2025-01-01,267
8841,3579,2025-01-01,358
8842,4719,2025-01-01,46
8843,4665,2025-01-01,86
8844,2213,2025-01-01,9
8845,771,2025-01-01,177
8846,3588,2025-01-01,110
8847,577,2025-01-01,150
8848,1009,2025-01-01,408
8849,3715,2025-01-01,127
8850,1369,2025-01-01,545
8851,1036,2025-01-01,65
8852,2139,2025-01-01,213
8853,470,2025-01-01,394
8854,4586,2025-01-01,372
8855,449,2025-01-01,456
8856,502,2025-01-01,345
8857,2419,2025-01-01,426
8858,4697,2025-01-01,291
8859,4425,2025-01-01,175
8860,2349,2025-01-01,125
8861,3267,2025-01-01,450
8862,4665,2025-01-01,7
8863,2294,2025-01-01,34
8864,1272,2025-01-01,275
8865,4601,2025-01-01,368
8866,829,2025-01-01,207
8867,3126,2025-01-01,375
8868,2068,2025-01-01,530
8869,2668,2025-01-01,97
8870,2616,2025-01-01,153
8871,1644,2025-01-01,473
8872,3075,2025-01-01,553
8873,2184,2025-01-01,483
8874,501,2025-01-01,74
8875,4076,2025-01-01,576
8876,4127,2025-01-01,137
8877,173,2025-01-01,214
8878,4908,2025-01-01,343
8879,720,2025-01-01,153
8880,980,2025-01-01,21
8881,2067,2025-01-01,352
8882,173,2025-01-01,384
8883,4773,2025-01-01,355
8884,4368,2025-01-01,49
8885,639,2025-01-01,20
8886,182,2025-01-01,62
8887,3226,2025-01-01,400
8888,2599,2025-01-01,326
8889,1933,2025-01-01,163
8890,925,2025-01-01,54
8891,3219,2025-01-01,256
8892,1202,2025-01-01,260
8893,4365,2025-01-01,254
8894,928,2025-01-01,211
8895,3757,2025-01-01,518
8896,3570,2025-01-01,440
8897,3909,2025-01-01,62
8898,641,2025-01-01,217
8899,4093,2025-01-01,441
8900,1138,2025-01-01,228
8901,2778,2025-01-01,372
8902,2968,2025-01-01,347
8903,3277,2025-01-01,423
8904,2867,2025-01-01,339
8905,75,2025-01-01,288
8906,1156,2025-01-01,112
8907,3736,2025-01-01,574
8908,769,2025-01-01,7
8909,3413,2025-01-01,150
8910,1711,2025-01-01,457
8911,4926,2025-01-01,498
8912,701,2025-01-01,522
8913,1168,2025-01-01,586
8914,269,2025-01-01,183
8915,1412,2025-01-01,523
8916,3238,2025-01-01,185
8917,3927,2025-01-01,95
8918,32,2025-01-01,112
8919,2241,2025-01-01,314
8920,1099,2025-01-01,529
8921,4351,2025-01-01,301
8922,2130,2025-01-01,399
8923,2538,2025-01-01,431
8924,4056,2025-01-01,308
8925,4459,2025-01-01,81
8926,669,2025-01-01,161
8927,1897,2025-01-01,3
8928,4871,2025-01-01,277
8929,3644,2025-01-01,67
8930,2128,2025-01-01,253
8931,4216,2025-01-01,45
8932,3522,2025-01-01,156
8933,3325,2025-01-01,433
8934,1186,2025-01-01,427
8935,3946,2025-01-01,368
8936,4861,2025-01-01,328
8937,2633,2025-01-01,82
8938,1484,2025-01-01,361
8939,1071,2025-01-01,83
8940,2700,2025-01-01,458
8941,57,2025-01-01,429
8942,28,2025-01-01,12
8943,2241,2025-01-01,255
8944,4585,2025-01-01,518
8945,124,2025-01-01,280
8946,1110,2025-01-01,177
8947,1589,2025-01-01,133
8948,42,2025-01-01,50
8949,1016,2025-01-01,50
8950,3234,2025-01-01,571
8951,4704,2025-01-01,68
8952,1772,2025-01-01,366
8953,3837,2025-01-01,567
8954,1806,2025-01-01,74
8955,2941,2025-01-01,280
8956,4133,2025-01-01,113
8957,3290,2025-01-01,278
8958,1966,2025-01-01,273
8959,4481,2025-01-01,57
8960,1926,2025-01-01,435
8961,965,2025-01-01,538
8962,2523,2025-01-01,32
8963,2625,2025-01-01,215
8964,2551,2025-01-01,127
8965,1654,2025-01-01,324
8966,4105,2025-01-01,243
8967,2071,2025-01-01,310
8968,4592,2025-01-01,328
8969,4635,2025-01-01,217
8970,544,2025-01-01,142
8971,3041,2025-01-01,479
8972,4199,2025-01-01,352
8973,1585,2025-01-01,198
8974,2022,2025-01-01,519
8975,2914,2025-01-01,299
8976,2582,2025-01-01,211
8977,2023,2025-01-01,451
8978,4624,2025-01-01,276
8979,4382,2025-01-01,447
8980,3793,2025-01-01,501
8981,4513,2025-01-01,371
8982,3310,2025-01-01,483
8983,3602,2025-01-01,159
8984,21,2025-01-01,370
8985,2037,2025-01-01,21
8986,2270,2025-01-01,549
8987,3404,2025-01-01,480
8988,2197,2025-01-01,449
8989,397,2025-01-01,555
8990,645,2025-01-01,81
8991,1722,2025-01-01,567
8992,23,2025-01-01,110
8993,404,2025-01-01,50
8994,3018,2025-01-01,490
8995,3157,2025-01-01,147
8996,1445,2025-01-01,77
8997,3426,2025-01-01,125
8998,812,2025-01-01,9
8999,1717,2025-01-01,557
9000,599,2025-01-01,299
9001,2959,2025-01-01,205
9002,2468,2025-01-01,132
9003,676,2025-01-01,37
9004,4159,2025-01-01,232
9005,4069,2025-01-01,324
9006,356,2025-01-01,3
9007,3100,2025-01-01,327
9008,2542,2025-01-01,483
9009,3342,2025-01-01,144
9010,4670,2025-01-01,440
9011,1827,2025-01-01,259
9012,4665,2025-01-01,388
9013,3681,2025-01-01,246
9014,3089,2025-01-01,531
9015,3720,2025-01-01,216
9016,2655,2025-01-01,515
9017,3425,2025-01-01,169
9018,4732,2025-01-01,215
9019,4077,2025-01-01,598
9020,3715,2025-01-01,208
9021,1907,2025-01-01,460
9022,4997,2025-01-01,462
9023,1496,2025-01-01,101
9024,4993,2025-01-01,163
9025,2247,2025-01-01,308
9026,2827,2025-01-01,8
9027,4673,2025-01-01,219
9028,1295,2025-01-01,188
9029,2722,2025-01-01,226
9030,3775,2025-01-01,104
9031,2161,2025-01-01,298
9032,905,2025-01-01,124
9033,3555,2025-01-01,157
9034,688,2025-01-01,364
9035,4172,2025-01-01,339
9036,2833,2025-01-01,306
9037,1598,2025-01-01,400
9038,4530,2025-01-01,171
9039,4403,2025-01-01,230
9040,2267,2025-01-01,550
9041,2059,2025-01-01,7
9042,2116,2025-01-01,554
9043,1424,2025-01-01,250
9044,503,2025-01-01,340
9045,2498,2025-01-01,446
9046,4999,2025-01-01,239
9047,3759,2025-01-01,279
9048,2858,2025-01-01,451
9049,47,2025-01-01,224
9050,4062,2025-01-01,297
9051,780,2025-01-01,284
9052,3544,2025-01-01,529
9053,1947,2025-01-01,238
9054,2592,2025-01-01,306
9055,739,2025-01-01,422
9056,3146,2025-01-01,322
9057,4764,2025-01-01,389
9058,2199,2025-01-01,275
9059,334,2025-01-01,280
9060,4460,2025-01-01,116
9061,3727,2025-01-01,484
9062,4159,2025-01-01,240
9063,3788,2025-01-01,210
9064,1278,2025-01-01,240
9065,4189,2025-01-01,484
9066,1055,2025-01-01,415
9067,3552,2025-01-01,151
9068,1640,2025-01-01,137
9069,3683,2025-01-01,492
9070,4658,2025-01-01,523
9071,508,2025-01-01,412
9072,4858,2025-01-01,570
9073,4781,2025-01-01,522
9074,2329,2025-01-01,504
9075,2964,2025-01-01,83
9076,1750,2025-01-01,557
9077,1678,2025-01-01,165
9078,2522,2025-01-01,130
9079,2528,2025-01-01,539
9080,979,2025-01-01,399
9081,4793,2025-01-01,251
9082,1676,2025-01-01,568
9083,1026,2025-01-01,550
9084,421,2025-01-01,478
9085,2960,2025-01-01,51
9086,1281,2025-01-01,551
9087,2636,2025-01-01,331
9088,1973,2025-01-01,423
9089,2076,2025-01-01,589
9090,3975,2025-01-01,498
9091,3764,2025-01-01,52
9092,1212,2025-01-01,297
9093,947,2025-01-01,290
9094,3147,2025-01-01,127
9095,1940,2025-01-01,414
9096,4443,2025-01-01,192
9097,3563,2025-01-01,594
9098,4777,2025-01-01,149
9099,1066,2025-01-01,584
9100,504,2025-01-01,350
9101,1882,2025-01-01,2
9102,4793,2025-01-01,296
9103,2262,2025-01-01,20
9104,1271,2025-01-01,430
9105,3256,2025-01-01,10
9106,1907,2025-01-01,316
9107,295,2025-01-01,111
9108,1198,2025-01-01,94
9109,2562,2025-01-01,93
9110,2784,2025-01-01,195
9111,4339,2025-01-01,594
9112,808,2025-01-01,496
9113,1474,2025-01-01,395
9114,4284,2025-01-01,49
9115,292,2025-01-01,372
9116,1292,2025-01-01,433
9117,1582,2025-01-01,213
9118,2380,2025-01-01,305
9119,2542,2025-01-01,529
9120,3725,2025-01-01,481
9121,2594,2025-01-01,238
9122,2143,2025-01-01,8
9123,3348,2025-01-01,221
9124,2836,2025-01-01,216
9125,2430,2025-01-01,516
9126,316,2025-01-01,113
9127,4861,2025-01-01,80
9128,1762,2025-01-01,573
9129,2161,2025-01-01,363
9130,3763,2025-01-01,411
9131,4359,2025-01-01,532
9132,3610,2025-01-01,146
9133,425,2025-01-01,577
9134,3321,2025-01-01,284
9135,2887,2025-01-01,551
9136,1900,2025-01-01,509
9137,1751,2025-01-01,362
9138,4853,2025-01-01,59
9139,2278,2025-01-01,182
9140,2378,2025-01-01,412
9141,490,2025-01-01,67
9142,3387,2025-01-01,96
9143,3130,2025-01-01,84
9144,697,2025-01-01,290
9145,3848,2025-01-01,165
9146,117,2025-01-01,465
9147,4427,2025-01-01,382
9148,2105,2025-01-01,321
9149,4138,2025-01-01,151
9150,1037,2025-01-01,510
9151,1334,2025-01-01,285
9152,1597,2025-01-01,580
9153,1193,2025-01-01,533
9154,4777,2025-01-01,128
9155,2616,2025-01-01,64
9156,2154,2025-01-01,341
9157,4154,2025-01-01,152
9158,3450,2025-01-01,162
9159,845,2025-01-01,432
9160,3262,2025-01-01,126
9161,1198,2025-01-01,505
9162,3250,2025-01-01,195
9163,228,2025-01-01,182
9164,954,2025-01-01,214
9165,4397,2025-01-01,515
9166,3256,2025-01-01,400
9167,1742,2025-01-01,184
9168,4149,2025-01-01,342
9169,721,2025-01-01,191
9170,1297,2025-01-01,473
9171,2474,2025-01-01,470
9172,1630,2025-01-01,281
9173,3996,2025-01-01,81
9174,4444,2025-01-01,91
9175,1675,2025-01-01,255
9176,3334,2025-01-01,70
9177,1285,2025-01-01,52
9178,136,2025-01-01,397
9179,4360,2025-01-01,288
9180,2430,2025-01-01,71
9181,796,2025-01-01,28
9182,3517,2025-01-01,508
9183,2729,2025-01-01,12
9184,3463,2025-01-01,137
9185,4215,2025-01-01,61
9186,2390,2025-01-01,224
9187,4406,2025-01-01,255
9188,2397,2025-01-01,424
9189,4763,2025-01-01,180
9190,1625,2025-01-01,40
9191,3341,2025-01-01,142
9192,3621,2025-01-01,240
9193,221,2025-01-01,113
9194,2680,2025-01-01,443
9195,3696,2025-01-01,143
9196,2682,2025-01-01,384
9197,3353,2025-01-01,537
9198,258,2025-01-01,233
9199,113,2025-01-01,285
9200,4729,2025-01-01,476
9201,1105,2025-01-01,68
9202,3681,2025-01-01,76
9203,13,2025-01-01,339
9204,122,2025-01-01,239
9205,1343,2025-01-01,306
9206,4262,2025-01-01,573
9207,904,2025-01-01,234
9208,4282,2025-01-01,171
9209,3846,2025-01-01,66
9210,3470,2025-01-01,599
9211,1264,2025-01-01,444
9212,551,2025-01-01,88
9213,2791,2025-01-01,231
9214,2507,2025-01-01,24
9215,2529,2025-01-01,307
9216,2501,2025-01-01,549
9217,3472,2025-01-01,30
9218,2262,2025-01-01,126
9219,2543,2025-01-01,394
9220,1292,2025-01-01,558
9221,3029,2025-01-01,397
9222,1928,2025-01-01,245
9223,1818,2025-01-01,538
9224,4839,2025-01-01,532
9225,3408,2025-01-01,584
9226,74,2025-01-01,165
9227,863,2025-01-01,592
9228,2197,2025-01-01,485
9229,924,2025-01-01,464
9230,1181,2025-01-01,38
9231,161,2025-01-01,557
9232,4877,2025-01-01,547
9233,1952,2025-01-01,511
9234,4059,2025-01-01,375
9235,120,2025-01-01,278
9236,3880,2025-01-01,331
9237,1825,2025-01-01,230
9238,2698,2025-01-01,157
9239,1914,2025-01-01,534
9240,894,2025-01-01,244
9241,2516,2025-01-01,580
9242,1711,2025-01-01,524
9243,2443,2025-01-01,541
9244,3966,2025-01-01,189
9245,1097,2025-01-01,365
9246,331,2025-01-01,288
9247,2328,2025-01-01,443
9248,159,2025-01-01,573
9249,790,2025-01-01,424
9250,1308,2025-01-01,588
9251,3353,2025-01-01,346
9252,1759,2025-01-01,528
9253,3714,2025-01-01,562
9254,2688,2025-01-01,578
9255,3507,2025-01-01,362
9256,4829,2025-01-01,443
9257,3693,2025-01-01,163
9258,3564,2025-01-01,180
9259,356,2025-01-01,339
9260,4496,2025-01-01,560
9261,1461,2025-01-01,500
9262,3087,2025-01-01,594
9263,2849,2025-01-01,529
9264,3037,2025-01-01,364
9265,1486,2025-01-01,548
9266,3846,2025-01-01,462
9267,1938,2025-01-01,561
9268,1132,2025-01-01,124
9269,2840,2025-01-01,209
9270,3039,2025-01-01,127
9271,3012,2025-01-01,425
9272,4297,2025-01-01,47
9273,3773,2025-01-01,373
9274,4870,2025-01-01,212
9275,3842,2025-01-01,522
9276,2121,2025-01-01,523
9277,331,2025-01-01,295
9278,332,2025-01-01,80
9279,3168,2025-01-01,174
9280,4178,2025-01-01,287
9281,3589,2025-01-01,147
9282,4975,2025-01-01,416
9283,1259,2025-01-01,460
9284,2558,2025-01-01,295
9285,1011,2025-01-01,594
9286,4427,2025-01-01,11
9287,1961,2025-01-01,558
9288,4684,2025-01-01,50
9289,3460,2025-01-01,94
9290,4884,2025-01-01,222
9291,3497,2025-01-01,254
9292,3993,2025-01-01,590
9293,680,2025-01-01,487
9294,4798,2025-01-01,3
9295,1692,2025-01-01,57
9296,3090,2025-01-01,393
9297,2746,2025-01-01,328
9298,4103,2025-01-01,71
9299,1741,2025-01-01,564
9300,1016,2025-01-01,240
9301,3183,2025-01-01,80
9302,2450,2025-01-01,461
9303,2030,2025-01-01,39
9304,2883,2025-01-01,482
9305,1135,2025-01-01,574
9306,4246,2025-01-01,446
9307,2244,2025-01-01,345
9308,4349,2025-01-01,43
9309,358,2025-01-01,212
9310,661,2025-01-01,184
9311,2988,2025-01-01,254
9312,2818,2025-01-01,551
9313,2251,2025-01-01,244
9314,3148,2025-01-01,549
9315,3823,2025-01-01,485
9316,2133,2025-01-01,410
9317,3717,2025-01-01,425
9318,2892,2025-01-01,114
9319,4656,2025-01-01,129
9320,2779,2025-01-01,325
9321,288,2025-01-01,66
9322,297,2025-01-01,534
9323,305,2025-01-01,560
9324,3884,2025-01-01,318
9325,704,2025-01-01,59
9326,3849,2025-01-01,597
9327,571,2025-01-01,174
9328,1541,2025-01-01,146
9329,818,2025-01-01,411
9330,2739,2025-01-01,251
9331,4261,2025-01-01,130
9332,148,2025-01-01,116
9333,4988,2025-01-01,33
9334,3155,2025-01-01,483
9335,3121,2025-01-01,503
9336,3644,2025-01-01,318
9337,376,2025-01-01,313
9338,4263,2025-01-01,155
9339,2209,2025-01-01,197
9340,4210,2025-01-01,136
9341,2581,2025-01-01,485
9342,3717,2025-01-01,207
9343,3510,2025-01-01,230
9344,1529,2025-01-01,13
9345,1902,2025-01-01,413
9346,3699,2025-01-01,375
9347,3132,2025-01-01,185
9348,3569,2025-01-01,322
9349,4297,2025-01-01,508
9350,3662,2025-01-01,412
9351,4740,2025-01-01,94
9352,1148,2025-01-01,80
9353,1075,2025-01-01,562
9354,2219,2025-01-01,78
9355,2226,2025-01-01,597
9356,2647,2025-01-01,194
9357,272,2025-01-01,520
9358,300,2025-01-01,230
9359,4873,2025-01-01,244
9360,178,2025-01-01,182
9361,2471,2025-01-01,126
9362,152,2025-01-01,580
9363,3851,2025-01-01,66
9364,3949,2025-01-01,23
9365,825,2025-01-01,251
9366,1995,2025-01-01,552
9367,4223,2025-01-01,141
9368,1206,2025-01-01,498
9369,4842,2025-01-01,168
9370,776,2025-01-01,513
9371,3473,2025-01-01,521
9372,1528,2025-01-01,333
9373,2604,2025-01-01,376
9374,4089,2025-01-01,187
9375,893,2025-01-01,551
9376,3410,2025-01-01,319
9377,521,2025-01-01,418
9378,3475,2025-01-01,33
9379,4831,2025-01-01,122
9380,520,2025-01-01,156
9381,805,2025-01-01,316
9382,522,2025-01-01,365
9383,708,2025-01-01,542
9384,2443,2025-01-01,92
9385,3123,2025-01-01,19
9386,1823,2025-01-01,16
9387,2989,2025-01-01,89
9388,3852,2025-01-01,364
9389,2331,2025-01-01,54
9390,2681,2025-01-01,592
9391,1621,2025-01-01,339
9392,1419,2025-01-01,312
9393,442,2025-01-01,21
9394,134,2025-01-01,107
9395,755,2025-01-01,345
9396,1203,2025-01-01,461
9397,4384,2025-01-01,360
9398,1688,2025-01-01,567
9399,4934,2025-01-01,573
9400,3023,2025-01-01,183
9401,1604,2025-01-01,413
9402,119,2025-01-01,141
9403,2164,2025-01-01,277
9404,36,2025-01-01,553
9405,52,2025-01-01,205
9406,729,2025-01-01,203
9407,4794,2025-01-01,12
9408,2713,2025-01-01,237
9409,74,2025-01-01,548
9410,2738,2025-01-01,182
9411,3960,2025-01-01,310
9412,1638,2025-01-01,199
9413,1474,2025-01-01,266
9414,340,2025-01-01,447
9415,4656,2025-01-01,221
9416,3474,2025-01-01,122
9417,4114,2025-01-01,415
9418,4187,2025-01-01,36
9419,3366,2025-01-01,300
9420,4591,2025-01-01,342
9421,126,2025-01-01,408
9422,3456,2025-01-01,251
9423,567,2025-01-01,519
9424,2289,2025-01-01,74
9425,3644,2025-01-01,455
9426,4228,2025-01-01,53
9427,47,2025-01-01,553
9428,995,2025-01-01,170
9429,500,2025-01-01,173
9430,2403,2025-01-01,191
9431,3909,2025-01-01,222
9432,3152,2025-01-01,154
9433,1121,2025-01-01,309
9434,419,2025-01-01,397
9435,2266,2025-01-01,317
9436,4261,2025-01-01,386
9437,1717,2025-01-01,208
9438,4064,2025-01-01,350
9439,2781,2025-01-01,335
9440,785,2025-01-01,97
9441,3928,2025-01-01,292
9442,1047,2025-01-01,29
9443,3332,2025-01-01,477
9444,1588,2025-01-01,342
9445,3153,2025-01-01,176
9446,568,2025-01-01,366
9447,3322,2025-01-01,198
9448,945,2025-01-01,27
9449,2651,2025-01-01,472
9450,4787,2025-01-01,261
9451,3189,2025-01-01,25
9452,2387,2025-01-01,119
9453,4683,2025-01-01,562
9454,4181,2025-01-01,555
9455,759,2025-01-01,304
9456,4092,2025-01-01,359
9457,4737,2025-01-01,246
9458,2674,2025-01-01,374
9459,4805,2025-01-01,95
9460,132,2025-01-01,321
9461,1714,2025-01-01,380
9462,3598,2025-01-01,456
9463,4777,2025-01-01,590
9464,2562,2025-01-01,318
9465,4176,2025-01-01,298
9466,3852,2025-01-01,111
9467,2271,2025-01-01,531
9468,441,2025-01-01,569
9469,4094,2025-01-01,581
9470,2943,2025-01-01,183
9471,444,2025-01-01,381
9472,2496,2025-01-01,184
9473,2671,2025-01-01,354
9474,3076,2025-01-01,90
9475,776,2025-01-01,491
9476,3834,2025-01-01,318
9477,4593,2025-01-01,375
9478,113,2025-01-01,360
9479,4460,2025-01-01,7
9480,625,2025-01-01,197
9481,4964,2025-01-01,157
9482,4668,2025-01-01,245
9483,2801,2025-01-01,95
9484,931,2025-01-01,360
9485,4705,2025-01-01,185
9486,1659,2025-01-01,430
9487,4086,2025-01-01,284
9488,4985,2025-01-01,513
9489,1801,2025-01-01,246
9490,3589,2025-01-01,267
9491,3465,2025-01-01,131
9492,4014,2025-01-01,484
9493,3662,2025-01-01,532
9494,1427,2025-01-01,158
9495,1202,2025-01-01,66
9496,1152,2025-01-01,476
9497,1731,2025-01-01,459
9498,1942,2025-01-01,574
9499,2297,2025-01-01,597
9500,859,2025-01-01,299
9501,73,2025-01-01,548
9502,3158,2025-01-01,76
9503,4001,2025-01-01,34
9504,76,2025-01-01,88
9505,4285,2025-01-01,332
9506,3260,2025-01-01,297
9507,4232,2025-01-01,58
9508,125,2025-01-01,570
9509,4930,2025-01-01,111
9510,569,2025-01-01,335
9511,2364,2025-01-01,91
9512,1578,2025-01-01,217
9513,2235,2025-01-01,151
9514,4934,2025-01-01,31
9515,3766,2025-01-01,218
9516,276,2025-01-01,145
9517,1254,2025-01-01,430
9518,4706,2025-01-01,314
9519,1679,2025-01-01,50
9520,719,2025-01-01,150
9521,723,2025-01-01,305
9522,1764,2025-01-01,486
9523,3226,2025-01-01,290
9524,2547,2025-01-01,43
9525,1770,2025-01-01,512
9526,3343,2025-01-01,492
9527,3619,2025-01-01,81
9528,2707,2025-01-01,310
9529,2935,2025-01-01,261
9530,2749,2025-01-01,89
9531,2966,2025-01-01,167
9532,2450,2025-01-01,573
9533,4332,2025-01-01,416
9534,2664,2025-01-01,557
9535,577,2025-01-01,118
9536,3714,2025-01-01,121
9537,1571,2025-01-01,94
9538,4652,2025-01-01,142
9539,1010,2025-01-01,417
9540,976,2025-01-01,425
9541,3629,2025-01-01,7
9542,1083,2025-01-01,188
9543,2436,2025-01-01,39
9544,3307,2025-01-01,7
9545,1695,2025-01-01,551
9546,263,2025-01-01,253
9547,4274,2025-01-01,268
9548,1743,2025-01-01,137
9549,4634,2025-01-01,388
9550,4382,2025-01-01,311
9551,1727,2025-01-01,206
9552,1183,2025-01-01,454
9553,1373,2025-01-01,369
9554,3691,2025-01-01,174
9555,2332,2025-01-01,438
9556,1752,2025-01-01,278
9557,270,2025-01-01,447
9558,3928,2025-01-01,504
9559,3604,2025-01-01,62
9560,634,2025-01-01,163
9561,3248,2025-01-01,195
9562,1389,2025-01-01,459
9563,4923,2025-01-01,33
9564,4805,2025-01-01,289
9565,4981,2025-01-01,74
9566,409,2025-01-01,570
9567,4525,2025-01-01,29
9568,2678,2025-01-01,589
9569,4106,2025-01-01,595
9570,1179,2025-01-01,335
9571,3696,2025-01-01,579
9572,1567,2025-01-01,445
9573,4994,2025-01-01,128
9574,3056,2025-01-01,371
9575,3172,2025-01-01,194
9576,3648,2025-01-01,4
9577,4425,2025-01-01,6
9578,298,2025-01-01,79
9579,273,2025-01-01,146
9580,1253,2025-01-01,437
9581,2527,2025-01-01,332
9582,2605,2025-01-01,389
9583,2428,2025-01-01,246
9584,1,2025-01-01,175
9585,3742,2025-01-01,504
9586,1854,2025-01-01,272
9587,819,2025-01-01,235
9588,401,2025-01-01,176
9589,494,2025-01-01,319
9590,974,2025-01-01,217
9591,811,2025-01-01,304
9592,4617,2025-01-01,515
9593,4182,2025-01-01,515
9594,381,2025-01-01,171
9595,1033,2025-01-01,598
9596,3246,2025-01-01,435
9597,4549,2025-01-01,563
9598,2329,2025-01-01,32
9599,619,2025-01-01,28
9600,1705,2025-01-01,405
9601,3413,2025-01-01,258
9602,2450,2025-01-01,336
9603,52,2025-01-01,390
9604,1087,2025-01-01,596
9605,2912,2025-01-01,598
9606,2275,2025-01-01,429
9607,2447,2025-01-01,44
9608,4377,2025-01-01,365
9609,3893,2025-01-01,18
9610,3267,2025-01-01,284
9611,4095,2025-01-01,521
9612,4719,2025-01-01,188
9613,320,2025-01-01,424
9614,4868,2025-01-01,170
9615,4697,2025-01-01,200
9616,1725,2025-01-01,402
9617,2337,2025-01-01,536
9618,885,2025-01-01,326
9619,3664,2025-01-01,268
9620,4124,2025-01-01,535
9621,1984,2025-01-01,263
9622,572,2025-01-01,142
9623,27,2025-01-01,81
9624,2722,2025-01-01,444
9625,4530,2025-01-01,388
9626,3755,2025-01-01,562
9627,2490,2025-01-01,123
9628,3448,2025-01-01,395
9629,1821,2025-01-01,206
9630,4027,2025-01-01,362
9631,406,2025-01-01,446
9632,4044,2025-01-01,102
9633,2040,2025-01-01,356
9634,221,2025-01-01,504
9635,3902,2025-01-01,238
9636,1955,2025-01-01,456
9637,876,2025-01-01,485
9638,382,2025-01-01,427
9639,4314,2025-01-01,317
9640,1242,2025-01-01,135
9641,151,2025-01-01,301
9642,2895,2025-01-01,494
9643,2429,2025-01-01,55
9644,3760,2025-01-01,254
9645,1835,2025-01-01,583
9646,1725,2025-01-01,431
9647,2525,2025-01-01,428
9648,4100,2025-01-01,186
9649,266,2025-01-01,253
9650,4347,2025-01-01,232
9651,3765,2025-01-01,558
9652,1575,2025-01-01,170
9653,3865,2025-01-01,183
9654,172,2025-01-01,4
9655,2315,2025-01-01,431
9656,3313,2025-01-01,53
9657,610,2025-01-01,547
9658,2060,2025-01-01,180
9659,2963,2025-01-01,589
9660,1679,2025-01-01,150
9661,2712,2025-01-01,167
9662,4869,2025-01-01,498
9663,1155,2025-01-01,485
9664,1579,2025-01-01,411
9665,4099,2025-01-01,585
9666,3825,2025-01-01,595
9667,4770,2025-01-01,564
9668,399,2025-01-01,56
9669,1511,2025-01-01,50
9670,418,2025-01-01,112
9671,4387,2025-01-01,193
9672,525,2025-01-01,60
9673,3152,2025-01-01,88
9674,1548,2025-01-01,516
9675,3571,2025-01-01,246
9676,1414,2025-01-01,438
9677,4397,2025-01-01,38
9678,4781,2025-01-01,568
9679,2714,2025-01-01,351
9680,2714,2025-01-01,267
9681,1383,2025-01-01,558
9682,168,2025-01-01,549
9683,3478,2025-01-01,62
9684,4959,2025-01-01,105
9685,3012,2025-01-01,385
9686,3517,2025-01-01,264
9687,3938,2025-01-01,214
9688,2005,2025-01-01,243
9689,2415,2025-01-01,257
9690,2269,2025-01-01,329
9691,231,2025-01-01,20
9692,1292,2025-01-01,48
9693,783,2025-01-01,268
9694,4255,2025-01-01,531
9695,2649,2025-01-01,264
9696,1402,2025-01-01,299
9697,2746,2025-01-01,64
9698,1617,2025-01-01,481
9699,440,2025-01-01,225
9700,1627,2025-01-01,568
9701,4918,2025-01-01,186
9702,2448,2025-01-01,353
9703,763,2025-01-01,77
9704,1813,2025-01-01,589
9705,4458,2025-01-01,581
9706,4502,2025-01-01,287
9707,3806,2025-01-01,312
9708,405,2025-01-01,274
9709,1471,2025-01-01,511
9710,1261,2025-01-01,78
9711,2381,2025-01-01,95
9712,4646,2025-01-01,426
9713,1198,2025-01-01,172
9714,654,2025-01-01,483
9715,1777,2025-01-01,52
9716,3006,2025-01-01,345
9717,2707,2025-01-01,371
9718,693,2025-01-01,448
9719,2017,2025-01-01,269
9720,3550,2025-01-01,425
9721,4928,2025-01-01,377
9722,1780,2025-01-01,246
9723,3966,2025-01-01,456
9724,2172,2025-01-01,546
9725,1245,2025-01-01,97
9726,4516,2025-01-01,303
9727,56,2025-01-01,375
9728,3304,2025-01-01,300
9729,3232,2025-01-01,551
9730,3369,2025-01-01,93
9731,2448,2025-01-01,350
9732,197,2025-01-01,35
9733,886,2025-01-01,506
9734,3619,2025-01-01,499
9735,4894,2025-01-01,84
9736,16,2025-01-01,15
9737,12,2025-01-01,101
9738,4484,2025-01-01,188
9739,194,2025-01-01,276
9740,2797,2025-01-01,231
9741,2373,2025-01-01,112
9742,3676,2025-01-01,512
9743,1580,2025-01-01,50
9744,1375,2025-01-01,331
9745,3510,2025-01-01,275
9746,4132,2025-01-01,8
9747,1174,2025-01-01,94
9748,1612,2025-01-01,38
9749,4899,2025-01-01,340
9750,1412,2025-01-01,417
9751,3968,2025-01-01,124
9752,3074,2025-01-01,197
9753,2577,2025-01-01,399
9754,3561,2025-01-01,461
9755,3651,2025-01-01,520
9756,866,2025-01-01,429
9757,1847,2025-01-01,348
9758,880,2025-01-01,465
9759,1964,2025-01-01,563
9760,3881,2025-01-01,545
9761,3529,2025-01-01,502
9762,4064,2025-01-01,510
9763,3842,2025-01-01,585
9764,1570,2025-01-01,189
9765,2776,2025-01-01,188
9766,633,2025-01-01,151
9767,2896,2025-01-01,87
9768,880,2025-01-01,238
9769,3818,2025-01-01,126
9770,2947,2025-01-01,375
9771,4414,2025-01-01,101
9772,2649,2025-01-01,430
9773,3551,2025-01-01,102
9774,1978,2025-01-01,124
9775,314,2025-01-01,235
9776,2421,2025-01-01,28
9777,2040,2025-01-01,499
9778,3894,2025-01-01,70
9779,2389,2025-01-01,371
9780,3074,2025-01-01,129
9781,2958,2025-01-01,392
9782,3651,2025-01-01,218
9783,4051,2025-01-01,205
9784,3648,2025-01-01,58
9785,4641,2025-01-01,316
9786,3769,2025-01-01,310
9787,330,2025-01-01,339
9788,857,2025-01-01,303
9789,1164,2025-01-01,89
9790,529,2025-01-01,284
9791,1675,2025-01-01,481
9792,1839,2025-01-01,136
9793,613,2025-01-01,350
9794,2340,2025-01-01,69
9795,4273,2025-01-01,448
9796,48,2025-01-01,139
9797,4767,2025-01-01,113
9798,3527,2025-01-01,392
9799,3465,2025-01-01,101
9800,317,2025-01-01,532
9801,4683,2025-01-01,198
9802,1459,2025-01-01,37
9803,3313,2025-01-01,244
9804,4489,2025-01-01,236
9805,4693,2025-01-01,409
9806,1421,2025-01-01,53
9807,1855,2025-01-01,435
9808,4249,2025-01-01,116
9809,661,2025-01-01,526
9810,757,2025-01-01,50
9811,30,2025-01-01,453
9812,272,2025-01-01,14
9813,3180,2025-01-01,152
9814,1797,2025-01-01,401
9815,854,2025-01-01,533
9816,2212,2025-01-01,515
9817,1939,2025-01-01,125
9818,2000,2025-01-01,129
9819,1963,2025-01-01,73
9820,2153,2025-01-01,15
9821,2661,2025-01-01,278
9822,2944,2025-01-01,419
9823,1059,2025-01-01,414
9824,1782,2025-01-01,496
9825,1520,2025-01-01,550
9826,529,2025-01-01,276
9827,4887,2025-01-01,384
9828,3762,2025-01-01,79
9829,1725,2025-01-01,360
9830,2573,2025-01-01,51
9831,415,2025-01-01,562
9832,3113,2025-01-01,408
9833,3760,2025-01-01,369
9834,1444,2025-01-01,322
9835,4514,2025-01-01,488
9836,4103,2025-01-01,478
9837,3003,2025-01-01,158
9838,3520,2025-01-01,290
9839,1837,2025-01-01,158
9840,524,2025-01-01,496
9841,421,2025-01-01,597
9842,4895,2025-01-01,227
9843,918,2025-01-01,412
9844,2603,2025-01-01,61
9845,1022,2025-01-01,334
9846,571,2025-01-01,231
9847,400,2025-01-01,591
9848,971,2025-01-01,405
9849,3407,2025-01-01,579
9850,1089,2025-01-01,281
9851,3894,2025-01-01,64
9852,1729,2025-01-01,280
9853,2700,2025-01-01,190
9854,1298,2025-01-01,87
9855,4193,2025-01-01,392
9856,4478,2025-01-01,436
9857,3692,2025-01-01,476
9858,3052,2025-01-01,231
9859,2041,2025-01-01,33
9860,3983,2025-01-01,518
9861,2482,2025-01-01,13
9862,3247,2025-01-01,528
9863,1347,2025-01-01,154
9864,222,2025-01-01,213
9865,2233,2025-01-01,559
9866,3177,2025-01-01,376
9867,4446,2025-01-01,530
9868,163,2025-01-01,518
9869,3453,2025-01-01,419
9870,2830,2025-01-01,595
9871,604,2025-01-01,114
9872,4656,2025-01-01,566
9873,4705,2025-01-01,598
9874,3960,2025-01-01,438
9875,3905,2025-01-01,476
9876,1885,2025-01-01,487
9877,3642,2025-01-01,339
9878,4607,2025-01-01,433
9879,1971,2025-01-01,296
9880,913,2025-01-01,107
9881,64,2025-01-01,252
9882,856,2025-01-01,145
9883,1133,2025-01-01,174
9884,1534,2025-01-01,155
9885,1656,2025-01-01,8
9886,459,2025-01-01,163
9887,3890,2025-01-01,553
9888,4977,2025-01-01,548
9889,1745,2025-01-01,339
9890,2379,2025-01-01,561
9891,3220,2025-01-01,30
9892,73,2025-01-01,14
9893,2964,2025-01-01,163
9894,3458,2025-01-01,60
9895,2207,2025-01-01,399
9896,1106,2025-01-01,159
9897,3907,2025-01-01,536
9898,1710,2025-01-01,379
9899,440,2025-01-01,474
9900,1966,2025-01-01,392
9901,1402,2025-01-01,1
9902,1146,2025-01-01,195
9903,1605,2025-01-01,477
9904,3251,2025-01-01,458
9905,2148,2025-01-01,262
9906,4856,2025-01-01,115
9907,2893,2025-01-01,170
9908,3708,2025-01-01,491
9909,1438,2025-01-01,87
9910,2721,2025-01-01,250
9911,4662,2025-01-01,595
9912,4638,2025-01-01,582
9913,1111,2025-01-01,412
9914,3498,2025-01-01,0
9915,3410,2025-01-01,488
9916,550,2025-01-01,340
9917,2405,2025-01-01,229
9918,2707,2025-01-01,380
9919,911,2025-01-01,55
9920,1277,2025-01-01,344
9921,1474,2025-01-01,357
9922,2205,2025-01-01,165
9923,3414,2025-01-01,357
9924,1397,2025-01-01,436
9925,4891,2025-01-01,421
9926,757,2025-01-01,421
9927,1672,2025-01-01,300
9928,3485,2025-01-01,289
9929,2938,2025-01-01,375
9930,2037,2025-01-01,525
9931,3603,2025-01-01,463
9932,2858,2025-01-01,525
9933,2783,2025-01-01,133
9934,2130,2025-01-01,106
9935,2229,2025-01-01,584
9936,2854,2025-01-01,265
9937,1296,2025-01-01,104
9938,4529,2025-01-01,249
9939,1391,2025-01-01,317
9940,2943,2025-01-01,105
9941,586,2025-01-01,520
9942,2322,2025-01-01,330
9943,1653,2025-01-01,34
9944,4692,2025-01-01,123
9945,609,2025-01-01,419
9946,4636,2025-01-01,74
9947,4597,2025-01-01,241
9948,4890,2025-01-01,563
9949,3616,2025-01-01,491
9950,1760,2025-01-01,249
9951,3206,2025-01-01,63
9952,3612,2025-01-01,167
9953,1977,2025-01-01,69
9954,1656,2025-01-01,392
9955,2279,2025-01-01,416
9956,4541,2025-01-01,285
9957,4296,2025-01-01,47
9958,3794,2025-01-01,152
9959,1736,2025-01-01,296
9960,4388,2025-01-01,429
9961,563,2025-01-01,98
9962,3017,2025-01-01,130
9963,544,2025-01-01,535
9964,2275,2025-01-01,217
9965,1896,2025-01-01,49
9966,817,2025-01-01,77
9967,4570,2025-01-01,182
9968,639,2025-01-01,539
9969,1017,2025-01-01,468
9970,4175,2025-01-01,591
9971,1889,2025-01-01,315
9972,3260,2025-01-01,124
9973,2515,2025-01-01,59
9974,1939,2025-01-01,517
9975,1902,2025-01-01,506
9976,3265,2025-01-01,342
9977,4150,2025-01-01,184
9978,1781,2025-01-01,41
9979,3534,2025-01-01,490
9980,1655,2025-01-01,410
9981,391,2025-01-01,250
9982,3254,2025-01-01,195
9983,2191,2025-01-01,401
9984,723,2025-01-01,289
9985,3662,2025-01-01,322
9986,942,2025-01-01,248
9987,4643,2025-01-01,446
9988,17,2025-01-01,520
9989,1390,2025-01-01,325
9990,213,2025-01-01,63
9991,1652,2025-01-01,64
9992,609,2025-01-01,146
9993,32,2025-01-01,450
9994,4156,2025-01-01,534
9995,4065,2025-01-01,525
9996,2907,2025-01-01,22
9997,3089,2025-01-01,41
9998,4353,2025-01-01,424
9999,1649,2025-01-01,219
10000,1668,2025-01-01,299
10001,2118,2025-01-01,481
10002,262,2025-01-01,577
10003,2008,2025-01-01,178
10004,1800,2025-01-01,276
10005,3467,2025-01-01,192
10006,859,2025-01-01,41
10007,2404,2025-01-01,292
10008,1936,2025-01-01,172
10009,2361,2025-01-01,252
10010,1540,2025-01-01,100
10011,4648,2025-01-01,146
10012,4691,2025-01-01,582
10013,4958,2025-01-01,484
10014,3517,2025-01-01,353
10015,4197,2025-01-01,490
10016,4797,2025-01-01,370
10017,2202,2025-01-01,108
10018,3151,2025-01-01,22
10019,1821,2025-01-01,325
10020,3262,2025-01-01,216
10021,2981,2025-01-01,304
10022,3312,2025-01-01,209
10023,2114,2025-01-01,93
10024,3247,2025-01-01,24
10025,4812,2025-01-01,543
10026,974,2025-01-01,245
10027,1040,2025-01-01,323
10028,3780,2025-01-01,276
10029,1016,2025-01-01,78
10030,1374,2025-01-01,179
10031,2963,2025-01-01,213
10032,2859,2025-01-01,83
10033,507,2025-01-01,423
10034,3978,2025-01-01,136
10035,2374,2025-01-01,331
10036,4070,2025-01-01,530
10037,997,2025-01-01,358
10038,4693,2025-01-01,334
10039,1168,2025-01-01,490
10040,455,2025-01-01,428
10041,4382,2025-01-01,95
10042,2243,2025-01-01,497
10043,4180,2025-01-01,583
10044,3455,2025-01-01,95
10045,880,2025-01-01,21
10046,3868,2025-01-01,117
10047,4108,2025-01-01,440
10048,4864,2025-01-01,1
10049,3194,2025-01-01,321
10050,2914,2025-01-01,58
10051,2981,2025-01-01,145
10052,3397,2025-01-01,52
10053,9,2025-01-01,488
10054,2209,2025-01-01,132
10055,1874,2025-01-01,125
10056,364,2025-01-01,563
10057,1851,2025-01-01,291
10058,591,2025-01-01,388
10059,4642,2025-01-01,381
10060,600,2025-01-01,412
10061,620,2025-01-01,168
10062,689,2025-01-01,573
10063,1522,2025-01-01,301
10064,1552,2025-01-01,322
10065,3100,2025-01-01,204
10066,2296,2025-01-01,433
10067,4455,2025-01-01,127
10068,746,2025-01-01,423
10069,3841,2025-01-01,370
10070,4428,2025-01-01,408
10071,433,2025-01-01,57
10072,1459,2025-01-01,445
10073,3591,2025-01-01,483
10074,3958,2025-01-01,314
10075,3412,2025-01-01,251
10076,4860,2025-01-01,64
10077,775,2025-01-01,114
10078,3153,2025-01-01,501
10079,4254,2025-01-01,508
10080,4927,2025-01-01,409
10081,2854,2025-01-01,49
10082,1638,2025-01-01,548
10083,4250,2025-01-01,442
10084,4399,2025-01-01,78
10085,931,2025-01-01,342
10086,1458,2025-01-01,583
10087,1876,2025-01-01,143
10088,4546,2025-01-01,586
10089,4998,2025-01-01,164
10090,2903,2025-01-01,430
10091,3903,2025-01-01,230
10092,4270,2025-01-01,183
10093,1186,2025-01-01,436
10094,248,2025-01-01,454
10095,3844,2025-01-01,251
10096,3810,2025-01-01,59
10097,1182,2025-01-01,493
10098,551,2025-01-01,10
10099,536,2025-01-01,337
10100,3950,2025-01-01,101
10101,346,2025-01-01,149
10102,2430,2025-01-01,173
10103,3143,2025-01-01,401
10104,1031,2025-01-01,433
10105,3911,2025-01-01,372
10106,3759,2025-01-01,457
10107,3236,2025-01-01,513
10108,1889,2025-01-01,89
10109,867,2025-01-01,207
10110,1081,2025-01-01,245
10111,4916,2025-01-01,214
10112,1529,2025-01-01,133
10113,4256,2025-01-01,496
10114,3032,2025-01-01,218
10115,4629,2025-01-01,152
10116,818,2025-01-01,131
10117,2062,2025-01-01,291
10118,999,2025-01-01,562
10119,4326,2025-01-01,472
10120,2742,2025-01-01,445
10121,232,2025-01-01,243
10122,4187,2025-01-01,409
10123,2945,2025-01-01,539
10124,949,2025-01-01,88
10125,1176,2025-01-01,564
10126,4669,2025-01-01,111
10127,3839,2025-01-01,457
10128,1720,2025-01-01,130
10129,1254,2025-01-01,117
10130,80,2025-01-01,404
10131,4081,2025-01-01,459
10132,2768,2025-01-01,79
10133,851,2025-01-01,544
10134,1138,2025-01-01,412
10135,1056,2025-01-01,135
10136,1061,2025-01-01,592
10137,2322,2025-01-01,232
10138,2485,2025-01-01,524
10139,2458,2025-01-01,488
10140,2710,2025-01-01,308
10141,2039,2025-01-01,125
10142,1797,2025-01-01,112
10143,1888,2025-01-01,470
10144,3450,2025-01-01,235
10145,3822,2025-01-01,355
10146,488,2025-01-01,134
10147,4791,2025-01-01,99
10148,1842,2025-01-01,518
10149,2833,2025-01-01,428
10150,1548,2025-01-01,525
10151,3568,2025-01-01,249
10152,4152,2025-01-01,293
10153,1893,2025-01-01,158
10154,3437,2025-01-01,250
10155,3831,2025-01-01,505
10156,2432,2025-01-01,451
10157,1921,2025-01-01,83
10158,4268,2025-01-01,249
10159,1790,2025-01-01,250
10160,3246,2025-01-01,15
10161,1145,2025-01-01,306
10162,4508,2025-01-01,401
10163,303,2025-01-01,400
10164,1480,2025-01-01,358
10165,3847,2025-01-01,233
10166,2292,2025-01-01,248
10167,4627,2025-01-01,284
10168,1331,2025-01-01,554
10169,2117,2025-01-01,541
10170,1633,2025-01-01,478
10171,3405,2025-01-01,547
10172,70,2025-01-01,407
10173,942,2025-01-01,180
10174,1994,2025-01-01,292
10175,2876,2025-01-01,591
10176,2635,2025-01-01,463
10177,2347,2025-01-01,160
10178,1170,2025-01-01,66
10179,4990,2025-01-01,456
10180,4510,2025-01-01,74
10181,4047,2025-01-01,249
10182,4463,2025-01-01,463
10183,3884,2025-01-01,81
10184,2233,2025-01-01,399
10185,1209,2025-01-01,536
10186,376,2025-01-01,555
10187,3352,2025-01-01,43
10188,3384,2025-01-01,155
10189,1795,2025-01-01,73
10190,2703,2025-01-01,162
10191,1581,2025-01-01,29
10192,4705,2025-01-01,12
10193,3821,2025-01-01,341
10194,4441,2025-01-01,121
10195,1644,2025-01-01,355
10196,4173,2025-01-01,594
10197,4873,2025-01-01,360
10198,277,2025-01-01,312
10199,878,2025-01-01,407
10200,2991,2025-01-01,564
10201,747,2025-01-01,420
10202,3706,2025-01-01,214
10203,1081,2025-01-01,266
10204,4480,2025-01-01,385
10205,610,2025-01-01,494
10206,4489,2025-01-01,223
10207,941,2025-01-01,336
10208,1985,2025-01-01,578
10209,1337,2025-01-01,402
10210,2961,2025-01-01,377
10211,3834,2025-01-01,418
10212,3916,2025-01-01,10
10213,1885,2025-01-01,180
10214,4452,2025-01-01,106
10215,182,2025-01-01,422
10216,3279,2025-01-01,377
10217,96,2025-01-01,466
10218,3255,2025-01-01,149
10219,740,2025-01-01,221
10220,1509,2025-01-01,17
10221,4315,2025-01-01,511
10222,2661,2025-01-01,127
10223,2830,2025-01-01,578
10224,4006,2025-01-01,119
10225,1475,2025-01-01,183
10226,4303,2025-01-01,583
10227,4831,2025-01-01,211
10228,4133,2025-01-01,557
10229,606,2025-01-01,176
10230,3102,2025-01-01,186
10231,4191,2025-01-01,291
10232,1740,2025-01-01,430
10233,1764,2025-01-01,546
10234,3311,2025-01-01,450
10235,660,2025-01-01,91
10236,2941,2025-01-01,420
10237,3339,2025-01-01,298
10238,2400,2025-01-01,505
10239,3873,2025-01-01,346
10240,3706,2025-01-01,307
10241,3080,2025-01-01,347
10242,1135,2025-01-01,584
10243,3170,2025-01-01,121
10244,1866,2025-01-01,68
10245,2883,2025-01-01,379
10246,2629,2025-01-01,136
10247,486,2025-01-01,403
10248,3652,2025-01-01,441
10249,2575,2025-01-01,305
10250,3522,2025-01-01,306
10251,3287,2025-01-01,37
10252,1431,2025-01-01,43
10253,4346,2025-01-01,352
10254,878,2025-01-01,560
10255,536,2025-01-01,326
10256,3399,2025-01-01,7
10257,907,2025-01-01,409
10258,2330,2025-01-01,74
10259,3102,2025-01-01,53
10260,851,2025-01-01,498
10261,2713,2025-01-01,273
10262,3793,2025-01-01,349
10263,104,2025-01-01,85
10264,2569,2025-01-01,87
10265,2947,2025-01-01,324
10266,2275,2025-01-01,259
10267,3225,2025-01-01,373
10268,584,2025-01-01,70
10269,3194,2025-01-01,276
10270,1945,2025-01-01,398
10271,2669,2025-01-01,563
10272,323,2025-01-01,584
10273,4406,2025-01-01,487
10274,4273,2025-01-01,371
10275,2664,2025-01-01,594
10276,1843,2025-01-01,274
10277,3576,2025-01-01,503
10278,4079,2025-01-01,138
10279,2057,2025-01-01,132
10280,2394,2025-01-01,305
10281,3111,2025-01-01,519
10282,1508,2025-01-01,19
10283,3830,2025-01-01,260
10284,2077,2025-01-01,194
10285,3925,2025-01-01,194
10286,4750,2025-01-01,96
10287,3951,2025-01-01,275
10288,4120,2025-01-01,161
10289,4071,2025-01-01,418
10290,3707,2025-01-01,172
10291,3058,2025-01-01,242
10292,715,2025-01-01,66
10293,4471,2025-01-01,389
10294,2010,2025-01-01,24
10295,462,2025-01-01,245
10296,1204,2025-01-01,228
10297,3679,2025-01-01,11
10298,1975,2025-01-01,0
10299,4637,2025-01-01,85
10300,2496,2025-01-01,264
10301,3936,2025-01-01,175
10302,4513,2025-01-01,71
10303,403,2025-01-01,540
10304,855,2025-01-01,56
10305,4523,2025-01-01,231
10306,2282,2025-01-01,208
10307,4285,2025-01-01,40
10308,870,2025-01-01,196
10309,1753,2025-01-01,132
10310,2833,2025-01-01,95
10311,235,2025-01-01,401
10312,2002,2025-01-01,175
10313,1392,2025-01-01,408
10314,2654,2025-01-01,156
10315,4202,2025-01-01,77
10316,3544,2025-01-01,156
10317,2058,2025-01-01,239
10318,2737,2025-01-01,429
10319,4000,2025-01-01,378
10320,2386,2025-01-01,361
10321,1173,2025-01-01,73
10322,1519,2025-01-01,368
10323,3991,2025-01-01,152
10324,1966,2025-01-01,344
10325,3709,2025-01-01,409
10326,365,2025-01-01,511
10327,406,2025-01-01,191
10328,4504,2025-01-01,440
10329,1463,2025-01-01,9
10330,4750,2025-01-01,131
10331,2570,2025-01-01,586
10332,1546,2025-01-01,525
10333,4612,2025-01-01,134
10334,2731,2025-01-01,521
10335,4797,2025-01-01,66
10336,4137,2025-01-01,539
10337,2981,2025-01-01,48
10338,3061,2025-01-01,398
10339,491,2025-01-01,332
10340,4496,2025-01-01,544
10341,30,2025-01-01,207
10342,316,2025-01-01,347
10343,4876,2025-01-01,552
10344,2556,2025-01-01,189
10345,1095,2025-01-01,525
10346,2547,2025-01-01,553
10347,3793,2025-01-01,341
10348,3866,2025-01-01,302
10349,4955,2025-01-01,9
10350,674,2025-01-01,378
10351,2478,2025-01-01,30
10352,4917,2025-01-01,527
10353,2940,2025-01-01,317
10354,2709,2025-01-01,337
10355,2095,2025-01-01,363
10356,2893,2025-01-01,496
10357,3995,2025-01-01,353
10358,549,2025-01-01,584
10359,3156,2025-01-01,213
10360,723,2025-01-01,548
10361,3608,2025-01-01,245
10362,2779,2025-01-01,397
10363,3397,2025-01-01,461
10364,1359,2025-01-01,18
10365,3386,2025-01-01,368
10366,4363,2025-01-01,91
10367,1335,2025-01-01,547
10368,2075,2025-01-01,336
10369,2303,2025-01-01,471
10370,499,2025-01-01,590
10371,1992,2025-01-01,203
10372,1705,2025-01-01,138
10373,4306,2025-01-01,543
10374,420,2025-01-01,284
10375,1428,2025-01-01,391
10376,787,2025-01-01,397
10377,1533,2025-01-01,21
10378,4906,2025-01-01,95
10379,4384,2025-01-01,542
10380,2112,2025-01-01,475
10381,2170,2025-01-01,459
10382,2216,2025-01-01,354
10383,1860,2025-01-01,23
10384,3468,2025-01-01,334
10385,2545,2025-01-01,426
10386,4428,2025-01-01,190
10387,3690,2025-01-01,382
10388,1377,2025-01-01,222
10389,1815,2025-01-01,202
10390,3133,2025-01-01,554
10391,898,2025-01-01,479
10392,4885,2025-01-01,211
10393,2407,2025-01-01,248
10394,2827,2025-01-01,389
10395,4426,2025-01-01,285
10396,2146,2025-01-01,323
10397,939,2025-01-01,210
10398,2177,2025-01-01,376
10399,3993,2025-01-01,413
10400,1092,2025-01-01,115
10401,3055,2025-01-01,476
10402,2224,2025-01-01,530
10403,750,2025-01-01,86
10404,819,2025-01-01,225
10405,2111,2025-01-01,517
10406,1373,2025-01-01,345
10407,4120,2025-01-01,230
10408,2186,2025-01-01,50
10409,2880,2025-01-01,163
10410,563,2025-01-01,450
10411,1069,2025-01-01,228
10412,4869,2025-01-01,351
10413,428,2025-01-01,78
10414,3518,2025-01-01,410
10415,3145,2025-01-01,556
10416,4900,2025-01-01,302
10417,3133,2025-01-01,63
10418,3077,2025-01-01,457
10419,840,2025-01-01,545
10420,2973,2025-01-01,143
10421,468,2025-01-01,277
10422,1672,2025-01-01,263
10423,2604,2025-01-01,184
10424,4226,2025-01-01,443
10425,2810,2025-01-01,223
10426,4022,2025-01-01,568
10427,765,2025-01-01,413
10428,1820,2025-01-01,374
10429,279,2025-01-01,562
10430,668,2025-01-01,102
10431,4301,2025-01-01,475
10432,2847,2025-01-01,436
10433,303,2025-01-01,330
10434,2006,2025-01-01,78
10435,1909,2025-01-01,127
10436,4697,2025-01-01,256
10437,1453,2025-01-01,414
10438,2858,2025-01-01,440
10439,1846,2025-01-01,448
10440,2113,2025-01-01,490
10441,3614,2025-01-01,1
10442,3029,2025-01-01,97
10443,178,2025-01-01,351
10444,4006,2025-01-01,250
10445,4098,2025-01-01,275
10446,3235,2025-01-01,455
10447,2085,2025-01-01,593
10448,2960,2025-01-01,242
10449,444,2025-01-01,158
10450,4042,2025-01-01,374
10451,138,2025-01-01,463
10452,3643,2025-01-01,138
10453,1187,2025-01-01,91
10454,911,2025-01-01,174
10455,3726,2025-01-01,224
10456,58,2025-01-01,266
10457,4503,2025-01-01,331
10458,1515,2025-01-01,240
10459,12,2025-01-01,244
10460,3499,2025-01-01,377
10461,1863,2025-01-01,367
10462,716,2025-01-01,362
10463,224,2025-01-01,476
10464,3416,2025-01-01,124
10465,2292,2025-01-01,224
10466,234,2025-01-01,115
10467,3395,2025-01-01,106
10468,4286,2025-01-01,149
10469,4058,2025-01-01,281
10470,302,2025-01-01,242
10471,1819,2025-01-01,320
10472,1954,2025-01-01,246
10473,4620,2025-01-01,18
10474,3218,2025-01-01,208
10475,2591,2025-01-01,578
10476,2402,2025-01-01,434
10477,3463,2025-01-01,293
10478,424,2025-01-01,346
10479,3141,2025-01-01,462
10480,3454,2025-01-01,306
10481,3387,2025-01-01,182
10482,4662,2025-01-01,203
10483,1726,2025-01-01,406
10484,2090,2025-01-01,59
10485,2268,2025-01-01,428
10486,168,2025-01-01,304
10487,2214,2025-01-01,115
10488,2270,2025-01-01,29
10489,3441,2025-01-01,431
10490,2968,2025-01-01,347
10491,3717,2025-01-01,296
10492,721,2025-01-01,411
10493,2802,2025-01-01,173
10494,1259,2025-01-01,507
10495,1199,2025-01-01,590
10496,315,2025-01-01,526
10497,413,2025-01-01,469
10498,235,2025-01-01,439
10499,3731,2025-01-01,418
10500,303,2025-01-01,299
10501,4778,2025-01-01,592
10502,1956,2025-01-01,438
10503,3293,2025-01-01,557
10504,2241,2025-01-01,548
10505,4088,2025-01-01,354
10506,76,2025-01-01,64
10507,3814,2025-01-01,271
10508,4901,2025-01-01,579
10509,2750,2025-01-01,366
10510,2480,2025-01-01,597
10511,3614,2025-01-01,116
10512,191,2025-01-01,485
10513,1117,2025-01-01,491
10514,1432,2025-01-01,394
10515,3433,2025-01-01,213
10516,550,2025-01-01,431
10517,1767,2025-01-01,266
10518,4167,2025-01-01,169
10519,2740,2025-01-01,147
10520,83,2025-01-01,418
10521,2696,2025-01-01,241
10522,1531,2025-01-01,363
10523,2360,2025-01-01,92
10524,710,2025-01-01,20
10525,2595,2025-01-01,394
10526,852,2025-01-01,245
10527,379,2025-01-01,467
10528,1573,2025-01-01,146
10529,1089,2025-01-01,312
10530,139,2025-01-01,400
10531,2126,2025-01-01,583
10532,3201,2025-01-01,285
10533,16,2025-01-01,526
10534,1041,2025-01-01,288
10535,3044,2025-01-01,313
10536,564,2025-01-01,328
10537,685,2025-01-01,9
10538,4568,2025-01-01,241
10539,2026,2025-01-01,566
10540,725,2025-01-01,412
10541,3155,2025-01-01,376
10542,4747,2025-01-01,402
10543,609,2025-01-01,28
10544,685,2025-01-01,323
10545,4125,2025-01-01,52
10546,3832,2025-01-01,4
10547,3602,2025-01-01,123
10548,1587,2025-01-01,507
10549,2695,2025-01-01,51
10550,3767,2025-01-01,348
10551,623,2025-01-01,510
10552,1855,2025-01-01,434
10553,1528,2025-01-01,18
10554,1311,2025-01-01,255
10555,4960,2025-01-01,159
10556,946,2025-01-01,407
10557,4502,2025-01-01,356
10558,1910,2025-01-01,184
10559,4839,2025-01-01,260
10560,4589,2025-01-01,452
10561,3808,2025-01-01,53
10562,485,2025-01-01,124
10563,831,2025-01-01,286
10564,4273,2025-01-01,577
10565,4796,2025-01-01,438
10566,2397,2025-01-01,574
10567,1439,2025-01-01,412
10568,3009,2025-01-01,480
10569,3561,2025-01-01,460
10570,4817,2025-01-01,139
10571,3712,2025-01-01,157
10572,4430,2025-01-01,534
10573,1668,2025-01-01,360
10574,1142,2025-01-01,212
10575,1525,2025-01-01,46
10576,4028,2025-01-01,53
10577,2114,2025-01-01,427
10578,2959,2025-01-01,428
10579,3747,2025-01-01,500
10580,11,2025-01-01,72
10581,1619,2025-01-01,170
10582,1425,2025-01-01,417
10583,2354,2025-01-01,418
10584,4903,2025-01-01,479
10585,2798,2025-01-01,539
10586,1617,2025-01-01,308
10587,3711,2025-01-01,252
10588,249,2025-01-01,453
10589,2248,2025-01-01,219
10590,2426,2025-01-01,48
10591,681,2025-01-01,417
10592,2540,2025-01-01,170
10593,2562,2025-01-01,553
10594,1638,2025-01-01,96
10595,2036,2025-01-01,221
10596,3622,2025-01-01,322
10597,2108,2025-01-01,570
10598,1517,2025-01-01,247
10599,3842,2025-01-01,60
10600,2760,2025-01-01,28
10601,4964,2025-01-01,494
10602,4709,2025-01-01,480
10603,3246,2025-01-01,217
10604,867,2025-01-01,348
10605,2244,2025-01-01,373
10606,1401,2025-01-01,317
10607,2534,2025-01-01,311
10608,902,2025-01-01,237
10609,1871,2025-01-01,540
10610,3966,2025-01-01,505
10611,3860,2025-01-01,338
10612,1131,2025-01-01,319
10613,3773,2025-01-01,119
10614,4083,2025-01-01,290
10615,3861,2025-01-01,263
10616,4204,2025-01-01,123
10617,970,2025-01-01,211
10618,3557,2025-01-01,471
10619,530,2025-01-01,68
10620,2382,2025-01-01,215
10621,3019,2025-01-01,245
10622,1872,2025-01-01,420
10623,2087,2025-01-01,29
10624,1581,2025-01-01,185
10625,1275,2025-01-01,112
10626,2064,2025-01-01,412
10627,4314,2025-01-01,529
10628,2308,2025-01-01,591
10629,3670,2025-01-01,288
10630,2133,2025-01-01,405
10631,3543,2025-01-01,64
10632,2844,2025-01-01,520
10633,163,2025-01-01,546
10634,407,2025-01-01,598
10635,966,2025-01-01,28
10636,3452,2025-01-01,99
10637,899,2025-01-01,508
10638,2745,2025-01-01,576
10639,3307,2025-01-01,200
10640,2058,2025-01-01,221
10641,2038,2025-01-01,438
10642,2311,2025-01-01,206
10643,1678,2025-01-01,111
10644,1862,2025-01-01,448
10645,1341,2025-01-01,491
10646,3842,2025-01-01,82
10647,2866,2025-01-01,587
10648,2615,2025-01-01,142
10649,1918,2025-01-01,112
10650,2600,2025-01-01,467
10651,4479,2025-01-01,291
10652,4363,2025-01-01,121
10653,54,2025-01-01,70
10654,2831,2025-01-01,245
10655,4218,2025-01-01,464
10656,3980,2025-01-01,35
10657,1594,2025-01-01,556
10658,714,2025-01-01,178
10659,4209,2025-01-01,420
10660,3657,2025-01-01,288
10661,4400,2025-01-01,433
10662,3939,2025-01-01,480
10663,4221,2025-01-01,336
10664,3782,2025-01-01,474
10665,4417,2025-01-01,71
10666,4846,2025-01-01,238
10667,4948,2025-01-01,100
10668,3467,2025-01-01,31
10669,3691,2025-01-01,180
10670,2398,2025-01-01,471
10671,949,2025-01-01,286
10672,2371,2025-01-01,215
10673,873,2025-01-01,584
10674,3663,2025-01-01,254
10675,4288,2025-01-01,12
10676,4619,2025-01-01,244
10677,984,2025-01-01,403
10678,4974,2025-01-01,318
10679,419,2025-01-01,345
10680,2009,2025-01-01,92
10681,4038,2025-01-01,186
10682,2720,2025-01-01,375
10683,3792,2025-01-01,274
10684,4545,2025-01-01,352
10685,4420,2025-01-01,157
10686,3659,2025-01-01,216
10687,4097,2025-01-01,369
10688,1117,2025-01-01,318
10689,742,2025-01-01,251
10690,3540,2025-01-01,138
10691,2505,2025-01-01,251
10692,2843,2025-01-01,118
10693,4511,2025-01-01,355
10694,2506,2025-01-01,593
10695,3264,2025-01-01,202
10696,4850,2025-01-01,293
10697,1339,2025-01-01,434
10698,1270,2025-01-01,81
10699,3289,2025-01-01,303
10700,3596,2025-01-01,465
10701,4997,2025-01-01,266
10702,4821,2025-01-01,272
10703,1858,2025-01-01,21
10704,3193,2025-01-01,498
10705,3301,2025-01-01,166
10706,4842,2025-01-01,291
10707,717,2025-01-01,382
10708,284,2025-01-01,319
10709,3735,2025-01-01,584
10710,2147,2025-01-01,253
10711,1484,2025-01-01,547
10712,2884,2025-01-01,337
10713,1772,2025-01-01,581
10714,1480,2025-01-01,523
10715,3102,2025-01-01,345
10716,2552,2025-01-01,75
10717,1465,2025-01-01,310
10718,4383,2025-01-01,576
10719,445,2025-01-01,132
10720,1921,2025-01-01,88
10721,3623,2025-01-01,27
10722,2943,2025-01-01,10
10723,4281,2025-01-01,211
10724,3733,2025-01-01,157
10725,4286,2025-01-01,430
10726,2179,2025-01-01,100
10727,1962,2025-01-01,462
10728,3320,2025-01-01,343
10729,1221,2025-01-01,60
10730,1973,2025-01-01,566
10731,2386,2025-01-01,174
10732,2652,2025-01-01,576
10733,1821,2025-01-01,367
10734,678,2025-01-01,483
10735,265,2025-01-01,176
10736,3699,2025-01-01,39
10737,1402,2025-01-01,498
10738,869,2025-01-01,166
10739,4932,2025-01-01,486
10740,843,2025-01-01,405
10741,1180,2025-01-01,45
10742,1683,2025-01-01,519
10743,3083,2025-01-01,315
10744,4349,2025-01-01,4
10745,759,2025-01-01,443
10746,399,2025-01-01,175
10747,4400,2025-01-01,596
10748,8,2025-01-01,197
10749,200,2025-01-01,471
10750,4264,2025-01-01,401
10751,4464,2025-01-01,216
10752,2708,2025-01-01,27
10753,4103,2025-01-01,85
10754,4379,2025-01-01,555
10755,979,2025-01-01,459
10756,2549,2025-01-01,152
10757,62,2025-01-01,107
10758,724,2025-01-01,450
10759,3111,2025-01-01,439
10760,4540,2025-01-01,288
10761,1804,2025-01-01,47
10762,4308,2025-01-01,17
10763,3462,2025-01-01,447
10764,3251,2025-01-01,383
10765,2843,2025-01-01,366
10766,3074,2025-01-01,115
10767,3429,2025-01-01,233
10768,712,2025-01-01,462
10769,893,2025-01-01,100
10770,1875,2025-01-01,595
10771,4288,2025-01-01,538
10772,550,2025-01-01,418
10773,976,2025-01-01,38
10774,4066,2025-01-01,357
10775,2903,2025-01-01,490
10776,3143,2025-01-01,343
10777,3975,2025-01-01,262
10778,3120,2025-01-01,511
10779,4315,2025-01-01,225
10780,3842,2025-01-01,494
10781,3829,2025-01-01,582
10782,3525,2025-01-01,379
10783,2787,2025-01-01,23
10784,399,2025-01-01,464
10785,3995,2025-01-01,440
10786,4494,2025-01-01,248
10787,2235,2025-01-01,592
10788,4891,2025-01-01,284
10789,4513,2025-01-01,162
10790,1787,2025-01-01,269
10791,3059,2025-01-01,531
10792,1316,2025-01-01,44
10793,607,2025-01-01,309
10794,2688,2025-01-01,237
10795,230,2025-01-01,20
10796,3861,2025-01-01,26
10797,1177,2025-01-01,384
10798,1071,2025-01-01,454
10799,762,2025-01-01,442
10800,633,2025-01-01,559
10801,2855,2025-01-01,562
10802,418,2025-01-01,471
10803,2170,2025-01-01,50
10804,3332,2025-01-01,547
10805,317,2025-01-01,193
10806,4154,2025-01-01,85
10807,2421,2025-01-01,305
10808,1746,2025-01-01,235
10809,1382,2025-01-01,562
10810,40,2025-01-01,523
10811,3465,2025-01-01,100
10812,2408,2025-01-01,380
10813,1325,2025-01-01,318
10814,102,2025-01-01,363
10815,4825,2025-01-01,309
10816,4623,2025-01-01,516
10817,196,2025-01-01,315
10818,476,2025-01-01,380
10819,1492,2025-01-01,447
10820,2630,2025-01-01,427
10821,2023,2025-01-01,204
10822,3845,2025-01-01,323
10823,54,2025-01-01,488
10824,1697,2025-01-01,57
10825,855,2025-01-01,349
10826,100,2025-01-01,206
10827,2640,2025-01-01,38
10828,4565,2025-01-01,541
10829,4810,2025-01-01,557
10830,106,2025-01-01,311
10831,1700,2025-01-01,116
10832,1523,2025-01-01,71
10833,4133,2025-01-01,52
10834,3280,2025-01-01,149
10835,2929,2025-01-01,452
10836,103,2025-01-01,535
10837,4,2025-01-01,572
10838,4851,2025-01-01,474
10839,416,2025-01-01,14
10840,1480,2025-01-01,396
10841,418,2025-01-01,91
10842,3767,2025-01-01,256
10843,4895,2025-01-01,39
10844,2336,2025-01-01,92
10845,1143,2025-01-01,522
10846,3527,2025-01-01,297
10847,4616,2025-01-01,269
10848,505,2025-01-01,460
10849,348,2025-01-01,456
10850,4785,2025-01-01,104
10851,3301,2025-01-01,64
10852,716,2025-01-01,121
10853,1205,2025-01-01,371
10854,4079,2025-01-01,131
10855,993,2025-01-01,181
10856,628,2025-01-01,372
10857,1471,2025-01-01,553
10858,1953,2025-01-01,340
10859,144,2025-01-01,275
10860,3590,2025-01-01,496
10861,3260,2025-01-01,336
10862,1801,2025-01-01,334
10863,3224,2025-01-01,374
10864,1220,2025-01-01,16
10865,3988,2025-01-01,207
10866,161,2025-01-01,209
10867,1673,2025-01-01,343
10868,1846,2025-01-01,40
10869,2785,2025-01-01,482
10870,29,2025-01-01,419
10871,4401,2025-01-01,28
10872,1361,2025-01-01,400
10873,2138,2025-01-01,68
10874,4741,2025-01-01,468
10875,4122,2025-01-01,106
10876,1888,2025-01-01,469
10877,483,2025-01-01,296
10878,1812,2025-01-01,217
10879,2106,2025-01-01,401
10880,389,2025-01-01,377
10881,2544,2025-01-01,395
10882,3116,2025-01-01,387
10883,799,2025-01-01,168
10884,2405,2025-01-01,549
10885,3258,2025-01-01,388
10886,1489,2025-01-01,257
10887,474,2025-01-01,493
10888,3009,2025-01-01,496
10889,1055,2025-01-01,511
10890,4548,2025-01-01,253
10891,43,2025-01-01,429
10892,3739,2025-01-01,585
10893,517,2025-01-01,516
10894,3125,2025-01-01,297
10895,4639,2025-01-01,562
10896,2247,2025-01-01,90
10897,551,2025-01-01,428
10898,4543,2025-01-01,212
10899,2526,2025-01-01,344
10900,2697,2025-01-01,58
10901,3021,2025-01-01,101
10902,2997,2025-01-01,288
10903,4237,2025-01-01,236
10904,4511,2025-01-01,314
10905,332,2025-01-01,129
10906,245,2025-01-01,482
10907,2303,2025-01-01,281
10908,1392,2025-01-01,166
10909,2697,2025-01-01,333
10910,2651,2025-01-01,516
10911,1892,2025-01-01,421
10912,1267,2025-01-01,60
10913,3626,2025-01-01,493
10914,1472,2025-01-01,145
10915,3188,2025-01-01,372
10916,1989,2025-01-01,297
10917,4345,2025-01-01,227
10918,2881,2025-01-01,544
10919,4438,2025-01-01,565
10920,3057,2025-01-01,570
10921,4296,2025-01-01,294
10922,126,2025-01-01,457
10923,3744,2025-01-01,21
10924,4623,2025-01-01,97
10925,4883,2025-01-01,170
10926,2990,2025-01-01,7
10927,3193,2025-01-01,255
10928,4481,2025-01-01,508
10929,1186,2025-01-01,280
10930,2371,2025-01-01,594
10931,4144,2025-01-01,46
10932,2030,2025-01-01,306
10933,1951,2025-01-01,575
10934,741,2025-01-01,448
10935,411,2025-01-01,392
10936,4137,2025-01-01,269
10937,3006,2025-01-01,255
10938,3224,2025-01-01,456
10939,1290,2025-01-01,499
10940,2514,2025-01-01,528
10941,4903,2025-01-01,131
10942,899,2025-01-01,547
10943,4330,2025-01-01,510
10944,406,2025-01-01,364
10945,4321,2025-01-01,187
10946,4868,2025-01-01,91
10947,491,2025-01-01,129
10948,3907,2025-01-01,318
10949,1753,2025-01-01,236
10950,3973,2025-01-01,397
10951,4674,2025-01-01,540
10952,2859,2025-01-01,499
10953,4322,2025-01-01,13
10954,1146,2025-01-01,23
10955,4903,2025-01-01,23
10956,256,2025-01-01,112
10957,2109,2025-01-01,264
10958,413,2025-01-01,103
10959,3552,2025-01-01,451
10960,1906,2025-01-01,250
10961,4536,2025-01-01,360
10962,1129,2025-01-01,388
10963,1018,2025-01-01,586
10964,4704,2025-01-01,30
10965,1684,2025-01-01,333
10966,2961,2025-01-01,202
10967,1909,2025-01-01,267
10968,1948,2025-01-01,590
10969,4708,2025-01-01,387
10970,794,2025-01-01,398
10971,3398,2025-01-01,402
10972,4764,2025-01-01,193
10973,3886,2025-01-01,422
10974,777,2025-01-01,107
10975,345,2025-01-01,271
10976,3213,2025-01-01,313
10977,2707,2025-01-01,148
10978,4718,2025-01-01,49
10979,1286,2025-01-01,509
10980,4635,2025-01-01,200
10981,1057,2025-01-01,139
10982,1795,2025-01-01,181
10983,133,2025-01-01,553
10984,2341,2025-01-01,179
10985,2022,2025-01-01,431
10986,4791,2025-01-01,211
10987,798,2025-01-01,441
10988,2689,2025-01-01,12
10989,2667,2025-01-01,56
10990,2156,2025-01-01,334
10991,4358,2025-01-01,203
10992,1386,2025-01-01,195
10993,4793,2025-01-01,231
10994,4250,2025-01-01,196
10995,45,2025-01-01,502
10996,4294,2025-01-01,452
10997,2895,2025-01-01,482
10998,1245,2025-01-01,157
10999,4205,2025-01-01,231
11000,35,2025-01-01,299
11001,1186,2025-01-01,343
11002,2343,2025-01-01,164
11003,2983,2025-01-01,587
11004,220,2025-01-01,188
11005,1155,2025-01-01,301
11006,2015,2025-01-01,390
11007,2085,2025-01-01,168
11008,2531,2025-01-01,559
11009,1463,2025-01-01,138
11010,1580,2025-01-01,176
11011,2656,2025-01-01,394
11012,2720,2025-01-01,366
11013,4161,2025-01-01,534
11014,268,2025-01-01,300
11015,3158,2025-01-01,485
11016,2685,2025-01-01,386
11017,1189,2025-01-01,366
11018,2410,2025-01-01,520
11019,3241,2025-01-01,148
11020,854,2025-01-01,246
11021,1723,2025-01-01,243
11022,4177,2025-01-01,548
11023,2183,2025-01-01,424
11024,3649,2025-01-01,256
11025,4386,2025-01-01,407
11026,2321,2025-01-01,230
11027,24,2025-01-01,396
11028,2548,2025-01-01,252
11029,383,2025-01-01,65
11030,3007,2025-01-01,165
11031,3477,2025-01-01,47
11032,903,2025-01-01,247
11033,4655,2025-01-01,533
11034,4032,2025-01-01,441
11035,73,2025-01-01,451
11036,4318,2025-01-01,55
11037,3617,2025-01-01,214
11038,3540,2025-01-01,116
11039,2472,2025-01-01,336
11040,4717,2025-01-01,8
11041,2391,2025-01-01,70
11042,3395,2025-01-01,354
11043,1076,2025-01-01,465
11044,3077,2025-01-01,265
11045,299,2025-01-01,225
11046,657,2025-01-01,339
11047,3129,2025-01-01,508
11048,4357,2025-01-01,211
11049,711,2025-01-01,251
11050,2293,2025-01-01,4
11051,513,2025-01-01,127
11052,1386,2025-01-01,383
11053,1550,2025-01-01,372
11054,4891,2025-01-01,589
11055,4957,2025-01-01,514
11056,3252,2025-01-01,75
11057,4074,2025-01-01,150
11058,3713,2025-01-01,57
11059,960,2025-01-01,41
11060,3335,2025-01-01,231
11061,1309,2025-01-01,84
11062,3917,2025-01-01,149
11063,4628,2025-01-01,268
11064,418,2025-01-01,507
11065,196,2025-01-01,229
11066,3341,2025-01-01,6
11067,74,2025-01-01,503
11068,1122,2025-01-01,469
11069,3546,2025-01-01,377
11070,4663,2025-01-01,355
11071,4319,2025-01-01,570
11072,1976,2025-01-01,298
11073,1499,2025-01-01,200
11074,669,2025-01-01,209
11075,171,2025-01-01,10
11076,2211,2025-01-01,495
11077,2277,2025-01-01,318
11078,818,2025-01-01,174
11079,111,2025-01-01,17
11080,2478,2025-01-01,25
11081,3471,2025-01-01,554
11082,3048,2025-01-01,498
11083,4444,2025-01-01,287
11084,4047,2025-01-01,346
11085,2305,2025-01-01,183
11086,60,2025-01-01,547
11087,1821,2025-01-01,473
11088,1774,2025-01-01,345
11089,3721,2025-01-01,234
11090,2278,2025-01-01,405
11091,4999,2025-01-01,342
11092,2477,2025-01-01,560
11093,521,2025-01-01,474
11094,420,2025-01-01,110
11095,4325,2025-01-01,358
11096,722,2025-01-01,223
11097,3597,2025-01-01,234
11098,851,2025-01-01,70
11099,4531,2025-01-01,468
11100,4259,2025-01-01,27
11101,233,2025-01-01,373
11102,3066,2025-01-01,70
11103,3114,2025-01-01,120
11104,2228,2025-01-01,314
11105,1412,2025-01-01,352
11106,3592,2025-01-01,321
11107,3623,2025-01-01,372
11108,4586,2025-01-01,576
11109,3321,2025-01-01,326
11110,4277,2025-01-01,215
11111,1815,2025-01-01,99
11112,4215,2025-01-01,197
11113,3630,2025-01-01,123
11114,51,2025-01-01,332
11115,2183,2025-01-01,538
11116,1650,2025-01-01,283
11117,1743,2025-01-01,507
11118,2414,2025-01-01,323
11119,339,2025-01-01,294
11120,379,2025-01-01,16
11121,3619,2025-01-01,484
11122,1506,2025-01-01,124
11123,3377,2025-01-01,43
11124,1402,2025-01-01,572
11125,4855,2025-01-01,102
11126,766,2025-01-01,57
11127,688,2025-01-01,180
11128,4282,2025-01-01,482
11129,4433,2025-01-01,569
11130,1327,2025-01-01,114
11131,3877,2025-01-01,550
11132,1601,2025-01-01,286
11133,2838,2025-01-01,57
11134,839,2025-01-01,593
11135,3334,2025-01-01,371
11136,2553,2025-01-01,520
11137,3621,2025-01-01,498
11138,4720,2025-01-01,518
11139,2856,2025-01-01,142
11140,1327,2025-01-01,344
11141,521,2025-01-01,348
11142,4703,2025-01-01,20
11143,903,2025-01-01,271
11144,681,2025-01-01,144
11145,661,2025-01-01,333
11146,202,2025-01-01,499
11147,1294,2025-01-01,222
11148,2246,2025-01-01,138
11149,1655,2025-01-01,272
11150,2397,2025-01-01,212
11151,50,2025-01-01,571
11152,3791,2025-01-01,115
11153,1702,2025-01-01,551
11154,1313,2025-01-01,207
11155,278,2025-01-01,449
11156,4856,2025-01-01,50
11157,993,2025-01-01,517
11158,825,2025-01-01,54
11159,2338,2025-01-01,144
11160,1023,2025-01-01,573
11161,816,2025-01-01,189
11162,4248,2025-01-01,179
11163,4301,2025-01-01,128
11164,599,2025-01-01,561
11165,4375,2025-01-01,559
11166,1954,2025-01-01,198
11167,1397,2025-01-01,425
11168,1242,2025-01-01,8
11169,3108,2025-01-01,597
11170,1715,2025-01-01,536
11171,4645,2025-01-01,511
11172,364,2025-01-01,323
11173,715,2025-01-01,162
11174,4111,2025-01-01,271
11175,981,2025-01-01,252
11176,2807,2025-01-01,317
11177,555,2025-01-01,92
11178,369,2025-01-01,106
11179,3159,2025-01-01,275
11180,3340,2025-01-01,42
11181,1101,2025-01-01,394
11182,3046,2025-01-01,400
11183,4671,2025-01-01,15
11184,3491,2025-01-01,558
11185,1086,2025-01-01,270
11186,3300,2025-01-01,215
11187,1523,2025-01-01,241
11188,1398,2025-01-01,481
11189,2180,2025-01-01,121
11190,488,2025-01-01,86
11191,214,2025-01-01,50
11192,1398,2025-01-01,323
11193,2832,2025-01-01,399
11194,1151,2025-01-01,327
11195,577,2025-01-01,540
11196,3486,2025-01-01,541
11197,30,2025-01-01,354
11198,679,2025-01-01,166
11199,887,2025-01-01,539
11200,4259,2025-01-01,195
11201,2589,2025-01-01,223
11202,4208,2025-01-01,350
11203,431,2025-01-01,359
11204,4272,2025-01-01,323
11205,2638,2025-01-01,173
11206,2185,2025-01-01,447
11207,3959,2025-01-01,5
11208,1911,2025-01-01,22
11209,2646,2025-01-01,222
11210,842,2025-01-01,371
11211,1939,2025-01-01,157
11212,4758,2025-01-01,86
11213,1399,2025-01-01,336
11214,4240,2025-01-01,161
11215,4067,2025-01-01,82
11216,552,2025-01-01,109
11217,4168,2025-01-01,583
11218,660,2025-01-01,129
11219,3699,2025-01-01,598
11220,4567,2025-01-01,45
11221,2975,2025-01-01,221
11222,2111,2025-01-01,91
11223,1120,2025-01-01,79
11224,2909,2025-01-01,21
11225,2797,2025-01-01,461
11226,2663,2025-01-01,201
11227,738,2025-01-01,188
11228,4802,2025-01-01,361
11229,22,2025-01-01,561
11230,2177,2025-01-01,44
11231,202,2025-01-01,570
11232,646,2025-01-01,297
11233,502,2025-01-01,503
11234,2163,2025-01-01,303
11235,2558,2025-01-01,431
11236,2878,2025-01-01,528
11237,3270,2025-01-01,516
11238,3472,2025-01-01,545
11239,208,2025-01-01,285
11240,34,2025-01-01,480
11241,1159,2025-01-01,364
11242,899,2025-01-01,91
11243,2503,2025-01-01,529
11244,1686,2025-01-01,115
11245,1735,2025-01-01,157
11246,1780,2025-01-01,176
11247,4073,2025-01-01,108
11248,2910,2025-01-01,279
11249,1266,2025-01-01,5
11250,3207,2025-01-01,3
11251,4679,2025-01-01,116
11252,3407,2025-01-01,110
11253,3863,2025-01-01,321
11254,144,2025-01-01,183
11255,4952,2025-01-01,384
11256,125,2025-01-01,449
11257,421,2025-01-01,264
11258,4643,2025-01-01,17
11259,3431,2025-01-01,491
11260,4012,2025-01-01,597
11261,4878,2025-01-01,22
11262,199,2025-01-01,217
11263,4027,2025-01-01,409
11264,1156,2025-01-01,22
11265,4425,2025-01-01,54
11266,1167,2025-01-01,3
11267,53,2025-01-01,362
11268,2206,2025-01-01,123
11269,2704,2025-01-01,488
11270,1578,2025-01-01,233
11271,4773,2025-01-01,454
11272,1106,2025-01-01,276
11273,625,2025-01-01,474
11274,3975,2025-01-01,476
11275,4459,2025-01-01,243
11276,2079,2025-01-01,382
11277,1439,2025-01-01,403
11278,4861,2025-01-01,352
11279,4528,2025-01-01,97
11280,2401,2025-01-01,263
11281,3165,2025-01-01,53
11282,4446,2025-01-01,240
11283,144,2025-01-01,295
11284,3606,2025-01-01,75
11285,3310,2025-01-01,316
11286,765,2025-01-01,481
11287,3560,2025-01-01,97
11288,1820,2025-01-01,456
11289,691,2025-01-01,302
11290,3860,2025-01-01,451
11291,3511,2025-01-01,549
11292,1956,2025-01-01,381
11293,4923,2025-01-01,56
11294,1703,2025-01-01,157
11295,643,2025-01-01,263
11296,2412,2025-01-01,102
11297,4744,2025-01-01,146
11298,443,2025-01-01,578
11299,262,2025-01-01,339
11300,2076,2025-01-01,192
11301,4621,2025-01-01,215
11302,2046,2025-01-01,402
11303,3769,2025-01-01,41
11304,3365,2025-01-01,348
11305,1436,2025-01-01,492
11306,4886,2025-01-01,375
11307,2672,2025-01-01,64
11308,2878,2025-01-01,116
11309,3187,2025-01-01,132
11310,3817,2025-01-01,518
11311,1881,2025-01-01,200
11312,83,2025-01-01,461
11313,1519,2025-01-01,490
11314,3311,2025-01-01,351
11315,4986,2025-01-01,212
11316,3732,2025-01-01,503
11317,2460,2025-01-01,85
11318,2090,2025-01-01,189
11319,951,2025-01-01,234
11320,3612,2025-01-01,199
11321,1599,2025-01-01,246
11322,2301,2025-01-01,307
11323,1032,2025-01-01,233
11324,24,2025-01-01,128
11325,2868,2025-01-01,287
11326,2853,2025-01-01,590
11327,3400,2025-01-01,195
11328,108,2025-01-01,555
11329,3455,2025-01-01,472
11330,3552,2025-01-01,101
11331,2028,2025-01-01,579
11332,463,2025-01-01,328
11333,3258,2025-01-01,548
11334,3682,2025-01-01,488
11335,62,2025-01-01,270
11336,1015,2025-01-01,95
11337,2523,2025-01-01,136
11338,1721,2025-01-01,134
11339,1159,2025-01-01,388
11340,604,2025-01-01,532
11341,4091,2025-01-01,313
11342,1673,2025-01-01,164
11343,8,2025-01-01,238
11344,4715,2025-01-01,324
11345,820,2025-01-01,555
11346,496,2025-01-01,41
11347,2183,2025-01-01,421
11348,4480,2025-01-01,416
11349,2671,2025-01-01,103
11350,2682,2025-01-01,250
11351,2784,2025-01-01,397
11352,82,2025-01-01,302
11353,2949,2025-01-01,396
11354,4931,2025-01-01,9
11355,4638,2025-01-01,421
11356,4398,2025-01-01,329
11357,4621,2025-01-01,127
11358,2384,2025-01-01,293
11359,1588,2025-01-01,591
11360,1505,2025-01-01,115
11361,3914,2025-01-01,89
11362,868,2025-01-01,308
11363,921,2025-01-01,431
11364,759,2025-01-01,526
11365,1520,2025-01-01,115
11366,3635,2025-01-01,586
11367,4469,2025-01-01,446
11368,162,2025-01-01,167
11369,81,2025-01-01,458
11370,3613,2025-01-01,496
11371,1263,2025-01-01,7
11372,530,2025-01-01,115
11373,2087,2025-01-01,487
11374,4039,2025-01-01,478
11375,1156,2025-01-01,433
11376,4627,2025-01-01,58
11377,2168,2025-01-01,186
11378,3734,2025-01-01,385
11379,3132,2025-01-01,284
11380,3515,2025-01-01,425
11381,4638,2025-01-01,311
11382,3828,2025-01-01,503
11383,1568,2025-01-01,568
11384,1555,2025-01-01,568
11385,3910,2025-01-01,231
11386,1373,2025-01-01,202
11387,3116,2025-01-01,129
11388,4739,2025-01-01,432
11389,3519,2025-01-01,363
11390,4659,2025-01-01,453
11391,1943,2025-01-01,487
11392,1253,2025-01-01,493
11393,1157,2025-01-01,502
11394,1490,2025-01-01,213
11395,3300,2025-01-01,549
11396,3488,2025-01-01,345
11397,4799,2025-01-01,85
11398,4072,2025-01-01,331
11399,937,2025-01-01,497
11400,1517,2025-01-01,82
11401,3548,2025-01-01,535
11402,333,2025-01-01,577
11403,2414,2025-01-01,372
11404,3365,2025-01-01,112
11405,404,2025-01-01,459
11406,3028,2025-01-01,158
11407,1406,2025-01-01,568
11408,2734,2025-01-01,497
11409,2567,2025-01-01,596
11410,4452,2025-01-01,128
11411,1458,2025-01-01,293
11412,3381,2025-01-01,500
11413,4593,2025-01-01,336
11414,4894,2025-01-01,277
11415,4398,2025-01-01,334
11416,889,2025-01-01,422
11417,429,2025-01-01,93
11418,2938,2025-01-01,63
11419,4565,2025-01-01,277
11420,2984,2025-01-01,18
11421,4248,2025-01-01,245
11422,1073,2025-01-01,393
11423,2969,2025-01-01,523
11424,3091,2025-01-01,356
11425,3280,2025-01-01,282
11426,3673,2025-01-01,548
11427,430,2025-01-01,543
11428,4523,2025-01-01,362
11429,59,2025-01-01,11
11430,376,2025-01-01,250
11431,2011,2025-01-01,587
11432,1667,2025-01-01,69
11433,2736,2025-01-01,477
11434,3152,2025-01-01,24
11435,4568,2025-01-01,469
11436,4750,2025-01-01,229
11437,4866,2025-01-01,202
11438,2138,2025-01-01,576
11439,187,2025-01-01,451
11440,4092,2025-01-01,515
11441,498,2025-01-01,584
11442,318,2025-01-01,155
11443,1455,2025-01-01,277
11444,4896,2025-01-01,519
11445,415,2025-01-01,177
11446,1273,2025-01-01,106
11447,2316,2025-01-01,193
11448,1302,2025-01-01,44
11449,2548,2025-01-01,280
11450,1971,2025-01-01,310
11451,3961,2025-01-01,571
11452,3157,2025-01-01,96
11453,2671,2025-01-01,85
11454,4423,2025-01-01,544
11455,1610,2025-01-01,410
11456,1153,2025-01-01,241
11457,2323,2025-01-01,10
11458,4368,2025-01-01,431
11459,2471,2025-01-01,498
11460,2881,2025-01-01,495
11461,3167,2025-01-01,368
11462,456,2025-01-01,90
11463,943,2025-01-01,253
11464,1517,2025-01-01,177
11465,107,2025-01-01,342
11466,3616,2025-01-01,408
11467,4429,2025-01-01,153
11468,793,2025-01-01,547
11469,1780,2025-01-01,199
11470,3720,2025-01-01,413
11471,2942,2025-01-01,272
11472,4805,2025-01-01,233
11473,3826,2025-01-01,410
11474,1719,2025-01-01,305
11475,4693,2025-01-01,348
11476,182,2025-01-01,68
11477,1485,2025-01-01,8
11478,4537,2025-01-01,427
11479,1313,2025-01-01,159
11480,4470,2025-01-01,379
11481,3430,2025-01-01,127
11482,1090,2025-01-01,305
11483,4069,2025-01-01,275
11484,2426,2025-01-01,96
11485,2103,2025-01-01,95
11486,3387,2025-01-01,122
11487,1026,2025-01-01,547
11488,3991,2025-01-01,336
11489,1546,2025-01-01,91
11490,3837,2025-01-01,425
11491,657,2025-01-01,52
11492,824,2025-01-01,308
11493,4950,2025-01-01,554
11494,433,2025-01-01,20
11495,1821,2025-01-01,94
11496,4509,2025-01-01,98
11497,4044,2025-01-01,17
11498,1157,2025-01-01,304
11499,4368,2025-01-01,276
11500,1791,2025-01-01,299
11501,1234,2025-01-01,323
11502,356,2025-01-01,68
11503,542,2025-01-01,482
11504,2952,2025-01-01,411
11505,335,2025-01-01,517
11506,767,2025-01-01,343
11507,427,2025-01-01,329
11508,4066,2025-01-01,274
11509,1047,2025-01-01,19
11510,451,2025-01-01,272
11511,4595,2025-01-01,82
11512,2073,2025-01-01,515
11513,4892,2025-01-01,93
11514,1720,2025-01-01,504
11515,2710,2025-01-01,46
11516,3735,2025-01-01,420
11517,4452,2025-01-01,34
11518,3879,2025-01-01,45
11519,2676,2025-01-01,570
11520,1140,2025-01-01,300
11521,382,2025-01-01,566
11522,2460,2025-01-01,350
11523,1371,2025-01-01,79
11524,59,2025-01-01,137
11525,1249,2025-01-01,398
11526,2652,2025-01-01,512
11527,3442,2025-01-01,49
11528,4239,2025-01-01,408
11529,2066,2025-01-01,315
11530,131,2025-01-01,100
11531,4923,2025-01-01,147
11532,2015,2025-01-01,356
11533,3838,2025-01-01,404
11534,4059,2025-01-01,133
11535,4210,2025-01-01,276
11536,3734,2025-01-01,459
11537,792,2025-01-01,544
11538,2352,2025-01-01,499
11539,3833,2025-01-01,214
11540,3659,2025-01-01,524
11541,4272,2025-01-01,576
11542,529,2025-01-01,228
11543,3435,2025-01-01,117
11544,1022,2025-01-01,201
11545,1805,2025-01-01,1
11546,1672,2025-01-01,394
11547,2180,2025-01-01,382
11548,4992,2025-01-01,312
11549,4604,2025-01-01,414
11550,1061,2025-01-01,29
11551,3846,2025-01-01,340
11552,4005,2025-01-01,46
11553,4285,2025-01-01,347
11554,906,2025-01-01,291
11555,3285,2025-01-01,77
11556,3024,2025-01-01,453
11557,2436,2025-01-01,78
11558,4079,2025-01-01,237
11559,2474,2025-01-01,407
11560,1816,2025-01-01,571
11561,4655,2025-01-01,433
11562,1663,2025-01-01,73
11563,3463,2025-01-01,482
11564,2015,2025-01-01,203
11565,2434,2025-01-01,385
11566,1215,2025-01-01,414
11567,914,2025-01-01,171
11568,1960,2025-01-01,271
11569,4675,2025-01-01,154
11570,354,2025-01-01,305
11571,1180,2025-01-01,231
11572,2972,2025-01-01,6
11573,1578,2025-01-01,302
11574,4708,2025-01-01,558
11575,3261,2025-01-01,262
11576,3464,2025-01-01,235
11577,631,2025-01-01,282
11578,1392,2025-01-01,457
11579,1855,2025-01-01,538
11580,2202,2025-01-01,578
11581,1270,2025-01-01,549
11582,2618,2025-01-01,244
11583,2768,2025-01-01,107
11584,3664,2025-01-01,356
11585,2510,2025-01-01,477
11586,3967,2025-01-01,376
11587,4455,2025-01-01,9
11588,3484,2025-01-01,400
11589,3424,2025-01-01,213
11590,808,2025-01-01,136
11591,518,2025-01-01,61
11592,2258,2025-01-01,467
11593,2239,2025-01-01,52
11594,1286,2025-01-01,149
11595,4851,2025-01-01,370
11596,1635,2025-01-01,544
11597,1137,2025-01-01,354
11598,2489,2025-01-01,251
11599,3556,2025-01-01,342
11600,679,2025-01-01,224
11601,3014,2025-01-01,302
11602,4591,2025-01-01,314
11603,3020,2025-01-01,204
11604,165,2025-01-01,8
11605,4173,2025-01-01,323
11606,38,2025-01-01,394
11607,3763,2025-01-01,106
11608,2476,2025-01-01,580
11609,1267,2025-01-01,283
11610,1418,2025-01-01,554
11611,197,2025-01-01,306
11612,816,2025-01-01,95
11613,2713,2025-01-01,509
11614,487,2025-01-01,514
11615,4228,2025-01-01,238
11616,646,2025-01-01,469
11617,1864,2025-01-01,538
11618,130,2025-01-01,193
11619,436,2025-01-01,521
11620,2090,2025-01-01,595
11621,363,2025-01-01,256
11622,4586,2025-01-01,340
11623,4007,2025-01-01,559
11624,856,2025-01-01,12
11625,249,2025-01-01,325
11626,3333,2025-01-01,303
11627,772,2025-01-01,117
11628,3139,2025-01-01,327
11629,3075,2025-01-01,214
11630,634,2025-01-01,408
11631,3762,2025-01-01,416
11632,2792,2025-01-01,147
11633,3907,2025-01-01,501
11634,330,2025-01-01,454
11635,1062,2025-01-01,411
11636,4613,2025-01-01,103
11637,666,2025-01-01,10
11638,2688,2025-01-01,275
11639,1627,2025-01-01,503
11640,2544,2025-01-01,306
11641,4720,2025-01-01,208
11642,1809,2025-01-01,150
11643,408,2025-01-01,501
11644,4485,2025-01-01,54
11645,2706,2025-01-01,359
11646,1559,2025-01-01,198
11647,517,2025-01-01,460
11648,4706,2025-01-01,399
11649,3826,2025-01-01,52
11650,2797,2025-01-01,100
11651,3329,2025-01-01,255
11652,669,2025-01-01,413
11653,4634,2025-01-01,45
11654,4310,2025-01-01,489
11655,1167,2025-01-01,87
11656,2856,2025-01-01,589
11657,4598,2025-01-01,260
11658,3223,2025-01-01,320
11659,1711,2025-01-01,53
11660,1438,2025-01-01,31
11661,4295,2025-01-01,583
11662,2846,2025-01-01,408
11663,168,2025-01-01,14
11664,2734,2025-01-01,481
11665,4508,2025-01-01,553
11666,3820,2025-01-01,306
11667,1222,2025-01-01,108
11668,1821,2025-01-01,553
11669,2267,2025-01-01,241
11670,3935,2025-01-01,10
11671,3094,2025-01-01,340
11672,978,2025-01-01,274
11673,575,2025-01-01,596
11674,248,2025-01-01,118
11675,3888,2025-01-01,256
11676,1151,2025-01-01,437
11677,1714,2025-01-01,251
11678,1002,2025-01-01,330
11679,2421,2025-01-01,230
11680,2691,2025-01-01,578
11681,3578,2025-01-01,291
11682,4121,2025-01-01,57
11683,3065,2025-01-01,257
11684,939,2025-01-01,41
11685,3784,2025-01-01,502
11686,360,2025-01-01,190
11687,2331,2025-01-01,329
11688,886,2025-01-01,223
11689,2777,2025-01-01,87
11690,1098,2025-01-01,331
11691,3285,2025-01-01,0
11692,3534,2025-01-01,240
11693,4803,2025-01-01,19
11694,1731,2025-01-01,253
11695,1455,2025-01-01,477
11696,4790,2025-01-01,535
11697,2680,2025-01-01,254
11698,2163,2025-01-01,317
11699,4676,2025-01-01,587
11700,1375,2025-01-01,250
11701,4336,2025-01-01,23
11702,4798,2025-01-01,48
11703,3021,2025-01-01,423
11704,2311,2025-01-01,303
11705,2312,2025-01-01,505
11706,4062,2025-01-01,215
11707,539,2025-01-01,288
11708,604,2025-01-01,212
11709,3385,2025-01-01,386
11710,2314,2025-01-01,309
11711,3673,2025-01-01,0
11712,2736,2025-01-01,258
11713,1863,2025-01-01,465
11714,2873,2025-01-01,332
11715,587,2025-01-01,462
11716,2931,2025-01-01,289
11717,2509,2025-01-01,492
11718,4184,2025-01-01,397
11719,4634,2025-01-01,304
11720,4782,2025-01-01,426
11721,2444,2025-01-01,388
11722,1231,2025-01-01,276
11723,1218,2025-01-01,190
11724,85,2025-01-01,67
11725,4546,2025-01-01,431
11726,1220,2025-01-01,136
11727,2637,2025-01-01,87
11728,1563,2025-01-01,27
11729,1831,2025-01-01,421
11730,521,2025-01-01,69
11731,3916,2025-01-01,159
11732,2299,2025-01-01,398
11733,3297,2025-01-01,80
11734,2210,2025-01-01,540
11735,1986,2025-01-01,278
11736,3234,2025-01-01,481
11737,582,2025-01-01,311
11738,4273,2025-01-01,240
11739,4341,2025-01-01,330
11740,3634,2025-01-01,307
11741,392,2025-01-01,32
11742,1282,2025-01-01,102
11743,3034,2025-01-01,244
11744,1728,2025-01-01,226
11745,3527,2025-01-01,406
11746,4047,2025-01-01,81
11747,1408,2025-01-01,461
11748,2084,2025-01-01,346
11749,4583,2025-01-01,475
11750,4892,2025-01-01,122
11751,2025,2025-01-01,347
11752,935,2025-01-01,275
11753,3049,2025-01-01,592
11754,3899,2025-01-01,535
11755,4850,2025-01-01,166
11756,124,2025-01-01,205
11757,3156,2025-01-01,174
11758,3777,2025-01-01,289
11759,1415,2025-01-01,375
11760,66,2025-01-01,187
11761,3810,2025-01-01,116
11762,4135,2025-01-01,127
11763,2379,2025-01-01,277
11764,4165,2025-01-01,102
11765,1312,2025-01-01,560
11766,1461,2025-01-01,574
11767,4312,2025-01-01,543
11768,4811,2025-01-01,344
11769,333,2025-01-01,186
11770,4865,2025-01-01,560
11771,1474,2025-01-01,349
11772,4216,2025-01-01,134
11773,2738,2025-01-01,246
11774,3274,2025-01-01,145
11775,1060,2025-01-01,152
11776,1638,2025-01-01,433
11777,2677,2025-01-01,189
11778,334,2025-01-01,477
11779,3480,2025-01-01,325
11780,736,2025-01-01,246
11781,4279,2025-01-01,420
11782,3800,2025-01-01,524
11783,4787,2025-01-01,453
11784,3592,2025-01-01,479
11785,23,2025-01-01,143
11786,1005,2025-01-01,190
11787,3690,2025-01-01,426
11788,920,2025-01-01,55
11789,3592,2025-01-01,596
11790,645,2025-01-01,561
11791,4193,2025-01-01,99
11792,3157,2025-01-01,288
11793,4009,2025-01-01,162
11794,1850,2025-01-01,480
11795,118,2025-01-01,592
11796,1114,2025-01-01,381
11797,1248,2025-01-01,157
11798,4568,2025-01-01,321
11799,3943,2025-01-01,316
11800,4253,2025-01-01,347
11801,484,2025-01-01,567
11802,4337,2025-01-01,272
11803,3168,2025-01-01,486
11804,2253,2025-01-01,315
11805,3595,2025-01-01,510
11806,570,2025-01-01,228
11807,1154,2025-01-01,460
11808,2259,2025-01-01,66
11809,174,2025-01-01,196
11810,865,2025-01-01,188
11811,3047,2025-01-01,42
11812,1755,2025-01-01,437
11813,2979,2025-01-01,294
11814,4083,2025-01-01,259
11815,4121,2025-01-01,554
11816,2815,2025-01-01,501
11817,544,2025-01-01,345
11818,2145,2025-01-01,302
11819,280,2025-01-01,512
11820,2429,2025-01-01,0
11821,3376,2025-01-01,333
11822,3224,2025-01-01,434
11823,4987,2025-01-01,299
11824,2940,2025-01-01,128
11825,4638,2025-01-01,135
11826,1464,2025-01-01,290
11827,739,2025-01-01,95
11828,4205,2025-01-01,274
11829,2537,2025-01-01,343
11830,154,2025-01-01,72
11831,2791,2025-01-01,483
11832,3578,2025-01-01,322
11833,4382,2025-01-01,307
11834,415,2025-01-01,393
11835,12,2025-01-01,564
11836,3851,2025-01-01,318
11837,3016,2025-01-01,411
11838,200,2025-01-01,430
11839,2061,2025-01-01,514
11840,4199,2025-01-01,484
11841,860,2025-01-01,365
11842,3601,2025-01-01,138
11843,21,2025-01-01,49
11844,4163,2025-01-01,356
11845,3095,2025-01-01,235
11846,914,2025-01-01,338
11847,4905,2025-01-01,108
11848,1774,2025-01-01,475
11849,647,2025-01-01,310
11850,4040,2025-01-01,13
11851,242,2025-01-01,54
11852,2708,2025-01-01,327
11853,628,2025-01-01,248
11854,400,2025-01-01,254
11855,581,2025-01-01,328
11856,4953,2025-01-01,247
11857,2970,2025-01-01,125
11858,4155,2025-01-01,288
11859,984,2025-01-01,590
11860,4541,2025-01-01,393
11861,3884,2025-01-01,296
11862,4952,2025-01-01,60
11863,3876,2025-01-01,9
11864,4061,2025-01-01,81
11865,2004,2025-01-01,330
11866,1881,2025-01-01,361
11867,1730,2025-01-01,396
11868,3261,2025-01-01,117
11869,3693,2025-01-01,69
11870,4688,2025-01-01,533
11871,4171,2025-01-01,354
11872,3762,2025-01-01,429
11873,1457,2025-01-01,55
11874,4402,2025-01-01,534
11875,928,2025-01-01,3
11876,2962,2025-01-01,337
11877,2635,2025-01-01,18
11878,325,2025-01-01,483
11879,1469,2025-01-01,523
11880,3224,2025-01-01,126
11881,4388,2025-01-01,36
11882,1487,2025-01-01,253
11883,4624,2025-01-01,13
11884,2867,2025-01-01,175
11885,1827,2025-01-01,104
11886,4999,2025-01-01,100
11887,2006,2025-01-01,426
11888,3749,2025-01-01,55
11889,1493,2025-01-01,465
11890,2740,2025-01-01,81
11891,841,2025-01-01,415
11892,3336,2025-01-01,373
11893,2313,2025-01-01,83
11894,4427,2025-01-01,142
11895,2311,2025-01-01,162
11896,81,2025-01-01,342
11897,4172,2025-01-01,409
11898,1886,2025-01-01,341
11899,4653,2025-01-01,149
11900,4842,2025-01-01,430
11901,4995,2025-01-01,331
11902,2266,2025-01-01,267
11903,1171,2025-01-01,195
11904,3683,2025-01-01,313
11905,4304,2025-01-01,523
11906,3447,2025-01-01,173
11907,2294,2025-01-01,444
11908,2557,2025-01-01,444
11909,3685,2025-01-01,184
11910,3354,2025-01-01,14
11911,1827,2025-01-01,195
11912,3870,2025-01-01,385
11913,4463,2025-01-01,35
11914,1870,2025-01-01,217
11915,4797,2025-01-01,158
11916,2111,2025-01-01,147
11917,548,2025-01-01,436
11918,3619,2025-01-01,440
11919,3430,2025-01-01,256
11920,3149,2025-01-01,197
11921,982,2025-01-01,157
11922,1951,2025-01-01,193
11923,2048,2025-01-01,576
11924,2514,2025-01-01,98
11925,2046,2025-01-01,160
11926,1229,2025-01-01,471
11927,4665,2025-01-01,271
11928,384,2025-01-01,441
11929,534,2025-01-01,275
11930,1252,2025-01-01,542
11931,1268,2025-01-01,24
11932,1805,2025-01-01,148
11933,262,2025-01-01,597
11934,1144,2025-01-01,400
11935,4362,2025-01-01,360
11936,1391,2025-01-01,255
11937,2666,2025-01-01,417
11938,3549,2025-01-01,31
11939,760,2025-01-01,511
11940,419,2025-01-01,255
11941,1919,2025-01-01,123
11942,4951,2025-01-01,417
11943,4151,2025-01-01,509
11944,2273,2025-01-01,3
11945,4694,2025-01-01,553
11946,2472,2025-01-01,90
11947,1904,2025-01-01,467
11948,4497,2025-01-01,267
11949,3563,2025-01-01,15
11950,1148,2025-01-01,396
11951,3705,2025-01-01,6
11952,1364,2025-01-01,49
11953,3057,2025-01-01,342
11954,4156,2025-01-01,387
11955,3410,2025-01-01,234
11956,993,2025-01-01,173
11957,1019,2025-01-01,135
11958,999,2025-01-01,233
11959,2129,2025-01-01,357
11960,3549,2025-01-01,351
11961,18,2025-01-01,262
11962,2786,2025-01-01,37
11963,2802,2025-01-01,44
11964,918,2025-01-01,197
11965,2663,2025-01-01,425
11966,3429,2025-01-01,232
11967,1844,2025-01-01,98
11968,64,2025-01-01,483
11969,90,2025-01-01,123
11970,4246,2025-01-01,561
11971,3639,2025-01-01,289
11972,246,2025-01-01,324
11973,2151,2025-01-01,92
11974,1481,2025-01-01,524
11975,4999,2025-01-01,325
11976,2010,2025-01-01,510
11977,4862,2025-01-01,584
11978,4207,2025-01-01,67
11979,4195,2025-01-01,565
11980,342,2025-01-01,533
11981,3294,2025-01-01,1
11982,3384,2025-01-01,535
11983,2792,2025-01-01,150
11984,2214,2025-01-01,67
11985,4710,2025-01-01,254
11986,4951,2025-01-01,408
11987,2344,2025-01-01,576
11988,3729,2025-01-01,125
11989,4621,2025-01-01,586
11990,3314,2025-01-01,433
11991,3592,2025-01-01,403
11992,589,2025-01-01,279
11993,1151,2025-01-01,170
11994,1474,2025-01-01,543
11995,978,2025-01-01,195
11996,3808,2025-01-01,261
11997,1355,2025-01-01,95
11998,624,2025-01-01,326
11999,730,2025-01-01,586
12000,2835,2025-01-01,299
12001,1406,2025-01-01,96
12002,2898,2025-01-01,180
12003,481,2025-01-01,34
12004,3721,2025-01-01,266
12005,4817,2025-01-01,193
12006,3837,2025-01-01,454
12007,3186,2025-01-01,492
12008,4517,2025-01-01,390
12009,1119,2025-01-01,25
12010,2677,2025-01-01,310
12011,4142,2025-01-01,407
12012,2245,2025-01-01,183
12013,1358,2025-01-01,117
12014,2252,2025-01-01,125
12015,1848,2025-01-01,321
12016,1175,2025-01-01,502
12017,992,2025-01-01,185
12018,3144,2025-01-01,32
12019,2866,2025-01-01,164
12020,4781,2025-01-01,6
12021,647,2025-01-01,497
12022,2648,2025-01-01,228
12023,3162,2025-01-01,438
12024,2081,2025-01-01,580
12025,3076,2025-01-01,56
12026,399,2025-01-01,542
12027,4846,2025-01-01,193
12028,1977,2025-01-01,361
12029,2708,2025-01-01,46
12030,4387,2025-01-01,270
12031,3884,2025-01-01,204
12032,3320,2025-01-01,101
12033,2939,2025-01-01,16
12034,3383,2025-01-01,128
12035,1356,2025-01-01,541
12036,2140,2025-01-01,428
12037,2316,2025-01-01,390
12038,3283,2025-01-01,128
12039,3677,2025-01-01,336
12040,2113,2025-01-01,72
12041,3657,2025-01-01,572
12042,3821,2025-01-01,420
12043,2093,2025-01-01,375
12044,3679,2025-01-01,207
12045,247,2025-01-01,148
12046,4571,2025-01-01,466
12047,1283,2025-01-01,220
12048,1619,2025-01-01,120
12049,1968,2025-01-01,420
12050,2097,2025-01-01,525
12051,4277,2025-01-01,383
12052,351,2025-01-01,187
12053,240,2025-01-01,179
12054,4654,2025-01-01,26
12055,78,2025-01-01,362
12056,419,2025-01-01,183
12057,156,2025-01-01,397
12058,2634,2025-01-01,583
12059,872,2025-01-01,121
12060,408,2025-01-01,513
12061,2197,2025-01-01,193
12062,4889,2025-01-01,400
12063,3094,2025-01-01,310
12064,1847,2025-01-01,574
12065,4394,2025-01-01,393
12066,332,2025-01-01,438
12067,2047,2025-01-01,85
12068,1549,2025-01-01,264
12069,3699,2025-01-01,411
12070,486,2025-01-01,504
12071,4762,2025-01-01,96
12072,4484,2025-01-01,416
12073,3670,2025-01-01,237
12074,830,2025-01-01,410
12075,452,2025-01-01,580
12076,3100,2025-01-01,217
12077,3167,2025-01-01,379
12078,3727,2025-01-01,532
12079,759,2025-01-01,265
12080,1179,2025-01-01,106
12081,2303,2025-01-01,439
12082,899,2025-01-01,580
12083,359,2025-01-01,375
12084,4981,2025-01-01,383
12085,2324,2025-01-01,77
12086,939,2025-01-01,244
12087,2147,2025-01-01,546
12088,2463,2025-01-01,78
12089,4679,2025-01-01,366
12090,3014,2025-01-01,369
12091,616,2025-01-01,157
12092,2422,2025-01-01,455
12093,1,2025-01-01,130
12094,2086,2025-01-01,16
12095,872,2025-01-01,163
12096,4233,2025-01-01,35
12097,1051,2025-01-01,474
12098,3511,2025-01-01,249
12099,3388,2025-01-01,481
12100,4756,2025-01-01,8
12101,4950,2025-01-01,173
12102,4417,2025-01-01,229
12103,3704,2025-01-01,434
12104,500,2025-01-01,346
12105,2282,2025-01-01,516
12106,3364,2025-01-01,290
12107,2451,2025-01-01,589
12108,4187,2025-01-01,113
12109,4472,2025-01-01,388
12110,2873,2025-01-01,359
12111,1172,2025-01-01,46
12112,3390,2025-01-01,23
12113,682,2025-01-01,512
12114,585,2025-01-01,363
12115,3949,2025-01-01,499
12116,1301,2025-01-01,101
12117,1346,2025-01-01,8
12118,3118,2025-01-01,523
12119,2191,2025-01-01,285
12120,215,2025-01-01,229
12121,3256,2025-01-01,350
12122,798,2025-01-01,426
12123,3595,2025-01-01,78
12124,3464,2025-01-01,525
12125,4821,2025-01-01,497
12126,4071,2025-01-01,526
12127,3900,2025-01-01,595
12128,2403,2025-01-01,514
12129,4450,2025-01-01,31
12130,1146,2025-01-01,477
12131,3070,2025-01-01,67
12132,1878,2025-01-01,273
12133,4637,2025-01-01,120
12134,1451,2025-01-01,150
12135,1911,2025-01-01,421
12136,1609,2025-01-01,184
12137,3869,2025-01-01,375
12138,346,2025-01-01,572
12139,4323,2025-01-01,592
12140,1488,2025-01-01,286
12141,467,2025-01-01,537
12142,873,2025-01-01,492
12143,4344,2025-01-01,113
12144,4409,2025-01-01,402
12145,3113,2025-01-01,318
12146,530,2025-01-01,198
12147,1784,2025-01-01,283
12148,3804,2025-01-01,65
12149,1361,2025-01-01,409
12150,1546,2025-01-01,599
12151,1513,2025-01-01,501
12152,3557,2025-01-01,322
12153,72,2025-01-01,246
12154,3704,2025-01-01,1
12155,4547,2025-01-01,570
12156,3078,2025-01-01,414
12157,2034,2025-01-01,107
12158,1664,2025-01-01,446
12159,2295,2025-01-01,350
12160,2647,2025-01-01,183
12161,3589,2025-01-01,560
12162,3520,2025-01-01,424
12163,2034,2025-01-01,292
12164,3977,2025-01-01,60
12165,554,2025-01-01,229
12166,2537,2025-01-01,203
12167,652,2025-01-01,261
12168,86,2025-01-01,311
12169,2928,2025-01-01,407
12170,2419,2025-01-01,484
12171,720,2025-01-01,326
12172,1700,2025-01-01,135
12173,1658,2025-01-01,228
12174,724,2025-01-01,378
12175,3309,2025-01-01,212
12176,1687,2025-01-01,224
12177,2162,2025-01-01,173
12178,1036,2025-01-01,256
12179,3981,2025-01-01,88
12180,3814,2025-01-01,87
12181,2017,2025-01-01,314
12182,4228,2025-01-01,566
12183,4336,2025-01-01,204
12184,3291,2025-01-01,410
12185,1594,2025-01-01,455
12186,1125,2025-01-01,282
12187,1042,2025-01-01,528
12188,2642,2025-01-01,95
12189,1400,2025-01-01,582
12190,1339,2025-01-01,506
12191,1856,2025-01-01,249
12192,2577,2025-01-01,413
12193,2563,2025-01-01,282
12194,4292,2025-01-01,88
12195,1297,2025-01-01,519
12196,2883,2025-01-01,316
12197,2808,2025-01-01,202
12198,4702,2025-01-01,123
12199,1253,2025-01-01,101
12200,3774,2025-01-01,167
12201,2871,2025-01-01,208
12202,3821,2025-01-01,514
12203,2270,2025-01-01,59
12204,1197,2025-01-01,55
12205,2143,2025-01-01,36
12206,4951,2025-01-01,437
12207,210,2025-01-01,23
12208,842,2025-01-01,574
12209,2213,2025-01-01,312
12210,857,2025-01-01,295
12211,2609,2025-01-01,173
12212,3956,2025-01-01,469
12213,4684,2025-01-01,238
12214,634,2025-01-01,485
12215,1060,2025-01-01,278
12216,2511,2025-01-01,558
12217,3374,2025-01-01,504
12218,4250,2025-01-01,319
12219,4599,2025-01-01,64
12220,2118,2025-01-01,587
12221,2621,2025-01-01,418
12222,3595,2025-01-01,85
12223,4361,2025-01-01,213
12224,3048,2025-01-01,468
12225,1641,2025-01-01,245
12226,2158,2025-01-01,578
12227,4642,2025-01-01,272
12228,1725,2025-01-01,513
12229,4450,2025-01-01,393
12230,3451,2025-01-01,554
12231,2958,2025-01-01,317
12232,547,2025-01-01,177
12233,2803,2025-01-01,582
12234,2203,2025-01-01,442
12235,1185,2025-01-01,344
12236,1560,2025-01-01,173
12237,2388,2025-01-01,172
12238,3105,2025-01-01,113
12239,3196,2025-01-01,464
12240,4687,2025-01-01,317
12241,1374,2025-01-01,592
12242,1912,2025-01-01,517
12243,994,2025-01-01,497
12244,2438,2025-01-01,506
12245,2252,2025-01-01,430
12246,3657,2025-01-01,384
12247,1018,2025-01-01,304
12248,3860,2025-01-01,331
12249,1641,2025-01-01,166
12250,4113,2025-01-01,295
12251,744,2025-01-01,224
12252,2583,2025-01-01,247
12253,3659,2025-01-01,275
12254,2777,2025-01-01,35
12255,3892,2025-01-01,301
12256,1150,2025-01-01,256
12257,2959,2025-01-01,370
12258,4471,2025-01-01,570
12259,3004,2025-01-01,39
12260,1496,2025-01-01,76
12261,3478,2025-01-01,192
12262,4844,2025-01-01,28
12263,3025,2025-01-01,471
12264,4232,2025-01-01,175
12265,3798,2025-01-01,425
12266,2233,2025-01-01,77
12267,674,2025-01-01,294
12268,1459,2025-01-01,453
12269,2820,2025-01-01,570
12270,1743,2025-01-01,388
12271,848,2025-01-01,341
12272,2357,2025-01-01,414
12273,2207,2025-01-01,38
12274,3294,2025-01-01,486
12275,2985,2025-01-01,251
12276,3583,2025-01-01,472
12277,1925,2025-01-01,104
12278,1926,2025-01-01,344
12279,4603,2025-01-01,547
12280,136,2025-01-01,161
12281,1875,2025-01-01,82
12282,4062,2025-01-01,382
12283,1161,2025-01-01,3
12284,129,2025-01-01,565
12285,2648,2025-01-01,331
12286,580,2025-01-01,206
12287,2916,2025-01-01,342
12288,2567,2025-01-01,306
12289,2346,2025-01-01,410
12290,2915,2025-01-01,200
12291,4610,2025-01-01,392
12292,126,2025-01-01,147
12293,548,2025-01-01,427
12294,3410,2025-01-01,178
12295,4006,2025-01-01,231
12296,234,2025-01-01,259
12297,1341,2025-01-01,62
12298,1789,2025-01-01,388
12299,1411,2025-01-01,292
12300,4535,2025-01-01,384
12301,4994,2025-01-01,390
12302,3827,2025-01-01,123
12303,1878,2025-01-01,99
12304,1866,2025-01-01,543
12305,3580,2025-01-01,327
12306,1036,2025-01-01,446
12307,4436,2025-01-01,202
12308,4417,2025-01-01,152
12309,670,2025-01-01,462
12310,2055,2025-01-01,581
12311,4829,2025-01-01,218
12312,309,2025-01-01,285
12313,3622,2025-01-01,61
12314,3808,2025-01-01,581
12315,4040,2025-01-01,284
12316,4035,2025-01-01,94
12317,1979,2025-01-01,545
12318,3591,2025-01-01,472
12319,4981,2025-01-01,408
12320,2318,2025-01-01,389
12321,1089,2025-01-01,522
12322,4271,2025-01-01,571
12323,2253,2025-01-01,217
12324,3481,2025-01-01,518
12325,79,2025-01-01,331
12326,4488,2025-01-01,336
12327,4317,2025-01-01,352
12328,4270,2025-01-01,300
12329,1264,2025-01-01,187
12330,3529,2025-01-01,508
12331,3279,2025-01-01,159
12332,1920,2025-01-01,163
12333,3824,2025-01-01,23
12334,831,2025-01-01,395
12335,2465,2025-01-01,594
12336,2163,2025-01-01,264
12337,1367,2025-01-01,587
12338,1375,2025-01-01,287
12339,259,2025-01-01,520
12340,3054,2025-01-01,373
12341,1654,2025-01-01,410
12342,3601,2025-01-01,94
12343,4888,2025-01-01,132
12344,3925,2025-01-01,65
12345,4827,2025-01-01,472
12346,2950,2025-01-01,599
12347,4448,2025-01-01,540
12348,3724,2025-01-01,296
12349,2182,2025-01-01,419
12350,3190,2025-01-01,109
12351,2603,2025-01-01,535
12352,3,2025-01-01,94
12353,1732,2025-01-01,541
12354,4837,2025-01-01,586
12355,160,2025-01-01,238
12356,399,2025-01-01,254
12357,3916,2025-01-01,245
12358,2440,2025-01-01,429
12359,3056,2025-01-01,308
12360,2389,2025-01-01,463
12361,3902,2025-01-01,345
12362,729,2025-01-01,455
12363,1897,2025-01-01,125
12364,4775,2025-01-01,301
12365,3533,2025-01-01,124
12366,4755,2025-01-01,249
12367,4413,2025-01-01,3
12368,2406,2025-01-01,283
12369,1296,2025-01-01,531
12370,2780,2025-01-01,348
12371,1538,2025-01-01,157
12372,4538,2025-01-01,195
12373,157,2025-01-01,573
12374,696,2025-01-01,221
12375,2379,2025-01-01,117
12376,3641,2025-01-01,310
12377,1451,2025-01-01,22
12378,2574,2025-01-01,407
12379,442,2025-01-01,506
12380,2094,2025-01-01,125
12381,4103,2025-01-01,59
12382,2743,2025-01-01,204
12383,3864,2025-01-01,427
12384,1205,2025-01-01,63
12385,3127,2025-01-01,502
12386,2503,2025-01-01,454
12387,4500,2025-01-01,346
12388,666,2025-01-01,418
12389,4700,2025-01-01,586
12390,750,2025-01-01,524
12391,3387,2025-01-01,467
12392,146,2025-01-01,406
12393,1640,2025-01-01,451
12394,3105,2025-01-01,317
12395,2853,2025-01-01,369
12396,4944,2025-01-01,177
12397,4746,2025-01-01,311
12398,1723,2025-01-01,321
12399,1664,2025-01-01,104
12400,3080,2025-01-01,454
12401,1212,2025-01-01,208
12402,3016,2025-01-01,167
12403,3443,2025-01-01,214
12404,1749,2025-01-01,20
12405,3913,2025-01-01,283
12406,1153,2025-01-01,162
12407,935,2025-01-01,427
12408,2752,2025-01-01,194
12409,2878,2025-01-01,569
12410,265,2025-01-01,66
12411,965,2025-01-01,469
12412,4561,2025-01-01,18
12413,1699,2025-01-01,534
12414,3986,2025-01-01,370
12415,1235,2025-01-01,281
12416,1134,2025-01-01,496
12417,3464,2025-01-01,145
12418,3390,2025-01-01,341
12419,290,2025-01-01,587
12420,2993,2025-01-01,537
12421,1439,2025-01-01,340
12422,3659,2025-01-01,347
12423,314,2025-01-01,284
12424,1880,2025-01-01,382
12425,2361,2025-01-01,145
12426,1318,2025-01-01,544
12427,343,2025-01-01,192
12428,929,2025-01-01,185
12429,17,2025-01-01,146
12430,2268,2025-01-01,300
12431,692,2025-01-01,596
12432,215,2025-01-01,175
12433,4387,2025-01-01,269
12434,4389,2025-01-01,315
12435,2867,2025-01-01,394
12436,2421,2025-01-01,131
12437,3411,2025-01-01,36
12438,49,2025-01-01,478
12439,3685,2025-01-01,258
12440,3568,2025-01-01,64
12441,1759,2025-01-01,390
12442,437,2025-01-01,467
12443,795,2025-01-01,217
12444,1577,2025-01-01,1
12445,2151,2025-01-01,511
12446,4434,2025-01-01,379
12447,3292,2025-01-01,538
12448,4318,2025-01-01,425
12449,211,2025-01-01,233
12450,1630,2025-01-01,147
12451,3159,2025-01-01,577
12452,438,2025-01-01,95
12453,1212,2025-01-01,527
12454,2147,2025-01-01,178
12455,1413,2025-01-01,544
12456,4541,2025-01-01,426
12457,3402,2025-01-01,311
12458,3587,2025-01-01,107
12459,2861,2025-01-01,88
12460,1880,2025-01-01,365
12461,3792,2025-01-01,145
12462,3632,2025-01-01,163
12463,4681,2025-01-01,311
12464,2922,2025-01-01,568
12465,4797,2025-01-01,577
12466,876,2025-01-01,520
12467,723,2025-01-01,403
12468,1935,2025-01-01,356
12469,2994,2025-01-01,488
12470,62,2025-01-01,599
12471,4720,2025-01-01,27
12472,305,2025-01-01,229
12473,154,2025-01-01,471
12474,3291,2025-01-01,306
12475,4363,2025-01-01,154
12476,2220,2025-01-01,164
12477,4590,2025-01-01,162
12478,1538,2025-01-01,146
12479,1860,2025-01-01,56
12480,1390,2025-01-01,443
12481,17,2025-01-01,31
12482,955,2025-01-01,345
12483,564,2025-01-01,459
12484,1751,2025-01-01,172
12485,549,2025-01-01,270
12486,4802,2025-01-01,385
12487,3421,2025-01-01,233
12488,3971,2025-01-01,419
12489,4879,2025-01-01,195
12490,3169,2025-01-01,396
12491,1056,2025-01-01,304
12492,1834,2025-01-01,275
12493,1247,2025-01-01,311
12494,4301,2025-01-01,232
12495,4996,2025-01-01,152
12496,2580,2025-01-01,584
12497,2885,2025-01-01,229
12498,1787,2025-01-01,306
12499,4480,2025-01-01,249
12500,540,2025-01-01,299
12501,62,2025-01-01,32
12502,1853,2025-01-01,348
12503,2622,2025-01-01,79
12504,3212,2025-01-01,318
12505,728,2025-01-01,540
12506,1773,2025-01-01,108
12507,677,2025-01-01,551
12508,1952,2025-01-01,323
12509,3284,2025-01-01,385
12510,2100,2025-01-01,99
12511,4562,2025-01-01,378
12512,3234,2025-01-01,165
12513,4503,2025-01-01,460
12514,1720,2025-01-01,275
12515,435,2025-01-01,75
12516,4178,2025-01-01,2
12517,72,2025-01-01,333
12518,231,2025-01-01,165
12519,1234,2025-01-01,495
12520,684,2025-01-01,387
12521,4912,2025-01-01,355
12522,2383,2025-01-01,521
12523,412,2025-01-01,206
12524,4508,2025-01-01,341
12525,965,2025-01-01,245
12526,3819,2025-01-01,1
12527,3039,2025-01-01,127
12528,752,2025-01-01,24
12529,834,2025-01-01,88
12530,105,2025-01-01,98
12531,121,2025-01-01,153
12532,2120,2025-01-01,175
12533,3784,2025-01-01,356
12534,4900,2025-01-01,474
12535,4294,2025-01-01,259
12536,3507,2025-01-01,170
12537,1869,2025-01-01,183
12538,4784,2025-01-01,347
12539,1726,2025-01-01,126
12540,498,2025-01-01,360
12541,3591,2025-01-01,463
12542,693,2025-01-01,542
12543,4254,2025-01-01,67
12544,4382,2025-01-01,587
12545,837,2025-01-01,320
12546,922,2025-01-01,73
12547,3620,2025-01-01,467
12548,571,2025-01-01,460
12549,1880,2025-01-01,490
12550,2908,2025-01-01,377
12551,2424,2025-01-01,595
12552,4675,2025-01-01,121
12553,1634,2025-01-01,438
12554,4733,2025-01-01,441
12555,890,2025-01-01,380
12556,3410,2025-01-01,118
12557,4114,2025-01-01,554
12558,4602,2025-01-01,56
12559,2116,2025-01-01,357
12560,331,2025-01-01,543
12561,97,2025-01-01,499
12562,4705,2025-01-01,292
12563,2085,2025-01-01,140
12564,4337,2025-01-01,557
12565,161,2025-01-01,94
12566,883,2025-01-01,35
12567,3958,2025-01-01,222
12568,2858,2025-01-01,100
12569,3363,2025-01-01,273
12570,395,2025-01-01,596
12571,322,2025-01-01,189
12572,1378,2025-01-01,427
12573,1769,2025-01-01,319
12574,3323,2025-01-01,481
12575,923,2025-01-01,134
12576,845,2025-01-01,375
12577,2395,2025-01-01,109
12578,898,2025-01-01,505
12579,1943,2025-01-01,40
12580,1250,2025-01-01,521
12581,2961,2025-01-01,245
12582,754,2025-01-01,124
12583,4064,2025-01-01,443
12584,4301,2025-01-01,443
12585,1216,2025-01-01,232
12586,2649,2025-01-01,515
12587,3246,2025-01-01,267
12588,767,2025-01-01,436
12589,2350,2025-01-01,198
12590,2358,2025-01-01,400
12591,4116,2025-01-01,245
12592,1659,2025-01-01,564
12593,1480,2025-01-01,421
12594,4331,2025-01-01,532
12595,1658,2025-01-01,304
12596,3882,2025-01-01,95
12597,1255,2025-01-01,577
12598,4851,2025-01-01,153
12599,4599,2025-01-01,96
12600,327,2025-01-01,30
12601,1509,2025-01-01,158
12602,2752,2025-01-01,461
12603,1,2025-01-01,493
12604,1523,2025-01-01,579
12605,2894,2025-01-01,272
12606,4074,2025-01-01,471
12607,474,2025-01-01,247
12608,818,2025-01-01,519
12609,4444,2025-01-01,223
12610,3384,2025-01-01,53
12611,3600,2025-01-01,577
12612,3379,2025-01-01,184
12613,3758,2025-01-01,174
12614,4641,2025-01-01,515
12615,1224,2025-01-01,309
12616,405,2025-01-01,560
12617,3980,2025-01-01,409
12618,2871,2025-01-01,59
12619,543,2025-01-01,252
12620,363,2025-01-01,22
12621,4559,2025-01-01,13
12622,1011,2025-01-01,182
12623,3762,2025-01-01,220
12624,3004,2025-01-01,201
12625,4298,2025-01-01,101
12626,2126,2025-01-01,58
12627,1735,2025-01-01,91
12628,739,2025-01-01,38
12629,367,2025-01-01,197
12630,1727,2025-01-01,264
12631,2283,2025-01-01,436
12632,816,2025-01-01,67
12633,4690,2025-01-01,39
12634,1534,2025-01-01,297
12635,343,2025-01-01,199
12636,2355,2025-01-01,10
12637,3744,2025-01-01,537
12638,3292,2025-01-01,95
12639,393,2025-01-01,560
12640,786,2025-01-01,293
12641,4837,2025-01-01,346
12642,965,2025-01-01,294
12643,1567,2025-01-01,314
12644,2111,2025-01-01,212
12645,2319,2025-01-01,398
12646,1835,2025-01-01,229
12647,2031,2025-01-01,335
12648,2502,2025-01-01,293
12649,4660,2025-01-01,207
12650,2776,2025-01-01,181
12651,1762,2025-01-01,310
12652,2759,2025-01-01,74
12653,2428,2025-01-01,339
12654,1703,2025-01-01,342
12655,891,2025-01-01,104
12656,3312,2025-01-01,471
12657,2229,2025-01-01,376
12658,1672,2025-01-01,175
12659,2258,2025-01-01,312
12660,66,2025-01-01,6
12661,2650,2025-01-01,329
12662,3861,2025-01-01,161
12663,2477,2025-01-01,300
12664,2221,2025-01-01,543
12665,4647,2025-01-01,451
12666,3276,2025-01-01,394
12667,1891,2025-01-01,341
12668,4932,2025-01-01,309
12669,4708,2025-01-01,457
12670,59,2025-01-01,164
12671,2029,2025-01-01,546
12672,2281,2025-01-01,372
12673,3299,2025-01-01,328
12674,1137,2025-01-01,194
12675,190,2025-01-01,222
12676,309,2025-01-01,395
12677,3143,2025-01-01,156
12678,4882,2025-01-01,23
12679,237,2025-01-01,499
12680,4283,2025-01-01,336
12681,35,2025-01-01,515
12682,3809,2025-01-01,338
12683,3890,2025-01-01,432
12684,3620,2025-01-01,35
12685,4888,2025-01-01,211
12686,1106,2025-01-01,351
12687,3682,2025-01-01,21
12688,470,2025-01-01,127
12689,4949,2025-01-01,561
12690,3185,2025-01-01,254
12691,1403,2025-01-01,380
12692,4161,2025-01-01,421
12693,125,2025-01-01,326
12694,3827,2025-01-01,384
12695,4764,2025-01-01,480
12696,2684,2025-01-01,597
12697,3133,2025-01-01,347
12698,2801,2025-01-01,590
12699,793,2025-01-01,107
12700,3119,2025-01-01,133
12701,4303,2025-01-01,540
12702,2177,2025-01-01,287
12703,3287,2025-01-01,60
12704,4729,2025-01-01,218
12705,4416,2025-01-01,444
12706,2651,2025-01-01,283
12707,365,2025-01-01,370
12708,951,2025-01-01,322
12709,2755,2025-01-01,150
12710,93,2025-01-01,331
12711,2359,2025-01-01,200
12712,2295,2025-01-01,493
12713,1999,2025-01-01,373
12714,4794,2025-01-01,321
12715,42,2025-01-01,530
12716,4038,2025-01-01,36
12717,4755,2025-01-01,310
12718,4743,2025-01-01,169
12719,1391,2025-01-01,374
12720,2723,2025-01-01,138
12721,4936,2025-01-01,94
12722,3249,2025-01-01,442
12723,13,2025-01-01,559
12724,82,2025-01-01,487
12725,3483,2025-01-01,459
12726,3253,2025-01-01,62
12727,3201,2025-01-01,581
12728,4302,2025-01-01,298
12729,3180,2025-01-01,221
12730,1817,2025-01-01,35
12731,4761,2025-01-01,255
12732,1376,2025-01-01,347
12733,3953,2025-01-01,359
12734,3916,2025-01-01,272
12735,2842,2025-01-01,441
12736,1073,2025-01-01,434
12737,1917,2025-01-01,234
12738,2975,2025-01-01,156
12739,4584,2025-01-01,19
12740,638,2025-01-01,43
12741,4094,2025-01-01,426
12742,2359,2025-01-01,192
12743,33,2025-01-01,205
12744,4648,2025-01-01,460
12745,3377,2025-01-01,226
12746,4494,2025-01-01,120
12747,399,2025-01-01,290
12748,2427,2025-01-01,177
12749,1085,2025-01-01,160
12750,3347,2025-01-01,38
12751,2449,2025-01-01,256
12752,1516,2025-01-01,396
12753,2821,2025-01-01,209
12754,2884,2025-01-01,183
12755,87,2025-01-01,267
12756,124,2025-01-01,579
12757,3984,2025-01-01,547
12758,4561,2025-01-01,5
12759,1142,2025-01-01,392
12760,4327,2025-01-01,86
12761,3173,2025-01-01,368
12762,3087,2025-01-01,214
12763,44,2025-01-01,180
12764,1853,2025-01-01,399
12765,1066,2025-01-01,88
12766,1692,2025-01-01,553
12767,484,2025-01-01,337
12768,4490,2025-01-01,92
12769,1571,2025-01-01,54
12770,1384,2025-01-01,368
12771,3346,2025-01-01,440
12772,4089,2025-01-01,261
12773,1881,2025-01-01,266
12774,207,2025-01-01,133
12775,100,2025-01-01,67
12776,4546,2025-01-01,259
12777,4041,2025-01-01,428
12778,703,2025-01-01,36
12779,2621,2025-01-01,503
12780,1833,2025-01-01,546
12781,4549,2025-01-01,579
12782,4819,2025-01-01,269
12783,4074,2025-01-01,18
12784,2875,2025-01-01,586
12785,2644,2025-01-01,501
12786,85,2025-01-01,356
12787,4057,2025-01-01,376
12788,1979,2025-01-01,294
12789,277,2025-01-01,397
12790,2472,2025-01-01,205
12791,713,2025-01-01,314
12792,4219,2025-01-01,34
12793,4571,2025-01-01,544
12794,3003,2025-01-01,236
12795,1850,2025-01-01,31
12796,2005,2025-01-01,211
12797,1212,2025-01-01,245
12798,4456,2025-01-01,11
12799,47,2025-01-01,360
12800,1554,2025-01-01,321
12801,535,2025-01-01,351
12802,2027,2025-01-01,197
12803,1752,2025-01-01,253
12804,2143,2025-01-01,414
12805,2044,2025-01-01,250
12806,4640,2025-01-01,381
12807,743,2025-01-01,52
12808,3422,2025-01-01,291
12809,425,2025-01-01,593
12810,4595,2025-01-01,270
12811,3418,2025-01-01,150
12812,2184,2025-01-01,308
12813,2888,2025-01-01,224
12814,1978,2025-01-01,578
12815,3786,2025-01-01,415
12816,2060,2025-01-01,453
12817,3401,2025-01-01,5
12818,3428,2025-01-01,342
12819,3692,2025-01-01,197
12820,1162,2025-01-01,501
12821,3789,2025-01-01,510
12822,4574,2025-01-01,119
12823,2479,2025-01-01,493
12824,230,2025-01-01,252
12825,2969,2025-01-01,280
12826,4931,2025-01-01,99
12827,3713,2025-01-01,150
12828,4860,2025-01-01,198
12829,3035,2025-01-01,311
12830,1755,2025-01-01,162
12831,3951,2025-01-01,12
12832,891,2025-01-01,164
12833,3881,2025-01-01,32
12834,3468,2025-01-01,51
12835,4480,2025-01-01,381
12836,3772,2025-01-01,505
12837,4812,2025-01-01,159
12838,2324,2025-01-01,558
12839,4679,2025-01-01,237
12840,2961,2025-01-01,74
12841,3313,2025-01-01,540
12842,629,2025-01-01,271
12843,3846,2025-01-01,186
12844,2629,2025-01-01,189
12845,3730,2025-01-01,470
12846,2287,2025-01-01,393
12847,3144,2025-01-01,24
12848,441,2025-01-01,282
12849,3140,2025-01-01,150
12850,3545,2025-01-01,162
12851,913,2025-01-01,66
12852,4255,2025-01-01,477
12853,860,2025-01-01,207
12854,604,2025-01-01,331
12855,4837,2025-01-01,377
12856,3451,2025-01-01,230
12857,2295,2025-01-01,424
12858,2110,2025-01-01,255
12859,916,2025-01-01,445
12860,980,2025-01-01,591
12861,4266,2025-01-01,377
12862,899,2025-01-01,314
12863,4819,2025-01-01,214
12864,2519,2025-01-01,376
12865,2157,2025-01-01,44
12866,3292,2025-01-01,127
12867,1109,2025-01-01,260
12868,2190,2025-01-01,94
12869,4826,2025-01-01,479
12870,4188,2025-01-01,503
12871,2916,2025-01-01,528
12872,2287,2025-01-01,151
12873,1755,2025-01-01,430
12874,3314,2025-01-01,344
12875,4904,2025-01-01,35
12876,877,2025-01-01,120
12877,2443,2025-01-01,546
12878,4493,2025-01-01,46
12879,1248,2025-01-01,420
12880,4003,2025-01-01,99
12881,2199,2025-01-01,501
12882,4452,2025-01-01,71
12883,2104,2025-01-01,31
12884,1434,2025-01-01,101
12885,4365,2025-01-01,103
12886,4575,2025-01-01,440
12887,2502,2025-01-01,160
12888,3875,2025-01-01,276
12889,3512,2025-01-01,499
12890,343,2025-01-01,52
12891,1286,2025-01-01,432
12892,2609,2025-01-01,18
12893,4687,2025-01-01,41
12894,3525,2025-01-01,173
12895,1824,2025-01-01,393
12896,182,2025-01-01,21
12897,1153,2025-01-01,244
12898,1263,2025-01-01,277
12899,4750,2025-01-01,476
12900,2320,2025-01-01,365
12901,2531,2025-01-01,433
12902,2308,2025-01-01,382
12903,28,2025-01-01,247
12904,3342,2025-01-01,451
12905,2308,2025-01-01,179
12906,2304,2025-01-01,239
12907,1206,2025-01-01,188
12908,3998,2025-01-01,1
12909,4919,2025-01-01,370
12910,1459,2025-01-01,247
12911,4291,2025-01-01,110
12912,979,2025-01-01,431
12913,2327,2025-01-01,352
12914,582,2025-01-01,550
12915,4190,2025-01-01,463
12916,1544,2025-01-01,388
12917,3110,2025-01-01,353
12918,3638,2025-01-01,464
12919,1122,2025-01-01,337
12920,1588,2025-01-01,22
12921,1615,2025-01-01,599
12922,3031,2025-01-01,548
12923,1155,2025-01-01,211
12924,1734,2025-01-01,458
12925,4907,2025-01-01,263
12926,2701,2025-01-01,256
12927,4354,2025-01-01,352
12928,2218,2025-01-01,526
12929,3686,2025-01-01,518
12930,897,2025-01-01,575
12931,566,2025-01-01,546
12932,1361,2025-01-01,283
12933,3070,2025-01-01,328
12934,2353,2025-01-01,13
12935,2564,2025-01-01,114
12936,2814,2025-01-01,109
12937,3625,2025-01-01,400
12938,3654,2025-01-01,249
12939,3691,2025-01-01,594
12940,2947,2025-01-01,89
12941,4508,2025-01-01,196
12942,3647,2025-01-01,438
12943,808,2025-01-01,39
12944,2860,2025-01-01,185
12945,492,2025-01-01,374
12946,1089,2025-01-01,107
12947,155,2025-01-01,338
12948,183,2025-01-01,14
12949,3018,2025-01-01,281
12950,1308,2025-01-01,108
12951,142,2025-01-01,70
12952,2059,2025-01-01,243
12953,3006,2025-01-01,31
12954,2190,2025-01-01,329
12955,416,2025-01-01,493
12956,3930,2025-01-01,12
12957,990,2025-01-01,231
12958,2989,2025-01-01,237
12959,1326,2025-01-01,501
12960,433,2025-01-01,347
12961,632,2025-01-01,112
12962,1306,2025-01-01,181
12963,4603,2025-01-01,400
12964,2515,2025-01-01,150
12965,1318,2025-01-01,545
12966,111,2025-01-01,329
12967,1426,2025-01-01,77
12968,4280,2025-01-01,273
12969,3206,2025-01-01,348
12970,2168,2025-01-01,122
12971,3855,2025-01-01,125
12972,3534,2025-01-01,178
12973,1149,2025-01-01,27
12974,1629,2025-01-01,400
12975,3305,2025-01-01,540
12976,1834,2025-01-01,37
12977,4551,2025-01-01,590
12978,4973,2025-01-01,418
12979,995,2025-01-01,404
12980,2074,2025-01-01,114
12981,1642,2025-01-01,536
12982,3569,2025-01-01,75
12983,701,2025-01-01,58
12984,1388,2025-01-01,331
12985,1771,2025-01-01,525
12986,2213,2025-01-01,76
12987,1007,2025-01-01,503
12988,2405,2025-01-01,123
12989,1201,2025-01-01,559
12990,3684,2025-01-01,37
12991,3149,2025-01-01,137
12992,413,2025-01-01,293
12993,3913,2025-01-01,526
12994,458,2025-01-01,463
12995,1629,2025-01-01,323
12996,523,2025-01-01,398
12997,3678,2025-01-01,343
12998,1016,2025-01-01,501
12999,1477,2025-01-01,20
13000,3215,2025-01-01,299
13001,1322,2025-01-01,242
13002,863,2025-01-01,551
13003,897,2025-01-01,543
13004,1847,2025-01-01,31
13005,4009,2025-01-01,28
13006,1976,2025-01-01,50
13007,4627,2025-01-01,304
13008,4015,2025-01-01,429
13009,3534,2025-01-01,130
13010,460,2025-01-01,89
13011,4656,2025-01-01,44
13012,3310,2025-01-01,542
13013,3678,2025-01-01,358
13014,1751,2025-01-01,17
13015,2079,2025-01-01,442
13016,4145,2025-01-01,191
13017,4465,2025-01-01,546
13018,3225,2025-01-01,29
13019,1189,2025-01-01,10
13020,4863,2025-01-01,313
13021,1640,2025-01-01,434
13022,4994,2025-01-01,308
13023,612,2025-01-01,386
13024,1159,2025-01-01,234
13025,372,2025-01-01,229
13026,4465,2025-01-01,213
13027,3252,2025-01-01,349
13028,1703,2025-01-01,86
13029,1354,2025-01-01,447
13030,3309,2025-01-01,236
13031,3474,2025-01-01,498
13032,513,2025-01-01,224
13033,283,2025-01-01,379
13034,3320,2025-01-01,291
13035,1551,2025-01-01,65
13036,1198,2025-01-01,575
13037,955,2025-01-01,29
13038,4589,2025-01-01,35
13039,490,2025-01-01,241
13040,77,2025-01-01,213
13041,184,2025-01-01,594
13042,3851,2025-01-01,564
13043,3823,2025-01-01,82
13044,930,2025-01-01,254
13045,3577,2025-01-01,416
13046,4787,2025-01-01,359
13047,3969,2025-01-01,253
13048,3654,2025-01-01,97
13049,707,2025-01-01,411
13050,3500,2025-01-01,172
13051,2851,2025-01-01,248
13052,247,2025-01-01,142
13053,3054,2025-01-01,257
13054,103,2025-01-01,48
13055,4803,2025-01-01,60
13056,517,2025-01-01,182
13057,834,2025-01-01,492
13058,1993,2025-01-01,254
13059,2837,2025-01-01,200
13060,293,2025-01-01,434
13061,3007,2025-01-01,545
13062,3956,2025-01-01,164
13063,1143,2025-01-01,580
13064,1587,2025-01-01,320
13065,2365,2025-01-01,282
13066,4040,2025-01-01,148
13067,1836,2025-01-01,478
13068,3553,2025-01-01,107
13069,1296,2025-01-01,145
13070,2089,2025-01-01,388
13071,4709,2025-01-01,293
13072,2717,2025-01-01,146
13073,1791,2025-01-01,137
13074,310,2025-01-01,490
13075,213,2025-01-01,191
13076,3391,2025-01-01,309
13077,219,2025-01-01,543
13078,487,2025-01-01,486
13079,4674,2025-01-01,580
13080,3647,2025-01-01,198
13081,550,2025-01-01,344
13082,1379,2025-01-01,134
13083,2937,2025-01-01,438
13084,1080,2025-01-01,116
13085,168,2025-01-01,341
13086,3448,2025-01-01,333
13087,249,2025-01-01,302
13088,2945,2025-01-01,159
13089,1235,2025-01-01,302
13090,2926,2025-01-01,66
13091,2041,2025-01-01,68
13092,946,2025-01-01,519
13093,850,2025-01-01,430
13094,4857,2025-01-01,568
13095,2653,2025-01-01,78
13096,2161,2025-01-01,48
13097,2534,2025-01-01,187
13098,2462,2025-01-01,22
13099,3491,2025-01-01,30
13100,629,2025-01-01,83
13101,2741,2025-01-01,560
13102,3421,2025-01-01,424
13103,3041,2025-01-01,458
13104,2212,2025-01-01,309
13105,261,2025-01-01,175
13106,4268,2025-01-01,88
13107,4435,2025-01-01,103
13108,1206,2025-01-01,429
13109,4266,2025-01-01,475
13110,8,2025-01-01,579
13111,617,2025-01-01,300
13112,1129,2025-01-01,111
13113,2465,2025-01-01,498
13114,4177,2025-01-01,69
13115,2961,2025-01-01,42
13116,3910,2025-01-01,74
13117,4766,2025-01-01,227
13118,4901,2025-01-01,494
13119,1905,2025-01-01,426
13120,3393,2025-01-01,53
13121,4227,2025-01-01,319
13122,2456,2025-01-01,197
13123,3537,2025-01-01,416
13124,4205,2025-01-01,24
13125,2712,2025-01-01,129
13126,1107,2025-01-01,365
13127,3566,2025-01-01,348
13128,3233,2025-01-01,363
13129,4040,2025-01-01,584
13130,2216,2025-01-01,15
13131,4264,2025-01-01,471
13132,1781,2025-01-01,222
13133,4050,2025-01-01,572
13134,81,2025-01-01,564
13135,4489,2025-01-01,133
13136,3384,2025-01-01,356
13137,535,2025-01-01,562
13138,3444,2025-01-01,173
13139,420,2025-01-01,347
13140,3593,2025-01-01,589
13141,1489,2025-01-01,51
13142,148,2025-01-01,509
13143,2249,2025-01-01,445
13144,4059,2025-01-01,67
13145,4606,2025-01-01,191
13146,3814,2025-01-01,172
13147,4752,2025-01-01,400
13148,4835,2025-01-01,215
13149,4456,2025-01-01,265
13150,1549,2025-01-01,113
13151,1547,2025-01-01,240
13152,2480,2025-01-01,447
13153,4866,2025-01-01,38
13154,3807,2025-01-01,278
13155,768,2025-01-01,448
13156,443,2025-01-01,469
13157,2901,2025-01-01,365
13158,2614,2025-01-01,145
13159,2348,2025-01-01,47
13160,3358,2025-01-01,523
13161,289,2025-01-01,299
13162,1585,2025-01-01,479
13163,2898,2025-01-01,308
13164,2721,2025-01-01,347
13165,3102,2025-01-01,0
13166,3929,2025-01-01,118
13167,3162,2025-01-01,477
13168,756,2025-01-01,239
13169,2292,2025-01-01,323
13170,1415,2025-01-01,523
13171,2146,2025-01-01,3
13172,1316,2025-01-01,523
13173,3502,2025-01-01,410
13174,2690,2025-01-01,286
13175,1433,2025-01-01,24
13176,4131,2025-01-01,343
13177,352,2025-01-01,64
13178,351,2025-01-01,262
13179,1103,2025-01-01,565
13180,3697,2025-01-01,448
13181,1259,2025-01-01,35
13182,240,2025-01-01,0
13183,3181,2025-01-01,327
13184,3210,2025-01-01,389
13185,2979,2025-01-01,106
13186,3045,2025-01-01,428
13187,4081,2025-01-01,273
13188,1282,2025-01-01,385
13189,3615,2025-01-01,392
13190,1171,2025-01-01,125
13191,4568,2025-01-01,495
13192,2069,2025-01-01,300
13193,2217,2025-01-01,294
13194,1256,2025-01-01,489
13195,850,2025-01-01,408
13196,579,2025-01-01,374
13197,3366,2025-01-01,395
13198,1888,2025-01-01,226
13199,1424,2025-01-01,205
13200,2609,2025-01-01,232
13201,1065,2025-01-01,171
13202,1344,2025-01-01,250
13203,508,2025-01-01,153
13204,4011,2025-01-01,399
13205,3611,2025-01-01,275
13206,1018,2025-01-01,552
13207,4192,2025-01-01,565
13208,470,2025-01-01,291
13209,1064,2025-01-01,30
13210,803,2025-01-01,472
13211,3040,2025-01-01,237
13212,3909,2025-01-01,414
13213,2116,2025-01-01,154
13214,4705,2025-01-01,332
13215,4287,2025-01-01,140
13216,517,2025-01-01,317
13217,839,2025-01-01,343
13218,3512,2025-01-01,209
13219,1993,2025-01-01,580
13220,1828,2025-01-01,484
13221,4443,2025-01-01,213
13222,2717,2025-01-01,492
13223,4662,2025-01-01,467
13224,1754,2025-01-01,55
13225,1142,2025-01-01,137
13226,3105,2025-01-01,379
13227,4464,2025-01-01,60
13228,1316,2025-01-01,554
13229,4770,2025-01-01,482
13230,4823,2025-01-01,1
13231,311,2025-01-01,401
13232,2791,2025-01-01,203
13233,4678,2025-01-01,44
13234,4493,2025-01-01,219
13235,2932,2025-01-01,44
13236,3776,2025-01-01,312
13237,4287,2025-01-01,419
13238,2503,2025-01-01,291
13239,4629,2025-01-01,579
13240,1190,2025-01-01,483
13241,1733,2025-01-01,432
13242,4252,2025-01-01,76
13243,285,2025-01-01,58
13244,1634,2025-01-01,133
13245,2622,2025-01-01,167
13246,3030,2025-01-01,477
13247,705,2025-01-01,189
13248,1913,2025-01-01,97
13249,4389,2025-01-01,322
13250,1858,2025-01-01,407
13251,700,2025-01-01,394
13252,3017,2025-01-01,545
13253,4497,2025-01-01,260
13254,749,2025-01-01,242
13255,4648,2025-01-01,543
13256,4068,2025-01-01,152
13257,1596,2025-01-01,56
13258,1796,2025-01-01,63
13259,2919,2025-01-01,28
13260,224,2025-01-01,67
13261,3316,2025-01-01,251
13262,2297,2025-01-01,311
13263,2150,2025-01-01,384
13264,4596,2025-01-01,438
13265,3266,2025-01-01,399
13266,2538,2025-01-01,434
13267,1250,2025-01-01,476
13268,1178,2025-01-01,567
13269,4459,2025-01-01,91
13270,2092,2025-01-01,319
13271,264,2025-01-01,580
13272,1542,2025-01-01,210
13273,4661,2025-01-01,529
13274,2198,2025-01-01,183
13275,4261,2025-01-01,546
13276,754,2025-01-01,64
13277,4667,2025-01-01,280
13278,3578,2025-01-01,433
13279,2482,2025-01-01,466
13280,2778,2025-01-01,213
13281,4072,2025-01-01,455
13282,1349,2025-01-01,451
13283,3039,2025-01-01,338
13284,4103,2025-01-01,16
13285,4699,2025-01-01,201
13286,737,2025-01-01,508
13287,1600,2025-01-01,354
13288,4524,2025-01-01,48
13289,108,2025-01-01,181
13290,2316,2025-01-01,391
13291,756,2025-01-01,351
13292,2109,2025-01-01,330
13293,4507,2025-01-01,284
13294,2859,2025-01-01,5
13295,3981,2025-01-01,48
13296,3626,2025-01-01,355
13297,1244,2025-01-01,277
13298,414,2025-01-01,13
13299,2618,2025-01-01,141
13300,737,2025-01-01,477
13301,1438,2025-01-01,221
13302,3453,2025-01-01,303
13303,3089,2025-01-01,350
13304,3649,2025-01-01,516
13305,4957,2025-01-01,444
13306,1275,2025-01-01,113
13307,2606,2025-01-01,325
13308,2410,2025-01-01,167
13309,3790,2025-01-01,538
13310,88,2025-01-01,190
13311,2546,2025-01-01,509
13312,1132,2025-01-01,514
13313,433,2025-01-01,39
13314,2720,2025-01-01,444
13315,3056,2025-01-01,29
13316,1705,2025-01-01,582
13317,1562,2025-01-01,558
13318,1041,2025-01-01,435
13319,252,2025-01-01,49
13320,3425,2025-01-01,502
13321,585,2025-01-01,512
13322,506,2025-01-01,7
13323,1276,2025-01-01,354
13324,2627,2025-01-01,53
13325,1772,2025-01-01,471
13326,4304,2025-01-01,232
13327,3247,2025-01-01,488
13328,4375,2025-01-01,390
13329,2603,2025-01-01,440
13330,1625,2025-01-01,44
13331,242,2025-01-01,354
13332,4297,2025-01-01,303
13333,2840,2025-01-01,478
13334,2166,2025-01-01,326
13335,199,2025-01-01,534
13336,4399,2025-01-01,598
13337,3877,2025-01-01,19
13338,3291,2025-01-01,296
13339,809,2025-01-01,93
13340,521,2025-01-01,124
13341,292,2025-01-01,584
13342,2656,2025-01-01,309
13343,1762,2025-01-01,294
13344,934,2025-01-01,160
13345,3418,2025-01-01,305
13346,2252,2025-01-01,413
13347,2893,2025-01-01,137
13348,4970,2025-01-01,237
13349,2263,2025-01-01,70
13350,1754,2025-01-01,227
13351,1249,2025-01-01,78
13352,1106,2025-01-01,104
13353,4042,2025-01-01,391
13354,720,2025-01-01,108
13355,386,2025-01-01,3
13356,4731,2025-01-01,136
13357,421,2025-01-01,472
13358,1534,2025-01-01,214
13359,43,2025-01-01,395
13360,4700,2025-01-01,488
13361,1698,2025-01-01,454
13362,2896,2025-01-01,473
13363,4697,2025-01-01,273
13364,4506,2025-01-01,327
13365,4816,2025-01-01,240
13366,1497,2025-01-01,445
13367,2271,2025-01-01,237
13368,1043,2025-01-01,119
13369,2239,2025-01-01,242
13370,3150,2025-01-01,24
13371,1310,2025-01-01,223
13372,866,2025-01-01,256
13373,2142,2025-01-01,69
13374,3162,2025-01-01,541
13375,2535,2025-01-01,413
13376,2714,2025-01-01,100
13377,3543,2025-01-01,351
13378,1676,2025-01-01,539
13379,1942,2025-01-01,265
13380,2201,2025-01-01,580
13381,89,2025-01-01,313
13382,764,2025-01-01,298
13383,1811,2025-01-01,575
13384,3557,2025-01-01,214
13385,4625,2025-01-01,83
13386,2215,2025-01-01,407
13387,3732,2025-01-01,258
13388,2664,2025-01-01,290
13389,316,2025-01-01,149
13390,1051,2025-01-01,90
13391,3509,2025-01-01,449
13392,1686,2025-01-01,461
13393,4096,2025-01-01,37
13394,770,2025-01-01,361
13395,1561,2025-01-01,39
13396,2120,2025-01-01,444
13397,257,2025-01-01,238
13398,2798,2025-01-01,382
13399,4273,2025-01-01,409
13400,4871,2025-01-01,419
13401,583,2025-01-01,281
13402,839,2025-01-01,82
13403,4629,2025-01-01,379
13404,4318,2025-01-01,286
13405,1045,2025-01-01,131
13406,3829,2025-01-01,534
13407,4265,2025-01-01,285
13408,1789,2025-01-01,561
13409,4546,2025-01-01,263
13410,3659,2025-01-01,394
13411,3633,2025-01-01,297
13412,4190,2025-01-01,48
13413,4399,2025-01-01,340
13414,10,2025-01-01,277
13415,1991,2025-01-01,300
13416,3833,2025-01-01,43
13417,1658,2025-01-01,246
13418,757,2025-01-01,551
13419,900,2025-01-01,439
13420,1647,2025-01-01,328
13421,3793,2025-01-01,401
13422,3943,2025-01-01,162
13423,3445,2025-01-01,580
13424,2950,2025-01-01,595
13425,1348,2025-01-01,364
13426,627,2025-01-01,324
13427,4644,2025-01-01,179
13428,81,2025-01-01,220
13429,4241,2025-01-01,415
13430,1489,2025-01-01,152
13431,1931,2025-01-01,207
13432,4646,2025-01-01,155
13433,58,2025-01-01,248
13434,1684,2025-01-01,569
13435,2822,2025-01-01,21
13436,858,2025-01-01,397
13437,874,2025-01-01,185
13438,669,2025-01-01,239
13439,1437,2025-01-01,234
13440,3473,2025-01-01,515
13441,3215,2025-01-01,401
13442,2411,2025-01-01,148
13443,2281,2025-01-01,149
13444,2439,2025-01-01,522
13445,222,2025-01-01,493
13446,1035,2025-01-01,243
13447,3637,2025-01-01,208
13448,3380,2025-01-01,42
13449,3312,2025-01-01,182
13450,2384,2025-01-01,462
13451,1604,2025-01-01,592
13452,754,2025-01-01,137
13453,1259,2025-01-01,182
13454,249,2025-01-01,217
13455,831,2025-01-01,484
13456,2198,2025-01-01,535
13457,3422,2025-01-01,364
13458,4075,2025-01-01,525
13459,3268,2025-01-01,58
13460,4025,2025-01-01,498
13461,4022,2025-01-01,295
13462,2873,2025-01-01,150
13463,835,2025-01-01,531
13464,3034,2025-01-01,495
13465,507,2025-01-01,250
13466,1555,2025-01-01,200
13467,541,2025-01-01,340
13468,4973,2025-01-01,227
13469,166,2025-01-01,589
13470,4516,2025-01-01,477
13471,3330,2025-01-01,304
13472,665,2025-01-01,502
13473,1310,2025-01-01,526
13474,2511,2025-01-01,272
13475,687,2025-01-01,206
13476,4895,2025-01-01,431
13477,3733,2025-01-01,406
13478,1850,2025-01-01,267
13479,2462,2025-01-01,373
13480,4561,2025-01-01,432
13481,3554,2025-01-01,50
13482,26,2025-01-01,403
13483,313,2025-01-01,315
13484,3602,2025-01-01,84
13485,454,2025-01-01,376
13486,28,2025-01-01,426
13487,2102,2025-01-01,465
13488,1378,2025-01-01,343
13489,4411,2025-01-01,34
13490,1552,2025-01-01,236
13491,1897,2025-01-01,145
13492,3389,2025-01-01,466
13493,4967,2025-01-01,238
13494,4292,2025-01-01,46
13495,1293,2025-01-01,288
13496,4525,2025-01-01,154
13497,131,2025-01-01,92
13498,329,2025-01-01,40
13499,3948,2025-01-01,402
13500,1111,2025-01-01,299
13501,1277,2025-01-01,411
13502,2889,2025-01-01,416
13503,2847,2025-01-01,106
13504,4657,2025-01-01,508
13505,3247,2025-01-01,150
13506,4223,2025-01-01,182
13507,4387,2025-01-01,512
13508,2341,2025-01-01,146
13509,1264,2025-01-01,114
13510,2402,2025-01-01,520
13511,4417,2025-01-01,559
13512,2647,2025-01-01,439
13513,663,2025-01-01,280
13514,2524,2025-01-01,262
13515,4718,2025-01-01,174
13516,2823,2025-01-01,582
13517,2565,2025-01-01,193
13518,264,2025-01-01,38
13519,4446,2025-01-01,143
13520,1895,2025-01-01,384
13521,680,2025-01-01,55
13522,336,2025-01-01,366
13523,4910,2025-01-01,467
13524,4362,2025-01-01,491
13525,1453,2025-01-01,205
13526,2253,2025-01-01,8
13527,2648,2025-01-01,571
13528,491,2025-01-01,105
13529,4664,2025-01-01,136
13530,1896,2025-01-01,594
13531,1609,2025-01-01,82
13532,2671,2025-01-01,305
13533,242,2025-01-01,359
13534,2408,2025-01-01,480
13535,3554,2025-01-01,399
13536,4940,2025-01-01,391
13537,702,2025-01-01,112
13538,682,2025-01-01,500
13539,2701,2025-01-01,493
13540,2829,2025-01-01,287
13541,4846,2025-01-01,233
13542,218,2025-01-01,214
13543,3510,2025-01-01,556
13544,664,2025-01-01,34
13545,2853,2025-01-01,485
13546,4729,2025-01-01,290
13547,383,2025-01-01,99
13548,315,2025-01-01,187
13549,2626,2025-01-01,274
13550,3574,2025-01-01,502
13551,2591,2025-01-01,563
13552,167,2025-01-01,588
13553,3707,2025-01-01,97
13554,3408,2025-01-01,510
13555,3576,2025-01-01,224
13556,2577,2025-01-01,399
13557,609,2025-01-01,407
13558,1998,2025-01-01,239
13559,1,2025-01-01,396
13560,4112,2025-01-01,301
13561,4513,2025-01-01,26
13562,2304,2025-01-01,321
13563,1002,2025-01-01,423
13564,4422,2025-01-01,383
13565,2620,2025-01-01,589
13566,4880,2025-01-01,40
13567,3712,2025-01-01,169
13568,2183,2025-01-01,345
13569,2702,2025-01-01,43
13570,936,2025-01-01,329
13571,3383,2025-01-01,129
13572,3059,2025-01-01,421
13573,2902,2025-01-01,186
13574,230,2025-01-01,315
13575,193,2025-01-01,581
13576,4428,2025-01-01,114
13577,1631,2025-01-01,248
13578,4034,2025-01-01,493
13579,1881,2025-01-01,50
13580,4099,2025-01-01,312
13581,700,2025-01-01,12
13582,2870,2025-01-01,448
13583,1160,2025-01-01,51
13584,2522,2025-01-01,65
13585,3331,2025-01-01,543
13586,80,2025-01-01,539
13587,3721,2025-01-01,193
13588,2023,2025-01-01,542
13589,641,2025-01-01,60
13590,2296,2025-01-01,158
13591,4489,2025-01-01,39
13592,4381,2025-01-01,483
13593,3744,2025-01-01,136
13594,4233,2025-01-01,483
13595,4465,2025-01-01,363
13596,3154,2025-01-01,548
13597,2213,2025-01-01,376
13598,3062,2025-01-01,185
13599,2944,2025-01-01,558
13600,4076,2025-01-01,542
13601,364,2025-01-01,255
13602,4630,2025-01-01,242
13603,648,2025-01-01,158
13604,1595,2025-01-01,548
13605,2555,2025-01-01,74
13606,2855,2025-01-01,420
13607,2237,2025-01-01,436
13608,4371,2025-01-01,520
13609,521,2025-01-01,176
13610,3008,2025-01-01,214
13611,2106,2025-01-01,6
13612,4681,2025-01-01,117
13613,390,2025-01-01,597
13614,1582,2025-01-01,557
13615,4164,2025-01-01,13
13616,1509,2025-01-01,311
13617,3993,2025-01-01,206
13618,2919,2025-01-01,597
13619,16,2025-01-01,458
13620,1220,2025-01-01,238
13621,1039,2025-01-01,370
13622,1599,2025-01-01,81
13623,2351,2025-01-01,445
13624,4323,2025-01-01,414
13625,4888,2025-01-01,348
13626,2861,2025-01-01,212
13627,3951,2025-01-01,496
13628,3579,2025-01-01,494
13629,3335,2025-01-01,450
13630,2071,2025-01-01,530
13631,1901,2025-01-01,459
13632,1754,2025-01-01,458
13633,3186,2025-01-01,61
13634,4015,2025-01-01,212
13635,3158,2025-01-01,459
13636,2667,2025-01-01,325
13637,1289,2025-01-01,160
13638,2701,2025-01-01,576
13639,2125,2025-01-01,568
13640,1860,2025-01-01,198
13641,3667,2025-01-01,212
13642,235,2025-01-01,411
13643,113,2025-01-01,231
13644,3,2025-01-01,215
13645,2461,2025-01-01,67
13646,921,2025-01-01,294
13647,4298,2025-01-01,231
13648,4017,2025-01-01,400
13649,1938,2025-01-01,240
13650,4281,2025-01-01,268
13651,69,2025-01-01,209
13652,792,2025-01-01,8
13653,1792,2025-01-01,275
13654,1023,2025-01-01,520
13655,1661,2025-01-01,353
13656,2767,2025-01-01,488
13657,2320,2025-01-01,266
13658,154,2025-01-01,407
13659,3981,2025-01-01,597
13660,4581,2025-01-01,326
13661,178,2025-01-01,205
13662,2687,2025-01-01,538
13663,4302,2025-01-01,359
13664,3064,2025-01-01,590
13665,3340,2025-01-01,306
13666,1776,2025-01-01,396
13667,3623,2025-01-01,414
13668,3323,2025-01-01,425
13669,4861,2025-01-01,54
13670,2582,2025-01-01,12
13671,4636,2025-01-01,527
13672,1404,2025-01-01,510
13673,4243,2025-01-01,78
13674,4468,2025-01-01,416
13675,3806,2025-01-01,341
13676,4755,2025-01-01,100
13677,4212,2025-01-01,336
13678,1643,2025-01-01,144
13679,505,2025-01-01,9
13680,4730,2025-01-01,251
13681,2243,2025-01-01,367
13682,2168,2025-01-01,187
13683,2804,2025-01-01,505
13684,4888,2025-01-01,548
13685,1340,2025-01-01,26
13686,2044,2025-01-01,378
13687,898,2025-01-01,496
13688,71,2025-01-01,236
13689,4089,2025-01-01,438
13690,3481,2025-01-01,273
13691,4344,2025-01-01,387
13692,2047,2025-01-01,309
13693,544,2025-01-01,228
13694,2364,2025-01-01,528
13695,2981,2025-01-01,540
13696,4451,2025-01-01,117
13697,3931,2025-01-01,116
13698,4755,2025-01-01,276
13699,3806,2025-01-01,225
13700,4873,2025-01-01,106
13701,1608,2025-01-01,279
13702,3348,2025-01-01,195
13703,1814,2025-01-01,524
13704,382,2025-01-01,502
13705,3217,2025-01-01,302
13706,2649,2025-01-01,325
13707,2070,2025-01-01,429
13708,4078,2025-01-01,49
13709,2139,2025-01-01,453
13710,3241,2025-01-01,443
13711,1297,2025-01-01,456
13712,4412,2025-01-01,80
13713,2380,2025-01-01,326
13714,4978,2025-01-01,479
13715,3162,2025-01-01,420
13716,159,2025-01-01,22
13717,2713,2025-01-01,582
13718,854,2025-01-01,489
13719,3925,2025-01-01,256
13720,3318,2025-01-01,241
13721,3308,2025-01-01,127
13722,1978,2025-01-01,28
13723,1404,2025-01-01,133
13724,1034,2025-01-01,477
13725,3947,2025-01-01,421
13726,3906,2025-01-01,291
13727,2003,2025-01-01,557
13728,2180,2025-01-01,535
13729,1589,2025-01-01,306
13730,1105,2025-01-01,229
13731,1633,2025-01-01,181
13732,1953,2025-01-01,334
13733,3800,2025-01-01,12
13734,2081,2025-01-01,287
13735,594,2025-01-01,68
13736,350,2025-01-01,21
13737,3812,2025-01-01,71
13738,784,2025-01-01,187
13739,2288,2025-01-01,19
13740,3044,2025-01-01,176
13741,2874,2025-01-01,534
13742,826,2025-01-01,317
13743,2738,2025-01-01,118
13744,11,2025-01-01,482
13745,396,2025-01-01,9
13746,368,2025-01-01,63
13747,1366,2025-01-01,215
13748,4407,2025-01-01,345
13749,602,2025-01-01,238
13750,4617,2025-01-01,273
13751,4939,2025-01-01,475
13752,4183,2025-01-01,241
13753,2791,2025-01-01,64
13754,1910,2025-01-01,379
13755,4810,2025-01-01,454
13756,1009,2025-01-01,344
13757,4747,2025-01-01,127
13758,575,2025-01-01,317
13759,3357,2025-01-01,83
13760,3743,2025-01-01,22
13761,1358,2025-01-01,19
13762,3009,2025-01-01,248
13763,19,2025-01-01,410
13764,4570,2025-01-01,176
13765,1843,2025-01-01,128
13766,673,2025-01-01,480
13767,4287,2025-01-01,536
13768,1590,2025-01-01,342
13769,2442,2025-01-01,46
13770,1652,2025-01-01,147
13771,253,2025-01-01,375
13772,2322,2025-01-01,492
13773,1491,2025-01-01,201
13774,3267,2025-01-01,245
13775,4250,2025-01-01,521
13776,4898,2025-01-01,425
13777,4811,2025-01-01,581
13778,2532,2025-01-01,88
13779,109,2025-01-01,197
13780,4810,2025-01-01,259
13781,2461,2025-01-01,302
13782,4502,2025-01-01,15
13783,4464,2025-01-01,513
13784,4221,2025-01-01,104
13785,17,2025-01-01,205
13786,778,2025-01-01,550
13787,3408,2025-01-01,91
13788,4275,2025-01-01,548
13789,4013,2025-01-01,549
13790,2386,2025-01-01,39
13791,1464,2025-01-01,536
13792,2852,2025-01-01,272
13793,1016,2025-01-01,177
13794,4676,2025-01-01,33
13795,3159,2025-01-01,346
13796,1648,2025-01-01,37
13797,3001,2025-01-01,365
13798,2119,2025-01-01,58
13799,3735,2025-01-01,329
13800,2701,2025-01-01,163
13801,1084,2025-01-01,52
13802,4852,2025-01-01,235
13803,1423,2025-01-01,302
13804,4811,2025-01-01,333
13805,885,2025-01-01,11
13806,4930,2025-01-01,508
13807,3599,2025-01-01,160
13808,4869,2025-01-01,4
13809,2027,2025-01-01,60
13810,4760,2025-01-01,318
13811,682,2025-01-01,0
13812,3883,2025-01-01,354
13813,1096,2025-01-01,277
13814,730,2025-01-01,468
13815,2865,2025-01-01,355
13816,2257,2025-01-01,128
13817,4269,2025-01-01,57
13818,3629,2025-01-01,277
13819,1361,2025-01-01,513
13820,1743,2025-01-01,244
13821,4342,2025-01-01,257
13822,3546,2025-01-01,90
13823,3305,2025-01-01,534
13824,1947,2025-01-01,352
13825,4745,2025-01-01,217
13826,1421,2025-01-01,530
13827,1364,2025-01-01,473
13828,4000,2025-01-01,101
13829,1188,2025-01-01,570
13830,3565,2025-01-01,452
13831,1397,2025-01-01,482
13832,4507,2025-01-01,217
13833,713,2025-01-01,73
13834,285,2025-01-01,307
13835,3214,2025-01-01,8
13836,120,2025-01-01,387
13837,1257,2025-01-01,54
13838,4516,2025-01-01,54
13839,2371,2025-01-01,138
13840,3047,2025-01-01,268
13841,3855,2025-01-01,209
13842,710,2025-01-01,233
13843,1117,2025-01-01,518
13844,3525,2025-01-01,101
13845,196,2025-01-01,108
13846,3575,2025-01-01,219
13847,2240,2025-01-01,24
13848,742,2025-01-01,337
13849,2190,2025-01-01,184
13850,2,2025-01-01,474
13851,1403,2025-01-01,557
13852,361,2025-01-01,101
13853,2550,2025-01-01,199
13854,1164,2025-01-01,500
13855,323,2025-01-01,550
13856,4072,2025-01-01,220
13857,2161,2025-01-01,207
13858,798,2025-01-01,77
13859,2823,2025-01-01,595
13860,3645,2025-01-01,105
13861,4724,2025-01-01,506
13862,3843,2025-01-01,12
13863,1947,2025-01-01,186
13864,1283,2025-01-01,174
13865,3343,2025-01-01,425
13866,3699,2025-01-01,554
13867,1102,2025-01-01,8
13868,3709,2025-01-01,25
13869,394,2025-01-01,592
13870,939,2025-01-01,304
13871,2285,2025-01-01,452
13872,611,2025-01-01,224
13873,2296,2025-01-01,355
13874,3465,2025-01-01,191
13875,4716,2025-01-01,340
13876,2547,2025-01-01,118
13877,4142,2025-01-01,134
13878,4269,2025-01-01,162
13879,4958,2025-01-01,316
13880,1387,2025-01-01,299
13881,1396,2025-01-01,45
13882,393,2025-01-01,302
13883,3822,2025-01-01,212
13884,879,2025-01-01,176
13885,2471,2025-01-01,22
13886,4024,2025-01-01,421
13887,2428,2025-01-01,213
13888,4771,2025-01-01,356
13889,4606,2025-01-01,252
13890,3226,2025-01-01,545
13891,2839,2025-01-01,104
13892,1911,2025-01-01,359
13893,3625,2025-01-01,590
13894,4163,2025-01-01,467
13895,379,2025-01-01,336
13896,3218,2025-01-01,188
13897,976,2025-01-01,426
13898,3971,2025-01-01,417
13899,603,2025-01-01,178
13900,3050,2025-01-01,245
13901,3916,2025-01-01,89
13902,1143,2025-01-01,422
13903,4176,2025-01-01,305
13904,4680,2025-01-01,597
13905,3312,2025-01-01,12
13906,805,2025-01-01,250
13907,828,2025-01-01,314
13908,2293,2025-01-01,508
13909,478,2025-01-01,422
13910,3485,2025-01-01,449
13911,2009,2025-01-01,194
13912,1527,2025-01-01,465
13913,4236,2025-01-01,151
13914,892,2025-01-01,230
13915,1744,2025-01-01,496
13916,4213,2025-01-01,226
13917,4160,2025-01-01,566
13918,4518,2025-01-01,461
13919,4153,2025-01-01,356
13920,1751,2025-01-01,348
13921,1444,2025-01-01,476
13922,3334,2025-01-01,177
13923,800,2025-01-01,130
13924,2248,2025-01-01,576
13925,1153,2025-01-01,395
13926,1353,2025-01-01,396
13927,119,2025-01-01,205
13928,1655,2025-01-01,370
13929,1138,2025-01-01,318
13930,604,2025-01-01,116
13931,3952,2025-01-01,494
13932,743,2025-01-01,264
13933,3092,2025-01-01,589
13934,4479,2025-01-01,78
13935,4359,2025-01-01,550
13936,8,2025-01-01,49
13937,371,2025-01-01,519
13938,4496,2025-01-01,431
13939,2392,2025-01-01,101
13940,808,2025-01-01,338
13941,3476,2025-01-01,252
13942,2754,2025-01-01,287
13943,101,2025-01-01,203
13944,2293,2025-01-01,568
13945,427,2025-01-01,341
13946,1364,2025-01-01,463
13947,4661,2025-01-01,164
13948,826,2025-01-01,106
13949,2029,2025-01-01,387
13950,3378,2025-01-01,153
13951,2237,2025-01-01,136
13952,3432,2025-01-01,206
13953,3877,2025-01-01,124
13954,542,2025-01-01,506
13955,903,2025-01-01,284
13956,4840,2025-01-01,547
13957,4461,2025-01-01,506
13958,1529,2025-01-01,238
13959,4133,2025-01-01,554
13960,2574,2025-01-01,151
13961,2804,2025-01-01,506
13962,351,2025-01-01,198
13963,1508,2025-01-01,140
13964,654,2025-01-01,136
13965,360,2025-01-01,150
13966,4942,2025-01-01,533
13967,3880,2025-01-01,112
13968,2421,2025-01-01,155
13969,4163,2025-01-01,192
13970,1317,2025-01-01,64
13971,2,2025-01-01,392
13972,1626,2025-01-01,504
13973,2441,2025-01-01,291
13974,3626,2025-01-01,250
13975,3305,2025-01-01,459
13976,4931,2025-01-01,110
13977,977,2025-01-01,534
13978,1042,2025-01-01,543
13979,3514,2025-01-01,266
13980,3850,2025-01-01,22
13981,3802,2025-01-01,196
13982,4897,2025-01-01,43
13983,3399,2025-01-01,405
13984,536,2025-01-01,567
13985,32,2025-01-01,104
13986,4935,2025-01-01,450
13987,904,2025-01-01,285
13988,4237,2025-01-01,1
13989,145,2025-01-01,439
13990,3555,2025-01-01,115
13991,2458,2025-01-01,103
13992,2301,2025-01-01,521
13993,2772,2025-01-01,403
13994,3956,2025-01-01,208
13995,3764,2025-01-01,225
13996,2195,2025-01-01,407
13997,4115,2025-01-01,215
13998,2880,2025-01-01,469
13999,2033,2025-01-01,545
14000,1212,2025-01-01,299
14001,2593,2025-01-01,76
14002,1419,2025-01-01,439
14003,3179,2025-01-01,155
14004,4634,2025-01-01,208
14005,3875,2025-01-01,19
14006,312,2025-01-01,301
14007,1092,2025-01-01,373
14008,2811,2025-01-01,197
14009,4139,2025-01-01,1
14010,677,2025-01-01,373
14011,4241,2025-01-01,35
14012,4231,2025-01-01,336
14013,2097,2025-01-01,110
14014,4183,2025-01-01,84
14015,3781,2025-01-01,173
14016,250,2025-01-01,348
14017,2848,2025-01-01,195
14018,128,2025-01-01,521
14019,1242,2025-01-01,209
14020,84,2025-01-01,320
14021,4406,2025-01-01,421
14022,4111,2025-01-01,569
14023,4211,2025-01-01,317
14024,162,2025-01-01,567
14025,1776,2025-01-01,257
14026,4639,2025-01-01,377
14027,4245,2025-01-01,217
14028,2675,2025-01-01,163
14029,3942,2025-01-01,98
14030,3462,2025-01-01,162
14031,1429,2025-01-01,59
14032,2344,2025-01-01,255
14033,4690,2025-01-01,469
14034,2920,2025-01-01,282
14035,4968,2025-01-01,492
14036,4157,2025-01-01,504
14037,4623,2025-01-01,178
14038,3883,2025-01-01,51
14039,2240,2025-01-01,247
14040,176,2025-01-01,316
14041,2676,2025-01-01,41
14042,891,2025-01-01,270
14043,1236,2025-01-01,335
14044,4269,2025-01-01,106
14045,2546,2025-01-01,177
14046,455,2025-01-01,493
14047,3974,2025-01-01,362
14048,45,2025-01-01,208
14049,456,2025-01-01,130
14050,2912,2025-01-01,190
14051,4741,2025-01-01,70
14052,3387,2025-01-01,424
14053,1109,2025-01-01,363
14054,3258,2025-01-01,333
14055,2479,2025-01-01,533
14056,3884,2025-01-01,497
14057,2249,2025-01-01,395
14058,3339,2025-01-01,440
14059,3802,2025-01-01,481
14060,3209,2025-01-01,474
14061,2915,2025-01-01,67
14062,4531,2025-01-01,233
14063,1107,2025-01-01,242
14064,2385,2025-01-01,400
14065,652,2025-01-01,544
14066,4123,2025-01-01,315
14067,1187,2025-01-01,568
14068,810,2025-01-01,173
14069,1359,2025-01-01,425
14070,1848,2025-01-01,209
14071,2639,2025-01-01,12
14072,4630,2025-01-01,177
14073,1450,2025-01-01,100
14074,4511,2025-01-01,313
14075,4222,2025-01-01,65
14076,355,2025-01-01,210
14077,3078,2025-01-01,581
14078,1692,2025-01-01,445
14079,1121,2025-01-01,553
14080,3926,2025-01-01,5
14081,2739,2025-01-01,333
14082,4282,2025-01-01,40
14083,2232,2025-01-01,559
14084,1199,2025-01-01,415
14085,2595,2025-01-01,130
14086,1926,2025-01-01,586
14087,1074,2025-01-01,397
14088,3477,2025-01-01,150
14089,2398,2025-01-01,290
14090,1692,2025-01-01,353
14091,4892,2025-01-01,41
14092,4,2025-01-01,398
14093,4177,2025-01-01,49
14094,2819,2025-01-01,258
14095,985,2025-01-01,236
14096,4092,2025-01-01,233
14097,3545,2025-01-01,384
14098,1069,2025-01-01,19
14099,2179,2025-01-01,489
14100,1227,2025-01-01,448
14101,914,2025-01-01,202
14102,206,2025-01-01,426
14103,1465,2025-01-01,322
14104,704,2025-01-01,221
14105,4652,2025-01-01,411
14106,2163,2025-01-01,560
14107,4141,2025-01-01,173
14108,2777,2025-01-01,328
14109,344,2025-01-01,304
14110,537,2025-01-01,56
14111,2788,2025-01-01,86
14112,4201,2025-01-01,479
14113,3797,2025-01-01,173
14114,1610,2025-01-01,146
14115,4484,2025-01-01,241
14116,1682,2025-01-01,437
14117,1441,2025-01-01,599
14118,2583,2025-01-01,375
14119,3755,2025-01-01,275
14120,2226,2025-01-01,450
14121,2644,2025-01-01,452
14122,2079,2025-01-01,404
14123,1621,2025-01-01,481
14124,654,2025-01-01,521
14125,4230,2025-01-01,597
14126,1011,2025-01-01,301
14127,443,2025-01-01,197
14128,410,2025-01-01,388
14129,3097,2025-01-01,361
14130,2868,2025-01-01,566
14131,4486,2025-01-01,57
14132,599,2025-01-01,468
14133,2810,2025-01-01,485
14134,4464,2025-01-01,131
14135,1137,2025-01-01,550
14136,4547,2025-01-01,190
14137,466,2025-01-01,182
14138,2299,2025-01-01,321
14139,265,2025-01-01,518
14140,2371,2025-01-01,254
14141,3452,2025-01-01,420
14142,1593,2025-01-01,401
14143,288,2025-01-01,50
14144,3824,2025-01-01,544
14145,1452,2025-01-01,466
14146,1495,2025-01-01,342
14147,4863,2025-01-01,545
14148,3815,2025-01-01,354
14149,2009,2025-01-01,569
14150,4796,2025-01-01,567
14151,2447,2025-01-01,227
14152,4674,2025-01-01,472
14153,1061,2025-01-01,401
14154,4673,2025-01-01,448
14155,1480,2025-01-01,125
14156,4879,2025-01-01,470
14157,2201,2025-01-01,539
14158,3366,2025-01-01,32
14159,2767,2025-01-01,526
14160,1112,2025-01-01,594
14161,2825,2025-01-01,518
14162,2064,2025-01-01,360
14163,89,2025-01-01,245
14164,2699,2025-01-01,563
14165,4562,2025-01-01,243
14166,1889,2025-01-01,124
14167,4892,2025-01-01,447
14168,3137,2025-01-01,75
14169,455,2025-01-01,467
14170,2674,2025-01-01,8
14171,3146,2025-01-01,310
14172,4541,2025-01-01,309
14173,648,2025-01-01,24
14174,4148,2025-01-01,558
14175,3247,2025-01-01,378
14176,3442,2025-01-01,428
14177,4889,2025-01-01,107
14178,2337,2025-01-01,128
14179,786,2025-01-01,324
14180,1112,2025-01-01,216
14181,162,2025-01-01,574
14182,4381,2025-01-01,585
14183,1548,2025-01-01,9
14184,3773,2025-01-01,270
14185,3221,2025-01-01,599
14186,1315,2025-01-01,365
14187,2180,2025-01-01,497
14188,1457,2025-01-01,459
14189,2847,2025-01-01,435
14190,2850,2025-01-01,596
14191,354,2025-01-01,370
14192,3621,2025-01-01,415
14193,504,2025-01-01,527
14194,2708,2025-01-01,46
14195,2250,2025-01-01,218
14196,1903,2025-01-01,332
14197,2120,2025-01-01,17
14198,3684,2025-01-01,366
14199,4929,2025-01-01,81
14200,4041,2025-01-01,366
14201,883,2025-01-01,182
14202,976,2025-01-01,143
14203,342,2025-01-01,555
14204,2251,2025-01-01,197
14205,258,2025-01-01,243
14206,3305,2025-01-01,136
14207,4436,2025-01-01,3
14208,43,2025-01-01,282
14209,4238,2025-01-01,48
14210,217,2025-01-01,348
14211,2439,2025-01-01,375
14212,260,2025-01-01,189
14213,260,2025-01-01,197
14214,1915,2025-01-01,328
14215,4107,2025-01-01,384
14216,1192,2025-01-01,237
14217,4368,2025-01-01,438
14218,452,2025-01-01,239
14219,1227,2025-01-01,444
14220,3201,2025-01-01,521
14221,2957,2025-01-01,433
14222,924,2025-01-01,356
14223,2501,2025-01-01,333
14224,4183,2025-01-01,260
14225,4207,2025-01-01,187
14226,1362,2025-01-01,174
14227,2128,2025-01-01,565
14228,1271,2025-01-01,437
14229,2423,2025-01-01,372
14230,2619,2025-01-01,270
14231,2257,2025-01-01,359
14232,4584,2025-01-01,422
14233,864,2025-01-01,72
14234,1044,2025-01-01,425
14235,2243,2025-01-01,396
14236,2147,2025-01-01,384
14237,4634,2025-01-01,193
14238,189,2025-01-01,418
14239,4347,2025-01-01,57
14240,3635,2025-01-01,569
14241,681,2025-01-01,477
14242,3693,2025-01-01,59
14243,4246,2025-01-01,462
14244,3733,2025-01-01,563
14245,3492,2025-01-01,218
14246,663,2025-01-01,40
14247,222,2025-01-01,576
14248,3775,2025-01-01,340
14249,1063,2025-01-01,491
14250,4164,2025-01-01,97
14251,3140,2025-01-01,547
14252,2061,2025-01-01,493
14253,3509,2025-01-01,291
14254,2492,2025-01-01,30
14255,2965,2025-01-01,73
14256,1887,2025-01-01,316
14257,3404,2025-01-01,240
14258,3833,2025-01-01,532
14259,3474,2025-01-01,40
14260,62,2025-01-01,472
14261,3630,2025-01-01,570
14262,583,2025-01-01,75
14263,1560,2025-01-01,457
14264,4718,2025-01-01,120
14265,923,2025-01-01,275
14266,381,2025-01-01,543
14267,2171,2025-01-01,91
14268,2097,2025-01-01,156
14269,516,2025-01-01,349
14270,2563,2025-01-01,195
14271,4472,2025-01-01,316
14272,3224,2025-01-01,568
14273,99,2025-01-01,5
14274,4349,2025-01-01,204
14275,4148,2025-01-01,22
14276,589,2025-01-01,9
14277,2721,2025-01-01,372
14278,3608,2025-01-01,496
14279,4914,2025-01-01,183
14280,3109,2025-01-01,449
14281,4412,2025-01-01,481
14282,1420,2025-01-01,399
14283,347,2025-01-01,385
14284,4497,2025-01-01,63
14285,2252,2025-01-01,283
14286,2469,2025-01-01,252
14287,1694,2025-01-01,542
14288,1312,2025-01-01,48
14289,593,2025-01-01,563
14290,4910,2025-01-01,263
14291,812,2025-01-01,567
14292,1648,2025-01-01,71
14293,2908,2025-01-01,340
14294,2130,2025-01-01,323
14295,672,2025-01-01,397
14296,4044,2025-01-01,593
14297,3274,2025-01-01,419
14298,1550,2025-01-01,84
14299,1941,2025-01-01,273
14300,4822,2025-01-01,347
14301,4593,2025-01-01,451
14302,192,2025-01-01,476
14303,659,2025-01-01,220
14304,419,2025-01-01,263
14305,2569,2025-01-01,58
14306,3143,2025-01-01,532
14307,3623,2025-01-01,467
14308,37,2025-01-01,468
14309,593,2025-01-01,124
14310,4215,2025-01-01,506
14311,4536,2025-01-01,112
14312,280,2025-01-01,183
14313,2989,2025-01-01,484
14314,3491,2025-01-01,542
14315,949,2025-01-01,359
14316,1502,2025-01-01,356
14317,3669,2025-01-01,581
14318,2056,2025-01-01,245
14319,337,2025-01-01,442
14320,245,2025-01-01,392
14321,2401,2025-01-01,310
14322,495,2025-01-01,185
14323,3320,2025-01-01,467
14324,1727,2025-01-01,462
14325,3692,2025-01-01,54
14326,4790,2025-01-01,465
14327,1473,2025-01-01,327
14328,668,2025-01-01,108
14329,1354,2025-01-01,358
14330,45,2025-01-01,262
14331,4744,2025-01-01,251
14332,909,2025-01-01,188
14333,3518,2025-01-01,513
14334,184,2025-01-01,508
14335,2780,2025-01-01,341
14336,561,2025-01-01,423
14337,4917,2025-01-01,310
14338,3214,2025-01-01,355
14339,3621,2025-01-01,531
14340,647,2025-01-01,409
14341,2724,2025-01-01,491
14342,838,2025-01-01,62
14343,4617,2025-01-01,388
14344,2662,2025-01-01,177
14345,2106,2025-01-01,382
14346,2095,2025-01-01,15
14347,3872,2025-01-01,578
14348,1324,2025-01-01,0
14349,4453,2025-01-01,166
14350,754,2025-01-01,318
14351,4003,2025-01-01,14
14352,3449,2025-01-01,588
14353,1032,2025-01-01,56
14354,2062,2025-01-01,101
14355,4732,2025-01-01,10
14356,4021,2025-01-01,200
14357,4574,2025-01-01,272
14358,4644,2025-01-01,296
14359,2595,2025-01-01,481
14360,3073,2025-01-01,325
14361,266,2025-01-01,310
14362,3695,2025-01-01,60
14363,282,2025-01-01,151
14364,2906,2025-01-01,82
14365,3141,2025-01-01,505
14366,2128,2025-01-01,202
14367,3180,2025-01-01,385
14368,4484,2025-01-01,7
14369,66,2025-01-01,106
14370,3961,2025-01-01,129
14371,1843,2025-01-01,117
14372,799,2025-01-01,35
14373,1784,2025-01-01,38
14374,3000,2025-01-01,368
14375,2362,2025-01-01,291
14376,1301,2025-01-01,358
14377,693,2025-01-01,316
14378,3064,2025-01-01,385
14379,4046,2025-01-01,428
14380,2232,2025-01-01,346
14381,744,2025-01-01,96
14382,2010,2025-01-01,268
14383,4296,2025-01-01,327
14384,1251,2025-01-01,435
14385,223,2025-01-01,365
14386,2238,2025-01-01,436
14387,3220,2025-01-01,421
14388,1845,2025-01-01,472
14389,4505,2025-01-01,16
14390,1777,2025-01-01,238
14391,1471,2025-01-01,212
14392,805,2025-01-01,466
14393,2561,2025-01-01,294
14394,4151,2025-01-01,209
14395,4191,2025-01-01,533
14396,97,2025-01-01,55
14397,3736,2025-01-01,412
14398,3913,2025-01-01,292
14399,2118,2025-01-01,536
14400,4616,2025-01-01,405
14401,3994,2025-01-01,306
14402,3301,2025-01-01,280
14403,1249,2025-01-01,100
14404,2787,2025-01-01,220
14405,3051,2025-01-01,567
14406,1362,2025-01-01,225
14407,2573,2025-01-01,73
14408,4690,2025-01-01,515
14409,1030,2025-01-01,223
14410,2884,2025-01-01,176
14411,730,2025-01-01,312
14412,2189,2025-01-01,593
14413,4336,2025-01-01,178
14414,4574,2025-01-01,135
14415,2940,2025-01-01,94
14416,4513,2025-01-01,416
14417,3982,2025-01-01,546
14418,4876,2025-01-01,269
14419,3282,2025-01-01,212
14420,3643,2025-01-01,196
14421,1115,2025-01-01,295
14422,3766,2025-01-01,593
14423,1397,2025-01-01,299
14424,4861,2025-01-01,506
14425,3742,2025-01-01,284
14426,3352,2025-01-01,263
14427,1161,2025-01-01,163
14428,2686,2025-01-01,118
14429,4242,2025-01-01,595
14430,1600,2025-01-01,496
14431,1825,2025-01-01,288
14432,4915,2025-01-01,322
14433,3607,2025-01-01,289
14434,1460,2025-01-01,81
14435,3850,2025-01-01,378
14436,3558,2025-01-01,12
14437,476,2025-01-01,459
14438,2057,2025-01-01,563
14439,3305,2025-01-01,534
14440,2690,2025-01-01,78
14441,1661,2025-01-01,265
14442,576,2025-01-01,203
14443,3530,2025-01-01,477
14444,2682,2025-01-01,187
14445,3059,2025-01-01,246
14446,4525,2025-01-01,15
14447,4519,2025-01-01,276
14448,893,2025-01-01,458
14449,963,2025-01-01,480
14450,480,2025-01-01,424
14451,258,2025-01-01,510
14452,242,2025-01-01,214
14453,2265,2025-01-01,175
14454,4497,2025-01-01,433
14455,4804,2025-01-01,313
14456,1573,2025-01-01,270
14457,4213,2025-01-01,6
14458,525,2025-01-01,140
14459,488,2025-01-01,332
14460,4997,2025-01-01,339
14461,115,2025-01-01,342
14462,415,2025-01-01,537
14463,3355,2025-01-01,494
14464,1186,2025-01-01,553
14465,3531,2025-01-01,550
14466,3286,2025-01-01,393
14467,1044,2025-01-01,170
14468,3907,2025-01-01,462
14469,421,2025-01-01,268
14470,3928,2025-01-01,29
14471,4066,2025-01-01,42
14472,1986,2025-01-01,96
14473,2434,2025-01-01,328
14474,3323,2025-01-01,355
14475,3472,2025-01-01,86
14476,3586,2025-01-01,378
14477,2759,2025-01-01,462
14478,3423,2025-01-01,166
14479,2288,2025-01-01,32
14480,475,2025-01-01,203
14481,463,2025-01-01,464
14482,264,2025-01-01,235
14483,3442,2025-01-01,441
14484,4538,2025-01-01,422
14485,351,2025-01-01,329
14486,3652,2025-01-01,82
14487,2462,2025-01-01,514
14488,822,2025-01-01,391
14489,4623,2025-01-01,509
14490,3052,2025-01-01,74
14491,4673,2025-01-01,7
14492,4879,2025-01-01,445
14493,1143,2025-01-01,70
14494,2769,2025-01-01,112
14495,3471,2025-01-01,364
14496,2834,2025-01-01,248
14497,2772,2025-01-01,545
14498,2374,2025-01-01,120
14499,390,2025-01-01,430
14500,3144,2025-01-01,299
14501,2388,2025-01-01,257
14502,2478,2025-01-01,265
14503,4987,2025-01-01,63
14504,2224,2025-01-01,127
14505,177,2025-01-01,170
14506,1402,2025-01-01,398
14507,613,2025-01-01,89
14508,3784,2025-01-01,359
14509,4667,2025-01-01,550
14510,4555,2025-01-01,567
14511,1548,2025-01-01,353
14512,565,2025-01-01,541
14513,2905,2025-01-01,202
14514,1901,2025-01-01,134
14515,2353,2025-01-01,461
14516,1660,2025-01-01,299
14517,2485,2025-01-01,527
14518,3267,2025-01-01,307
14519,340,2025-01-01,19
14520,2387,2025-01-01,396
14521,4527,2025-01-01,548
14522,3748,2025-01-01,227
14523,1966,2025-01-01,46
14524,2604,2025-01-01,396
14525,3656,2025-01-01,214
14526,3257,2025-01-01,488
14527,4543,2025-01-01,353
14528,1942,2025-01-01,133
14529,538,2025-01-01,582
14530,2597,2025-01-01,470
14531,3704,2025-01-01,563
14532,3687,2025-01-01,404
14533,3153,2025-01-01,379
14534,2379,2025-01-01,209
14535,677,2025-01-01,245
14536,3972,2025-01-01,546
14537,3106,2025-01-01,354
14538,3128,2025-01-01,225
14539,4714,2025-01-01,481
14540,1544,2025-01-01,63
14541,55,2025-01-01,272
14542,3056,2025-01-01,5
14543,3318,2025-01-01,292
14544,2072,2025-01-01,376
14545,251,2025-01-01,82
14546,1470,2025-01-01,51
14547,1485,2025-01-01,411
14548,4107,2025-01-01,520
14549,2534,2025-01-01,395
14550,3500,2025-01-01,331
14551,2176,2025-01-01,588
14552,4335,2025-01-01,130
14553,152,2025-01-01,579
14554,77,2025-01-01,102
14555,1528,2025-01-01,49
14556,4381,2025-01-01,23
14557,784,2025-01-01,7
14558,3230,2025-01-01,57
14559,4399,2025-01-01,119
14560,4298,2025-01-01,69
14561,3633,2025-01-01,428
14562,2162,2025-01-01,359
14563,4481,2025-01-01,498
14564,3942,2025-01-01,355
14565,41,2025-01-01,467
14566,4664,2025-01-01,235
14567,1943,2025-01-01,439
14568,3212,2025-01-01,379
14569,2390,2025-01-01,34
14570,696,2025-01-01,66
14571,3852,2025-01-01,76
14572,1618,2025-01-01,258
14573,2637,2025-01-01,84
14574,189,2025-01-01,455
14575,2496,2025-01-01,453
14576,355,2025-01-01,225
14577,4552,2025-01-01,187
14578,938,2025-01-01,318
14579,4756,2025-01-01,277
14580,3755,2025-01-01,3
14581,4545,2025-01-01,131
14582,448,2025-01-01,3
14583,3324,2025-01-01,254
14584,1773,2025-01-01,249
14585,2244,2025-01-01,250
14586,483,2025-01-01,535
14587,4880,2025-01-01,232
14588,4916,2025-01-01,449
14589,1669,2025-01-01,423
14590,1252,2025-01-01,520
14591,4735,2025-01-01,282
14592,4941,2025-01-01,374
14593,367,2025-01-01,474
14594,111,2025-01-01,401
14595,3410,2025-01-01,255
14596,2578,2025-01-01,426
14597,622,2025-01-01,217
14598,2216,2025-01-01,310
14599,2619,2025-01-01,255
14600,1125,2025-01-01,366
14601,1827,2025-01-01,227
14602,5,2025-01-01,179
14603,3910,2025-01-01,57
14604,3337,2025-01-01,57
14605,3203,2025-01-01,468
14606,250,2025-01-01,125
14607,4764,2025-01-01,332
14608,3614,2025-01-01,210
14609,3352,2025-01-01,225
14610,90,2025-01-01,96
14611,4190,2025-01-01,143
14612,2564,2025-01-01,93
14613,2257,2025-01-01,192
14614,106,2025-01-01,159
14615,742,2025-01-01,350
14616,2249,2025-01-01,214
14617,1148,2025-01-01,431
14618,4026,2025-01-01,184
14619,2342,2025-01-01,273
14620,3093,2025-01-01,386
14621,2154,2025-01-01,431
14622,4703,2025-01-01,152
14623,155,2025-01-01,399
14624,3005,2025-01-01,427
14625,930,2025-01-01,378
14626,4854,2025-01-01,93
14627,2013,2025-01-01,93
14628,2339,2025-01-01,544
14629,1049,2025-01-01,298
14630,3704,2025-01-01,532
14631,3972,2025-01-01,381
14632,2214,2025-01-01,332
14633,3582,2025-01-01,529
14634,1463,2025-01-01,538
14635,3554,2025-01-01,432
14636,463,2025-01-01,348
14637,1515,2025-01-01,451
14638,4830,2025-01-01,199
14639,2791,2025-01-01,34
14640,1555,2025-01-01,530
14641,4318,2025-01-01,465
14642,1324,2025-01-01,30
14643,1096,2025-01-01,124
14644,4068,2025-01-01,432
14645,911,2025-01-01,169
14646,3781,2025-01-01,509
14647,3425,2025-01-01,445
14648,2514,2025-01-01,273
14649,1798,2025-01-01,494
14650,1171,2025-01-01,369
14651,3083,2025-01-01,363
14652,2084,2025-01-01,437
14653,1773,2025-01-01,458
14654,1175,2025-01-01,497
14655,4078,2025-01-01,500
14656,2317,2025-01-01,382
14657,3038,2025-01-01,269
14658,354,2025-01-01,21
14659,4615,2025-01-01,259
14660,4832,2025-01-01,38
14661,3524,2025-01-01,414
14662,3595,2025-01-01,572
14663,4291,2025-01-01,106
14664,2267,2025-01-01,353
14665,3394,2025-01-01,402
14666,275,2025-01-01,237
14667,4514,2025-01-01,280
14668,1989,2025-01-01,75
14669,3306,2025-01-01,556
14670,4321,2025-01-01,543
14671,587,2025-01-01,169
14672,3,2025-01-01,227
14673,4019,2025-01-01,0
14674,437,2025-01-01,231
14675,4279,2025-01-01,427
14676,4787,2025-01-01,113
14677,1395,2025-01-01,590
14678,1524,2025-01-01,430
14679,3639,2025-01-01,557
14680,4855,2025-01-01,259
14681,995,2025-01-01,275
14682,4312,2025-01-01,224
14683,1503,2025-01-01,204
14684,1034,2025-01-01,595
14685,796,2025-01-01,181
14686,716,2025-01-01,285
14687,3152,2025-01-01,3
14688,865,2025-01-01,203
14689,1071,2025-01-01,297
14690,3415,2025-01-01,478
14691,1189,2025-01-01,14
14692,1972,2025-01-01,473
14693,4863,2025-01-01,491
14694,2960,2025-01-01,577
14695,3015,2025-01-01,367
14696,1568,2025-01-01,216
14697,3611,2025-01-01,421
14698,3056,2025-01-01,361
14699,2519,2025-01-01,73
14700,4478,2025-01-01,155
14701,2228,2025-01-01,261
14702,4808,2025-01-01,94
14703,4723,2025-01-01,98
14704,1073,2025-01-01,113
14705,3236,2025-01-01,156
14706,4920,2025-01-01,146
14707,4363,2025-01-01,261
14708,478,2025-01-01,162
14709,1342,2025-01-01,315
14710,770,2025-01-01,121
14711,3968,2025-01-01,197
14712,2439,2025-01-01,100
14713,1340,2025-01-01,203
14714,1453,2025-01-01,357
14715,1296,2025-01-01,114
14716,775,2025-01-01,193
14717,1521,2025-01-01,142
14718,565,2025-01-01,18
14719,3155,2025-01-01,513
14720,4047,2025-01-01,147
14721,4208,2025-01-01,340
14722,1234,2025-01-01,164
14723,3645,2025-01-01,247
14724,2774,2025-01-01,127
14725,4371,2025-01-01,18
14726,1129,2025-01-01,255
14727,104,2025-01-01,219
14728,2945,2025-01-01,586
14729,3798,2025-01-01,262
14730,3825,2025-01-01,549
14731,4946,2025-01-01,97
14732,646,2025-01-01,102
14733,2515,2025-01-01,198
14734,3464,2025-01-01,30
14735,144,2025-01-01,523
14736,4815,2025-01-01,213
14737,3830,2025-01-01,85
14738,908,2025-01-01,251
14739,4202,2025-01-01,98
14740,1690,2025-01-01,30
14741,1181,2025-01-01,356
14742,3381,2025-01-01,13
14743,299,2025-01-01,199
14744,2249,2025-01-01,531
14745,3893,2025-01-01,165
14746,4262,2025-01-01,398
14747,2040,2025-01-01,582
14748,3900,2025-01-01,515
14749,2868,2025-01-01,332
14750,3270,2025-01-01,378
14751,307,2025-01-01,495
14752,4621,2025-01-01,395
14753,1848,2025-01-01,419
14754,4518,2025-01-01,369
14755,2449,2025-01-01,483
14756,82,2025-01-01,324
14757,4851,2025-01-01,0
14758,2988,2025-01-01,182
14759,1924,2025-01-01,290
14760,46,2025-01-01,555
14761,2798,2025-01-01,345
14762,1423,2025-01-01,15
14763,3607,2025-01-01,531
14764,3075,2025-01-01,416
14765,1136,2025-01-01,31
14766,2249,2025-01-01,496
14767,1578,2025-01-01,297
14768,569,2025-01-01,287
14769,4149,2025-01-01,460
14770,4683,2025-01-01,221
14771,1535,2025-01-01,185
14772,1667,2025-01-01,574
14773,1546,2025-01-01,142
14774,3027,2025-01-01,104
14775,1551,2025-01-01,460
14776,1066,2025-01-01,34
14777,1018,2025-01-01,444
14778,436,2025-01-01,392
14779,3337,2025-01-01,180
14780,1978,2025-01-01,379
14781,141,2025-01-01,365
14782,1935,2025-01-01,281
14783,3235,2025-01-01,212
14784,4791,2025-01-01,277
14785,1538,2025-01-01,309
14786,4191,2025-01-01,577
14787,2107,2025-01-01,139
14788,2797,2025-01-01,256
14789,3360,2025-01-01,35
14790,3040,2025-01-01,182
14791,2721,2025-01-01,96
14792,2884,2025-01-01,554
14793,337,2025-01-01,25
14794,45,2025-01-01,575
14795,4625,2025-01-01,204
14796,3106,2025-01-01,46
14797,2438,2025-01-01,65
14798,3224,2025-01-01,491
14799,1770,2025-01-01,317
14800,3360,2025-01-01,305
14801,1003,2025-01-01,334
14802,4597,2025-01-01,485
14803,2674,2025-01-01,191
14804,1123,2025-01-01,582
14805,2030,2025-01-01,516
14806,1160,2025-01-01,256
14807,3977,2025-01-01,130
14808,3191,2025-01-01,264
14809,1179,2025-01-01,4
14810,3834,2025-01-01,37
14811,2292,2025-01-01,10
14812,1368,2025-01-01,429
14813,3654,2025-01-01,447
14814,4797,2025-01-01,195
14815,3417,2025-01-01,263
14816,249,2025-01-01,162
14817,3629,2025-01-01,132
14818,800,2025-01-01,110
14819,3326,2025-01-01,115
14820,2227,2025-01-01,188
14821,852,2025-01-01,311
14822,2103,2025-01-01,235
14823,3690,2025-01-01,226
14824,2939,2025-01-01,343
14825,932,2025-01-01,480
14826,4904,2025-01-01,279
14827,147,2025-01-01,4
14828,954,2025-01-01,255
14829,2509,2025-01-01,233
14830,3416,2025-01-01,325
14831,3158,2025-01-01,33
14832,447,2025-01-01,318
14833,2957,2025-01-01,398
14834,3362,2025-01-01,130
14835,1056,2025-01-01,457
14836,1068,2025-01-01,506
14837,2601,2025-01-01,197
14838,4910,2025-01-01,383
14839,2097,2025-01-01,168
14840,1215,2025-01-01,402
14841,2829,2025-01-01,163
14842,4949,2025-01-01,91
14843,2182,2025-01-01,529
14844,3856,2025-01-01,589
14845,2754,2025-01-01,79
14846,734,2025-01-01,506
14847,4351,2025-01-01,551
14848,183,2025-01-01,10
14849,3293,2025-01-01,559
14850,2883,2025-01-01,427
14851,4564,2025-01-01,126
14852,3712,2025-01-01,500
14853,1733,2025-01-01,565
14854,3702,2025-01-01,329
14855,4868,2025-01-01,577
14856,3476,2025-01-01,144
14857,2658,2025-01-01,463
14858,797,2025-01-01,209
14859,3546,2025-01-01,413
14860,1754,2025-01-01,376
14861,4020,2025-01-01,266
14862,3607,2025-01-01,246
14863,2295,2025-01-01,590
14864,361,2025-01-01,489
14865,1523,2025-01-01,3
14866,3681,2025-01-01,562
14867,4969,2025-01-01,251
14868,3796,2025-01-01,9
14869,1033,2025-01-01,279
14870,3074,2025-01-01,97
14871,4292,2025-01-01,580
14872,1737,2025-01-01,319
14873,3438,2025-01-01,175
14874,1685,2025-01-01,575
14875,4044,2025-01-01,539
14876,1867,2025-01-01,174
14877,1891,2025-01-01,384
14878,1183,2025-01-01,406
14879,1861,2025-01-01,164
14880,3639,2025-01-01,165
14881,4003,2025-01-01,50
14882,2849,2025-01-01,283
14883,305,2025-01-01,347
14884,3701,2025-01-01,89
14885,430,2025-01-01,573
14886,3203,2025-01-01,413
14887,1335,2025-01-01,399
14888,3938,2025-01-01,89
14889,1259,2025-01-01,75
14890,2191,2025-01-01,197
14891,1009,2025-01-01,86
14892,1713,2025-01-01,216
14893,1621,2025-01-01,421
14894,1838,2025-01-01,250
14895,4765,2025-01-01,464
14896,1373,2025-01-01,579
14897,4472,2025-01-01,430
14898,1210,2025-01-01,524
14899,4443,2025-01-01,421
14900,4407,2025-01-01,462
14901,3720,2025-01-01,375
14902,2813,2025-01-01,270
14903,1664,2025-01-01,207
14904,2499,2025-01-01,46
14905,662,2025-01-01,387
14906,563,2025-01-01,166
14907,1315,2025-01-01,295
14908,1064,2025-01-01,213
14909,2899,2025-01-01,419
14910,3924,2025-01-01,150
14911,3425,2025-01-01,228
14912,3508,2025-01-01,144
14913,4873,2025-01-01,159
14914,3730,2025-01-01,476
14915,1248,2025-01-01,291
14916,2053,2025-01-01,542
14917,742,2025-01-01,193
14918,3837,2025-01-01,531
14919,1688,2025-01-01,145
14920,1773,2025-01-01,268
14921,1914,2025-01-01,420
14922,1938,2025-01-01,286
14923,2590,2025-01-01,372
14924,2126,2025-01-01,251
14925,3712,2025-01-01,543
14926,2911,2025-01-01,418
14927,3350,2025-01-01,578
14928,1098,2025-01-01,113
14929,1040,2025-01-01,239
14930,77,2025-01-01,413
14931,2364,2025-01-01,117
14932,4336,2025-01-01,428
14933,2923,2025-01-01,18
14934,1192,2025-01-01,543
14935,856,2025-01-01,494
14936,3388,2025-01-01,174
14937,3965,2025-01-01,539
14938,1977,2025-01-01,426
14939,1476,2025-01-01,10
14940,1282,2025-01-01,163
14941,3983,2025-01-01,129
14942,4997,2025-01-01,483
14943,2579,2025-01-01,66
14944,4504,2025-01-01,496
14945,4842,2025-01-01,229
14946,3292,2025-01-01,61
14947,1612,2025-01-01,547
14948,2692,2025-01-01,378
14949,4465,2025-01-01,563
14950,2495,2025-01-01,83
14951,3761,2025-01-01,243
14952,3026,2025-01-01,333
14953,37,2025-01-01,496
14954,650,2025-01-01,258
14955,2158,2025-01-01,204
14956,4656,2025-01-01,144
14957,4647,2025-01-01,199
14958,4203,2025-01-01,281
14959,2178,2025-01-01,71
14960,1498,2025-01-01,271
14961,2104,2025-01-01,514
14962,2689,2025-01-01,337
14963,3364,2025-01-01,569
14964,2433,2025-01-01,123
14965,624,2025-01-01,335
14966,2171,2025-01-01,216
14967,3741,2025-01-01,35
14968,3580,2025-01-01,321
14969,3495,2025-01-01,358
14970,2565,2025-01-01,54
14971,227,2025-01-01,93
14972,3435,2025-01-01,239
14973,3485,2025-01-01,479
14974,110,2025-01-01,380
14975,1825,2025-01-01,165
14976,2400,2025-01-01,326
14977,2062,2025-01-01,184
14978,2473,2025-01-01,100
14979,2101,2025-01-01,412
14980,1174,2025-01-01,479
14981,721,2025-01-01,304
14982,3679,2025-01-01,243
14983,2383,2025-01-01,249
14984,2923,2025-01-01,323
14985,1970,2025-01-01,48
14986,39,2025-01-01,563
14987,4046,2025-01-01,519
14988,1404,2025-01-01,516
14989,4952,2025-01-01,464
14990,1311,2025-01-01,561
14991,986,2025-01-01,257
14992,4178,2025-01-01,210
14993,4209,2025-01-01,4
14994,2264,2025-01-01,463
14995,4202,2025-01-01,172
14996,2450,2025-01-01,584
14997,1775,2025-01-01,418
14998,249,2025-01-01,10
14999,3426,2025-01-01,476
15000,295,2025-01-01,299
