112,2228,01/01/2025,495
113,1533,01/01/2025,388
114,2033,01/01/2025,130
115,4718,01/01/2025,303
116,994,01/01/2025,380
117,1894,01/01/2025,271
118,2348,01/01/2025,502
119,4891,01/01/2025,178
120,3462,01/01/2025,1
121,2653,01/01/2025,392
122,434,01/01/2025,464
123,2257,01/01/2025,145
124,1884,01/01/2025,278
125,2344,01/01/2025,380
126,2157,01/01/2025,332
127,3712,01/01/2025,553
128,2095,01/01/2025,528
129,703,01/01/2025,294
130,32,01/01/2025,572
131,15,01/01/2025,169
132,4610,01/01/2025,501
133,4803,01/01/2025,162
134,4758,01/01/2025,361
135,2365,01/01/2025,576
136,2843,01/01/2025,383
137,943,01/01/2025,331
138,4683,01/01/2025,500
139,301,01/01/2025,398
140,4711,01/01/2025,525
141,4074,01/01/2025,443
142,2860,01/01/2025,445
143,1552,01/01/2025,42
144,4151,01/01/2025,463
145,886,01/01/2025,368
146,275,01/01/2025,475
147,2618,01/01/2025,90
148,3758,01/01/2025,437
149,3978,01/01/2025,594
150,1816,01/01/2025,257
151,1608,01/01/2025,4
152,1083,01/01/2025,470
153,3790,01/01/2025,394
154,3029,01/01/2025,179
155,2214,01/01/2025,128
156,2093,01/01/2025,224
157,1179,01/01/2025,559
158,1405,01/01/2025,215
159,2481,01/01/2025,43
160,4407,01/01/2025,470
161,4882,01/01/2025,385
162,2672,01/01/2025,4
163,3982,01/01/2025,550
164,3273,01/01/2025,195
165,3574,01/01/2025,572
166,4746,01/01/2025,473
167,2930,01/01/2025,402
168,4029,01/01/2025,249
169,4112,01/01/2025,417
170,1473,01/01/2025,257
171,2488,01/01/2025,254
172,616,01/01/2025,97
173,4745,01/01/2025,478
174,3435,01/01/2025,397
175,4400,01/01/2025,126
176,1222,01/01/2025,87
177,4887,01/01/2025,293
178,4868,01/01/2025,288
179,678,01/01/2025,150
180,729,01/01/2025,318
181,2555,01/01/2025,581
182,1869,01/01/2025,317
183,162,01/01/2025,203
184,4215,01/01/2025,443
185,678,01/01/2025,508
186,2939,01/01/2025,338
187,4734,01/01/2025,6
188,2505,01/01/2025,393
189,3546,01/01/2025,410
190,3413,01/01/2025,351
191,4391,01/01/2025,236
192,1076,01/01/2025,424
193,3377,01/01/2025,140
194,2325,01/01/2025,585
195,2438,01/01/2025,23
196,423,01/01/2025,485
197,226,01/01/2025,325
198,4402,01/01/2025,114
199,1460,01/01/2025,261
200,4276,01/01/2025,177
201,162,01/01/2025,13
202,666,01/01/2025,591
203,1947,01/01/2025,33
204,4866,01/01/2025,552
205,3743,01/01/2025,509
206,1769,01/01/2025,290
207,1197,01/01/2025,161
208,4332,01/01/2025,384
209,3133,01/01/2025,550
210,4399,01/01/2025,196
211,83,01/01/2025,493
212,790,01/01/2025,74
213,3994,01/01/2025,189
214,4273,01/01/2025,0
215,3011,01/01/2025,443
216,2172,01/01/2025,296
217,775,01/01/2025,476
218,2374,01/01/2025,365
219,4877,01/01/2025,216
220,4354,01/01/2025,347
221,119,01/01/2025,462
222,1972,01/01/2025,464
223,1802,01/01/2025,587
224,3021,01/01/2025,105
225,2380,01/01/2025,464
226,130,01/01/2025,373
227,1101,01/01/2025,337
228,4481,01/01/2025,534
229,24,01/01/2025,195
230,4413,01/01/2025,360
231,2579,01/01/2025,51
232,3548,01/01/2025,322
233,4311,01/01/2025,102
234,3142,01/01/2025,248
235,225,01/01/2025,592
236,4207,01/01/2025,147
237,2156,01/01/2025,456
238,906,01/01/2025,59
239,2221,01/01/2025,48
240,219,01/01/2025,146
241,4208,01/01/2025,27
242,1035,01/01/2025,572
243,1905,01/01/2025,241
244,1310,01/01/2025,405
245,975,01/01/2025,137
246,3200,01/01/2025,161
247,1904,01/01/2025,280
248,1792,01/01/2025,541
249,3096,01/01/2025,357
250,859,01/01/2025,360
251,454,01/01/2025,422
252,3893,01/01/2025,479
253,1455,01/01/2025,187
254,2302,01/01/2025,162
255,1623,01/01/2025,326
256,3214,01/01/2025,256
257,4717,01/01/2025,437
258,2190,01/01/2025,52
259,2991,01/01/2025,30
260,4057,01/01/2025,580
261,1107,01/01/2025,105
262,3181,01/01/2025,45
263,4125,01/01/2025,214
264,3806,01/01/2025,0
265,3275,01/01/2025,431
266,4447,01/01/2025,91
267,1360,01/01/2025,527
268,3678,01/01/2025,100
269,551,01/01/2025,361
270,298,01/01/2025,8
271,3618,01/01/2025,535
272,835,01/01/2025,403
273,1700,01/01/2025,396
274,2034,01/01/2025,70
275,4429,01/01/2025,16
276,601,01/01/2025,412
277,1388,01/01/2025,399
278,3896,01/01/2025,321
279,2265,01/01/2025,59
280,1768,01/01/2025,152
281,2943,01/01/2025,152
282,3484,01/01/2025,341
283,518,01/01/2025,529
284,4662,01/01/2025,570
285,4865,01/01/2025,402
286,4746,01/01/2025,101
287,2272,01/01/2025,493
288,4133,01/01/2025,459
289,4651,01/01/2025,284
290,1043,01/01/2025,50
291,2457,01/01/2025,275
292,926,01/01/2025,299
293,596,01/01/2025,519
294,2952,01/01/2025,491
295,2594,01/01/2025,450
296,4213,01/01/2025,297
297,227,01/01/2025,209
298,449,01/01/2025,273
299,4344,01/01/2025,240
300,398,01/01/2025,285
301,2275,01/01/2025,259
302,2772,01/01/2025,238
303,2656,01/01/2025,521
304,646,01/01/2025,187
305,984,01/01/2025,305
306,242,01/01/2025,404
307,1650,01/01/2025,212
308,1249,01/01/2025,209
309,1784,01/01/2025,391
310,1085,01/01/2025,437
311,2818,01/01/2025,379
312,2734,01/01/2025,343
313,4997,01/01/2025,323
314,131,01/01/2025,504
315,2973,01/01/2025,295
316,1053,01/01/2025,547
317,335,01/01/2025,398
318,746,01/01/2025,202
319,597,01/01/2025,56
320,4098,01/01/2025,174
321,2320,01/01/2025,149
322,1902,01/01/2025,352
323,4694,01/01/2025,527
324,3807,01/01/2025,378
325,1101,01/01/2025,89
326,3185,01/01/2025,385
327,1420,01/01/2025,339
328,1503,01/01/2025,4
329,2455,01/01/2025,59
330,1728,01/01/2025,108
331,3708,01/01/2025,218
332,2200,01/01/2025,562
333,1411,01/01/2025,559
334,3413,01/01/2025,273
335,2755,01/01/2025,110
336,3290,01/01/2025,65
337,255,01/01/2025,83
338,4996,01/01/2025,42
339,3882,01/01/2025,302
340,4499,01/01/2025,410
341,2757,01/01/2025,459
342,558,01/01/2025,32
343,281,01/01/2025,200
344,3361,01/01/2025,519
345,1870,01/01/2025,505
346,2998,01/01/2025,537
347,4834,01/01/2025,535
348,2057,01/01/2025,210
349,2315,01/01/2025,269
350,3803,01/01/2025,192
351,3843,01/01/2025,352
352,159,01/01/2025,173
353,1132,01/01/2025,41
354,988,01/01/2025,92
355,4595,01/01/2025,449
356,554,01/01/2025,570
357,4189,01/01/2025,112
358,1341,01/01/2025,300
359,3643,01/01/2025,145
360,3765,01/01/2025,529
361,3992,01/01/2025,476
362,1838,01/01/2025,29
363,3226,01/01/2025,74
364,2534,01/01/2025,124
365,4779,01/01/2025,295
366,2757,01/01/2025,259
367,4568,01/01/2025,138
368,3754,01/01/2025,462
369,1076,01/01/2025,326
370,4547,01/01/2025,134
371,980,01/01/2025,271
372,2325,01/01/2025,407
373,1529,01/01/2025,460
374,3664,01/01/2025,571
375,3518,01/01/2025,168
376,4462,01/01/2025,14
377,2270,01/01/2025,367
378,2514,01/01/2025,37
379,3865,01/01/2025,413
380,1818,01/01/2025,191
381,596,01/01/2025,463
382,4378,01/01/2025,417
383,1771,01/01/2025,29
384,2203,01/01/2025,328
385,2366,01/01/2025,322
386,3962,01/01/2025,274
387,936,01/01/2025,110
388,1528,01/01/2025,124
389,2546,01/01/2025,502
390,3449,01/01/2025,266
391,4194,01/01/2025,16
392,2988,01/01/2025,39
393,3414,01/01/2025,351
394,1056,01/01/2025,47
395,4225,01/01/2025,5
396,1279,01/01/2025,37
397,1287,01/01/2025,232
398,2104,01/01/2025,277
399,2734,01/01/2025,230
400,3158,01/01/2025,289
401,2750,01/01/2025,341
402,705,01/01/2025,129
403,1283,01/01/2025,391
404,951,01/01/2025,484
405,2074,01/01/2025,383
406,3575,01/01/2025,35
407,2640,01/01/2025,218
408,276,01/01/2025,396
409,4555,01/01/2025,473
410,2706,01/01/2025,209
411,3936,01/01/2025,43
412,3093,01/01/2025,44
413,2111,01/01/2025,83
414,2236,01/01/2025,513
415,1296,01/01/2025,359
416,1552,01/01/2025,211
417,1104,01/01/2025,250
418,2367,01/01/2025,68
419,1009,01/01/2025,330
420,1669,01/01/2025,323
421,1642,01/01/2025,177
422,3347,01/01/2025,438
423,2086,01/01/2025,370
424,3429,01/01/2025,521
425,346,01/01/2025,407
426,4296,01/01/2025,57
427,3117,01/01/2025,180
428,1275,01/01/2025,150
429,3521,01/01/2025,337
430,2605,01/01/2025,1
431,1920,01/01/2025,288
432,4667,01/01/2025,214
433,1177,01/01/2025,465
434,2030,01/01/2025,189
435,3254,01/01/2025,135
436,1864,01/01/2025,44
437,3356,01/01/2025,477
438,2917,01/01/2025,443
439,4686,01/01/2025,173
440,1958,01/01/2025,559
441,1801,01/01/2025,490
442,1233,01/01/2025,278
443,318,01/01/2025,298
444,4892,01/01/2025,404
445,535,01/01/2025,378
446,3062,01/01/2025,589
447,2052,01/01/2025,481
448,557,01/01/2025,416
449,859,01/01/2025,90
450,1167,01/01/2025,450
451,4215,01/01/2025,479
452,4227,01/01/2025,570
453,1559,01/01/2025,454
454,778,01/01/2025,388
455,4054,01/01/2025,14
456,4205,01/01/2025,507
457,4944,01/01/2025,455
458,4358,01/01/2025,410
459,1985,01/01/2025,78
460,4173,01/01/2025,133
461,160,01/01/2025,419
462,2954,01/01/2025,292
463,3837,01/01/2025,420
464,1212,01/01/2025,29
465,4124,01/01/2025,466
466,4625,01/01/2025,507
467,3482,01/01/2025,505
468,2767,01/01/2025,574
469,3059,01/01/2025,300
470,2588,01/01/2025,580
471,794,01/01/2025,273
472,573,01/01/2025,492
473,572,01/01/2025,142
474,2383,01/01/2025,182
475,2148,01/01/2025,105
476,306,01/01/2025,486
477,3517,01/01/2025,512
478,1962,01/01/2025,468
479,4272,01/01/2025,136
480,92,01/01/2025,262
481,1176,01/01/2025,76
482,2961,01/01/2025,222
483,3277,01/01/2025,217
484,1678,01/01/2025,19
485,4808,01/01/2025,52
486,2271,01/01/2025,422
487,4945,01/01/2025,403
488,82,01/01/2025,131
489,2976,01/01/2025,481
490,2890,01/01/2025,396
491,1266,01/01/2025,234
492,3868,01/01/2025,577
493,4114,01/01/2025,358
494,1723,01/01/2025,88
495,2442,01/01/2025,544
496,513,01/01/2025,599
497,3934,01/01/2025,48
498,2532,01/01/2025,487
499,678,01/01/2025,97
500,1374,01/01/2025,NULL
501,3947,01/01/2025,268
502,618,01/01/2025,258
503,3929,01/01/2025,472
504,3794,01/01/2025,403
505,2473,01/01/2025,39
506,1095,01/01/2025,267
507,39,01/01/2025,298
508,262,01/01/2025,594
509,4551,01/01/2025,3
510,1104,01/01/2025,285
511,609,01/01/2025,561
512,3397,01/01/2025,5
513,2897,01/01/2025,433
514,3038,01/01/2025,140
515,1376,01/01/2025,366
516,1306,01/01/2025,306
517,2102,01/01/2025,164
518,749,01/01/2025,477
519,4706,01/01/2025,401
520,1793,01/01/2025,128
521,3771,01/01/2025,549
522,4853,01/01/2025,419
523,1864,01/01/2025,231
524,3369,01/01/2025,352
525,4886,01/01/2025,275
526,4148,01/01/2025,252
527,1113,01/01/2025,357
528,4370,01/01/2025,55
529,1536,01/01/2025,267
530,902,01/01/2025,300
531,1280,01/01/2025,356
532,3419,01/01/2025,275
533,1500,01/01/2025,221
534,4042,01/01/2025,385
535,1441,01/01/2025,477
536,808,01/01/2025,202
537,3877,01/01/2025,352
538,4187,01/01/2025,285
539,3198,01/01/2025,540
540,2254,01/01/2025,335
541,1189,01/01/2025,237
542,3713,01/01/2025,548
543,2905,01/01/2025,194
544,3130,01/01/2025,25
545,494,01/01/2025,350
546,2561,01/01/2025,225
547,3885,01/01/2025,129
548,1476,01/01/2025,586
549,870,01/01/2025,351
550,1185,01/01/2025,231
551,1522,01/01/2025,377
552,1425,01/01/2025,586
553,4185,01/01/2025,225
554,3225,01/01/2025,98
555,2664,01/01/2025,588
556,3903,01/01/2025,447
557,4556,01/01/2025,263
558,2529,01/01/2025,528
559,144,01/01/2025,14
560,1544,01/01/2025,475
561,4784,01/01/2025,272
562,2921,01/01/2025,388
563,612,01/01/2025,33
564,4967,01/01/2025,75
565,2578,01/01/2025,242
566,3697,01/01/2025,130
567,2039,01/01/2025,102
568,3105,01/01/2025,360
569,2369,01/01/2025,77
570,1141,01/01/2025,398
571,2872,01/01/2025,353
572,4411,01/01/2025,554
573,1570,01/01/2025,46
574,4410,01/01/2025,347
575,3924,01/01/2025,19
576,3718,01/01/2025,293
577,3227,01/01/2025,483
578,2327,01/01/2025,193
579,1394,01/01/2025,14
580,378,01/01/2025,104
581,2898,01/01/2025,51
582,4934,01/01/2025,158
583,2056,01/01/2025,366
584,2067,01/01/2025,389
585,156,01/01/2025,556
586,1728,01/01/2025,496
587,1046,01/01/2025,551
588,1556,01/01/2025,419
589,3604,01/01/2025,558
590,1218,01/01/2025,536
591,3035,01/01/2025,53
592,4757,01/01/2025,519
593,389,01/01/2025,317
594,2580,01/01/2025,457
595,2187,01/01/2025,437
596,3141,01/01/2025,211
597,4681,01/01/2025,117
598,1945,01/01/2025,173
599,2127,01/01/2025,178
600,745,01/01/2025,208
601,1123,01/01/2025,77
602,3207,01/01/2025,225
603,2251,01/01/2025,453
604,2801,01/01/2025,355
605,4725,01/01/2025,395
606,616,01/01/2025,212
607,2758,01/01/2025,501
608,2567,01/01/2025,47
609,1657,01/01/2025,54
610,3332,01/01/2025,89
611,2747,01/01/2025,101
612,3306,01/01/2025,251
613,1756,01/01/2025,220
614,953,01/01/2025,22
615,3670,01/01/2025,286
616,1899,01/01/2025,297
617,1312,01/01/2025,468
618,1445,01/01/2025,217
619,148,01/01/2025,373
620,1711,01/01/2025,495
621,2971,01/01/2025,211
622,2643,01/01/2025,360
623,4921,01/01/2025,195
624,633,01/01/2025,566
625,194,01/01/2025,566
626,3751,01/01/2025,489
627,2270,01/01/2025,458
628,3040,01/01/2025,157
629,1253,01/01/2025,462
630,2337,01/01/2025,505
631,1691,01/01/2025,396
632,1032,01/01/2025,1
633,3469,01/01/2025,388
634,828,01/01/2025,180
635,300,01/01/2025,212
636,4537,01/01/2025,552
637,244,01/01/2025,86
638,2923,01/01/2025,417
639,4422,01/01/2025,342
640,1491,01/01/2025,73
641,4230,01/01/2025,415
642,3886,01/01/2025,532
643,2443,01/01/2025,242
644,1853,01/01/2025,374
645,1270,01/01/2025,297
646,3620,01/01/2025,491
647,4820,01/01/2025,143
648,2248,01/01/2025,109
649,4316,01/01/2025,91
650,949,01/01/2025,557
651,3519,01/01/2025,220
652,2124,01/01/2025,460
653,4662,01/01/2025,592
654,2423,01/01/2025,415
655,2829,01/01/2025,427
656,4259,01/01/2025,158
657,4895,01/01/2025,375
658,1980,01/01/2025,37
659,4514,01/01/2025,462
660,1279,01/01/2025,335
661,2098,01/01/2025,423
662,1821,01/01/2025,180
663,196,01/01/2025,460
664,4560,01/01/2025,9
665,361,01/01/2025,83
666,3816,01/01/2025,591
667,841,01/01/2025,45
668,640,01/01/2025,8
669,987,01/01/2025,105
670,1740,01/01/2025,333
671,3802,01/01/2025,289
672,2118,01/01/2025,474
673,735,01/01/2025,527
674,1451,01/01/2025,508
675,1755,01/01/2025,22
676,4931,01/01/2025,41
677,2557,01/01/2025,300
678,3026,01/01/2025,376
679,876,01/01/2025,158
680,2879,01/01/2025,287
681,2492,01/01/2025,187
682,1895,01/01/2025,340
683,2976,01/01/2025,531
684,2911,01/01/2025,325
685,3111,01/01/2025,166
686,595,01/01/2025,305
687,2131,01/01/2025,559
688,58,01/01/2025,520
689,3412,01/01/2025,585
690,2850,01/01/2025,593
691,465,01/01/2025,433
692,4909,01/01/2025,349
693,1843,01/01/2025,392
694,484,01/01/2025,160
695,2935,01/01/2025,26
696,3528,01/01/2025,304
697,1106,01/01/2025,40
698,1501,01/01/2025,293
699,4080,01/01/2025,223
700,4704,01/01/2025,26
701,3317,01/01/2025,187
702,593,01/01/2025,434
703,541,01/01/2025,546
704,4062,01/01/2025,382
705,3432,01/01/2025,13
706,3265,01/01/2025,234
707,1697,01/01/2025,281
708,2488,01/01/2025,160
709,3023,01/01/2025,560
710,4100,01/01/2025,263
711,19,01/01/2025,304
712,206,01/01/2025,147
713,1197,01/01/2025,591
714,300,01/01/2025,441
715,2554,01/01/2025,282
716,3822,01/01/2025,78
717,282,01/01/2025,367
718,4289,01/01/2025,57
719,4668,01/01/2025,482
720,2737,01/01/2025,182
721,4344,01/01/2025,527
722,1927,01/01/2025,526
723,4794,01/01/2025,242
724,1281,01/01/2025,143
725,3226,01/01/2025,550
726,4693,01/01/2025,551
727,2602,01/01/2025,322
728,3907,01/01/2025,253
729,624,01/01/2025,135
730,3954,01/01/2025,17
731,3762,01/01/2025,553
732,829,01/01/2025,468
733,1974,01/01/2025,583
734,2937,01/01/2025,483
735,3574,01/01/2025,210
736,3481,01/01/2025,387
737,4900,01/01/2025,57
738,114,01/01/2025,34
739,2660,01/01/2025,516
740,2692,01/01/2025,451
741,4459,01/01/2025,161
742,288,01/01/2025,96
743,2925,01/01/2025,82
744,497,01/01/2025,171
745,4633,01/01/2025,312
746,4432,01/01/2025,414
747,3674,01/01/2025,339
748,4011,01/01/2025,203
749,4032,01/01/2025,329
750,3010,01/01/2025,464
751,3924,01/01/2025,379
752,2654,01/01/2025,171
753,1099,01/01/2025,354
754,3941,01/01/2025,369
755,1575,01/01/2025,355
756,4808,01/01/2025,202
757,112,01/01/2025,225
758,2631,01/01/2025,353
759,3040,01/01/2025,244
760,4356,01/01/2025,565
761,4407,01/01/2025,522
762,4348,01/01/2025,364
763,298,01/01/2025,497
764,4557,01/01/2025,301
765,2083,01/01/2025,267
766,2728,01/01/2025,142
767,4879,01/01/2025,446
768,2100,01/01/2025,229
769,2104,01/01/2025,379
770,32,01/01/2025,50
771,1124,01/01/2025,16
772,1742,01/01/2025,191
773,2998,01/01/2025,75
774,28,01/01/2025,202
775,3466,01/01/2025,249
776,4600,01/01/2025,571
777,247,01/01/2025,121
778,3035,01/01/2025,70
779,2238,01/01/2025,127
780,1898,01/01/2025,0
781,4496,01/01/2025,195
782,3210,01/01/2025,352
783,4872,01/01/2025,469
784,1038,01/01/2025,72
785,3897,01/01/2025,134
786,2709,01/01/2025,370
787,4623,01/01/2025,386
788,2488,01/01/2025,559
789,3605,01/01/2025,151
790,2218,01/01/2025,394
791,3112,01/01/2025,558
792,3982,01/01/2025,559
793,25,01/01/2025,518
794,2905,01/01/2025,254
795,3544,01/01/2025,193
796,2895,01/01/2025,404
797,1415,01/01/2025,141
798,3166,01/01/2025,184
799,4525,01/01/2025,574
800,1145,01/01/2025,93
801,3730,01/01/2025,276
802,873,01/01/2025,388
803,4251,01/01/2025,475
804,4705,01/01/2025,197
805,1298,01/01/2025,562
806,4308,01/01/2025,547
807,1575,01/01/2025,551
808,4041,01/01/2025,465
809,4111,01/01/2025,565
810,2171,01/01/2025,154
811,2338,01/01/2025,144
812,1946,01/01/2025,234
813,1236,01/01/2025,81
814,2989,01/01/2025,407
815,3226,01/01/2025,520
816,3558,01/01/2025,202
817,2340,01/01/2025,509
818,4846,01/01/2025,307
819,4277,01/01/2025,243
820,3005,01/01/2025,517
821,589,01/01/2025,574
822,3925,01/01/2025,171
823,4533,01/01/2025,115
824,1867,01/01/2025,459
825,1816,01/01/2025,596
826,2191,01/01/2025,263
827,4831,01/01/2025,187
828,3056,01/01/2025,354
829,303,01/01/2025,53
830,870,01/01/2025,361
831,597,01/01/2025,373
832,1878,01/01/2025,112
833,2248,01/01/2025,504
834,1656,01/01/2025,549
835,447,01/01/2025,29
836,1770,01/01/2025,70
837,4087,01/01/2025,39
838,587,01/01/2025,95
839,1869,01/01/2025,75
840,2685,01/01/2025,405
841,336,01/01/2025,16
842,2299,01/01/2025,511
843,1953,01/01/2025,414
844,2405,01/01/2025,356
845,3403,01/01/2025,230
846,496,01/01/2025,288
847,592,01/01/2025,300
848,1297,01/01/2025,293
849,2291,01/01/2025,445
850,316,01/01/2025,467
851,1690,01/01/2025,203
852,4051,01/01/2025,296
853,2468,01/01/2025,470
854,4601,01/01/2025,420
855,1106,01/01/2025,119
856,2747,01/01/2025,336
857,611,01/01/2025,541
858,589,01/01/2025,135
859,1570,01/01/2025,129
860,4383,01/01/2025,348
861,1386,01/01/2025,185
862,1404,01/01/2025,99
863,2861,01/01/2025,167
864,2120,01/01/2025,344
865,3091,01/01/2025,594
866,980,01/01/2025,168
867,695,01/01/2025,569
868,1154,01/01/2025,2
869,4382,01/01/2025,140
870,4687,01/01/2025,12
871,1924,01/01/2025,344
872,884,01/01/2025,155
873,1858,01/01/2025,403
874,3796,01/01/2025,152
875,3101,01/01/2025,80
876,1579,01/01/2025,47
877,2634,01/01/2025,405
878,376,01/01/2025,419
879,4106,01/01/2025,26
880,4237,01/01/2025,79
881,1967,01/01/2025,325
882,3952,01/01/2025,352
883,4873,01/01/2025,290
884,1371,01/01/2025,190
885,1856,01/01/2025,6
886,684,01/01/2025,492
887,162,01/01/2025,272
888,1265,01/01/2025,214
889,468,01/01/2025,438
890,4965,01/01/2025,380
891,4601,01/01/2025,574
892,349,01/01/2025,338
893,2787,01/01/2025,177
894,1024,01/01/2025,532
895,1404,01/01/2025,454
896,2003,01/01/2025,495
897,3313,01/01/2025,128
898,3362,01/01/2025,111
899,536,01/01/2025,308
900,2253,01/01/2025,90
901,4397,01/01/2025,468
902,4607,01/01/2025,560
903,2666,01/01/2025,309
904,1053,01/01/2025,336
905,2098,01/01/2025,419
906,4555,01/01/2025,443
907,1542,01/01/2025,582
908,3524,01/01/2025,257
909,3105,01/01/2025,556
910,2064,01/01/2025,280
911,1335,01/01/2025,53
912,942,01/01/2025,378
913,2174,01/01/2025,524
914,4756,01/01/2025,8
915,2402,01/01/2025,521
916,868,01/01/2025,221
917,4921,01/01/2025,45
918,1736,01/01/2025,484
919,3195,01/01/2025,31
920,4295,01/01/2025,274
921,1797,01/01/2025,497
922,993,01/01/2025,407
923,2120,01/01/2025,403
924,1683,01/01/2025,256
925,1715,01/01/2025,80
926,1947,01/01/2025,514
927,4683,01/01/2025,548
928,3107,01/01/2025,84
929,2858,01/01/2025,149
930,1979,01/01/2025,143
931,1393,01/01/2025,108
932,496,01/01/2025,182
933,3477,01/01/2025,559
934,344,01/01/2025,592
935,282,01/01/2025,207
936,2696,01/01/2025,43
937,827,01/01/2025,43
938,884,01/01/2025,258
939,2352,01/01/2025,558
940,3883,01/01/2025,132
941,163,01/01/2025,257
942,3243,01/01/2025,26
943,3753,01/01/2025,329
944,844,01/01/2025,475
945,2077,01/01/2025,472
946,1832,01/01/2025,347
947,3935,01/01/2025,571
948,4972,01/01/2025,543
949,1406,01/01/2025,110
950,2756,01/01/2025,296
951,931,01/01/2025,30
952,1011,01/01/2025,111
953,1828,01/01/2025,33
954,2490,01/01/2025,122
955,3422,01/01/2025,505
956,1537,01/01/2025,272
957,2552,01/01/2025,521
958,565,01/01/2025,472
959,3075,01/01/2025,150
960,145,01/01/2025,113
961,3475,01/01/2025,373
962,1914,01/01/2025,241
963,1506,01/01/2025,376
964,399,01/01/2025,471
965,4822,01/01/2025,562
966,3759,01/01/2025,432
967,3845,01/01/2025,294
968,364,01/01/2025,301
969,143,01/01/2025,532
970,3107,01/01/2025,495
971,1012,01/01/2025,364
972,2625,01/01/2025,537
973,4157,01/01/2025,339
974,4098,01/01/2025,431
975,3081,01/01/2025,64
976,2450,01/01/2025,517
977,4882,01/01/2025,265
978,330,01/01/2025,450
979,3150,01/01/2025,366
980,795,01/01/2025,163
981,4977,01/01/2025,458
982,2660,01/01/2025,565
983,3938,01/01/2025,268
984,781,01/01/2025,540
985,2494,01/01/2025,346
986,822,01/01/2025,378
987,3192,01/01/2025,176
988,3351,01/01/2025,390
989,1830,01/01/2025,469
990,2555,01/01/2025,157
991,301,01/01/2025,409
992,1503,01/01/2025,297
993,3885,01/01/2025,253
994,933,01/01/2025,77
995,1023,01/01/2025,53
996,87,01/01/2025,536
997,3298,01/01/2025,339
998,586,01/01/2025,102
999,1045,01/01/2025,25
1000,3087,01/01/2025,NULL
1001,4217,01/01/2025,231
1002,3749,01/01/2025,160
1003,49,01/01/2025,532
1004,3019,01/01/2025,202
1005,2210,01/01/2025,592
1006,1888,01/01/2025,250
1007,3566,01/01/2025,326
1008,4394,01/01/2025,36
1009,3657,01/01/2025,127
1010,3770,01/01/2025,447
1011,3732,01/01/2025,41
1012,3929,01/01/2025,523
1013,3027,01/01/2025,488
1014,1619,01/01/2025,220
1015,3484,01/01/2025,142
1016,2856,01/01/2025,312
1017,1492,01/01/2025,289
1018,3914,01/01/2025,387
1019,4424,01/01/2025,71
1020,254,01/01/2025,47
1021,401,01/01/2025,514
1022,1519,01/01/2025,212
1023,1206,01/01/2025,487
1024,3270,01/01/2025,191
1025,1266,01/01/2025,589
1026,592,01/01/2025,477
1027,31,01/01/2025,567
1028,461,01/01/2025,433
1029,681,01/01/2025,363
1030,227,01/01/2025,570
1031,3973,01/01/2025,44
1032,3098,01/01/2025,190
1033,3225,01/01/2025,44
1034,445,01/01/2025,325
1035,3834,01/01/2025,294
1036,1658,01/01/2025,311
1037,2871,01/01/2025,9
1038,1654,01/01/2025,218
1039,3758,01/01/2025,76
1040,1554,01/01/2025,315
1041,2943,01/01/2025,305
1042,409,01/01/2025,369
1043,3179,01/01/2025,11
1044,1420,01/01/2025,146
1045,970,01/01/2025,204
1046,750,01/01/2025,354
1047,4788,01/01/2025,257
1048,1488,01/01/2025,393
1049,1606,01/01/2025,117
1050,1506,01/01/2025,466
1051,35,01/01/2025,40
1052,4544,01/01/2025,399
1053,2401,01/01/2025,481
1054,1319,01/01/2025,461
1055,1694,01/01/2025,215
1056,4298,01/01/2025,514
1057,3466,01/01/2025,409
1058,4893,01/01/2025,278
1059,586,01/01/2025,497
1060,3210,01/01/2025,431
1061,4219,01/01/2025,245
1062,2030,01/01/2025,332
1063,174,01/01/2025,385
1064,1116,01/01/2025,114
1065,187,01/01/2025,85
1066,3400,01/01/2025,335
1067,4102,01/01/2025,200
1068,3631,01/01/2025,553
1069,3346,01/01/2025,295
1070,3923,01/01/2025,432
1071,917,01/01/2025,581
1072,1801,01/01/2025,288
1073,1850,01/01/2025,298
1074,4723,01/01/2025,210
1075,3500,01/01/2025,317
1076,165,01/01/2025,131
1077,2133,01/01/2025,320
1078,1333,01/01/2025,135
1079,1543,01/01/2025,88
1080,4793,01/01/2025,13
1081,1791,01/01/2025,292
1082,4240,01/01/2025,457
1083,4795,01/01/2025,175
1084,3613,01/01/2025,316
1085,1106,01/01/2025,480
1086,1912,01/01/2025,310
1087,3707,01/01/2025,59
1088,4187,01/01/2025,280
1089,3781,01/01/2025,124
1090,2082,01/01/2025,593
1091,3551,01/01/2025,386
1092,3184,01/01/2025,151
1093,1756,01/01/2025,12
1094,1154,01/01/2025,544
1095,4055,01/01/2025,527
1096,586,01/01/2025,505
1097,4814,01/01/2025,253
1098,715,01/01/2025,588
1099,3142,01/01/2025,205
1100,4037,01/01/2025,555
1101,2605,01/01/2025,276
1102,903,01/01/2025,272
1103,182,01/01/2025,110
1104,3822,01/01/2025,495
1105,3178,01/01/2025,410
1106,4579,01/01/2025,252
1107,4009,01/01/2025,521
1108,3835,01/01/2025,312
1109,2533,01/01/2025,87
1110,597,01/01/2025,137
1111,1767,01/01/2025,333
1112,1651,01/01/2025,426
1113,621,01/01/2025,52
1114,3434,01/01/2025,567
1115,1106,01/01/2025,484
1116,252,01/01/2025,176
1117,2420,01/01/2025,588
1118,4018,01/01/2025,208
1119,3215,01/01/2025,564
1120,4765,01/01/2025,508
1121,4821,01/01/2025,196
1122,1376,01/01/2025,500
1123,4662,01/01/2025,345
1124,1746,01/01/2025,378
1125,1936,01/01/2025,129
1126,4373,01/01/2025,397
1127,2796,01/01/2025,549
1128,1545,01/01/2025,133
1129,178,01/01/2025,24
1130,1250,01/01/2025,227
1131,2334,01/01/2025,214
1132,3516,01/01/2025,51
1133,2347,01/01/2025,344
1134,3893,01/01/2025,314
1135,3229,01/01/2025,26
1136,3745,01/01/2025,136
1137,1921,01/01/2025,487
1138,412,01/01/2025,346
1139,1564,01/01/2025,376
1140,2548,01/01/2025,449
1141,3422,01/01/2025,306
1142,3350,01/01/2025,205
1143,465,01/01/2025,532
1144,240,01/01/2025,268
1145,4733,01/01/2025,27
1146,203,01/01/2025,584
1147,132,01/01/2025,199
1148,3455,01/01/2025,303
1149,534,01/01/2025,333
1150,2053,01/01/2025,86
1151,2478,01/01/2025,571
1152,3939,01/01/2025,232
1153,4844,01/01/2025,421
1154,2143,01/01/2025,513
1155,1354,01/01/2025,472
1156,53,01/01/2025,592
1157,2614,01/01/2025,48
1158,978,01/01/2025,550
1159,2733,01/01/2025,296
1160,4509,01/01/2025,19
1161,4852,01/01/2025,501
1162,2048,01/01/2025,281
1163,3983,01/01/2025,91
1164,109,01/01/2025,572
1165,3994,01/01/2025,47
1166,4125,01/01/2025,138
1167,1732,01/01/2025,564
1168,3638,01/01/2025,356
1169,1565,01/01/2025,1
1170,1538,01/01/2025,261
1171,3909,01/01/2025,591
1172,1939,01/01/2025,317
1173,4002,01/01/2025,459
1174,1701,01/01/2025,230
1175,4284,01/01/2025,472
1176,363,01/01/2025,0
1177,1088,01/01/2025,85
1178,1097,01/01/2025,465
1179,2021,01/01/2025,236
1180,4857,01/01/2025,102
1181,3125,01/01/2025,239
1182,1538,01/01/2025,524
1183,775,01/01/2025,225
1184,2775,01/01/2025,219
1185,2723,01/01/2025,481
1186,4625,01/01/2025,240
1187,453,01/01/2025,599
1188,2768,01/01/2025,571
1189,917,01/01/2025,142
1190,2212,01/01/2025,465
1191,165,01/01/2025,76
1192,1189,01/01/2025,158
1193,2977,01/01/2025,264
1194,1434,01/01/2025,310
1195,4947,01/01/2025,9
1196,3254,01/01/2025,338
1197,4847,01/01/2025,476
1198,4593,01/01/2025,569
1199,4839,01/01/2025,523
1200,1892,01/01/2025,351
1201,1888,01/01/2025,299
1202,1815,01/01/2025,264
1203,4668,01/01/2025,534
1204,2198,01/01/2025,208
1205,2796,01/01/2025,534
1206,2977,01/01/2025,66
1207,3652,01/01/2025,507
1208,4922,01/01/2025,8
1209,3763,01/01/2025,189
1210,2203,01/01/2025,309
1211,4502,01/01/2025,416
1212,1001,01/01/2025,88
1213,1849,01/01/2025,288
1214,3265,01/01/2025,351
1215,2165,01/01/2025,284
1216,1471,01/01/2025,22
1217,4444,01/01/2025,178
1218,1903,01/01/2025,329
1219,1698,01/01/2025,207
1220,2442,01/01/2025,535
1221,217,01/01/2025,549
1222,951,01/01/2025,344
1223,3511,01/01/2025,549
1224,4996,01/01/2025,552
1225,662,01/01/2025,271
1226,2040,01/01/2025,158
1227,469,01/01/2025,152
1228,1907,01/01/2025,502
1229,3984,01/01/2025,7
1230,539,01/01/2025,523
1231,1002,01/01/2025,447
1232,1633,01/01/2025,361
1233,4990,01/01/2025,153
1234,15,01/01/2025,412
1235,4355,01/01/2025,463
1236,3185,01/01/2025,266
1237,370,01/01/2025,321
1238,4751,01/01/2025,174
1239,3002,01/01/2025,381
1240,375,01/01/2025,569
1241,462,01/01/2025,42
1242,586,01/01/2025,78
1243,4994,01/01/2025,595
1244,1115,01/01/2025,482
1245,3854,01/01/2025,470
1246,842,01/01/2025,135
1247,4312,01/01/2025,6
1248,1991,01/01/2025,263
1249,4185,01/01/2025,159
1250,158,01/01/2025,112
1251,3552,01/01/2025,595
1252,1214,01/01/2025,143
1253,601,01/01/2025,67
1254,304,01/01/2025,87
1255,1750,01/01/2025,374
1256,3992,01/01/2025,150
1257,3244,01/01/2025,298
1258,964,01/01/2025,64
1259,4343,01/01/2025,140
1260,2902,01/01/2025,222
1261,3801,01/01/2025,486
1262,3368,01/01/2025,580
1263,82,01/01/2025,181
1264,220,01/01/2025,142
1265,720,01/01/2025,125
1266,301,01/01/2025,170
1267,1759,01/01/2025,44
1268,4344,01/01/2025,583
1269,2905,01/01/2025,249
1270,758,01/01/2025,481
1271,3364,01/01/2025,558
1272,1213,01/01/2025,61
1273,4000,01/01/2025,589
1274,4192,01/01/2025,281
1275,70,01/01/2025,97
1276,4620,01/01/2025,18
1277,4332,01/01/2025,447
1278,3017,01/01/2025,137
1279,3776,01/01/2025,166
1280,2349,01/01/2025,54
1281,4137,01/01/2025,395
1282,4335,01/01/2025,568
1283,4818,01/01/2025,599
1284,938,01/01/2025,106
1285,4613,01/01/2025,470
1286,4351,01/01/2025,339
1287,3440,01/01/2025,472
1288,1384,01/01/2025,155
1289,3051,01/01/2025,550
1290,19,01/01/2025,574
1291,2321,01/01/2025,429
1292,3974,01/01/2025,377
1293,2252,01/01/2025,591
1294,777,01/01/2025,345
1295,3406,01/01/2025,229
1296,1899,01/01/2025,434
1297,3166,01/01/2025,56
1298,1766,01/01/2025,490
1299,3518,01/01/2025,190
1300,238,01/01/2025,278
1301,2084,01/01/2025,277
1302,1575,01/01/2025,555
1303,148,01/01/2025,338
1304,1177,01/01/2025,336
1305,2893,01/01/2025,343
1306,2780,01/01/2025,59
1307,4355,01/01/2025,394
1308,2682,01/01/2025,332
1309,1403,01/01/2025,394
1310,942,01/01/2025,88
1311,3531,01/01/2025,432
1312,4408,01/01/2025,122
1313,1571,01/01/2025,283
1314,4158,01/01/2025,517
1315,845,01/01/2025,340
1316,951,01/01/2025,547
1317,4969,01/01/2025,464
1318,3438,01/01/2025,422
1319,3020,01/01/2025,541
1320,1353,01/01/2025,533
1321,4261,01/01/2025,57
1322,611,01/01/2025,543
1323,4972,01/01/2025,543
1324,7,01/01/2025,366
1325,1251,01/01/2025,40
1326,865,01/01/2025,33
1327,3481,01/01/2025,411
1328,699,01/01/2025,428
1329,4489,01/01/2025,533
1330,432,01/01/2025,359
1331,3561,01/01/2025,25
1332,1838,01/01/2025,7
1333,3934,01/01/2025,13
1334,903,01/01/2025,127
1335,4329,01/01/2025,268
1336,222,01/01/2025,246
1337,3553,01/01/2025,505
1338,2457,01/01/2025,414
1339,32,01/01/2025,501
1340,3545,01/01/2025,151
1341,1239,01/01/2025,581
1342,1717,01/01/2025,152
1343,2100,01/01/2025,273
1344,2479,01/01/2025,384
1345,3346,01/01/2025,87
1346,147,01/01/2025,215
1347,4062,01/01/2025,470
1348,2636,01/01/2025,342
1349,2502,01/01/2025,390
1350,4074,01/01/2025,234
1351,4386,01/01/2025,173
1352,4328,01/01/2025,98
1353,1772,01/01/2025,184
1354,2666,01/01/2025,594
1355,3567,01/01/2025,580
1356,835,01/01/2025,29
1357,2554,01/01/2025,438
1358,1515,01/01/2025,351
1359,3377,01/01/2025,452
1360,791,01/01/2025,355
1361,4964,01/01/2025,346
1362,3291,01/01/2025,586
1363,3200,01/01/2025,121
1364,330,01/01/2025,184
1365,2239,01/01/2025,453
1366,3468,01/01/2025,549
1367,4308,01/01/2025,336
1368,153,01/01/2025,214
1369,3735,01/01/2025,414
1370,753,01/01/2025,567
1371,2027,01/01/2025,158
1372,1110,01/01/2025,51
1373,1582,01/01/2025,532
1374,3436,01/01/2025,310
1375,3680,01/01/2025,544
1376,4400,01/01/2025,28
1377,503,01/01/2025,199
1378,1121,01/01/2025,131
1379,1578,01/01/2025,262
1380,3953,01/01/2025,499
1381,1460,01/01/2025,140
1382,2107,01/01/2025,337
1383,1919,01/01/2025,244
1384,3554,01/01/2025,173
1385,404,01/01/2025,483
1386,718,01/01/2025,48
1387,815,01/01/2025,240
1388,3243,01/01/2025,440
1389,2965,01/01/2025,71
1390,2713,01/01/2025,396
1391,1206,01/01/2025,97
1392,3179,01/01/2025,440
1393,670,01/01/2025,411
1394,3356,01/01/2025,379
1395,2934,01/01/2025,587
1396,3875,01/01/2025,175
1397,2982,01/01/2025,547
1398,2170,01/01/2025,48
1399,1451,01/01/2025,572
1400,153,01/01/2025,169
1401,2474,01/01/2025,498
1402,2554,01/01/2025,30
1403,283,01/01/2025,388
1404,2950,01/01/2025,246
1405,3769,01/01/2025,109
1406,3276,01/01/2025,467
1407,3375,01/01/2025,327
1408,4281,01/01/2025,221
1409,847,01/01/2025,267
1410,236,01/01/2025,335
1411,1502,01/01/2025,316
1412,3462,01/01/2025,315
1413,757,01/01/2025,559
1414,2675,01/01/2025,261
1415,617,01/01/2025,466
1416,1968,01/01/2025,79
1417,4394,01/01/2025,125
1418,3153,01/01/2025,356
1419,4915,01/01/2025,270
1420,1551,01/01/2025,413
1421,3937,01/01/2025,416
1422,4034,01/01/2025,512
1423,3990,01/01/2025,546
1424,3198,01/01/2025,136
1425,3253,01/01/2025,584
1426,4408,01/01/2025,362
1427,4910,01/01/2025,474
1428,3060,01/01/2025,26
1429,996,01/01/2025,560
1430,3892,01/01/2025,339
1431,209,01/01/2025,310
1432,921,01/01/2025,279
1433,2121,01/01/2025,593
1434,797,01/01/2025,315
1435,1930,01/01/2025,73
1436,4478,01/01/2025,18
1437,169,01/01/2025,393
1438,105,01/01/2025,446
1439,1688,01/01/2025,91
1440,3489,01/01/2025,125
1441,851,01/01/2025,196
1442,2745,01/01/2025,47
1443,1567,01/01/2025,268
1444,251,01/01/2025,374
1445,1455,01/01/2025,49
1446,1854,01/01/2025,548
1447,1158,01/01/2025,241
1448,3435,01/01/2025,391
1449,3618,01/01/2025,188
1450,2200,01/01/2025,153
1451,4596,01/01/2025,142
1452,2832,01/01/2025,143
1453,4976,01/01/2025,191
1454,4994,01/01/2025,436
1455,4103,01/01/2025,391
1456,1819,01/01/2025,493
1457,3098,01/01/2025,456
1458,2375,01/01/2025,443
1459,4973,01/01/2025,492
1460,1931,01/01/2025,79
1461,4986,01/01/2025,341
1462,300,01/01/2025,439
1463,2947,01/01/2025,594
1464,3676,01/01/2025,158
1465,3522,01/01/2025,509
1466,1045,01/01/2025,352
1467,2074,01/01/2025,141
1468,1408,01/01/2025,66
1469,962,01/01/2025,384
1470,1797,01/01/2025,335
1471,867,01/01/2025,529
1472,2073,01/01/2025,102
1473,763,01/01/2025,173
1474,3489,01/01/2025,96
1475,1305,01/01/2025,27
1476,2829,01/01/2025,471
1477,1979,01/01/2025,154
1478,4584,01/01/2025,190
1479,1629,01/01/2025,108
1480,924,01/01/2025,442
1481,569,01/01/2025,560
1482,2999,01/01/2025,234
1483,4515,01/01/2025,155
1484,1940,01/01/2025,486
1485,4842,01/01/2025,489
1486,730,01/01/2025,354
1487,1712,01/01/2025,516
1488,104,01/01/2025,171
1489,3660,01/01/2025,402
1490,2449,01/01/2025,459
1491,3925,01/01/2025,561
1492,2124,01/01/2025,509
1493,2088,01/01/2025,586
1494,4522,01/01/2025,414
1495,3585,01/01/2025,271
1496,1993,01/01/2025,12
1497,3899,01/01/2025,439
1498,3165,01/01/2025,60
1499,622,01/01/2025,348
1500,3980,01/01/2025,NULL
1501,2195,01/01/2025,358
1502,2285,01/01/2025,516
1503,4866,01/01/2025,213
1504,855,01/01/2025,470
1505,817,01/01/2025,265
1506,1074,01/01/2025,128
1507,1568,01/01/2025,453
1508,389,01/01/2025,327
1509,2479,01/01/2025,57
1510,249,01/01/2025,599
1511,2023,01/01/2025,560
1512,4429,01/01/2025,24
1513,3591,01/01/2025,195
1514,4344,01/01/2025,516
1515,477,01/01/2025,211
1516,2718,01/01/2025,490
1517,4248,01/01/2025,438
1518,4490,01/01/2025,279
1519,3696,01/01/2025,201
1520,271,01/01/2025,175
1521,1642,01/01/2025,84
1522,349,01/01/2025,531
1523,4933,01/01/2025,378
1524,2227,01/01/2025,502
1525,3386,01/01/2025,595
1526,1351,01/01/2025,573
1527,2149,01/01/2025,2
1528,3213,01/01/2025,11
1529,3020,01/01/2025,65
1530,2616,01/01/2025,519
1531,1557,01/01/2025,2
1532,2686,01/01/2025,365
1533,4677,01/01/2025,139
1534,493,01/01/2025,229
1535,4061,01/01/2025,344
1536,3583,01/01/2025,537
1537,3013,01/01/2025,181
1538,2668,01/01/2025,345
1539,2741,01/01/2025,556
1540,1252,01/01/2025,359
1541,295,01/01/2025,578
1542,2527,01/01/2025,43
1543,3529,01/01/2025,399
1544,4440,01/01/2025,459
1545,2395,01/01/2025,436
1546,4213,01/01/2025,494
1547,66,01/01/2025,251
1548,3756,01/01/2025,526
1549,1530,01/01/2025,574
1550,2228,01/01/2025,428
1551,3425,01/01/2025,266
1552,2158,01/01/2025,240
1553,1141,01/01/2025,151
1554,1973,01/01/2025,135
1555,4642,01/01/2025,550
1556,2807,01/01/2025,540
1557,3418,01/01/2025,432
1558,928,01/01/2025,315
1559,3326,01/01/2025,246
1560,3921,01/01/2025,180
1561,4139,01/01/2025,422
1562,4830,01/01/2025,560
1563,571,01/01/2025,195
1564,1693,01/01/2025,167
1565,3349,01/01/2025,13
1566,2461,01/01/2025,308
1567,2320,01/01/2025,213
1568,377,01/01/2025,564
1569,2013,01/01/2025,449
1570,112,01/01/2025,385
1571,4290,01/01/2025,480
1572,58,01/01/2025,399
1573,4646,01/01/2025,516
1574,1901,01/01/2025,359
1575,104,01/01/2025,99
1576,1134,01/01/2025,201
1577,3764,01/01/2025,555
1578,1636,01/01/2025,293
1579,4436,01/01/2025,166
1580,756,01/01/2025,387
1581,1999,01/01/2025,88
1582,2765,01/01/2025,244
1583,3559,01/01/2025,386
1584,3560,01/01/2025,283
1585,1928,01/01/2025,581
1586,1138,01/01/2025,214
1587,1898,01/01/2025,112
1588,1323,01/01/2025,178
1589,1783,01/01/2025,310
1590,3739,01/01/2025,540
1591,299,01/01/2025,418
1592,1989,01/01/2025,310
1593,3533,01/01/2025,180
1594,4480,01/01/2025,448
1595,4286,01/01/2025,239
1596,464,01/01/2025,203
1597,1362,01/01/2025,256
1598,259,01/01/2025,34
1599,4910,01/01/2025,12
1600,3837,01/01/2025,345
1601,3160,01/01/2025,36
1602,4743,01/01/2025,543
1603,1252,01/01/2025,173
1604,3973,01/01/2025,351
1605,529,01/01/2025,226
1606,2829,01/01/2025,403
1607,3941,01/01/2025,110
1608,4954,01/01/2025,55
1609,4362,01/01/2025,5
1610,4529,01/01/2025,178
1611,1841,01/01/2025,144
1612,470,01/01/2025,391
1613,3219,01/01/2025,42
1614,4063,01/01/2025,293
1615,1783,01/01/2025,169
1616,477,01/01/2025,491
1617,694,01/01/2025,30
1618,2461,01/01/2025,287
1619,464,01/01/2025,162
1620,223,01/01/2025,227
1621,2644,01/01/2025,545
1622,3960,01/01/2025,575
1623,4671,01/01/2025,62
1624,1871,01/01/2025,67
1625,3448,01/01/2025,27
1626,1921,01/01/2025,279
1627,4214,01/01/2025,232
1628,4475,01/01/2025,480
1629,4328,01/01/2025,366
1630,534,01/01/2025,131
1631,1652,01/01/2025,178
1632,1160,01/01/2025,245
1633,2217,01/01/2025,119
1634,262,01/01/2025,558
1635,2714,01/01/2025,487
1636,2807,01/01/2025,279
1637,1265,01/01/2025,310
1638,2136,01/01/2025,458
1639,3796,01/01/2025,503
1640,344,01/01/2025,276
1641,1133,01/01/2025,73
1642,2962,01/01/2025,388
1643,4112,01/01/2025,144
1644,702,01/01/2025,247
1645,3565,01/01/2025,259
1646,2274,01/01/2025,240
1647,1143,01/01/2025,205
1648,1281,01/01/2025,293
1649,1278,01/01/2025,44
1650,3964,01/01/2025,418
1651,2803,01/01/2025,374
1652,3263,01/01/2025,589
1653,67,01/01/2025,452
1654,4774,01/01/2025,98
1655,3129,01/01/2025,289
1656,1337,01/01/2025,166
1657,1598,01/01/2025,17
1658,728,01/01/2025,100
1659,3603,01/01/2025,543
1660,786,01/01/2025,446
1661,1706,01/01/2025,288
1662,4170,01/01/2025,428
1663,1180,01/01/2025,514
1664,691,01/01/2025,397
1665,4411,01/01/2025,408
1666,525,01/01/2025,493
1667,1008,01/01/2025,151
1668,2427,01/01/2025,327
1669,615,01/01/2025,521
1670,864,01/01/2025,7
1671,761,01/01/2025,105
1672,1127,01/01/2025,50
1673,2966,01/01/2025,69
1674,2141,01/01/2025,510
1675,2727,01/01/2025,169
1676,1933,01/01/2025,427
1677,77,01/01/2025,49
1678,2534,01/01/2025,233
1679,56,01/01/2025,337
1680,2033,01/01/2025,494
1681,2540,01/01/2025,438
1682,3036,01/01/2025,286
1683,3990,01/01/2025,249
1684,3098,01/01/2025,597
1685,1566,01/01/2025,306
1686,3431,01/01/2025,366
1687,3106,01/01/2025,335
1688,4512,01/01/2025,569
1689,1711,01/01/2025,535
1690,3686,01/01/2025,217
1691,40,01/01/2025,376
1692,2811,01/01/2025,539
1693,2728,01/01/2025,432
1694,4230,01/01/2025,338
1695,3889,01/01/2025,290
1696,4319,01/01/2025,273
1697,1515,01/01/2025,170
1698,911,01/01/2025,450
1699,4736,01/01/2025,558
1700,991,01/01/2025,590
1701,720,01/01/2025,46
1702,2698,01/01/2025,547
1703,2687,01/01/2025,150
1704,1658,01/01/2025,339
1705,4391,01/01/2025,100
1706,1814,01/01/2025,125
1707,4665,01/01/2025,416
1708,1094,01/01/2025,539
1709,4670,01/01/2025,274
1710,2444,01/01/2025,60
1711,2324,01/01/2025,131
1712,2234,01/01/2025,380
1713,4564,01/01/2025,571
1714,2245,01/01/2025,325
1715,4980,01/01/2025,188
1716,4714,01/01/2025,367
1717,4492,01/01/2025,27
1718,2982,01/01/2025,280
1719,3538,01/01/2025,472
1720,3940,01/01/2025,60
1721,2980,01/01/2025,355
1722,2565,01/01/2025,338
1723,2490,01/01/2025,164
1724,4543,01/01/2025,471
1725,3479,01/01/2025,86
1726,3794,01/01/2025,123
1727,3329,01/01/2025,466
1728,2888,01/01/2025,115
1729,2307,01/01/2025,318
1730,3655,01/01/2025,526
1731,4808,01/01/2025,519
1732,4852,01/01/2025,17
1733,2314,01/01/2025,397
1734,2835,01/01/2025,332
1735,298,01/01/2025,341
1736,4337,01/01/2025,136
1737,2072,01/01/2025,475
1738,4089,01/01/2025,239
1739,2282,01/01/2025,2
1740,508,01/01/2025,75
1741,4952,01/01/2025,107
1742,3915,01/01/2025,234
1743,1604,01/01/2025,307
1744,3937,01/01/2025,404
1745,2533,01/01/2025,309
1746,2782,01/01/2025,224
1747,1070,01/01/2025,559
1748,1151,01/01/2025,483
1749,386,01/01/2025,7
1750,4683,01/01/2025,239
1751,3879,01/01/2025,194
1752,1417,01/01/2025,164
1753,247,01/01/2025,166
1754,1101,01/01/2025,279
1755,4340,01/01/2025,304
1756,1786,01/01/2025,9
1757,4588,01/01/2025,554
1758,1476,01/01/2025,232
1759,4199,01/01/2025,28
1760,2122,01/01/2025,290
1761,1520,01/01/2025,510
1762,3587,01/01/2025,11
1763,3773,01/01/2025,496
1764,3967,01/01/2025,373
1765,4992,01/01/2025,288
1766,4546,01/01/2025,21
1767,1398,01/01/2025,297
3217,1737,01/01/2025,493
3218,588,01/01/2025,517
3219,254,01/01/2025,533
3220,2850,01/01/2025,185
3221,1676,01/01/2025,520
3222,1324,01/01/2025,137
3223,3818,01/01/2025,228
3224,1746,01/01/2025,346
3225,2889,01/01/2025,44
3226,625,01/01/2025,316
3227,4518,01/01/2025,490
3228,1854,01/01/2025,16
3229,2277,01/01/2025,445
3230,4076,01/01/2025,398
3231,4175,01/01/2025,11
3232,4521,01/01/2025,406
3233,4383,01/01/2025,553
3234,1859,01/01/2025,311
3235,1711,01/01/2025,76
3236,1037,01/01/2025,492
3237,2484,01/01/2025,422
3238,2572,01/01/2025,281
3239,2797,01/01/2025,314
3240,3965,01/01/2025,320
3241,1241,01/01/2025,344
3242,4561,01/01/2025,526
3243,681,01/01/2025,341
3244,3010,01/01/2025,110
3245,2378,01/01/2025,551
3246,4755,01/01/2025,172
3247,1805,01/01/2025,240
3248,2214,01/01/2025,530
3249,2750,01/01/2025,173
3250,684,01/01/2025,413
3251,724,01/01/2025,559
3252,1239,01/01/2025,181
3253,2701,01/01/2025,251
3254,3323,01/01/2025,413
3255,2959,01/01/2025,319
3256,4038,01/01/2025,154
3257,2769,01/01/2025,160
3258,1517,01/01/2025,580
3259,86,01/01/2025,589
3260,3295,01/01/2025,397
3261,1270,01/01/2025,316
3262,2747,01/01/2025,365
3263,2190,01/01/2025,549
3264,4744,01/01/2025,81
3265,1442,01/01/2025,86
3266,3556,01/01/2025,247
3267,2320,01/01/2025,573
3268,1432,01/01/2025,132
3269,1820,01/01/2025,449
3270,4110,01/01/2025,151
3271,554,01/01/2025,365
3272,422,01/01/2025,280
3273,3444,01/01/2025,147
3274,1834,01/01/2025,300
3275,1581,01/01/2025,301
3276,3387,01/01/2025,561
3277,314,01/01/2025,76
3278,2872,01/01/2025,322
3279,2687,01/01/2025,315
3280,626,01/01/2025,243
3281,423,01/01/2025,484
3282,332,01/01/2025,466
3283,3136,01/01/2025,497
3284,754,01/01/2025,412
3285,1302,01/01/2025,123
3286,4325,01/01/2025,10
3287,2520,01/01/2025,4
3288,4468,01/01/2025,168
3289,1260,01/01/2025,39
3290,139,01/01/2025,198
3291,3566,01/01/2025,11
3292,3931,01/01/2025,270
3293,1686,01/01/2025,534
3294,3803,01/01/2025,503
3295,2225,01/01/2025,433
3296,1788,01/01/2025,351
3297,4811,01/01/2025,390
3298,4738,01/01/2025,515
3299,642,01/01/2025,416
3300,1114,01/01/2025,471
3301,3353,01/01/2025,201
3302,3643,01/01/2025,325
3303,158,01/01/2025,538
3304,2172,01/01/2025,389
3305,434,01/01/2025,465
3306,2424,01/01/2025,273
3307,1917,01/01/2025,16
3308,4086,01/01/2025,77
3309,4884,01/01/2025,163
3310,2454,01/01/2025,118
3311,618,01/01/2025,60
3312,2021,01/01/2025,598
3313,2553,01/01/2025,458
3314,4288,01/01/2025,74
3315,1778,01/01/2025,336
3316,1245,01/01/2025,222
3317,484,01/01/2025,323
3318,4223,01/01/2025,10
3319,4189,01/01/2025,294
3320,2037,01/01/2025,168
3321,327,01/01/2025,476
3322,3072,01/01/2025,87
3323,4340,01/01/2025,75
3324,1984,01/01/2025,355
3325,697,01/01/2025,336
3326,3414,01/01/2025,565
3327,1262,01/01/2025,374
3328,40,01/01/2025,567
3329,3209,01/01/2025,263
3330,921,01/01/2025,293
3331,1179,01/01/2025,539
3332,1875,01/01/2025,457
3333,3345,01/01/2025,562
3334,3763,01/01/2025,129
3335,3941,01/01/2025,474
3336,3951,01/01/2025,202
3337,4362,01/01/2025,81
3338,2863,01/01/2025,422
3339,2836,01/01/2025,58
3340,730,01/01/2025,510
3341,1076,01/01/2025,575
3342,593,01/01/2025,460
3343,757,01/01/2025,353
3344,2106,01/01/2025,195
3345,4984,01/01/2025,392
3346,1770,01/01/2025,385
3347,3778,01/01/2025,27
3348,4698,01/01/2025,129
3349,1462,01/01/2025,257
3350,3518,01/01/2025,535
3351,2430,01/01/2025,95
3352,1912,01/01/2025,467
3353,2423,01/01/2025,79
3354,665,01/01/2025,417
3355,2342,01/01/2025,259
3356,384,01/01/2025,361
3357,4972,01/01/2025,293
3358,3095,01/01/2025,588
3359,4976,01/01/2025,65
3360,4724,01/01/2025,51
3361,2368,01/01/2025,432
3362,719,01/01/2025,67
3363,2167,01/01/2025,253
3364,4703,01/01/2025,36
3365,3726,01/01/2025,419
3366,4875,01/01/2025,47
3367,3775,01/01/2025,36
3368,2704,01/01/2025,155
3369,2596,01/01/2025,18
3370,670,01/01/2025,89
3371,266,01/01/2025,111
3372,3795,01/01/2025,123
3373,484,01/01/2025,538
3374,4032,01/01/2025,301
3375,541,01/01/2025,455
3376,4309,01/01/2025,521
3377,442,01/01/2025,544
3378,1172,01/01/2025,532
3379,1298,01/01/2025,589
3380,4970,01/01/2025,163
3381,1920,01/01/2025,437
3382,3528,01/01/2025,92
3383,1845,01/01/2025,283
3384,1780,01/01/2025,240
3385,4838,01/01/2025,565
3386,4022,01/01/2025,70
3387,1459,01/01/2025,536
3388,804,01/01/2025,263
3389,4172,01/01/2025,242
3390,566,01/01/2025,286
3391,4998,01/01/2025,27
3392,3527,01/01/2025,308
3393,3741,01/01/2025,100
3394,488,01/01/2025,318
3395,4870,01/01/2025,36
3396,190,01/01/2025,46
3397,1008,01/01/2025,128
3398,4278,01/01/2025,184
3399,2548,01/01/2025,403
3400,2430,01/01/2025,531
3401,2168,01/01/2025,126
3402,3204,01/01/2025,163
3403,3803,01/01/2025,108
3404,27,01/01/2025,214
3405,4174,01/01/2025,249
3406,1429,01/01/2025,595
3407,977,01/01/2025,386
3408,1621,01/01/2025,269
3409,3352,01/01/2025,136
3410,3467,01/01/2025,396
3411,3582,01/01/2025,405
3412,2134,01/01/2025,227
3413,2579,01/01/2025,541
3414,2219,01/01/2025,382
3415,4441,01/01/2025,77
3416,796,01/01/2025,572
3417,4259,01/01/2025,564
3418,4757,01/01/2025,545
3419,3038,01/01/2025,7
3420,3758,01/01/2025,413
3421,4158,01/01/2025,545
3422,1927,01/01/2025,372
3423,98,01/01/2025,205
3424,4149,01/01/2025,554
3425,2936,01/01/2025,299
3426,3782,01/01/2025,530
3427,639,01/01/2025,170
3428,1203,01/01/2025,111
3429,3230,01/01/2025,547
3430,2285,01/01/2025,285
3431,3252,01/01/2025,51
3432,1857,01/01/2025,188
3433,25,01/01/2025,458
3434,214,01/01/2025,433
3435,382,01/01/2025,543
3436,1757,01/01/2025,49
3437,2663,01/01/2025,436
3438,3892,01/01/2025,375
3439,3235,01/01/2025,421
3440,4142,01/01/2025,556
3441,3164,01/01/2025,125
3442,3589,01/01/2025,470
3443,4696,01/01/2025,99
3444,2016,01/01/2025,580
3445,4386,01/01/2025,185
3446,3521,01/01/2025,236
3447,3417,01/01/2025,511
3448,2049,01/01/2025,116
3449,3828,01/01/2025,452
3450,4435,01/01/2025,547
3451,51,01/01/2025,573
3452,1257,01/01/2025,52
3453,2314,01/01/2025,249
3454,904,01/01/2025,513
3455,268,01/01/2025,106
3456,4977,01/01/2025,125
3457,4719,01/01/2025,223
3458,2625,01/01/2025,508
3459,559,01/01/2025,451
3460,1662,01/01/2025,552
3461,4422,01/01/2025,563
3462,873,01/01/2025,306
3463,3712,01/01/2025,568
3464,4361,01/01/2025,184
3465,4044,01/01/2025,367
3466,4680,01/01/2025,332
3467,3513,01/01/2025,590
3468,1814,01/01/2025,93
3469,3052,01/01/2025,321
3470,1409,01/01/2025,203
3471,3573,01/01/2025,242
3472,2571,01/01/2025,103
3473,2292,01/01/2025,350
3474,968,01/01/2025,346
3475,3679,01/01/2025,184
3476,3430,01/01/2025,487
3477,4064,01/01/2025,336
3478,4060,01/01/2025,53
3479,1052,01/01/2025,164
3480,2140,01/01/2025,482
3481,4292,01/01/2025,88
3482,4347,01/01/2025,11
3483,3335,01/01/2025,588
3484,4991,01/01/2025,425
3485,3836,01/01/2025,243
3486,3819,01/01/2025,258
3487,2361,01/01/2025,543
3488,4903,01/01/2025,132
3489,1787,01/01/2025,365
3490,4622,01/01/2025,476
3491,1730,01/01/2025,185
3492,4098,01/01/2025,25
3493,2877,01/01/2025,130
3494,14,01/01/2025,511
3495,2077,01/01/2025,102
3496,4357,01/01/2025,375
3497,3582,01/01/2025,373
3498,1150,01/01/2025,594
3499,3088,01/01/2025,255
3500,4538,01/01/2025,NULL
3501,2156,01/01/2025,114
3502,214,01/01/2025,546
3503,1115,01/01/2025,437
3504,2838,01/01/2025,271
3505,528,01/01/2025,230
3506,2700,01/01/2025,437
3507,3378,01/01/2025,226
3508,4910,01/01/2025,511
3509,4598,01/01/2025,156
3510,4433,01/01/2025,169
3511,1704,01/01/2025,195
3512,1174,01/01/2025,483
3513,508,01/01/2025,254
3514,2788,01/01/2025,530
3515,3365,01/01/2025,514
3516,4169,01/01/2025,401
3517,273,01/01/2025,334
3518,303,01/01/2025,168
3519,427,01/01/2025,56
3520,2176,01/01/2025,110
3521,3006,01/01/2025,576
3522,4282,01/01/2025,472
3523,2642,01/01/2025,591
3524,2270,01/01/2025,278
3525,4880,01/01/2025,27
3526,980,01/01/2025,575
3527,1744,01/01/2025,243
3528,1910,01/01/2025,264
3529,478,01/01/2025,272
3530,540,01/01/2025,443
3531,4831,01/01/2025,10
3532,24,01/01/2025,111
3533,2785,01/01/2025,126
3534,1779,01/01/2025,159
3535,2877,01/01/2025,150
3536,819,01/01/2025,219
3537,425,01/01/2025,101
3538,3983,01/01/2025,590
3539,4774,01/01/2025,114
3540,2856,01/01/2025,59
3541,333,01/01/2025,110
3542,4935,01/01/2025,271
3543,2030,01/01/2025,328
3544,4690,01/01/2025,232
3545,9,01/01/2025,168
3546,4365,01/01/2025,546
3547,3668,01/01/2025,41
3548,3945,01/01/2025,168
3549,3698,01/01/2025,351
3550,4022,01/01/2025,119
3551,880,01/01/2025,448
3552,4878,01/01/2025,323
3553,191,01/01/2025,333
3554,1278,01/01/2025,332
3555,1812,01/01/2025,471
3556,3133,01/01/2025,65
3557,341,01/01/2025,5
3558,3454,01/01/2025,56
3559,584,01/01/2025,298
3560,1334,01/01/2025,424
3561,2096,01/01/2025,347
3562,4867,01/01/2025,338
3563,4741,01/01/2025,308
3564,2747,01/01/2025,286
3565,3544,01/01/2025,334
3566,3283,01/01/2025,208
3567,716,01/01/2025,593
3568,2547,01/01/2025,462
3569,1437,01/01/2025,411
3570,295,01/01/2025,370
3571,211,01/01/2025,184
3572,4223,01/01/2025,297
3573,1292,01/01/2025,10
3574,2147,01/01/2025,323
3575,1865,01/01/2025,266
3576,3012,01/01/2025,41
3577,2682,01/01/2025,510
3578,454,01/01/2025,299
3579,3896,01/01/2025,180
3580,4021,01/01/2025,408
3581,2136,01/01/2025,98
3582,3560,01/01/2025,125
3583,2312,01/01/2025,348
3584,3880,01/01/2025,523
3585,2633,01/01/2025,475
3586,762,01/01/2025,4
3587,2392,01/01/2025,135
3588,2469,01/01/2025,582
3589,3033,01/01/2025,439
3590,3451,01/01/2025,94
3591,2669,01/01/2025,438
3592,753,01/01/2025,230
3593,2146,01/01/2025,144
3594,903,01/01/2025,163
3595,1676,01/01/2025,486
3596,3848,01/01/2025,172
3597,2796,01/01/2025,525
3598,937,01/01/2025,92
3599,4480,01/01/2025,225
3600,2148,01/01/2025,364
3601,2142,01/01/2025,442
3602,2539,01/01/2025,148
3603,2815,01/01/2025,371
3604,3568,01/01/2025,347
3605,3676,01/01/2025,119
3606,705,01/01/2025,18
3607,3066,01/01/2025,92
3608,3787,01/01/2025,521
3609,4578,01/01/2025,497
3610,2458,01/01/2025,294
3611,4414,01/01/2025,598
3612,4116,01/01/2025,443
3613,3192,01/01/2025,377
3614,1215,01/01/2025,569
3615,2367,01/01/2025,222
3616,681,01/01/2025,203
3617,818,01/01/2025,240
3618,3207,01/01/2025,552
3619,2923,01/01/2025,116
3620,4698,01/01/2025,566
3621,2360,01/01/2025,540
3622,733,01/01/2025,139
3623,1567,01/01/2025,432
3624,1690,01/01/2025,441
3625,2280,01/01/2025,344
3626,4782,01/01/2025,60
3627,187,01/01/2025,71
3628,533,01/01/2025,303
3629,3694,01/01/2025,230
3630,4192,01/01/2025,60
3631,3901,01/01/2025,271
3632,2363,01/01/2025,548
3633,2203,01/01/2025,518
3634,4641,01/01/2025,594
3635,3971,01/01/2025,381
3636,3570,01/01/2025,70
3637,1205,01/01/2025,2
3638,4,01/01/2025,378
3639,4199,01/01/2025,98
3640,778,01/01/2025,0
3641,3651,01/01/2025,576
3642,1740,01/01/2025,565
3643,4605,01/01/2025,67
3644,1697,01/01/2025,496
3645,2616,01/01/2025,399
3646,2925,01/01/2025,462
3647,576,01/01/2025,26
3648,4268,01/01/2025,385
3649,4783,01/01/2025,131
3650,3398,01/01/2025,238
3651,2814,01/01/2025,247
3652,2020,01/01/2025,424
3653,187,01/01/2025,147
3654,2671,01/01/2025,446
3655,4383,01/01/2025,531
3656,2001,01/01/2025,299
3657,962,01/01/2025,221
3658,4659,01/01/2025,554
3659,969,01/01/2025,351
3660,2074,01/01/2025,229
3661,2315,01/01/2025,574
3662,503,01/01/2025,118
3663,1475,01/01/2025,158
3664,3609,01/01/2025,521
3665,2027,01/01/2025,491
3666,2120,01/01/2025,526
3667,4981,01/01/2025,69
3668,4489,01/01/2025,236
3669,1854,01/01/2025,292
3670,1779,01/01/2025,361
3671,4965,01/01/2025,502
3672,2177,01/01/2025,493
3673,2846,01/01/2025,536
3674,1,01/01/2025,112
3675,1943,01/01/2025,320
3676,712,01/01/2025,563
3677,4206,01/01/2025,490
3678,4659,01/01/2025,132
3679,457,01/01/2025,119
3680,2926,01/01/2025,544
3681,276,01/01/2025,246
3682,1698,01/01/2025,84
3683,4412,01/01/2025,254
3684,4163,01/01/2025,546
3685,1926,01/01/2025,399
3686,4387,01/01/2025,513
3687,1256,01/01/2025,136
3688,4338,01/01/2025,100
3689,12,01/01/2025,567
3690,4985,01/01/2025,348
3691,2699,01/01/2025,148
3692,3205,01/01/2025,176
3693,2357,01/01/2025,296
3694,4487,01/01/2025,190
3695,2238,01/01/2025,45
3696,3771,01/01/2025,385
3697,3192,01/01/2025,123
3698,2421,01/01/2025,371
3699,3152,01/01/2025,187
3700,2217,01/01/2025,545
3701,3110,01/01/2025,123
3702,2068,01/01/2025,155
3703,3098,01/01/2025,302
3704,3922,01/01/2025,257
3705,1461,01/01/2025,420
3706,2181,01/01/2025,563
3707,2994,01/01/2025,26
3708,2354,01/01/2025,118
3709,1752,01/01/2025,35
3710,1406,01/01/2025,276
3711,1224,01/01/2025,115
3712,3840,01/01/2025,65
3713,2135,01/01/2025,302
3714,4818,01/01/2025,415
3715,2052,01/01/2025,397
3716,2487,01/01/2025,566
3717,3230,01/01/2025,407
3718,2445,01/01/2025,359
3719,1267,01/01/2025,547
3720,1912,01/01/2025,233
3721,3010,01/01/2025,540
3722,2062,01/01/2025,127
3723,663,01/01/2025,575
3724,3773,01/01/2025,571
3725,1199,01/01/2025,539
3726,2443,01/01/2025,374
3727,3675,01/01/2025,2
3728,3768,01/01/2025,201
3729,1634,01/01/2025,183
3730,3561,01/01/2025,508
3731,1594,01/01/2025,374
3732,1566,01/01/2025,442
3733,798,01/01/2025,145
3734,1902,01/01/2025,206
3735,4982,01/01/2025,317
3736,4934,01/01/2025,454
3737,3543,01/01/2025,469
3738,3556,01/01/2025,443
3739,1279,01/01/2025,461
3740,746,01/01/2025,278
3741,326,01/01/2025,489
3742,497,01/01/2025,70
3743,2537,01/01/2025,561
3744,178,01/01/2025,524
3745,3076,01/01/2025,533
3746,2841,01/01/2025,229
3747,4530,01/01/2025,279
3748,2517,01/01/2025,106
3749,3652,01/01/2025,306
3750,128,01/01/2025,400
3751,2364,01/01/2025,164
3752,1717,01/01/2025,196
3753,1656,01/01/2025,400
3754,1934,01/01/2025,253
3755,4995,01/01/2025,421
3756,2911,01/01/2025,589
3757,4383,01/01/2025,299
3758,3304,01/01/2025,39
3759,1188,01/01/2025,59
3760,4965,01/01/2025,50
3761,147,01/01/2025,17
3762,2253,01/01/2025,58
3763,3838,01/01/2025,519
3764,3059,01/01/2025,149
3765,580,01/01/2025,101
3766,3821,01/01/2025,560
3767,3603,01/01/2025,193
3768,4320,01/01/2025,386
3769,3972,01/01/2025,368
3770,4523,01/01/2025,548
3771,1516,01/01/2025,253
3772,2800,01/01/2025,227
3773,2777,01/01/2025,441
3774,3917,01/01/2025,197
3775,3373,01/01/2025,397
3776,1330,01/01/2025,99
3777,3487,01/01/2025,511
3778,1904,01/01/2025,298
3779,3701,01/01/2025,256
3780,77,01/01/2025,350
3781,4131,01/01/2025,87
3782,1809,01/01/2025,390
3783,4259,01/01/2025,540
3784,1859,01/01/2025,454
3785,344,01/01/2025,15
3786,4165,01/01/2025,557
3787,3598,01/01/2025,38
3788,4557,01/01/2025,271
3789,3547,01/01/2025,467
3790,4729,01/01/2025,375
3791,4775,01/01/2025,403
3792,3961,01/01/2025,167
3793,3535,01/01/2025,179
3794,2347,01/01/2025,120
3795,1863,01/01/2025,556
3796,3873,01/01/2025,324
3797,3184,01/01/2025,193
3798,1494,01/01/2025,534
3799,326,01/01/2025,237
3800,4789,01/01/2025,375
3801,1916,01/01/2025,408
3802,1563,01/01/2025,88
3803,4504,01/01/2025,29
3804,2630,01/01/2025,516
3805,3573,01/01/2025,334
3806,130,01/01/2025,516
3807,1692,01/01/2025,516
3808,2129,01/01/2025,262
3809,3089,01/01/2025,554
3810,1639,01/01/2025,330
3811,4390,01/01/2025,201
3812,2986,01/01/2025,565
3813,4635,01/01/2025,516
3814,107,01/01/2025,536
3815,784,01/01/2025,583
3816,4645,01/01/2025,552
3817,2986,01/01/2025,412
3818,3327,01/01/2025,398
3819,266,01/01/2025,44
3820,3762,01/01/2025,93
3821,1365,01/01/2025,165
3822,44,01/01/2025,174
3823,227,01/01/2025,481
3824,4518,01/01/2025,599
3825,4965,01/01/2025,368
3826,4266,01/01/2025,16
3827,4992,01/01/2025,398
3828,3335,01/01/2025,443
3829,4012,01/01/2025,182
3830,1657,01/01/2025,32
3831,3215,01/01/2025,560
3832,4728,01/01/2025,589
3833,2387,01/01/2025,431
3834,4671,01/01/2025,471
3835,1258,01/01/2025,501
3836,3308,01/01/2025,423
3837,3210,01/01/2025,508
3838,2630,01/01/2025,414
3839,3624,01/01/2025,370
3840,257,01/01/2025,43
3841,531,01/01/2025,363
3842,641,01/01/2025,177
3843,981,01/01/2025,402
3844,3181,01/01/2025,168
3845,2934,01/01/2025,294
3846,1383,01/01/2025,464
3847,3551,01/01/2025,582
3848,3793,01/01/2025,20
3849,3714,01/01/2025,61
3850,1406,01/01/2025,222
3851,2071,01/01/2025,397
3852,2212,01/01/2025,541
3853,2943,01/01/2025,341
3854,733,01/01/2025,364
3855,1547,01/01/2025,107
3856,3359,01/01/2025,479
3857,4992,01/01/2025,482
3858,3333,01/01/2025,107
3859,1294,01/01/2025,375
3860,2546,01/01/2025,28
3861,3197,01/01/2025,238
3862,561,01/01/2025,417
3863,40,01/01/2025,113
3864,101,01/01/2025,200
3865,1564,01/01/2025,351
3866,3520,01/01/2025,413
3867,3085,01/01/2025,101
3868,633,01/01/2025,563
3869,4954,01/01/2025,110
3870,826,01/01/2025,18
3871,3651,01/01/2025,473
3872,4334,01/01/2025,437
3873,683,01/01/2025,536
3874,3414,01/01/2025,252
3875,3169,01/01/2025,284
3876,489,01/01/2025,111
3877,3506,01/01/2025,443
3878,245,01/01/2025,354
3879,3371,01/01/2025,407
3880,19,01/01/2025,29
3881,4333,01/01/2025,54
3882,13,01/01/2025,340
3883,1547,01/01/2025,127
3884,80,01/01/2025,296
3885,1802,01/01/2025,25
3886,3795,01/01/2025,371
3887,3540,01/01/2025,385
3888,4680,01/01/2025,144
3889,4820,01/01/2025,87
3890,3182,01/01/2025,8
3891,1400,01/01/2025,340
3892,1487,01/01/2025,287
3893,444,01/01/2025,133
3894,3276,01/01/2025,371
3895,3550,01/01/2025,379
3896,2953,01/01/2025,396
3897,4636,01/01/2025,293
3898,1361,01/01/2025,442
3899,1196,01/01/2025,167
3900,2667,01/01/2025,584
3901,4343,01/01/2025,119
3902,2780,01/01/2025,483
3903,4913,01/01/2025,213
3904,9,01/01/2025,444
3905,1294,01/01/2025,563
3906,3399,01/01/2025,570
3907,1143,01/01/2025,95
3908,1296,01/01/2025,528
3909,2398,01/01/2025,108
3910,1559,01/01/2025,385
3911,4732,01/01/2025,543
3912,3487,01/01/2025,389
3913,1546,01/01/2025,365
3914,3179,01/01/2025,148
3915,3551,01/01/2025,387
3916,3977,01/01/2025,455
3917,652,01/01/2025,592
3918,2216,01/01/2025,187
3919,1124,01/01/2025,550
3920,961,01/01/2025,517
3921,4479,01/01/2025,406
3922,3634,01/01/2025,101
3923,1456,01/01/2025,441
3924,1702,01/01/2025,513
3925,991,01/01/2025,114
3926,1474,01/01/2025,340
3927,4193,01/01/2025,286
3928,1032,01/01/2025,164
3929,156,01/01/2025,356
3930,302,01/01/2025,376
3931,225,01/01/2025,373
3932,4160,01/01/2025,33
3933,1887,01/01/2025,462
3934,4576,01/01/2025,579
3935,4693,01/01/2025,285
3936,4081,01/01/2025,217
3937,863,01/01/2025,507
3938,4720,01/01/2025,458
3939,2101,01/01/2025,389
3940,1802,01/01/2025,118
3941,3852,01/01/2025,28
3942,3585,01/01/2025,332
3943,218,01/01/2025,3
3944,2620,01/01/2025,465
3945,3639,01/01/2025,71
3946,2172,01/01/2025,95
3947,4340,01/01/2025,45
3948,3929,01/01/2025,96
3949,1696,01/01/2025,37
3950,2120,01/01/2025,249
3951,4164,01/01/2025,11
3952,1959,01/01/2025,56
3953,3502,01/01/2025,524
3954,1618,01/01/2025,548
3955,4064,01/01/2025,579
3956,465,01/01/2025,342
3957,754,01/01/2025,588
3958,2675,01/01/2025,370
3959,3194,01/01/2025,224
3960,2041,01/01/2025,117
3961,1332,01/01/2025,291
3962,63,01/01/2025,6
3963,1012,01/01/2025,563
3964,373,01/01/2025,518
3965,3459,01/01/2025,565
3966,443,01/01/2025,261
3967,3210,01/01/2025,491
3968,4186,01/01/2025,313
3969,2600,01/01/2025,537
3970,2354,01/01/2025,367
3971,140,01/01/2025,216
3972,4814,01/01/2025,522
3973,1381,01/01/2025,309
3974,333,01/01/2025,398
3975,296,01/01/2025,159
3976,1539,01/01/2025,241
3977,2100,01/01/2025,566
3978,2264,01/01/2025,167
3979,1071,01/01/2025,238
3980,795,01/01/2025,209
3981,3527,01/01/2025,11
3982,3009,01/01/2025,21
3983,2053,01/01/2025,50
3984,2279,01/01/2025,558
3985,4547,01/01/2025,74
3986,825,01/01/2025,319
3987,1393,01/01/2025,287
3988,1172,01/01/2025,337
3989,1239,01/01/2025,200
3990,1479,01/01/2025,93
3991,1809,01/01/2025,551
3992,2290,01/01/2025,263
3993,3969,01/01/2025,588
3994,4703,01/01/2025,35
3995,3196,01/01/2025,92
3996,3626,01/01/2025,495
3997,2821,01/01/2025,54
3998,1288,01/01/2025,52
3999,4894,01/01/2025,516
4000,4057,01/01/2025,NULL
4001,1307,01/01/2025,585
4002,2284,01/01/2025,339
4003,4458,01/01/2025,195
4004,3482,01/01/2025,434
4005,996,01/01/2025,513
4006,403,01/01/2025,198
4007,3209,01/01/2025,245
4008,3790,01/01/2025,313
4009,3769,01/01/2025,308
4010,4286,01/01/2025,74
4011,3571,01/01/2025,594
4012,3979,01/01/2025,332
4013,3029,01/01/2025,0
4014,1342,01/01/2025,311
4015,3207,01/01/2025,73
4016,2405,01/01/2025,21
4017,2881,01/01/2025,99
4018,19,01/01/2025,557
4019,382,01/01/2025,196
4020,2260,01/01/2025,524
4021,1219,01/01/2025,101
4022,1077,01/01/2025,387
4023,1300,01/01/2025,275
4024,2377,01/01/2025,11
4025,4867,01/01/2025,567
4026,2066,01/01/2025,109
4027,352,01/01/2025,60
4028,107,01/01/2025,326
4029,4596,01/01/2025,366
4030,3439,01/01/2025,487
4031,2949,01/01/2025,415
4032,4821,01/01/2025,388
4033,1211,01/01/2025,528
4034,2711,01/01/2025,440
4035,1683,01/01/2025,525
4036,2065,01/01/2025,361
4037,4297,01/01/2025,158
4038,4891,01/01/2025,319
4039,2449,01/01/2025,549
4040,1354,01/01/2025,133
4041,776,01/01/2025,131
4042,3439,01/01/2025,574
4043,4324,01/01/2025,584
4044,4971,01/01/2025,131
4045,602,01/01/2025,21
4046,4980,01/01/2025,27
4047,3738,01/01/2025,79
4048,161,01/01/2025,342
4049,2818,01/01/2025,78
4050,2118,01/01/2025,391
4051,2885,01/01/2025,21
4052,3341,01/01/2025,489
4053,3024,01/01/2025,410
4054,855,01/01/2025,581
4055,3479,01/01/2025,309
4056,304,01/01/2025,28
4057,476,01/01/2025,263
4058,1781,01/01/2025,69
4059,986,01/01/2025,16
4060,3286,01/01/2025,447
4061,2444,01/01/2025,191
4062,3813,01/01/2025,549
4063,1604,01/01/2025,122
4064,2977,01/01/2025,126
4065,4819,01/01/2025,501
4066,938,01/01/2025,256
4067,4589,01/01/2025,446
4068,4511,01/01/2025,116
4069,590,01/01/2025,421
4070,2918,01/01/2025,561
4071,1329,01/01/2025,273
4072,2400,01/01/2025,176
4073,4541,01/01/2025,422
4074,2552,01/01/2025,512
4075,2378,01/01/2025,357
4076,4646,01/01/2025,469
4077,2762,01/01/2025,520
4078,2606,01/01/2025,422
4079,3429,01/01/2025,442
4080,2539,01/01/2025,325
4081,3716,01/01/2025,310
4082,4060,01/01/2025,556
4083,2020,01/01/2025,477
4084,4993,01/01/2025,266
4085,1828,01/01/2025,573
4086,1332,01/01/2025,384
4087,4135,01/01/2025,565
4088,2137,01/01/2025,7
4089,194,01/01/2025,252
4090,1311,01/01/2025,256
4091,4486,01/01/2025,473
4092,7,01/01/2025,403
4093,2551,01/01/2025,18
4094,3470,01/01/2025,529
4095,2061,01/01/2025,553
4096,1259,01/01/2025,487
4097,2354,01/01/2025,563
4098,1560,01/01/2025,47
4099,397,01/01/2025,326
4100,2313,01/01/2025,254
4101,1654,01/01/2025,484
4102,2927,01/01/2025,468
4103,3413,01/01/2025,375
4104,495,01/01/2025,351
4105,712,01/01/2025,393
4106,4312,01/01/2025,169
4107,4074,01/01/2025,207
4108,1409,01/01/2025,313
4109,896,01/01/2025,202
4110,3478,01/01/2025,469
4111,1348,01/01/2025,44
4112,3574,01/01/2025,354
4113,1276,01/01/2025,299
4114,4604,01/01/2025,216
4115,2718,01/01/2025,533
4116,901,01/01/2025,122
4117,3369,01/01/2025,449
4118,1907,01/01/2025,542
4119,527,01/01/2025,326
4120,3858,01/01/2025,501
4121,746,01/01/2025,499
4122,2568,01/01/2025,241
4123,1993,01/01/2025,536
4124,3265,01/01/2025,95
4125,4210,01/01/2025,104
4126,1768,01/01/2025,499
4127,3179,01/01/2025,289
4128,2684,01/01/2025,14
4129,3905,01/01/2025,154
4130,3010,01/01/2025,384
4131,3546,01/01/2025,491
4132,4787,01/01/2025,201
4133,1830,01/01/2025,477
4134,1399,01/01/2025,323
4135,1497,01/01/2025,326
4136,2994,01/01/2025,269
4137,919,01/01/2025,337
4138,4668,01/01/2025,120
4139,3178,01/01/2025,215
4140,174,01/01/2025,302
4141,968,01/01/2025,489
4142,1271,01/01/2025,86
4143,2159,01/01/2025,241
4144,3802,01/01/2025,239
4145,1621,01/01/2025,221
4146,2350,01/01/2025,122
4147,4639,01/01/2025,379
4148,1818,01/01/2025,374
4149,1711,01/01/2025,78
4150,4784,01/01/2025,101
4151,4584,01/01/2025,506
4152,4617,01/01/2025,419
4153,3108,01/01/2025,343
4154,2380,01/01/2025,302
4155,2867,01/01/2025,164
4156,1994,01/01/2025,302
4157,417,01/01/2025,370
4158,24,01/01/2025,467
4159,3950,01/01/2025,336
4160,1780,01/01/2025,130
4161,3269,01/01/2025,349
4162,3570,01/01/2025,161
4163,2495,01/01/2025,26
4164,2313,01/01/2025,295
4165,4189,01/01/2025,274
4166,2129,01/01/2025,119
4167,3275,01/01/2025,392
4168,3312,01/01/2025,562
4169,115,01/01/2025,51
4170,988,01/01/2025,483
4171,1615,01/01/2025,166
4172,4249,01/01/2025,317
4173,2592,01/01/2025,67
4174,3554,01/01/2025,19
4175,4561,01/01/2025,85
4176,3127,01/01/2025,104
4177,4375,01/01/2025,326
4178,4030,01/01/2025,264
4179,3403,01/01/2025,94
4180,3873,01/01/2025,374
4181,4040,01/01/2025,212
4182,83,01/01/2025,328
4183,2323,01/01/2025,474
4184,1229,01/01/2025,96
4185,134,01/01/2025,67
4186,1574,01/01/2025,181
4187,1790,01/01/2025,31
4188,4907,01/01/2025,548
4189,4058,01/01/2025,468
4190,2205,01/01/2025,183
4191,2671,01/01/2025,348
4192,1863,01/01/2025,130
4193,4593,01/01/2025,266
4194,3957,01/01/2025,192
4195,1491,01/01/2025,172
4196,2738,01/01/2025,20
4197,2115,01/01/2025,329
4198,2521,01/01/2025,201
4199,1275,01/01/2025,115
4200,2084,01/01/2025,162
4201,4976,01/01/2025,124
4202,82,01/01/2025,335
4203,3132,01/01/2025,382
4204,506,01/01/2025,358
4205,647,01/01/2025,28
4206,4709,01/01/2025,329
4207,4077,01/01/2025,274
4208,4586,01/01/2025,427
4209,2380,01/01/2025,371
4210,4778,01/01/2025,277
4211,3648,01/01/2025,391
4212,3180,01/01/2025,298
4213,2395,01/01/2025,170
4214,663,01/01/2025,319
4215,723,01/01/2025,124
4216,4145,01/01/2025,243
4217,2036,01/01/2025,226
4218,4671,01/01/2025,170
4219,926,01/01/2025,253
4220,412,01/01/2025,295
4221,1667,01/01/2025,104
4222,3649,01/01/2025,484
4223,927,01/01/2025,363
4224,4352,01/01/2025,298
4225,1491,01/01/2025,264
4226,48,01/01/2025,106
4227,1443,01/01/2025,453
4228,3945,01/01/2025,374
4229,3938,01/01/2025,211
4230,47,01/01/2025,28
4231,1336,01/01/2025,100
4232,3162,01/01/2025,265
4233,3443,01/01/2025,592
4234,3098,01/01/2025,235
4235,4531,01/01/2025,479
4236,540,01/01/2025,150
4237,1045,01/01/2025,30
4238,4092,01/01/2025,237
4239,4166,01/01/2025,249
4240,119,01/01/2025,329
4241,1282,01/01/2025,111
4242,2625,01/01/2025,557
4243,3168,01/01/2025,540
4244,3595,01/01/2025,453
4245,3013,01/01/2025,547
4246,3897,01/01/2025,208
4247,2916,01/01/2025,351
4248,246,01/01/2025,467
4249,1021,01/01/2025,567
4250,2697,01/01/2025,578
4251,3631,01/01/2025,10
4252,4718,01/01/2025,212
4253,4696,01/01/2025,343
4254,1481,01/01/2025,93
4255,2462,01/01/2025,183
4256,1884,01/01/2025,407
4257,4570,01/01/2025,476
4258,211,01/01/2025,388
4259,4334,01/01/2025,18
4260,1696,01/01/2025,8
4261,4035,01/01/2025,549
4262,2082,01/01/2025,403
4263,4198,01/01/2025,557
4264,3621,01/01/2025,526
4265,4662,01/01/2025,242
4266,2502,01/01/2025,30
4267,1244,01/01/2025,481
4268,993,01/01/2025,464
4269,1978,01/01/2025,347
4270,3002,01/01/2025,453
4271,4951,01/01/2025,18
4272,1381,01/01/2025,61
4273,502,01/01/2025,267
4274,2106,01/01/2025,382
4275,4472,01/01/2025,145
4276,4592,01/01/2025,72
4277,2663,01/01/2025,525
4278,3760,01/01/2025,8
4279,1698,01/01/2025,110
4280,3184,01/01/2025,221
4281,367,01/01/2025,588
4282,4303,01/01/2025,118
4283,922,01/01/2025,507
4284,1562,01/01/2025,269
4285,1173,01/01/2025,279
4286,97,01/01/2025,408
4287,3588,01/01/2025,328
4288,4355,01/01/2025,524
4289,1356,01/01/2025,345
4290,348,01/01/2025,440
4291,3374,01/01/2025,217
4292,1007,01/01/2025,83
4293,4441,01/01/2025,111
4294,4826,01/01/2025,535
4295,1769,01/01/2025,33
4296,3195,01/01/2025,213
4297,2297,01/01/2025,531
4298,4093,01/01/2025,249
4299,3172,01/01/2025,336
4300,670,01/01/2025,351
4301,247,01/01/2025,189
4302,3743,01/01/2025,21
4303,3331,01/01/2025,228
4304,3311,01/01/2025,536
4305,2076,01/01/2025,462
4306,1080,01/01/2025,458
4307,2,01/01/2025,55
4308,1040,01/01/2025,33
4309,3885,01/01/2025,263
4310,4076,01/01/2025,122
4311,3420,01/01/2025,279
4312,4890,01/01/2025,386
4313,291,01/01/2025,440
4314,1752,01/01/2025,557
4315,3560,01/01/2025,346
4316,3880,01/01/2025,283
4317,2040,01/01/2025,472
4318,509,01/01/2025,276
4319,3005,01/01/2025,166
4320,1417,01/01/2025,223
4321,2475,01/01/2025,34
4322,4348,01/01/2025,521
4323,2653,01/01/2025,102
4324,2247,01/01/2025,104
4325,4407,01/01/2025,350
4326,3502,01/01/2025,41
4327,349,01/01/2025,400
4328,3353,01/01/2025,421
4329,3445,01/01/2025,115
4330,4822,01/01/2025,91
4331,2941,01/01/2025,363
4332,3213,01/01/2025,132
4333,1507,01/01/2025,484
4334,1035,01/01/2025,337
4335,1588,01/01/2025,467
4336,1686,01/01/2025,164
4337,2583,01/01/2025,565
4338,639,01/01/2025,387
4339,4846,01/01/2025,376
4340,4530,01/01/2025,543
4341,28,01/01/2025,224
4342,3081,01/01/2025,432
4343,1438,01/01/2025,63
4344,545,01/01/2025,22
4345,716,01/01/2025,178
4346,4999,01/01/2025,0
4347,2280,01/01/2025,220
4348,4802,01/01/2025,283
4349,1547,01/01/2025,82
4350,3754,01/01/2025,401
4351,3730,01/01/2025,505
4352,4560,01/01/2025,445
4353,404,01/01/2025,114
4354,2369,01/01/2025,11
4355,4983,01/01/2025,22
4356,1732,01/01/2025,413
4357,4531,01/01/2025,26
4358,690,01/01/2025,0
4359,128,01/01/2025,379
4360,541,01/01/2025,108
4361,1602,01/01/2025,167
4362,911,01/01/2025,212
4363,341,01/01/2025,394
4364,1422,01/01/2025,52
4365,1508,01/01/2025,331
4366,13,01/01/2025,14
4367,4247,01/01/2025,244
4368,759,01/01/2025,382
4369,2037,01/01/2025,271
4370,1684,01/01/2025,317
4371,658,01/01/2025,323
4372,4884,01/01/2025,26
4373,4678,01/01/2025,306
4374,1156,01/01/2025,305
4375,3516,01/01/2025,568
4376,1396,01/01/2025,486
4377,3723,01/01/2025,316
4378,558,01/01/2025,581
4379,1647,01/01/2025,448
4380,3021,01/01/2025,486
4381,1415,01/01/2025,229
4382,4040,01/01/2025,337
4383,1397,01/01/2025,437
4384,2873,01/01/2025,251
4385,3449,01/01/2025,599
4386,3478,01/01/2025,407
4387,2473,01/01/2025,17
4388,3979,01/01/2025,381
4389,152,01/01/2025,211
4390,472,01/01/2025,595
4391,326,01/01/2025,494
4392,957,01/01/2025,254
4393,4827,01/01/2025,137
4394,3284,01/01/2025,218
4395,1952,01/01/2025,314
4396,3449,01/01/2025,475
4397,3614,01/01/2025,598
4398,570,01/01/2025,430
4399,3380,01/01/2025,566
4400,135,01/01/2025,463
4401,4584,01/01/2025,138
4402,1378,01/01/2025,215
4403,2978,01/01/2025,141
4404,3469,01/01/2025,503
4405,3716,01/01/2025,564
4406,1702,01/01/2025,352
4407,1822,01/01/2025,421
4408,3549,01/01/2025,153
4409,2251,01/01/2025,66
4410,4729,01/01/2025,598
4411,3410,01/01/2025,436
4412,666,01/01/2025,200
4413,2705,01/01/2025,403
4414,2987,01/01/2025,506
4415,2833,01/01/2025,414
4416,1449,01/01/2025,384
4417,415,01/01/2025,379
4418,1292,01/01/2025,1
4419,473,01/01/2025,108
4420,1565,01/01/2025,391
4421,307,01/01/2025,586
4422,3877,01/01/2025,382
4423,4574,01/01/2025,66
4424,954,01/01/2025,330
4425,3783,01/01/2025,286
4426,2825,01/01/2025,445
4427,4955,01/01/2025,107
4428,4874,01/01/2025,416
4429,1441,01/01/2025,504
4430,4395,01/01/2025,267
4431,4096,01/01/2025,241
4432,3469,01/01/2025,297
4433,1779,01/01/2025,85
4434,697,01/01/2025,91
4435,1392,01/01/2025,109
4436,4626,01/01/2025,297
4437,1520,01/01/2025,423
4438,3121,01/01/2025,347
4439,158,01/01/2025,345
4440,688,01/01/2025,405
4441,2862,01/01/2025,483
4442,3005,01/01/2025,362
4443,3297,01/01/2025,549
4444,1319,01/01/2025,327
4445,1948,01/01/2025,157
4446,3385,01/01/2025,474
4447,1225,01/01/2025,126
4448,3842,01/01/2025,245
4449,502,01/01/2025,515
4450,2546,01/01/2025,395
4451,3115,01/01/2025,7
4452,1468,01/01/2025,585
4453,4527,01/01/2025,407
4454,589,01/01/2025,11
4455,1740,01/01/2025,373
4456,4042,01/01/2025,325
4457,1805,01/01/2025,564
4458,4108,01/01/2025,558
4459,2844,01/01/2025,70
4460,2069,01/01/2025,478
4461,3135,01/01/2025,588
4462,3676,01/01/2025,458
4463,3465,01/01/2025,262
4464,4118,01/01/2025,334
4465,855,01/01/2025,111
4466,1207,01/01/2025,441
4467,730,01/01/2025,444
4468,2986,01/01/2025,506
4469,2405,01/01/2025,362
4470,2301,01/01/2025,579
4471,1896,01/01/2025,527
4472,3471,01/01/2025,516
4473,1103,01/01/2025,16
4474,889,01/01/2025,124
4475,3448,01/01/2025,451
4476,1322,01/01/2025,459
4477,4611,01/01/2025,308
4478,2559,01/01/2025,10
4479,728,01/01/2025,398
4480,4838,01/01/2025,528
4481,3160,01/01/2025,104
4482,3700,01/01/2025,335
4483,4959,01/01/2025,119
4484,973,01/01/2025,101
4485,2075,01/01/2025,127
4486,1801,01/01/2025,121
4487,417,01/01/2025,569
4488,44,01/01/2025,85
4489,2657,01/01/2025,598
4490,1886,01/01/2025,300
4491,1089,01/01/2025,499
4492,3267,01/01/2025,390
4493,3658,01/01/2025,210
4494,3032,01/01/2025,472
4495,334,01/01/2025,206
4496,1685,01/01/2025,121
4497,1336,01/01/2025,434
4498,2050,01/01/2025,559
4499,4055,01/01/2025,97
4500,3663,01/01/2025,NULL
4501,3518,01/01/2025,396
4502,921,01/01/2025,575
4503,4867,01/01/2025,81
4504,1346,01/01/2025,426
4505,4825,01/01/2025,198
4506,3301,01/01/2025,468
4507,3736,01/01/2025,365
4508,194,01/01/2025,180
4509,26,01/01/2025,84
4510,4274,01/01/2025,384
4511,3075,01/01/2025,173
4512,4188,01/01/2025,291
4513,1758,01/01/2025,424
4514,975,01/01/2025,192
4515,1446,01/01/2025,345
4516,1391,01/01/2025,352
4517,3824,01/01/2025,302
4518,3491,01/01/2025,408
4519,2308,01/01/2025,116
4520,3371,01/01/2025,227
4521,4522,01/01/2025,557
4522,2488,01/01/2025,598
4523,3432,01/01/2025,369
4524,14,01/01/2025,415
4525,4722,01/01/2025,305
4526,3048,01/01/2025,434
4527,2622,01/01/2025,523
4528,4827,01/01/2025,515
4529,214,01/01/2025,480
4530,1807,01/01/2025,384
4531,2734,01/01/2025,132
4532,1454,01/01/2025,308
4533,1498,01/01/2025,268
4534,3271,01/01/2025,236
4535,2449,01/01/2025,260
4536,4721,01/01/2025,185
4537,4134,01/01/2025,408
4538,4985,01/01/2025,555
4539,4665,01/01/2025,161
4540,2951,01/01/2025,334
4541,3533,01/01/2025,346
4542,203,01/01/2025,112
4543,4165,01/01/2025,206
4544,3856,01/01/2025,184
4545,1826,01/01/2025,148
4546,3518,01/01/2025,30
4547,4272,01/01/2025,227
4548,2991,01/01/2025,573
4549,4190,01/01/2025,495
4550,3591,01/01/2025,112
4551,1342,01/01/2025,510
4552,1628,01/01/2025,87
4553,1234,01/01/2025,237
4554,2412,01/01/2025,55
4555,1047,01/01/2025,21
4556,145,01/01/2025,458
4557,596,01/01/2025,516
4558,464,01/01/2025,11
4559,1614,01/01/2025,380
4560,2301,01/01/2025,244
4561,2689,01/01/2025,303
4562,2958,01/01/2025,290
4563,2622,01/01/2025,319
4564,3764,01/01/2025,133
4565,2747,01/01/2025,562
4566,1666,01/01/2025,260
4567,1040,01/01/2025,283
4568,584,01/01/2025,126
4569,1496,01/01/2025,112
4570,2505,01/01/2025,389
4571,3109,01/01/2025,275
4572,852,01/01/2025,71
4573,779,01/01/2025,262
4574,1548,01/01/2025,286
4575,451,01/01/2025,333
4576,856,01/01/2025,340
4577,3825,01/01/2025,536
4578,3741,01/01/2025,25
4579,2858,01/01/2025,361
4580,2719,01/01/2025,531
4581,2489,01/01/2025,533
4582,2880,01/01/2025,61
4583,1815,01/01/2025,321
4584,1310,01/01/2025,429
4585,4896,01/01/2025,176
4586,2772,01/01/2025,150
4587,3281,01/01/2025,247
4588,2419,01/01/2025,188
4589,61,01/01/2025,147
4590,2197,01/01/2025,314
4591,4573,01/01/2025,585
4592,379,01/01/2025,295
4593,2696,01/01/2025,308
4594,1337,01/01/2025,37
4595,4872,01/01/2025,35
4596,4339,01/01/2025,371
4597,4008,01/01/2025,186
4598,3938,01/01/2025,64
4599,2982,01/01/2025,525
4600,1968,01/01/2025,538
4601,202,01/01/2025,568
4602,2599,01/01/2025,592
4603,4762,01/01/2025,516
4604,2052,01/01/2025,432
4605,4497,01/01/2025,457
4606,1621,01/01/2025,314
4607,4525,01/01/2025,490
4608,4528,01/01/2025,361
4609,1399,01/01/2025,326
4610,3876,01/01/2025,507
4611,2182,01/01/2025,471
4612,1841,01/01/2025,129
4613,3410,01/01/2025,0
4614,4883,01/01/2025,233
4615,2817,01/01/2025,351
4616,278,01/01/2025,123
4617,3421,01/01/2025,271
4618,1657,01/01/2025,517
4619,1149,01/01/2025,556
4620,3608,01/01/2025,499
4621,4620,01/01/2025,303
4622,1440,01/01/2025,398
4623,3011,01/01/2025,567
4624,3483,01/01/2025,49
4625,358,01/01/2025,57
4626,4696,01/01/2025,335
4627,2236,01/01/2025,42
4628,3577,01/01/2025,207
4629,453,01/01/2025,533
4630,3725,01/01/2025,323
4631,4866,01/01/2025,79
4632,474,01/01/2025,412
4633,1390,01/01/2025,345
4634,1010,01/01/2025,62
4635,3279,01/01/2025,198
4636,4371,01/01/2025,247
4637,4122,01/01/2025,414
4638,716,01/01/2025,57
4639,4125,01/01/2025,388
4640,2488,01/01/2025,585
4641,1105,01/01/2025,466
4642,1474,01/01/2025,459
4643,2182,01/01/2025,44
4644,3840,01/01/2025,379
4645,813,01/01/2025,87
4646,3969,01/01/2025,38
4647,3208,01/01/2025,461
4648,4028,01/01/2025,184
4649,4793,01/01/2025,327
4650,4649,01/01/2025,69
4651,4334,01/01/2025,195
4652,245,01/01/2025,126
4653,3269,01/01/2025,524
4654,4537,01/01/2025,343
4655,3155,01/01/2025,277
4656,1994,01/01/2025,214
4657,1756,01/01/2025,540
4658,1166,01/01/2025,455
4659,3244,01/01/2025,515
4660,2960,01/01/2025,26
4661,4204,01/01/2025,584
4662,2654,01/01/2025,237
4663,3224,01/01/2025,513
4664,2958,01/01/2025,155
4665,4676,01/01/2025,369
4666,4290,01/01/2025,379
4667,4654,01/01/2025,560
4668,1015,01/01/2025,212
4669,2787,01/01/2025,211
4670,1317,01/01/2025,46
4671,2477,01/01/2025,107
4672,701,01/01/2025,370
4673,2740,01/01/2025,425
4674,3239,01/01/2025,211
4675,297,01/01/2025,78
4676,1118,01/01/2025,516
4677,1316,01/01/2025,307
4678,2773,01/01/2025,425
4679,914,01/01/2025,456
4680,3156,01/01/2025,380
4681,1046,01/01/2025,230
4682,1058,01/01/2025,422
4683,4644,01/01/2025,384
4684,3004,01/01/2025,191
4685,4564,01/01/2025,318
4686,1957,01/01/2025,486
4687,2516,01/01/2025,596
4688,2703,01/01/2025,417
4689,3791,01/01/2025,98
4690,713,01/01/2025,118
4691,1641,01/01/2025,504
4692,2908,01/01/2025,595
4693,4016,01/01/2025,232
4694,8,01/01/2025,160
4695,2443,01/01/2025,379
4696,4342,01/01/2025,48
4697,3064,01/01/2025,461
4698,4277,01/01/2025,258
4699,2616,01/01/2025,330
4700,2422,01/01/2025,570
4701,1846,01/01/2025,195
4702,1548,01/01/2025,314
4703,803,01/01/2025,531
4704,3899,01/01/2025,318
4705,1405,01/01/2025,104
4706,2908,01/01/2025,510
4707,319,01/01/2025,40
4708,274,01/01/2025,190
4709,3432,01/01/2025,8
4710,1439,01/01/2025,129
4711,3104,01/01/2025,373
4712,3367,01/01/2025,37
4713,1313,01/01/2025,572
4714,4290,01/01/2025,436
4715,2285,01/01/2025,70
4716,2197,01/01/2025,302
4717,3948,01/01/2025,219
4718,2347,01/01/2025,235
4719,2037,01/01/2025,190
4720,4710,01/01/2025,277
4721,1523,01/01/2025,441
4722,2179,01/01/2025,113
4723,1943,01/01/2025,512
4724,1457,01/01/2025,234
4725,799,01/01/2025,595
4726,3495,01/01/2025,407
4727,3680,01/01/2025,546
4728,1730,01/01/2025,133
4729,3082,01/01/2025,282
4730,3099,01/01/2025,171
4731,3534,01/01/2025,513
4732,3220,01/01/2025,412
4733,1166,01/01/2025,174
4734,3878,01/01/2025,144
4735,814,01/01/2025,23
4736,4628,01/01/2025,65
4737,100,01/01/2025,148
4738,197,01/01/2025,188
4739,850,01/01/2025,171
4740,2405,01/01/2025,566
4741,3265,01/01/2025,591
4742,2601,01/01/2025,504
4743,983,01/01/2025,104
4744,1137,01/01/2025,233
4745,4546,01/01/2025,19
4746,4450,01/01/2025,416
4747,1197,01/01/2025,156
4748,616,01/01/2025,368
4749,939,01/01/2025,168
4750,3117,01/01/2025,474
4751,4113,01/01/2025,36
4752,4554,01/01/2025,47
4753,836,01/01/2025,287
4754,2944,01/01/2025,554
4755,4342,01/01/2025,577
4756,3675,01/01/2025,149
4757,1995,01/01/2025,406
4758,3769,01/01/2025,60
4759,2401,01/01/2025,38
4760,1320,01/01/2025,137
4761,655,01/01/2025,285
4762,2910,01/01/2025,9
4763,4130,01/01/2025,309
4764,3938,01/01/2025,556
4765,562,01/01/2025,502
4766,1684,01/01/2025,575
4767,3065,01/01/2025,219
4768,4790,01/01/2025,139
4769,3181,01/01/2025,567
4770,658,01/01/2025,126
4771,3817,01/01/2025,170
4772,2621,01/01/2025,199
4773,3589,01/01/2025,575
4774,51,01/01/2025,14
4775,1629,01/01/2025,57
4776,1521,01/01/2025,301
4777,638,01/01/2025,582
4778,4018,01/01/2025,176
4779,628,01/01/2025,181
4780,431,01/01/2025,368
4781,1217,01/01/2025,433
4782,920,01/01/2025,576
4783,4366,01/01/2025,325
4784,2469,01/01/2025,49
4785,2182,01/01/2025,204
4786,897,01/01/2025,189
4787,3693,01/01/2025,102
4788,3547,01/01/2025,306
4789,3409,01/01/2025,184
4790,4264,01/01/2025,468
4791,2743,01/01/2025,37
4792,4182,01/01/2025,582
4793,2982,01/01/2025,380
4794,3549,01/01/2025,178
4795,4688,01/01/2025,156
4796,541,01/01/2025,464
4797,737,01/01/2025,369
4798,3242,01/01/2025,515
4799,798,01/01/2025,28
4800,1622,01/01/2025,531
4801,4395,01/01/2025,220
4802,1665,01/01/2025,273
4803,3861,01/01/2025,390
4804,335,01/01/2025,258
4805,2278,01/01/2025,65
4806,4802,01/01/2025,299
4807,4324,01/01/2025,557
4808,1744,01/01/2025,424
4809,1562,01/01/2025,593
4810,4668,01/01/2025,86
4811,3764,01/01/2025,24
4812,2775,01/01/2025,149
4813,4782,01/01/2025,443
4814,1702,01/01/2025,441
4815,2174,01/01/2025,513
4816,1840,01/01/2025,52
4817,3974,01/01/2025,491
4818,2723,01/01/2025,290
4819,4276,01/01/2025,8
4820,4894,01/01/2025,538
4821,418,01/01/2025,307
4822,1790,01/01/2025,465
4823,1823,01/01/2025,48
4824,2036,01/01/2025,146
4825,99,01/01/2025,252
4826,3304,01/01/2025,175
4827,3308,01/01/2025,96
4828,1627,01/01/2025,92
4829,1711,01/01/2025,41
4830,1920,01/01/2025,264
4831,439,01/01/2025,418
4832,3621,01/01/2025,382
4833,2696,01/01/2025,484
4834,3685,01/01/2025,95
4835,4928,01/01/2025,534
4836,2124,01/01/2025,407
4837,652,01/01/2025,32
4838,1352,01/01/2025,235
4839,370,01/01/2025,540
4840,4340,01/01/2025,94
4841,3858,01/01/2025,204
4842,3863,01/01/2025,190
4843,2144,01/01/2025,374
4844,2528,01/01/2025,198
4845,4602,01/01/2025,181
4846,400,01/01/2025,472
4847,4928,01/01/2025,229
4848,993,01/01/2025,198
4849,3818,01/01/2025,51
4850,3676,01/01/2025,425
4851,3702,01/01/2025,537
4852,4063,01/01/2025,177
4853,171,01/01/2025,197
4854,523,01/01/2025,324
4855,4655,01/01/2025,594
4856,3577,01/01/2025,151
4857,1217,01/01/2025,489
4858,3355,01/01/2025,9
4859,3982,01/01/2025,163
4860,3229,01/01/2025,587
4861,4479,01/01/2025,72
4862,3715,01/01/2025,245
4863,4499,01/01/2025,175
4864,2342,01/01/2025,78
4865,2452,01/01/2025,66
4866,1420,01/01/2025,479
4867,707,01/01/2025,270
4868,2226,01/01/2025,180
4869,2962,01/01/2025,37
4870,1351,01/01/2025,385
4871,3637,01/01/2025,69
4872,1431,01/01/2025,213
4873,1220,01/01/2025,10
4874,4239,01/01/2025,570
4875,4187,01/01/2025,225
4876,1730,01/01/2025,515
4877,3998,01/01/2025,468
4878,1788,01/01/2025,487
4879,3735,01/01/2025,316
4880,3845,01/01/2025,543
4881,2173,01/01/2025,341
4882,2640,01/01/2025,388
4883,1668,01/01/2025,597
4884,676,01/01/2025,293
4885,2327,01/01/2025,364
4886,3162,01/01/2025,428
4887,4239,01/01/2025,110
4888,1260,01/01/2025,257
4889,921,01/01/2025,334
4890,3359,01/01/2025,506
4891,3075,01/01/2025,410
4892,2122,01/01/2025,56
4893,2767,01/01/2025,451
4894,3414,01/01/2025,328
4895,2245,01/01/2025,592
4896,645,01/01/2025,69
4897,1649,01/01/2025,176
4898,2698,01/01/2025,324
4899,4294,01/01/2025,534
4900,4106,01/01/2025,132
4901,2284,01/01/2025,531
4902,3526,01/01/2025,509
4903,3105,01/01/2025,419
4904,2495,01/01/2025,256
4905,4386,01/01/2025,515
4906,1624,01/01/2025,87
4907,3861,01/01/2025,352
4908,1599,01/01/2025,87
4909,4077,01/01/2025,572
4910,3779,01/01/2025,117
4911,4273,01/01/2025,48
4912,38,01/01/2025,23
4913,4346,01/01/2025,222
4914,4174,01/01/2025,239
4915,4176,01/01/2025,299
4916,2857,01/01/2025,130
4917,2787,01/01/2025,198
4918,4344,01/01/2025,599
4919,3298,01/01/2025,357
4920,4088,01/01/2025,28
4921,3787,01/01/2025,180
4922,771,01/01/2025,337
4923,4857,01/01/2025,236
4924,1652,01/01/2025,144
4925,1122,01/01/2025,384
4926,718,01/01/2025,309
4927,1135,01/01/2025,476
4928,4476,01/01/2025,361
4929,3468,01/01/2025,530
4930,198,01/01/2025,425
4931,210,01/01/2025,282
4932,130,01/01/2025,40
4933,2321,01/01/2025,367
4934,3321,01/01/2025,527
4935,4799,01/01/2025,492
4936,2285,01/01/2025,256
4937,2998,01/01/2025,192
4938,227,01/01/2025,113
4939,4182,01/01/2025,413
4940,2678,01/01/2025,563
4941,3416,01/01/2025,22
4942,474,01/01/2025,548
4943,3719,01/01/2025,333
4944,52,01/01/2025,574
4945,3341,01/01/2025,413
4946,3824,01/01/2025,146
4947,4215,01/01/2025,222
4948,4971,01/01/2025,467
4949,3535,01/01/2025,86
4950,3140,01/01/2025,548
4951,2221,01/01/2025,287
4952,3680,01/01/2025,329
4953,1922,01/01/2025,318
4954,1360,01/01/2025,105
4955,4801,01/01/2025,386
4956,3286,01/01/2025,110
4957,4914,01/01/2025,101
4958,2185,01/01/2025,24
4959,3246,01/01/2025,93
4960,786,01/01/2025,293
4961,457,01/01/2025,190
4962,4787,01/01/2025,356
4963,251,01/01/2025,553
4964,1860,01/01/2025,35
4965,2521,01/01/2025,96
4966,1347,01/01/2025,157
4967,277,01/01/2025,21
4968,4325,01/01/2025,346
4969,4309,01/01/2025,177
4970,1032,01/01/2025,481
4971,1981,01/01/2025,236
4972,953,01/01/2025,363
4973,4020,01/01/2025,195
4974,291,01/01/2025,432
4975,4675,01/01/2025,484
4976,3190,01/01/2025,57
4977,1360,01/01/2025,100
4978,3213,01/01/2025,532
4979,1727,01/01/2025,299
4980,3885,01/01/2025,64
4981,3626,01/01/2025,258
4982,3574,01/01/2025,529
4983,1582,01/01/2025,432
4984,835,01/01/2025,284
4985,3199,01/01/2025,3
4986,2795,01/01/2025,155
4987,1538,01/01/2025,529
4988,3427,01/01/2025,102
4989,49,01/01/2025,58
4990,4151,01/01/2025,255
4991,17,01/01/2025,27
4992,1017,01/01/2025,512
4993,3915,01/01/2025,594
4994,4196,01/01/2025,359
4995,1538,01/01/2025,360
4996,3927,01/01/2025,18
4997,2016,01/01/2025,301
4998,4117,01/01/2025,570
4999,2067,01/01/2025,73
5000,992,01/01/2025,NULL
5001,2542,01/01/2025,353
5002,4297,01/01/2025,383
5003,1256,01/01/2025,11
5004,686,01/01/2025,590
5005,2123,01/01/2025,337
5006,3087,01/01/2025,486
5007,3118,01/01/2025,150
5008,913,01/01/2025,124
5009,2224,01/01/2025,41
5010,1975,01/01/2025,19
5011,2956,01/01/2025,339
5012,3573,01/01/2025,342
5013,1536,01/01/2025,311
5014,2580,01/01/2025,90
5015,642,01/01/2025,95
5016,4534,01/01/2025,144
5017,2442,01/01/2025,94
5018,1988,01/01/2025,59
5019,3301,01/01/2025,277
5020,4527,01/01/2025,202
5021,2032,01/01/2025,579
5022,129,01/01/2025,513
5023,978,01/01/2025,485
5024,708,01/01/2025,115
5025,1053,01/01/2025,442
5026,1649,01/01/2025,393
5027,4253,01/01/2025,1
5028,1564,01/01/2025,568
5029,4099,01/01/2025,529
5030,3786,01/01/2025,336
5031,962,01/01/2025,9
5032,3682,01/01/2025,369
5033,4786,01/01/2025,444
5034,1888,01/01/2025,542
5035,159,01/01/2025,323
5036,4596,01/01/2025,573
5037,2807,01/01/2025,429
5038,4893,01/01/2025,163
5039,3978,01/01/2025,192
5040,2815,01/01/2025,414
5041,992,01/01/2025,439
5042,756,01/01/2025,108
5043,2391,01/01/2025,301
5044,1223,01/01/2025,568
5045,2699,01/01/2025,307
5046,3806,01/01/2025,148
5047,4622,01/01/2025,223
5048,3671,01/01/2025,120
5049,1418,01/01/2025,195
5050,255,01/01/2025,244
5051,1043,01/01/2025,84
5052,3347,01/01/2025,456
5053,3646,01/01/2025,561
5054,896,01/01/2025,383
5055,3379,01/01/2025,284
5056,4636,01/01/2025,30
5057,822,01/01/2025,377
5058,3150,01/01/2025,522
5059,2226,01/01/2025,204
5060,1436,01/01/2025,561
5061,2738,01/01/2025,155
5062,4029,01/01/2025,404
5063,590,01/01/2025,571
5064,3749,01/01/2025,40
5065,578,01/01/2025,410
5066,3008,01/01/2025,8
5067,1585,01/01/2025,382
5068,3592,01/01/2025,261
5069,3801,01/01/2025,482
5070,2533,01/01/2025,8
5071,1196,01/01/2025,135
5072,3856,01/01/2025,453
5073,993,01/01/2025,356
5074,293,01/01/2025,501
5075,2576,01/01/2025,130
5076,1798,01/01/2025,392
5077,3423,01/01/2025,318
5078,3433,01/01/2025,535
5079,3486,01/01/2025,410
5080,4144,01/01/2025,27
5081,2513,01/01/2025,394
5082,817,01/01/2025,229
5083,4735,01/01/2025,63
5084,1209,01/01/2025,392
5085,2921,01/01/2025,542
5086,3655,01/01/2025,126
5087,2806,01/01/2025,450
5088,2752,01/01/2025,509
5089,2656,01/01/2025,114
5090,4620,01/01/2025,33
5091,3723,01/01/2025,141
5092,1698,01/01/2025,423
5093,4430,01/01/2025,159
5094,4463,01/01/2025,250
5095,4196,01/01/2025,339
5096,3739,01/01/2025,404
5097,3297,01/01/2025,22
5098,2397,01/01/2025,584
5099,4276,01/01/2025,577
5100,1927,01/01/2025,143
5101,973,01/01/2025,269
5102,2967,01/01/2025,87
5103,2385,01/01/2025,316
5104,4156,01/01/2025,388
5105,1952,01/01/2025,397
5106,4880,01/01/2025,214
5107,1866,01/01/2025,544
5108,1311,01/01/2025,29
5109,1800,01/01/2025,549
5110,1866,01/01/2025,93
5111,2089,01/01/2025,571
5112,61,01/01/2025,555
5113,698,01/01/2025,291
5114,3810,01/01/2025,591
5115,3614,01/01/2025,402
5116,2121,01/01/2025,572
5117,3189,01/01/2025,337
5118,2550,01/01/2025,579
5119,474,01/01/2025,149
5120,3360,01/01/2025,261
5121,3442,01/01/2025,492
5122,3062,01/01/2025,117
5123,860,01/01/2025,517
5124,3740,01/01/2025,147
5125,4191,01/01/2025,154
5126,2980,01/01/2025,363
5127,3800,01/01/2025,292
5128,4472,01/01/2025,181
5129,1871,01/01/2025,442
5130,3609,01/01/2025,408
5131,4644,01/01/2025,171
5132,3828,01/01/2025,481
5133,1305,01/01/2025,323
5134,1613,01/01/2025,456
5135,424,01/01/2025,545
5136,656,01/01/2025,430
5137,2709,01/01/2025,186
5138,1240,01/01/2025,484
5139,398,01/01/2025,369
5140,961,01/01/2025,219
5141,7,01/01/2025,384
5142,4082,01/01/2025,478
5143,1469,01/01/2025,121
5144,4630,01/01/2025,467
5145,48,01/01/2025,50
5146,2656,01/01/2025,102
5147,3990,01/01/2025,161
5148,3224,01/01/2025,465
5149,3040,01/01/2025,221
5150,350,01/01/2025,353
5151,333,01/01/2025,6
5152,4143,01/01/2025,6
5153,4849,01/01/2025,592
5154,283,01/01/2025,192
5155,3843,01/01/2025,185
5156,2206,01/01/2025,235
5157,4118,01/01/2025,82
5158,4525,01/01/2025,181
5159,3714,01/01/2025,300
5160,1514,01/01/2025,549
5161,1824,01/01/2025,113
5162,975,01/01/2025,204
5163,2675,01/01/2025,141
5164,4842,01/01/2025,20
5165,1808,01/01/2025,546
5166,3042,01/01/2025,100
5167,569,01/01/2025,233
5168,4158,01/01/2025,368
5169,4654,01/01/2025,390
5170,1805,01/01/2025,290
5171,662,01/01/2025,470
5172,815,01/01/2025,345
5173,191,01/01/2025,85
5174,2623,01/01/2025,440
5175,1965,01/01/2025,280
5176,516,01/01/2025,335
5177,279,01/01/2025,451
5178,1113,01/01/2025,20
5179,1484,01/01/2025,48
5180,643,01/01/2025,497
5181,1974,01/01/2025,374
5182,3217,01/01/2025,315
5183,1970,01/01/2025,289
5184,4078,01/01/2025,54
5185,4933,01/01/2025,204
5186,3329,01/01/2025,315
5187,4892,01/01/2025,222
5188,3339,01/01/2025,292
5189,2536,01/01/2025,531
5190,584,01/01/2025,165
5191,1163,01/01/2025,253
5192,4477,01/01/2025,194
5193,2996,01/01/2025,137
5194,3650,01/01/2025,445
5195,1805,01/01/2025,330
5196,3242,01/01/2025,354
5197,16,01/01/2025,23
5198,101,01/01/2025,361
5199,101,01/01/2025,368
5200,2791,01/01/2025,174
5201,4022,01/01/2025,120
5202,2932,01/01/2025,453
5203,1781,01/01/2025,294
5204,3806,01/01/2025,352
5205,2772,01/01/2025,121
5206,472,01/01/2025,362
5207,1664,01/01/2025,16
5208,1516,01/01/2025,573
5209,4779,01/01/2025,409
5210,2267,01/01/2025,210
5211,2529,01/01/2025,462
5212,1824,01/01/2025,235
5213,2781,01/01/2025,21
5214,4006,01/01/2025,582
5215,4516,01/01/2025,509
5216,1648,01/01/2025,238
5217,1112,01/01/2025,176
5218,3896,01/01/2025,485
5219,2781,01/01/2025,94
5220,203,01/01/2025,299
5221,181,01/01/2025,430
5222,2886,01/01/2025,231
5223,4295,01/01/2025,553
5224,4159,01/01/2025,275
5225,3267,01/01/2025,70
5226,3472,01/01/2025,503
5227,1481,01/01/2025,587
5228,2331,01/01/2025,539
5229,764,01/01/2025,456
5230,1894,01/01/2025,457
5231,4110,01/01/2025,457
5232,3016,01/01/2025,133
5233,3676,01/01/2025,198
5234,2262,01/01/2025,457
5235,23,01/01/2025,87
5236,403,01/01/2025,450
5237,245,01/01/2025,371
5238,447,01/01/2025,578
5239,2858,01/01/2025,95
5240,3115,01/01/2025,502
5241,1640,01/01/2025,490
5242,1738,01/01/2025,375
5243,2696,01/01/2025,53
5244,240,01/01/2025,282
5245,4630,01/01/2025,330
5246,1303,01/01/2025,249
5247,1606,01/01/2025,532
5248,2938,01/01/2025,569
5249,1552,01/01/2025,269
5250,2164,01/01/2025,391
5251,2622,01/01/2025,544
5252,4621,01/01/2025,393
5253,957,01/01/2025,420
5254,2322,01/01/2025,356
5255,2745,01/01/2025,157
5256,4017,01/01/2025,320
5257,3069,01/01/2025,357
5258,2205,01/01/2025,367
5259,4621,01/01/2025,456
5260,3758,01/01/2025,266
5261,303,01/01/2025,458
5262,975,01/01/2025,424
5263,203,01/01/2025,542
5264,3480,01/01/2025,34
5265,3299,01/01/2025,157
5266,2997,01/01/2025,500
5267,3747,01/01/2025,65
5268,549,01/01/2025,316
5269,3316,01/01/2025,171
5270,4610,01/01/2025,354
5271,4819,01/01/2025,28
5272,4526,01/01/2025,569
5273,2402,01/01/2025,167
5274,1823,01/01/2025,351
5275,3822,01/01/2025,127
5276,2770,01/01/2025,453
5277,860,01/01/2025,305
5278,1708,01/01/2025,427
5279,2137,01/01/2025,482
5280,977,01/01/2025,223
5281,4809,01/01/2025,554
5282,2217,01/01/2025,31
5283,1110,01/01/2025,418
5284,3414,01/01/2025,417
5285,3592,01/01/2025,122
5286,2640,01/01/2025,415
5287,2475,01/01/2025,590
5288,1904,01/01/2025,140
5289,3436,01/01/2025,329
5290,4125,01/01/2025,328
5291,3566,01/01/2025,93
5292,4456,01/01/2025,584
5293,4379,01/01/2025,425
5294,3211,01/01/2025,382
5295,3138,01/01/2025,83
5296,2048,01/01/2025,403
5297,1003,01/01/2025,424
5298,147,01/01/2025,44
5299,4329,01/01/2025,120
5300,2937,01/01/2025,41
5301,767,01/01/2025,64
5302,3324,01/01/2025,365
5303,3171,01/01/2025,117
5304,2844,01/01/2025,263
5305,469,01/01/2025,391
5306,3090,01/01/2025,592
5307,2585,01/01/2025,264
5308,899,01/01/2025,552
5309,4428,01/01/2025,405
5310,3960,01/01/2025,9
5311,1170,01/01/2025,172
5312,2850,01/01/2025,530
5313,4876,01/01/2025,492
5314,3131,01/01/2025,217
5315,4441,01/01/2025,576
5316,3591,01/01/2025,511
5317,3508,01/01/2025,129
5318,2604,01/01/2025,455
5319,3614,01/01/2025,15
5320,2158,01/01/2025,218
5321,429,01/01/2025,414
5322,2672,01/01/2025,562
5323,4692,01/01/2025,235
5324,2930,01/01/2025,410
5325,1750,01/01/2025,89
5326,916,01/01/2025,364
5327,2044,01/01/2025,519
5328,3936,01/01/2025,146
5329,3248,01/01/2025,435
5330,4217,01/01/2025,6
5331,3212,01/01/2025,152
5332,2655,01/01/2025,529
5333,3179,01/01/2025,401
5334,4497,01/01/2025,344
5335,3767,01/01/2025,262
5336,1414,01/01/2025,180
5337,417,01/01/2025,192
5338,4389,01/01/2025,74
5339,3782,01/01/2025,225
5340,1767,01/01/2025,378
5341,1149,01/01/2025,436
5342,1535,01/01/2025,350
5343,3955,01/01/2025,82
5344,1248,01/01/2025,55
5345,3891,01/01/2025,421
5346,2827,01/01/2025,412
5347,3096,01/01/2025,26
5348,577,01/01/2025,455
5349,4159,01/01/2025,466
5350,3896,01/01/2025,314
5351,3451,01/01/2025,271
5352,138,01/01/2025,116
5353,758,01/01/2025,317
5354,1286,01/01/2025,33
5355,1103,01/01/2025,381
5356,494,01/01/2025,51
5357,190,01/01/2025,247
5358,4054,01/01/2025,144
5359,1316,01/01/2025,458
5360,552,01/01/2025,439
5361,4156,01/01/2025,442
5362,377,01/01/2025,384
5363,1816,01/01/2025,592
5364,4254,01/01/2025,275
5365,4925,01/01/2025,135
5366,773,01/01/2025,314
5367,2168,01/01/2025,156
5368,772,01/01/2025,109
5369,1766,01/01/2025,267
5370,948,01/01/2025,238
5371,794,01/01/2025,167
5372,566,01/01/2025,520
5373,3869,01/01/2025,396
5374,902,01/01/2025,399
5375,291,01/01/2025,187
5376,867,01/01/2025,119
5377,4157,01/01/2025,332
5378,2594,01/01/2025,503
5379,4167,01/01/2025,199
5380,3315,01/01/2025,34
5381,4807,01/01/2025,176
5382,4733,01/01/2025,73
5383,987,01/01/2025,423
5384,3299,01/01/2025,201
5385,844,01/01/2025,422
5386,3696,01/01/2025,250
5387,3621,01/01/2025,305
5388,4666,01/01/2025,206
5389,4621,01/01/2025,17
5390,4991,01/01/2025,61
5391,3365,01/01/2025,153
5392,2551,01/01/2025,471
5393,864,01/01/2025,165
5394,1515,01/01/2025,78
5395,4225,01/01/2025,209
5396,825,01/01/2025,255
5397,2829,01/01/2025,229
5398,760,01/01/2025,132
5399,2064,01/01/2025,216
5400,869,01/01/2025,265
5401,3827,01/01/2025,234
5402,4612,01/01/2025,65
5403,3902,01/01/2025,561
5404,740,01/01/2025,206
5405,4903,01/01/2025,564
5406,3193,01/01/2025,500
5407,2873,01/01/2025,539
5408,1853,01/01/2025,392
5409,756,01/01/2025,38
5410,1439,01/01/2025,556
5411,4608,01/01/2025,543
5412,275,01/01/2025,287
5413,3233,01/01/2025,597
5414,2862,01/01/2025,371
5415,1659,01/01/2025,45
5416,482,01/01/2025,392
5417,450,01/01/2025,313
5418,1926,01/01/2025,353
5419,4749,01/01/2025,169
5420,3709,01/01/2025,265
5421,4830,01/01/2025,224
5422,141,01/01/2025,377
5423,653,01/01/2025,336
5424,2132,01/01/2025,526
5425,3969,01/01/2025,407
5426,2322,01/01/2025,383
5427,4110,01/01/2025,114
5428,1608,01/01/2025,324
5429,799,01/01/2025,571
5430,440,01/01/2025,401
5431,4159,01/01/2025,364
5432,1984,01/01/2025,191
5433,3963,01/01/2025,450
5434,4854,01/01/2025,295
5435,3268,01/01/2025,89
5436,3659,01/01/2025,456
5437,4382,01/01/2025,101
5438,4541,01/01/2025,593
5439,2594,01/01/2025,385
5440,1461,01/01/2025,250
5441,987,01/01/2025,584
5442,869,01/01/2025,173
5443,3557,01/01/2025,64
5444,2114,01/01/2025,264
5445,4518,01/01/2025,166
5446,1399,01/01/2025,222
5447,1619,01/01/2025,312
5448,472,01/01/2025,296
5449,2336,01/01/2025,299
5450,2490,01/01/2025,140
5451,2200,01/01/2025,347
5452,3586,01/01/2025,476
5453,1116,01/01/2025,111
5454,3212,01/01/2025,35
5455,375,01/01/2025,231
5456,2592,01/01/2025,468
5457,4517,01/01/2025,253
5458,3846,01/01/2025,86
5459,4289,01/01/2025,69
5460,136,01/01/2025,137
5461,1394,01/01/2025,577
5462,2148,01/01/2025,338
5463,4272,01/01/2025,336
5464,3928,01/01/2025,387
5465,743,01/01/2025,273
5466,696,01/01/2025,71
5467,3683,01/01/2025,37
5468,414,01/01/2025,533
5469,4155,01/01/2025,391
5470,2951,01/01/2025,420
5471,2262,01/01/2025,222
5472,1515,01/01/2025,181
5473,2855,01/01/2025,353
5474,4094,01/01/2025,267
5475,267,01/01/2025,13
5476,4286,01/01/2025,424
5477,4735,01/01/2025,437
5478,3109,01/01/2025,64
5479,161,01/01/2025,355
5480,2429,01/01/2025,330
5481,3031,01/01/2025,486
5482,432,01/01/2025,343
5483,3337,01/01/2025,152
5484,3420,01/01/2025,430
5485,849,01/01/2025,209
5486,2077,01/01/2025,79
5487,69,01/01/2025,354
5488,3266,01/01/2025,471
5489,1378,01/01/2025,142
5490,1941,01/01/2025,556
5491,245,01/01/2025,167
5492,2926,01/01/2025,217
5493,784,01/01/2025,221
5494,3899,01/01/2025,406
5495,1336,01/01/2025,371
5496,559,01/01/2025,274
5497,4781,01/01/2025,478
5498,4705,01/01/2025,558
5499,2604,01/01/2025,12
5500,3187,01/01/2025,NULL
5501,4586,01/01/2025,566
5502,1052,01/01/2025,134
5503,909,01/01/2025,79
5504,4743,01/01/2025,180
5505,802,01/01/2025,233
5506,963,01/01/2025,290
5507,910,01/01/2025,61
5508,3074,01/01/2025,236
5509,1707,01/01/2025,367
5510,4705,01/01/2025,111
5511,3824,01/01/2025,170
5512,1148,01/01/2025,483
5513,4452,01/01/2025,160
5514,2053,01/01/2025,107
5515,1740,01/01/2025,242
5516,2732,01/01/2025,531
5517,4148,01/01/2025,428
5518,2178,01/01/2025,190
5519,4171,01/01/2025,428
5520,405,01/01/2025,98
5521,4713,01/01/2025,599
5522,605,01/01/2025,464
5523,732,01/01/2025,178
5524,3243,01/01/2025,408
5525,196,01/01/2025,506
5526,484,01/01/2025,430
5527,3531,01/01/2025,20
5528,4950,01/01/2025,598
5529,4467,01/01/2025,536
5530,3233,01/01/2025,169
5531,4078,01/01/2025,227
5532,2890,01/01/2025,508
5533,2204,01/01/2025,87
5534,3546,01/01/2025,541
5535,1061,01/01/2025,504
5536,2386,01/01/2025,570
5537,119,01/01/2025,134
5538,2355,01/01/2025,439
5539,115,01/01/2025,583
5540,2474,01/01/2025,477
5541,3253,01/01/2025,426
5542,3001,01/01/2025,544
5543,1797,01/01/2025,194
5544,4742,01/01/2025,139
5545,3936,01/01/2025,383
5546,2549,01/01/2025,518
5547,949,01/01/2025,106
5548,4003,01/01/2025,527
5549,3466,01/01/2025,0
5550,2982,01/01/2025,309
5551,2850,01/01/2025,210
5552,2930,01/01/2025,511
5553,3607,01/01/2025,529
5554,4098,01/01/2025,179
5555,65,01/01/2025,37
5556,416,01/01/2025,123
5557,487,01/01/2025,91
5558,3889,01/01/2025,36
5559,4273,01/01/2025,535
5560,3585,01/01/2025,175
5561,1415,01/01/2025,68
5562,2279,01/01/2025,280
5563,4548,01/01/2025,337
5564,2516,01/01/2025,568
5565,387,01/01/2025,201
5566,3851,01/01/2025,42
5567,2914,01/01/2025,24
5568,4822,01/01/2025,473
5569,3148,01/01/2025,103
5570,3678,01/01/2025,227
5571,2859,01/01/2025,90
5572,663,01/01/2025,122
5573,44,01/01/2025,285
5574,3781,01/01/2025,58
5575,3766,01/01/2025,96
5576,608,01/01/2025,75
5577,769,01/01/2025,69
5578,1510,01/01/2025,276
5579,4717,01/01/2025,56
5580,946,01/01/2025,484
5581,3431,01/01/2025,246
5582,1066,01/01/2025,24
5583,4946,01/01/2025,113
5584,918,01/01/2025,437
5585,450,01/01/2025,494
5586,2450,01/01/2025,267
5587,3832,01/01/2025,225
5588,1922,01/01/2025,3
5589,1247,01/01/2025,390
5590,1854,01/01/2025,115
5591,873,01/01/2025,392
5592,4531,01/01/2025,284
5593,607,01/01/2025,374
5594,23,01/01/2025,117
5595,963,01/01/2025,289
5596,1669,01/01/2025,26
5597,1357,01/01/2025,89
5598,254,01/01/2025,560
5599,1630,01/01/2025,323
5600,4960,01/01/2025,386
5601,624,01/01/2025,31
5602,1617,01/01/2025,455
5603,3289,01/01/2025,248
5604,1743,01/01/2025,0
5605,1614,01/01/2025,280
5606,2698,01/01/2025,290
5607,1665,01/01/2025,118
5608,1038,01/01/2025,294
5609,482,01/01/2025,226
5610,745,01/01/2025,330
5611,1723,01/01/2025,510
5612,287,01/01/2025,40
5613,3839,01/01/2025,502
5614,2370,01/01/2025,301
5615,4159,01/01/2025,519
5616,4994,01/01/2025,443
5617,3051,01/01/2025,503
5618,3556,01/01/2025,48
5619,3700,01/01/2025,381
5620,1434,01/01/2025,205
5621,352,01/01/2025,441
5622,1088,01/01/2025,268
5623,2470,01/01/2025,264
5624,4114,01/01/2025,228
5625,4356,01/01/2025,567
5626,4349,01/01/2025,428
5627,1152,01/01/2025,73
5628,3120,01/01/2025,447
5629,2386,01/01/2025,75
5630,3705,01/01/2025,430
5631,3629,01/01/2025,37
5632,3509,01/01/2025,345
5633,2201,01/01/2025,311
5634,3166,01/01/2025,544
5635,2803,01/01/2025,533
5636,4453,01/01/2025,66
5637,3257,01/01/2025,146
5638,4895,01/01/2025,66
5639,703,01/01/2025,531
5640,4722,01/01/2025,90
5641,2670,01/01/2025,232
5642,2928,01/01/2025,229
5643,874,01/01/2025,482
5644,3426,01/01/2025,531
5645,1452,01/01/2025,437
5646,1051,01/01/2025,358
5647,243,01/01/2025,117
5648,896,01/01/2025,215
5649,4665,01/01/2025,420
5650,3146,01/01/2025,581
5651,4635,01/01/2025,495
5652,4974,01/01/2025,534
5653,4002,01/01/2025,349
5654,806,01/01/2025,19
5655,332,01/01/2025,432
5656,4989,01/01/2025,167
5657,2894,01/01/2025,72
5658,540,01/01/2025,528
5659,3054,01/01/2025,176
5660,4445,01/01/2025,432
5661,2071,01/01/2025,22
5662,275,01/01/2025,598
5663,4851,01/01/2025,459
5664,1576,01/01/2025,345
5665,2325,01/01/2025,150
5666,4298,01/01/2025,595
5667,3757,01/01/2025,446
5668,4354,01/01/2025,38
5669,1481,01/01/2025,36
5670,3651,01/01/2025,304
5671,3694,01/01/2025,3
5672,911,01/01/2025,566
5673,3857,01/01/2025,132
5674,4512,01/01/2025,262
5675,356,01/01/2025,13
5676,4649,01/01/2025,147
5677,1893,01/01/2025,79
5678,4841,01/01/2025,556
5679,2240,01/01/2025,367
5680,3521,01/01/2025,415
5681,1084,01/01/2025,253
5682,951,01/01/2025,426
5683,3712,01/01/2025,265
5684,4549,01/01/2025,358
5685,1979,01/01/2025,509
5686,830,01/01/2025,268
5687,4112,01/01/2025,349
5688,1252,01/01/2025,479
5689,2016,01/01/2025,137
5690,53,01/01/2025,195
5691,2854,01/01/2025,110
5692,1442,01/01/2025,192
5693,2278,01/01/2025,415
5694,2868,01/01/2025,522
5695,4798,01/01/2025,222
5696,809,01/01/2025,571
5697,1990,01/01/2025,103
5698,3392,01/01/2025,80
5699,2308,01/01/2025,404
5700,3359,01/01/2025,268
5701,216,01/01/2025,217
5702,1214,01/01/2025,221
5703,1173,01/01/2025,547
5704,2996,01/01/2025,560
5705,2197,01/01/2025,95
5706,4889,01/01/2025,591
5707,2664,01/01/2025,98
5708,555,01/01/2025,84
5709,1252,01/01/2025,478
5710,392,01/01/2025,281
5711,1292,01/01/2025,151
5712,2444,01/01/2025,495
5713,2955,01/01/2025,25
5714,3676,01/01/2025,380
5715,4883,01/01/2025,160
5716,249,01/01/2025,471
5717,179,01/01/2025,68
5718,4700,01/01/2025,557
5719,2652,01/01/2025,498
5720,89,01/01/2025,138
5721,4888,01/01/2025,333
5722,3686,01/01/2025,124
5723,4140,01/01/2025,586
5724,4214,01/01/2025,40
5725,1693,01/01/2025,498
5726,1449,01/01/2025,576
5727,2813,01/01/2025,419
5728,4889,01/01/2025,520
5729,2400,01/01/2025,327
5730,1023,01/01/2025,403
5731,2899,01/01/2025,535
5732,1357,01/01/2025,30
5733,2547,01/01/2025,325
5734,3631,01/01/2025,77
5735,1009,01/01/2025,463
5736,1823,01/01/2025,277
5737,777,01/01/2025,200
5738,4916,01/01/2025,262
5739,875,01/01/2025,498
5740,2480,01/01/2025,110
5741,1217,01/01/2025,82
5742,3268,01/01/2025,509
5743,886,01/01/2025,373
5744,1546,01/01/2025,387
5745,2270,01/01/2025,137
5746,3042,01/01/2025,132
5747,2159,01/01/2025,372
5748,4923,01/01/2025,547
5749,580,01/01/2025,70
5750,876,01/01/2025,9
5751,3630,01/01/2025,446
5752,2558,01/01/2025,531
5753,2761,01/01/2025,234
5754,184,01/01/2025,527
5755,788,01/01/2025,37
5756,4145,01/01/2025,347
5757,169,01/01/2025,15
5758,420,01/01/2025,154
5759,690,01/01/2025,441
5760,4870,01/01/2025,243
5761,762,01/01/2025,519
5762,1975,01/01/2025,135
5763,4124,01/01/2025,506
5764,3760,01/01/2025,498
5765,3540,01/01/2025,466
5766,2399,01/01/2025,51
5767,4201,01/01/2025,220
5768,4508,01/01/2025,443
5769,3438,01/01/2025,110
5770,2185,01/01/2025,198
5771,2243,01/01/2025,336
5772,3118,01/01/2025,581
5773,3027,01/01/2025,199
5774,3539,01/01/2025,43
5775,3259,01/01/2025,413
5776,4987,01/01/2025,112
5777,2452,01/01/2025,179
5778,3012,01/01/2025,288
5779,3568,01/01/2025,463
5780,1675,01/01/2025,3
5781,167,01/01/2025,223
5782,3436,01/01/2025,76
5783,3791,01/01/2025,51
5784,2682,01/01/2025,68
5785,3746,01/01/2025,366
5786,995,01/01/2025,166
5787,4045,01/01/2025,32
5788,3262,01/01/2025,5
5789,955,01/01/2025,391
5790,3452,01/01/2025,307
5791,2268,01/01/2025,90
5792,622,01/01/2025,122
5793,1914,01/01/2025,517
5794,1894,01/01/2025,104
5795,2756,01/01/2025,24
5796,3849,01/01/2025,307
5797,4643,01/01/2025,157
5798,4760,01/01/2025,553
5799,4741,01/01/2025,356
5800,2196,01/01/2025,315
5801,2826,01/01/2025,388
5802,3665,01/01/2025,152
5803,3765,01/01/2025,438
5804,1516,01/01/2025,529
5805,2902,01/01/2025,4
5806,1386,01/01/2025,389
5807,3433,01/01/2025,303
5808,3389,01/01/2025,388
5809,737,01/01/2025,207
5810,3510,01/01/2025,263
5811,1720,01/01/2025,596
5812,4502,01/01/2025,91
5813,4244,01/01/2025,597
5814,51,01/01/2025,19
5815,394,01/01/2025,545
5816,1852,01/01/2025,116
5817,3728,01/01/2025,482
5818,4326,01/01/2025,491
5819,4540,01/01/2025,507
5820,1655,01/01/2025,592
5821,40,01/01/2025,329
5822,657,01/01/2025,140
5823,3860,01/01/2025,401
5824,1759,01/01/2025,347
5825,1223,01/01/2025,188
5826,3310,01/01/2025,113
5827,1366,01/01/2025,449
5828,3853,01/01/2025,465
5829,3354,01/01/2025,371
5830,219,01/01/2025,343
5831,3577,01/01/2025,114
5832,1635,01/01/2025,26
5833,2984,01/01/2025,447
5834,1481,01/01/2025,96
5835,2432,01/01/2025,17
5836,4836,01/01/2025,558
5837,3401,01/01/2025,58
5838,1271,01/01/2025,127
5839,1740,01/01/2025,396
5840,3828,01/01/2025,573
5841,3760,01/01/2025,526
5842,2900,01/01/2025,355
5843,1347,01/01/2025,350
5844,270,01/01/2025,97
5845,4421,01/01/2025,157
5846,4003,01/01/2025,383
5847,27,01/01/2025,565
5848,4906,01/01/2025,46
5849,1479,01/01/2025,232
5850,4192,01/01/2025,565
5851,3047,01/01/2025,419
5852,1190,01/01/2025,217
5853,3768,01/01/2025,34
5854,3229,01/01/2025,503
5855,4980,01/01/2025,223
5856,4032,01/01/2025,410
5857,1225,01/01/2025,591
5858,1764,01/01/2025,241
5859,1280,01/01/2025,234
5860,903,01/01/2025,269
5861,878,01/01/2025,516
5862,4348,01/01/2025,188
5863,4730,01/01/2025,467
5864,1700,01/01/2025,347
5865,789,01/01/2025,179
5866,1662,01/01/2025,205
5867,166,01/01/2025,451
5868,4144,01/01/2025,256
5869,2569,01/01/2025,215
5870,4231,01/01/2025,361
5871,3575,01/01/2025,112
5872,4426,01/01/2025,150
5873,3545,01/01/2025,156
5874,1496,01/01/2025,503
5875,1930,01/01/2025,431
5876,1564,01/01/2025,481
5877,2247,01/01/2025,276
5878,4738,01/01/2025,353
5879,1544,01/01/2025,169
5880,928,01/01/2025,330
5881,4854,01/01/2025,554
5882,2657,01/01/2025,478
5883,1406,01/01/2025,451
5884,4797,01/01/2025,523
5885,3105,01/01/2025,330
5886,4551,01/01/2025,275
5887,2450,01/01/2025,68
5888,249,01/01/2025,326
5889,1412,01/01/2025,406
5890,3871,01/01/2025,212
5891,4409,01/01/2025,363
5892,1284,01/01/2025,406
5893,4032,01/01/2025,274
5894,3437,01/01/2025,187
5895,2351,01/01/2025,9
5896,1405,01/01/2025,40
5897,3961,01/01/2025,262
5898,4824,01/01/2025,337
5899,2936,01/01/2025,85
5900,2651,01/01/2025,345
5901,1565,01/01/2025,582
5902,4777,01/01/2025,115
5903,4808,01/01/2025,473
5904,860,01/01/2025,521
5905,2869,01/01/2025,355
5906,4992,01/01/2025,109
5907,915,01/01/2025,331
5908,1165,01/01/2025,496
5909,3417,01/01/2025,370
5910,342,01/01/2025,346
5911,2858,01/01/2025,191
5912,210,01/01/2025,37
5913,1632,01/01/2025,78
5914,1968,01/01/2025,470
5915,4486,01/01/2025,112
5916,2660,01/01/2025,355
5917,3158,01/01/2025,2
5918,3097,01/01/2025,501
5919,4079,01/01/2025,34
5920,3757,01/01/2025,496
5921,1047,01/01/2025,96
5922,2506,01/01/2025,313
5923,3167,01/01/2025,65
5924,2527,01/01/2025,81
5925,3382,01/01/2025,111
5926,632,01/01/2025,416
5927,517,01/01/2025,476
5928,3339,01/01/2025,29
5929,2766,01/01/2025,205
5930,1199,01/01/2025,122
5931,3488,01/01/2025,183
5932,4273,01/01/2025,159
5933,2186,01/01/2025,79
5934,1925,01/01/2025,320
5935,1560,01/01/2025,569
5936,3767,01/01/2025,517
5937,1450,01/01/2025,147
5938,2086,01/01/2025,71
5939,2623,01/01/2025,508
5940,1016,01/01/2025,170
5941,3726,01/01/2025,138
5942,1395,01/01/2025,458
5943,4595,01/01/2025,506
5944,293,01/01/2025,536
5945,4700,01/01/2025,364
5946,1939,01/01/2025,353
5947,1571,01/01/2025,299
5948,1454,01/01/2025,496
5949,87,01/01/2025,138
5950,2665,01/01/2025,41
5951,1007,01/01/2025,510
5952,3276,01/01/2025,48
5953,2353,01/01/2025,266
5954,4364,01/01/2025,148
5955,1798,01/01/2025,377
5956,1515,01/01/2025,346
5957,1404,01/01/2025,364
5958,2895,01/01/2025,575
5959,3424,01/01/2025,96
5960,2228,01/01/2025,358
5961,4438,01/01/2025,285
5962,3137,01/01/2025,223
5963,309,01/01/2025,595
5964,1269,01/01/2025,200
5965,4099,01/01/2025,452
5966,1114,01/01/2025,488
5967,1219,01/01/2025,340
5968,1497,01/01/2025,47
5969,1467,01/01/2025,87
5970,1089,01/01/2025,366
5971,3630,01/01/2025,23
5972,270,01/01/2025,305
5973,692,01/01/2025,175
5974,4733,01/01/2025,212
5975,3141,01/01/2025,220
5976,987,01/01/2025,34
5977,383,01/01/2025,264
5978,3589,01/01/2025,204
5979,4488,01/01/2025,20
5980,1555,01/01/2025,234
5981,1177,01/01/2025,376
5982,2721,01/01/2025,590
5983,480,01/01/2025,169
5984,299,01/01/2025,218
5985,4816,01/01/2025,257
5986,4495,01/01/2025,220
5987,2529,01/01/2025,74
5988,4994,01/01/2025,521
5989,1599,01/01/2025,579
5990,423,01/01/2025,594
5991,2174,01/01/2025,369
5992,1155,01/01/2025,300
5993,2225,01/01/2025,498
5994,4962,01/01/2025,361
5995,3885,01/01/2025,236
5996,335,01/01/2025,347
5997,432,01/01/2025,151
5998,1813,01/01/2025,241
5999,3605,01/01/2025,79
6000,1584,01/01/2025,NULL
6001,4051,01/01/2025,405
6002,3888,01/01/2025,338
6003,2191,01/01/2025,28
6004,3448,01/01/2025,402
6005,1198,01/01/2025,236
6006,660,01/01/2025,299
6007,3721,01/01/2025,84
6008,1283,01/01/2025,189
6009,3719,01/01/2025,340
6010,3005,01/01/2025,52
6011,4001,01/01/2025,476
6012,2454,01/01/2025,257
6013,3,01/01/2025,275
6014,1265,01/01/2025,508
6015,3495,01/01/2025,275
6016,3347,01/01/2025,422
6017,1907,01/01/2025,56
6018,4336,01/01/2025,280
6019,1086,01/01/2025,487
6020,1592,01/01/2025,496
6021,3070,01/01/2025,109
6022,2827,01/01/2025,258
6023,2072,01/01/2025,563
6024,4987,01/01/2025,200
6025,2391,01/01/2025,461
6026,120,01/01/2025,274
6027,3552,01/01/2025,51
6028,4811,01/01/2025,87
6029,1921,01/01/2025,143
6030,4705,01/01/2025,536
6031,3636,01/01/2025,556
6032,1112,01/01/2025,90
6033,3281,01/01/2025,128
6034,4638,01/01/2025,335
6035,750,01/01/2025,68
6036,1747,01/01/2025,558
6037,385,01/01/2025,298
6038,3522,01/01/2025,195
6039,14,01/01/2025,283
6040,3766,01/01/2025,152
6041,2322,01/01/2025,565
6042,2493,01/01/2025,179
6043,678,01/01/2025,92
6044,3349,01/01/2025,129
6045,1306,01/01/2025,444
6046,1944,01/01/2025,456
6047,3405,01/01/2025,453
6048,261,01/01/2025,423
6049,1006,01/01/2025,410
6050,126,01/01/2025,373
6051,143,01/01/2025,559
6052,1906,01/01/2025,165
6053,4773,01/01/2025,501
6054,1626,01/01/2025,102
6055,3681,01/01/2025,8
6056,4878,01/01/2025,533
6057,3402,01/01/2025,286
6058,325,01/01/2025,503
6059,1130,01/01/2025,549
6060,2774,01/01/2025,541
6061,4643,01/01/2025,258
6062,3857,01/01/2025,564
6063,657,01/01/2025,64
6064,1028,01/01/2025,239
6065,3290,01/01/2025,83
6066,2769,01/01/2025,463
6067,284,01/01/2025,454
6068,1073,01/01/2025,396
6069,3599,01/01/2025,462
6070,4348,01/01/2025,284
6071,499,01/01/2025,257
6072,2311,01/01/2025,438
6073,2048,01/01/2025,80
6074,4860,01/01/2025,62
6075,4545,01/01/2025,251
6076,1814,01/01/2025,422
6077,1555,01/01/2025,96
6078,1259,01/01/2025,368
6079,3990,01/01/2025,447
6080,4011,01/01/2025,83
6081,1992,01/01/2025,358
6082,4925,01/01/2025,366
6083,3467,01/01/2025,192
6084,3273,01/01/2025,88
6085,975,01/01/2025,424
6086,337,01/01/2025,391
6087,250,01/01/2025,545
6088,1583,01/01/2025,203
6089,4419,01/01/2025,569
6090,1788,01/01/2025,100
6091,1051,01/01/2025,56
6092,3613,01/01/2025,455
6093,493,01/01/2025,339
6094,973,01/01/2025,403
6095,3174,01/01/2025,316
6096,4659,01/01/2025,204
6097,195,01/01/2025,507
6098,3312,01/01/2025,139
6099,575,01/01/2025,0
6100,4122,01/01/2025,510
6101,3197,01/01/2025,41
6102,931,01/01/2025,552
6103,1737,01/01/2025,583
6104,3118,01/01/2025,236
6105,1735,01/01/2025,366
6106,1178,01/01/2025,299
6107,3485,01/01/2025,358
6108,2583,01/01/2025,461
6109,1662,01/01/2025,522
6110,1037,01/01/2025,344
6111,570,01/01/2025,69
6112,317,01/01/2025,496
6113,3037,01/01/2025,511
6114,2600,01/01/2025,554
6115,4871,01/01/2025,121
6116,621,01/01/2025,365
6117,3105,01/01/2025,457
6118,3671,01/01/2025,490
6119,3539,01/01/2025,177
6120,1996,01/01/2025,437
6121,2375,01/01/2025,443
6122,166,01/01/2025,174
6123,1854,01/01/2025,560
6124,2566,01/01/2025,526
6125,3421,01/01/2025,149
6126,1458,01/01/2025,91
6127,3059,01/01/2025,387
6128,1572,01/01/2025,510
6129,750,01/01/2025,425
6130,487,01/01/2025,164
6131,2039,01/01/2025,34
6132,4631,01/01/2025,127
6133,2781,01/01/2025,77
6134,4523,01/01/2025,204
6135,2825,01/01/2025,88
6136,3984,01/01/2025,185
6137,1258,01/01/2025,229
6138,4028,01/01/2025,386
6139,618,01/01/2025,59
6140,4488,01/01/2025,184
6141,3672,01/01/2025,32
6142,1481,01/01/2025,160
6143,1771,01/01/2025,131
6144,3212,01/01/2025,291
6145,2376,01/01/2025,293
6146,4249,01/01/2025,373
6147,2404,01/01/2025,416
6148,1431,01/01/2025,438
6149,2850,01/01/2025,484
6150,319,01/01/2025,417
6151,3127,01/01/2025,474
6152,1174,01/01/2025,79
6153,3058,01/01/2025,333
6154,857,01/01/2025,101
6155,2072,01/01/2025,302
6156,1801,01/01/2025,430
6157,1527,01/01/2025,252
6158,4688,01/01/2025,558
6159,1178,01/01/2025,344
6160,2765,01/01/2025,81
6161,3828,01/01/2025,344
6162,4410,01/01/2025,517
6163,4010,01/01/2025,402
6164,1289,01/01/2025,536
6165,1565,01/01/2025,413
6166,4398,01/01/2025,240
6167,3883,01/01/2025,529
6168,887,01/01/2025,355
6169,1865,01/01/2025,153
6170,1427,01/01/2025,467
6171,2941,01/01/2025,193
6172,4172,01/01/2025,212
6173,2438,01/01/2025,130
6174,660,01/01/2025,552
6175,661,01/01/2025,128
6176,3021,01/01/2025,484
6177,2815,01/01/2025,119
6178,2373,01/01/2025,309
6179,2849,01/01/2025,365
6180,2355,01/01/2025,575
6181,3672,01/01/2025,497
6182,4884,01/01/2025,294
6183,1402,01/01/2025,297
6184,4424,01/01/2025,433
6185,4737,01/01/2025,460
6186,3821,01/01/2025,39
6187,2730,01/01/2025,42
6188,1268,01/01/2025,284
6189,4917,01/01/2025,442
6190,4143,01/01/2025,82
6191,3749,01/01/2025,164
6192,611,01/01/2025,436
6193,4663,01/01/2025,359
6194,1122,01/01/2025,428
6195,3736,01/01/2025,209
6196,4247,01/01/2025,73
6197,1245,01/01/2025,264
6198,935,01/01/2025,456
6199,4567,01/01/2025,503
6200,2870,01/01/2025,129
6201,2933,01/01/2025,108
6202,289,01/01/2025,236
6203,3817,01/01/2025,278
6204,660,01/01/2025,491
6205,2780,01/01/2025,594
6206,1712,01/01/2025,8
6207,978,01/01/2025,41
6208,4380,01/01/2025,234
6209,2537,01/01/2025,27
6210,4441,01/01/2025,145
6211,893,01/01/2025,300
6212,505,01/01/2025,281
6213,4077,01/01/2025,552
6214,3599,01/01/2025,233
6215,1768,01/01/2025,233
6216,1569,01/01/2025,136
6217,4083,01/01/2025,5
6218,1935,01/01/2025,180
6219,2357,01/01/2025,272
6220,3550,01/01/2025,48
6221,2516,01/01/2025,211
6222,402,01/01/2025,180
6223,180,01/01/2025,426
6224,3613,01/01/2025,159
6225,1778,01/01/2025,210
6226,764,01/01/2025,305
6227,861,01/01/2025,390
6228,2330,01/01/2025,411
6229,758,01/01/2025,420
6230,3240,01/01/2025,389
6231,4737,01/01/2025,180
6232,1223,01/01/2025,101
6233,1147,01/01/2025,598
6234,2918,01/01/2025,70
6235,1942,01/01/2025,172
6236,1794,01/01/2025,406
6237,4101,01/01/2025,532
6238,2204,01/01/2025,37
6239,2084,01/01/2025,265
6240,1373,01/01/2025,329
6241,2454,01/01/2025,594
6242,1320,01/01/2025,352
6243,1419,01/01/2025,500
6244,1944,01/01/2025,322
6245,4843,01/01/2025,344
6246,4402,01/01/2025,376
6247,3406,01/01/2025,90
6248,3426,01/01/2025,326
6249,1,01/01/2025,225
6250,4014,01/01/2025,223
6251,2684,01/01/2025,162
6252,1642,01/01/2025,555
6253,3699,01/01/2025,447
6254,771,01/01/2025,12
6255,1554,01/01/2025,190
6256,3649,01/01/2025,497
6257,1444,01/01/2025,440
6258,3255,01/01/2025,155
6259,27,01/01/2025,597
6260,2672,01/01/2025,10
6261,3482,01/01/2025,593
6262,4510,01/01/2025,564
6263,1763,01/01/2025,268
6264,2626,01/01/2025,190
6265,2701,01/01/2025,383
6266,3442,01/01/2025,458
6267,3564,01/01/2025,259
6268,1573,01/01/2025,68
6269,2718,01/01/2025,582
6270,2305,01/01/2025,469
6271,4561,01/01/2025,0
6272,1860,01/01/2025,584
6273,295,01/01/2025,75
6274,4447,01/01/2025,66
6275,3066,01/01/2025,417
6276,2109,01/01/2025,229
6277,1881,01/01/2025,8
6278,2468,01/01/2025,92
6279,3572,01/01/2025,419
6280,4494,01/01/2025,228
6281,3105,01/01/2025,65
6282,4633,01/01/2025,203
6283,364,01/01/2025,570
6284,4957,01/01/2025,524
6285,2403,01/01/2025,584
6286,687,01/01/2025,101
6287,4052,01/01/2025,599
6288,4676,01/01/2025,584
6289,4417,01/01/2025,272
6290,1757,01/01/2025,314
6291,1647,01/01/2025,496
6292,1601,01/01/2025,586
6293,2266,01/01/2025,135
6294,4105,01/01/2025,316
6295,3368,01/01/2025,240
6296,4198,01/01/2025,425
6297,3506,01/01/2025,557
6298,780,01/01/2025,429
6299,1840,01/01/2025,444
6300,440,01/01/2025,116
6301,206,01/01/2025,588
6302,3104,01/01/2025,514
6303,4086,01/01/2025,591
6304,4358,01/01/2025,28
6305,3886,01/01/2025,104
6306,2539,01/01/2025,212
6307,3303,01/01/2025,268
6308,3171,01/01/2025,98
6309,650,01/01/2025,391
6310,2457,01/01/2025,494
6311,1211,01/01/2025,363
6312,4557,01/01/2025,593
6313,4152,01/01/2025,221
6314,2481,01/01/2025,8
6315,4151,01/01/2025,48
6316,2110,01/01/2025,558
6317,3198,01/01/2025,33
6318,890,01/01/2025,69
6319,537,01/01/2025,298
6320,1473,01/01/2025,564
6321,106,01/01/2025,135
6322,4096,01/01/2025,234
6323,2288,01/01/2025,73
6324,3276,01/01/2025,154
6325,3692,01/01/2025,593
6326,520,01/01/2025,467
6327,878,01/01/2025,66
6328,4178,01/01/2025,588
6329,2781,01/01/2025,426
6330,2579,01/01/2025,520
6331,2352,01/01/2025,124
6332,4485,01/01/2025,404
6333,860,01/01/2025,151
6334,3151,01/01/2025,423
6335,2349,01/01/2025,363
6336,2701,01/01/2025,39
6337,4839,01/01/2025,377
6338,1584,01/01/2025,11
6339,3099,01/01/2025,88
6340,194,01/01/2025,356
6341,4794,01/01/2025,213
6342,3985,01/01/2025,8
6343,1615,01/01/2025,354
6344,121,01/01/2025,340
6345,2772,01/01/2025,34
6346,3272,01/01/2025,296
6347,4755,01/01/2025,488
6348,288,01/01/2025,187
6349,773,01/01/2025,66
6350,1311,01/01/2025,306
6351,2085,01/01/2025,519
6352,3657,01/01/2025,454
6353,3511,01/01/2025,474
6354,1655,01/01/2025,64
6355,49,01/01/2025,210
6356,132,01/01/2025,12
6357,4125,01/01/2025,21
6358,3823,01/01/2025,22
6359,733,01/01/2025,525
6360,1512,01/01/2025,52
6361,2051,01/01/2025,369
6362,2885,01/01/2025,372
6363,3602,01/01/2025,27
6364,957,01/01/2025,190
6365,2317,01/01/2025,258
6366,189,01/01/2025,293
6367,2416,01/01/2025,94
6368,2892,01/01/2025,418
6369,1811,01/01/2025,59
6370,49,01/01/2025,406
6371,386,01/01/2025,582
6372,4434,01/01/2025,539
6373,4737,01/01/2025,592
6374,3658,01/01/2025,448
6375,189,01/01/2025,220
6376,3448,01/01/2025,584
6377,3815,01/01/2025,110
6378,1748,01/01/2025,382
6379,3010,01/01/2025,153
6380,2389,01/01/2025,118
6381,4351,01/01/2025,88
6382,2523,01/01/2025,227
6383,2563,01/01/2025,588
6384,3460,01/01/2025,348
6385,4757,01/01/2025,321
6386,3918,01/01/2025,534
6387,923,01/01/2025,127
6388,3,01/01/2025,470
6389,4601,01/01/2025,565
6390,4988,01/01/2025,75
6391,2529,01/01/2025,185
6392,945,01/01/2025,527
6393,337,01/01/2025,8
6394,579,01/01/2025,308
6395,4897,01/01/2025,538
6396,3843,01/01/2025,241
6397,1390,01/01/2025,111
6398,2565,01/01/2025,187
6399,200,01/01/2025,377
6400,1433,01/01/2025,129
6401,4942,01/01/2025,351
6402,2830,01/01/2025,34
6403,3393,01/01/2025,345
6404,1221,01/01/2025,11
6405,4765,01/01/2025,392
6406,1445,01/01/2025,264
6407,1677,01/01/2025,55
6408,1788,01/01/2025,333
6409,627,01/01/2025,243
6410,1205,01/01/2025,259
6411,4734,01/01/2025,384
6412,2908,01/01/2025,467
6413,3318,01/01/2025,568
6414,2579,01/01/2025,196
6415,736,01/01/2025,59
6416,2300,01/01/2025,217
6417,2510,01/01/2025,487
6418,1592,01/01/2025,488
6419,3759,01/01/2025,569
6420,2339,01/01/2025,307
6421,625,01/01/2025,129
6422,1012,01/01/2025,295
6423,304,01/01/2025,173
6424,783,01/01/2025,172
6425,3615,01/01/2025,280
6426,488,01/01/2025,488
6427,1742,01/01/2025,209
6428,2419,01/01/2025,380
6429,4867,01/01/2025,259
6430,4823,01/01/2025,588
6431,1835,01/01/2025,563
6432,877,01/01/2025,102
6433,1105,01/01/2025,119
6434,218,01/01/2025,161
6435,2517,01/01/2025,232
6436,1919,01/01/2025,111
6437,454,01/01/2025,185
6438,2355,01/01/2025,573
6439,3985,01/01/2025,101
6440,133,01/01/2025,51
6441,3423,01/01/2025,138
6442,575,01/01/2025,117
6443,1759,01/01/2025,92
6444,679,01/01/2025,172
6445,2302,01/01/2025,487
6446,4674,01/01/2025,387
6447,4412,01/01/2025,457
6448,1244,01/01/2025,461
6449,2938,01/01/2025,237
6450,608,01/01/2025,368
6451,46,01/01/2025,437
6452,3956,01/01/2025,532
6453,2047,01/01/2025,98
6454,1887,01/01/2025,374
6455,789,01/01/2025,35
6456,949,01/01/2025,384
6457,927,01/01/2025,83
6458,1004,01/01/2025,568
6459,218,01/01/2025,583
6460,653,01/01/2025,318
6461,2269,01/01/2025,564
6462,4073,01/01/2025,540
6463,452,01/01/2025,78
6464,3585,01/01/2025,472
6465,2333,01/01/2025,279
6466,3181,01/01/2025,88
6467,2625,01/01/2025,170
6468,1735,01/01/2025,14
6469,4812,01/01/2025,594
6470,3005,01/01/2025,511
6471,1285,01/01/2025,575
6472,4594,01/01/2025,38
6473,1447,01/01/2025,560
6474,1929,01/01/2025,373
6475,4140,01/01/2025,193
6476,526,01/01/2025,590
6477,781,01/01/2025,588
6478,2460,01/01/2025,414
6479,2309,01/01/2025,570
6480,1681,01/01/2025,420
6481,2705,01/01/2025,203
6482,2435,01/01/2025,334
6483,939,01/01/2025,225
6484,2959,01/01/2025,115
6485,1059,01/01/2025,460
6486,4406,01/01/2025,458
6487,1335,01/01/2025,6
6488,856,01/01/2025,156
6489,4207,01/01/2025,449
6490,192,01/01/2025,272
6491,3772,01/01/2025,47
6492,4659,01/01/2025,157
6493,4503,01/01/2025,103
6494,2429,01/01/2025,149
6495,4703,01/01/2025,405
6496,92,01/01/2025,101
6497,3398,01/01/2025,415
6498,4925,01/01/2025,317
6499,4851,01/01/2025,510
6500,808,01/01/2025,NULL
6501,3739,01/01/2025,140
6502,1707,01/01/2025,498
6503,3848,01/01/2025,23
6504,3376,01/01/2025,206
6505,3952,01/01/2025,516
6506,1827,01/01/2025,229
6507,2599,01/01/2025,211
6508,2464,01/01/2025,11
6509,2520,01/01/2025,464
6510,32,01/01/2025,34
6511,1383,01/01/2025,417
6512,2854,01/01/2025,265
6513,353,01/01/2025,398
6514,1084,01/01/2025,57
6515,1160,01/01/2025,550
6516,3391,01/01/2025,463
6517,916,01/01/2025,115
6518,2764,01/01/2025,559
6519,15,01/01/2025,34
6520,3069,01/01/2025,118
6521,2491,01/01/2025,214
6522,2305,01/01/2025,248
6523,2535,01/01/2025,206
6524,3243,01/01/2025,280
6525,4870,01/01/2025,582
6526,3471,01/01/2025,490
6527,1340,01/01/2025,365
6528,203,01/01/2025,465
6529,3477,01/01/2025,589
6530,447,01/01/2025,556
6531,2870,01/01/2025,78
6532,141,01/01/2025,428
6533,4022,01/01/2025,219
6534,3400,01/01/2025,247
6535,3677,01/01/2025,173
6536,871,01/01/2025,139
6537,1858,01/01/2025,127
6538,1350,01/01/2025,71
6539,1724,01/01/2025,459
6540,4641,01/01/2025,550
6541,4778,01/01/2025,423
6542,500,01/01/2025,465
6543,1682,01/01/2025,492
6544,3620,01/01/2025,262
6545,2415,01/01/2025,211
6546,3737,01/01/2025,450
6547,2523,01/01/2025,28
6548,4167,01/01/2025,520
6549,3087,01/01/2025,386
6550,1395,01/01/2025,53
6551,308,01/01/2025,174
6552,2029,01/01/2025,316
6553,1940,01/01/2025,444
6554,4997,01/01/2025,99
6555,4505,01/01/2025,151
6556,3974,01/01/2025,141
6557,3486,01/01/2025,129
6558,3112,01/01/2025,203
6559,1118,01/01/2025,381
6560,2356,01/01/2025,150
6561,665,01/01/2025,75
6562,1223,01/01/2025,413
6563,683,01/01/2025,554
6564,3448,01/01/2025,331
6565,3056,01/01/2025,479
6566,2863,01/01/2025,472
6567,3496,01/01/2025,173
6568,3344,01/01/2025,10
6569,828,01/01/2025,47
6570,2813,01/01/2025,171
6571,1611,01/01/2025,146
6572,1902,01/01/2025,114
6573,4633,01/01/2025,197
6574,364,01/01/2025,116
6575,1931,01/01/2025,357
6576,2120,01/01/2025,307
6577,15,01/01/2025,301
6578,2513,01/01/2025,12
6579,1153,01/01/2025,302
6580,1283,01/01/2025,53
6581,1898,01/01/2025,495
6582,4410,01/01/2025,346
6583,4500,01/01/2025,504
6584,3220,01/01/2025,167
6585,200,01/01/2025,413
6586,3096,01/01/2025,595
6587,2623,01/01/2025,355
6588,4889,01/01/2025,475
6589,475,01/01/2025,515
6590,4446,01/01/2025,206
6591,2909,01/01/2025,406
6592,4797,01/01/2025,251
6593,3782,01/01/2025,505
6594,4706,01/01/2025,184
6595,4555,01/01/2025,301
6596,4234,01/01/2025,417
6597,540,01/01/2025,371
6598,2187,01/01/2025,316
6599,4460,01/01/2025,513
6600,4803,01/01/2025,211
6601,94,01/01/2025,355
6602,1242,01/01/2025,176
6603,4000,01/01/2025,428
6604,1139,01/01/2025,331
6605,2279,01/01/2025,183
6606,3642,01/01/2025,405
6607,1089,01/01/2025,464
6608,3570,01/01/2025,261
6609,4267,01/01/2025,101
6610,3891,01/01/2025,34
6611,2274,01/01/2025,594
6612,4027,01/01/2025,340
6613,4838,01/01/2025,515
6614,1233,01/01/2025,391
6615,3,01/01/2025,364
6616,1226,01/01/2025,286
6617,1897,01/01/2025,369
6618,3496,01/01/2025,468
6619,7,01/01/2025,241
6620,2733,01/01/2025,299
6621,986,01/01/2025,243
6622,4784,01/01/2025,422
6623,1560,01/01/2025,251
6624,1513,01/01/2025,64
6625,3600,01/01/2025,572
6626,3642,01/01/2025,287
6627,273,01/01/2025,345
6628,4817,01/01/2025,343
6629,141,01/01/2025,154
6630,3637,01/01/2025,127
6631,405,01/01/2025,208
6632,2066,01/01/2025,557
6633,4378,01/01/2025,270
6634,3057,01/01/2025,1
6635,3062,01/01/2025,213
6636,2134,01/01/2025,201
6637,3421,01/01/2025,146
6638,3610,01/01/2025,471
6639,3797,01/01/2025,375
6640,1788,01/01/2025,232
6641,709,01/01/2025,84
6642,3899,01/01/2025,91
6643,2494,01/01/2025,419
6644,3459,01/01/2025,173
6645,3256,01/01/2025,177
6646,4001,01/01/2025,196
6647,904,01/01/2025,322
6648,3510,01/01/2025,455
6649,614,01/01/2025,223
6650,1812,01/01/2025,117
6651,1728,01/01/2025,596
6652,3259,01/01/2025,411
6653,4071,01/01/2025,472
6654,3850,01/01/2025,240
6655,2410,01/01/2025,520
6656,1978,01/01/2025,278
6657,2219,01/01/2025,79
6658,4920,01/01/2025,145
6659,114,01/01/2025,553
6660,2258,01/01/2025,98
6661,4949,01/01/2025,494
6662,1571,01/01/2025,591
6663,4253,01/01/2025,366
6664,1586,01/01/2025,184
6665,4399,01/01/2025,20
6666,1340,01/01/2025,426
6667,94,01/01/2025,256
6668,843,01/01/2025,584
6669,3089,01/01/2025,20
6670,3377,01/01/2025,440
6671,1126,01/01/2025,170
6672,2804,01/01/2025,80
6673,4096,01/01/2025,4
6674,1117,01/01/2025,428
6675,994,01/01/2025,443
6676,2219,01/01/2025,369
6677,128,01/01/2025,436
6678,2920,01/01/2025,476
6679,1589,01/01/2025,183
6680,1326,01/01/2025,136
6681,1704,01/01/2025,566
6682,755,01/01/2025,534
6683,3754,01/01/2025,63
6684,2155,01/01/2025,283
6685,3218,01/01/2025,16
6686,4800,01/01/2025,352
6687,2365,01/01/2025,383
6688,3293,01/01/2025,258
6689,328,01/01/2025,219
6690,4821,01/01/2025,296
6691,1141,01/01/2025,420
6692,602,01/01/2025,182
6693,4672,01/01/2025,364
6694,201,01/01/2025,261
6695,3969,01/01/2025,383
6696,1318,01/01/2025,391
6697,1251,01/01/2025,581
6698,957,01/01/2025,112
6699,260,01/01/2025,396
6700,4581,01/01/2025,379
6701,2809,01/01/2025,252
6702,4148,01/01/2025,307
6703,3228,01/01/2025,575
6704,2397,01/01/2025,91
6705,2669,01/01/2025,7
6706,1505,01/01/2025,202
6707,2670,01/01/2025,581
6708,605,01/01/2025,384
6709,4631,01/01/2025,440
6710,4627,01/01/2025,108
6711,4018,01/01/2025,82
6712,3372,01/01/2025,21
6713,1589,01/01/2025,111
6714,693,01/01/2025,180
6715,4361,01/01/2025,227
6716,3757,01/01/2025,92
6717,2916,01/01/2025,13
6718,1302,01/01/2025,204
6719,4884,01/01/2025,478
6720,3315,01/01/2025,445
6721,2650,01/01/2025,388
6722,428,01/01/2025,402
6723,2350,01/01/2025,139
6724,1788,01/01/2025,330
6725,1542,01/01/2025,42
6726,842,01/01/2025,563
6727,4654,01/01/2025,579
6728,187,01/01/2025,266
6729,1529,01/01/2025,31
6730,1592,01/01/2025,378
6731,3700,01/01/2025,599
6732,282,01/01/2025,109
6733,4841,01/01/2025,291
6734,731,01/01/2025,595
6735,1246,01/01/2025,233
6736,3902,01/01/2025,500
6737,3469,01/01/2025,167
6738,2653,01/01/2025,8
6739,4427,01/01/2025,504
6740,3338,01/01/2025,331
6741,1322,01/01/2025,558
6742,1467,01/01/2025,95
6743,1805,01/01/2025,338
6744,1003,01/01/2025,136
6745,4296,01/01/2025,158
6746,3842,01/01/2025,503
6747,503,01/01/2025,328
6748,560,01/01/2025,244
6749,1832,01/01/2025,399
6750,4483,01/01/2025,369
6751,2913,01/01/2025,271
6752,1243,01/01/2025,64
6753,2418,01/01/2025,62
6754,588,01/01/2025,26
6755,1488,01/01/2025,419
6756,2295,01/01/2025,433
6757,4158,01/01/2025,435
6758,4261,01/01/2025,189
6759,3031,01/01/2025,410
6760,4892,01/01/2025,347
6761,1353,01/01/2025,539
6762,2115,01/01/2025,588
6763,4971,01/01/2025,99
6764,1763,01/01/2025,108
6765,3559,01/01/2025,95
6766,4233,01/01/2025,51
6767,1610,01/01/2025,147
6768,2721,01/01/2025,558
6769,4719,01/01/2025,98
6770,2716,01/01/2025,520
6771,135,01/01/2025,297
6772,970,01/01/2025,227
6773,1045,01/01/2025,268
6774,319,01/01/2025,43
6775,2729,01/01/2025,524
6776,3596,01/01/2025,176
6777,897,01/01/2025,197
6778,2216,01/01/2025,240
6779,2921,01/01/2025,69
6780,2316,01/01/2025,556
6781,3006,01/01/2025,399
6782,1693,01/01/2025,103
6783,905,01/01/2025,355
6784,1748,01/01/2025,226
6785,4830,01/01/2025,504
6786,2919,01/01/2025,457
6787,3098,01/01/2025,371
6788,1405,01/01/2025,30
6789,3882,01/01/2025,6
6790,2272,01/01/2025,299
6791,683,01/01/2025,466
6792,394,01/01/2025,372
6793,283,01/01/2025,483
6794,1891,01/01/2025,256
6795,3521,01/01/2025,98
6796,1348,01/01/2025,511
6797,673,01/01/2025,130
6798,3104,01/01/2025,129
6799,614,01/01/2025,52
6800,154,01/01/2025,529
6801,1260,01/01/2025,589
6802,248,01/01/2025,436
6803,829,01/01/2025,210
6804,4881,01/01/2025,377
6805,2586,01/01/2025,356
6806,3333,01/01/2025,321
6807,1785,01/01/2025,555
6808,4187,01/01/2025,585
6809,3335,01/01/2025,536
6810,1232,01/01/2025,588
6811,4238,01/01/2025,16
6812,1131,01/01/2025,71
6813,777,01/01/2025,399
6814,4768,01/01/2025,95
6815,2719,01/01/2025,407
6816,715,01/01/2025,287
6817,303,01/01/2025,573
6818,4625,01/01/2025,571
6819,788,01/01/2025,591
6820,4088,01/01/2025,523
6821,3413,01/01/2025,527
6822,848,01/01/2025,254
6823,1081,01/01/2025,100
6824,366,01/01/2025,483
6825,108,01/01/2025,209
6826,450,01/01/2025,34
6827,2333,01/01/2025,215
6828,1378,01/01/2025,238
6829,3157,01/01/2025,64
6830,2467,01/01/2025,28
6831,1144,01/01/2025,175
6832,1757,01/01/2025,517
6833,4015,01/01/2025,88
6834,2001,01/01/2025,277
6835,4982,01/01/2025,2
6836,4511,01/01/2025,156
6837,3583,01/01/2025,379
6838,4843,01/01/2025,492
6839,2397,01/01/2025,109
6840,4849,01/01/2025,379
6841,1341,01/01/2025,80
6842,3896,01/01/2025,12
6843,4892,01/01/2025,440
6844,2086,01/01/2025,348
6845,151,01/01/2025,398
6846,4857,01/01/2025,111
6847,2352,01/01/2025,73
6848,1673,01/01/2025,145
6849,525,01/01/2025,116
6850,2246,01/01/2025,518
6851,2042,01/01/2025,53
6852,230,01/01/2025,578
6853,3600,01/01/2025,424
6854,1042,01/01/2025,516
6855,4323,01/01/2025,217
6856,4553,01/01/2025,386
6857,2324,01/01/2025,132
6858,4874,01/01/2025,389
6859,2976,01/01/2025,28
6860,4452,01/01/2025,368
6861,4599,01/01/2025,438
6862,2882,01/01/2025,118
6863,4843,01/01/2025,528
6864,3987,01/01/2025,195
6865,88,01/01/2025,196
6866,3352,01/01/2025,192
6867,4771,01/01/2025,267
6868,2812,01/01/2025,361
6869,2957,01/01/2025,123
6870,3330,01/01/2025,449
6871,1532,01/01/2025,449
6872,1088,01/01/2025,566
6873,3182,01/01/2025,48
6874,703,01/01/2025,527
6875,2494,01/01/2025,235
6876,2845,01/01/2025,37
6877,1795,01/01/2025,469
6878,1223,01/01/2025,364
6879,4773,01/01/2025,292
6880,1077,01/01/2025,346
6881,2687,01/01/2025,203
6882,891,01/01/2025,372
6883,4110,01/01/2025,548
6884,3303,01/01/2025,315
6885,1574,01/01/2025,250
6886,1583,01/01/2025,225
6887,2605,01/01/2025,124
6888,1540,01/01/2025,556
6889,4950,01/01/2025,529
6890,1283,01/01/2025,356
6891,3516,01/01/2025,179
6892,2446,01/01/2025,456
6893,4716,01/01/2025,81
6894,1423,01/01/2025,50
6895,575,01/01/2025,44
6896,851,01/01/2025,267
6897,3167,01/01/2025,83
6898,1864,01/01/2025,219
6899,3452,01/01/2025,125
6900,1012,01/01/2025,265
6901,1021,01/01/2025,22
6902,1539,01/01/2025,363
6903,2110,01/01/2025,25
6904,2131,01/01/2025,236
6905,3484,01/01/2025,312
6906,1128,01/01/2025,10
6907,765,01/01/2025,578
6908,219,01/01/2025,425
6909,1136,01/01/2025,289
6910,4559,01/01/2025,456
6911,2611,01/01/2025,298
6912,4698,01/01/2025,16
6913,22,01/01/2025,239
6914,850,01/01/2025,349
6915,151,01/01/2025,519
6916,1147,01/01/2025,376
6917,4406,01/01/2025,286
6918,1690,01/01/2025,519
6919,846,01/01/2025,332
6920,3668,01/01/2025,558
6921,2529,01/01/2025,491
6922,479,01/01/2025,544
6923,4833,01/01/2025,503
6924,1715,01/01/2025,597
6925,4262,01/01/2025,28
6926,1436,01/01/2025,101
6927,2982,01/01/2025,344
6928,885,01/01/2025,503
6929,1920,01/01/2025,475
6930,696,01/01/2025,258
6931,661,01/01/2025,465
6932,4298,01/01/2025,109
6933,4886,01/01/2025,487
6934,468,01/01/2025,207
6935,1482,01/01/2025,39
6936,2933,01/01/2025,386
6937,1171,01/01/2025,181
6938,2989,01/01/2025,266
6939,2665,01/01/2025,290
6940,780,01/01/2025,203
6941,4880,01/01/2025,420
6942,427,01/01/2025,424
6943,545,01/01/2025,358
6944,1481,01/01/2025,300
6945,4806,01/01/2025,217
6946,4182,01/01/2025,440
6947,1247,01/01/2025,154
6948,509,01/01/2025,532
6949,739,01/01/2025,557
6950,2867,01/01/2025,312
6951,3868,01/01/2025,79
6952,84,01/01/2025,122
6953,3985,01/01/2025,175
6954,4356,01/01/2025,312
6955,4570,01/01/2025,405
6956,181,01/01/2025,465
6957,2058,01/01/2025,87
6958,3005,01/01/2025,34
6959,2474,01/01/2025,60
6960,286,01/01/2025,407
6961,1994,01/01/2025,22
6962,4582,01/01/2025,330
6963,2531,01/01/2025,49
6964,731,01/01/2025,179
6965,757,01/01/2025,242
6966,2053,01/01/2025,412
6967,3991,01/01/2025,513
6968,1230,01/01/2025,445
6969,2451,01/01/2025,355
6970,597,01/01/2025,2
6971,1091,01/01/2025,464
6972,4192,01/01/2025,388
6973,3152,01/01/2025,3
6974,777,01/01/2025,95
6975,4277,01/01/2025,151
6976,4304,01/01/2025,445
6977,3643,01/01/2025,459
6978,3345,01/01/2025,282
6979,1008,01/01/2025,149
6980,3711,01/01/2025,63
6981,4318,01/01/2025,54
6982,1086,01/01/2025,141
6983,3082,01/01/2025,596
6984,3957,01/01/2025,527
6985,1201,01/01/2025,4
6986,512,01/01/2025,334
6987,3375,01/01/2025,184
6988,4851,01/01/2025,366
6989,3931,01/01/2025,452
6990,3790,01/01/2025,447
6991,2044,01/01/2025,366
6992,1309,01/01/2025,211
6993,2760,01/01/2025,400
6994,4095,01/01/2025,246
6995,64,01/01/2025,108
6996,406,01/01/2025,178
6997,2242,01/01/2025,372
6998,4619,01/01/2025,374
6999,1037,01/01/2025,45
7000,400,01/01/2025,NULL
7001,1354,01/01/2025,41
7002,460,01/01/2025,147
7003,4533,01/01/2025,312
7004,1302,01/01/2025,359
7005,1015,01/01/2025,582
7006,1309,01/01/2025,346
7007,4403,01/01/2025,594
7008,411,01/01/2025,339
7009,1396,01/01/2025,492
7010,1709,01/01/2025,371
7011,1182,01/01/2025,268
7012,3178,01/01/2025,184
7013,2056,01/01/2025,516
7014,3536,01/01/2025,270
7015,4318,01/01/2025,513
7016,2730,01/01/2025,109
7017,1754,01/01/2025,173
7018,2855,01/01/2025,475
7019,3929,01/01/2025,44
7020,2457,01/01/2025,576
7021,4719,01/01/2025,45
7022,3026,01/01/2025,437
7023,4150,01/01/2025,507
7024,1054,01/01/2025,308
7025,2924,01/01/2025,69
7026,1371,01/01/2025,377
7027,4853,01/01/2025,434
7028,2209,01/01/2025,115
7029,302,01/01/2025,51
7030,2745,01/01/2025,500
7031,1277,01/01/2025,150
7032,2872,01/01/2025,495
7033,424,01/01/2025,14
7034,2531,01/01/2025,364
7035,2719,01/01/2025,66
7036,4672,01/01/2025,506
7037,2404,01/01/2025,40
7038,2703,01/01/2025,377
7039,1406,01/01/2025,449
7040,3365,01/01/2025,196
7041,3544,01/01/2025,36
7042,1739,01/01/2025,107
7043,2587,01/01/2025,485
7044,2539,01/01/2025,549
7045,2350,01/01/2025,487
7046,332,01/01/2025,98
7047,176,01/01/2025,389
7048,1240,01/01/2025,466
7049,28,01/01/2025,246
7050,2541,01/01/2025,195
7051,4965,01/01/2025,150
7052,4742,01/01/2025,419
7053,2272,01/01/2025,18
7054,1670,01/01/2025,493
7055,64,01/01/2025,178
7056,453,01/01/2025,288
7057,1829,01/01/2025,285
7058,954,01/01/2025,225
7059,4587,01/01/2025,577
7060,1047,01/01/2025,200
7061,1223,01/01/2025,42
7062,78,01/01/2025,530
7063,872,01/01/2025,45
7064,4484,01/01/2025,120
7065,1163,01/01/2025,249
7066,263,01/01/2025,505
7067,4007,01/01/2025,563
7068,1123,01/01/2025,263
7069,1575,01/01/2025,377
7070,3885,01/01/2025,586
7071,437,01/01/2025,12
7072,4511,01/01/2025,547
7073,1860,01/01/2025,544
7074,712,01/01/2025,21
7075,1146,01/01/2025,455
7076,3450,01/01/2025,35
7077,3468,01/01/2025,332
7078,2843,01/01/2025,77
7079,2348,01/01/2025,360
7080,3756,01/01/2025,385
7081,4695,01/01/2025,578
7082,738,01/01/2025,109
7083,1498,01/01/2025,9
7084,1398,01/01/2025,37
7085,1451,01/01/2025,409
7086,706,01/01/2025,549
7087,1710,01/01/2025,99
7088,3734,01/01/2025,306
7089,840,01/01/2025,574
7090,3174,01/01/2025,43
7091,4742,01/01/2025,486
7092,3214,01/01/2025,455
7093,3379,01/01/2025,257
7094,871,01/01/2025,551
7095,4404,01/01/2025,251
7096,2042,01/01/2025,563
7097,3003,01/01/2025,382
7098,2857,01/01/2025,437
7099,3783,01/01/2025,582
7100,2302,01/01/2025,367
7101,1793,01/01/2025,457
7102,84,01/01/2025,366
7103,1428,01/01/2025,238
7104,2241,01/01/2025,154
7105,3855,01/01/2025,595
7106,4580,01/01/2025,15
7107,679,01/01/2025,470
7108,4475,01/01/2025,533
7109,3076,01/01/2025,565
7110,483,01/01/2025,273
7111,3550,01/01/2025,280
7112,4402,01/01/2025,596
7113,1957,01/01/2025,9
7114,2658,01/01/2025,480
7115,155,01/01/2025,195
7116,2005,01/01/2025,165
7117,1048,01/01/2025,75
7118,1474,01/01/2025,528
7119,2780,01/01/2025,321
7120,1908,01/01/2025,466
7121,417,01/01/2025,199
7122,4547,01/01/2025,283
7123,3428,01/01/2025,317
7124,4223,01/01/2025,249
7125,2107,01/01/2025,383
7126,4628,01/01/2025,282
7127,355,01/01/2025,520
7128,1311,01/01/2025,238
7129,1901,01/01/2025,377
7130,4814,01/01/2025,255
7131,4312,01/01/2025,521
7132,221,01/01/2025,84
7133,3251,01/01/2025,560
7134,2575,01/01/2025,335
7135,4348,01/01/2025,202
7136,191,01/01/2025,265
7137,889,01/01/2025,307
7138,482,01/01/2025,322
7139,2504,01/01/2025,487
7140,864,01/01/2025,429
7141,445,01/01/2025,123
7142,3437,01/01/2025,74
7143,1980,01/01/2025,223
7144,2585,01/01/2025,154
7145,1999,01/01/2025,188
7146,2115,01/01/2025,224
7147,1355,01/01/2025,239
7148,4894,01/01/2025,493
7149,1082,01/01/2025,458
7150,4334,01/01/2025,26
7151,4305,01/01/2025,370
7152,2039,01/01/2025,510
7153,2924,01/01/2025,264
7154,52,01/01/2025,205
7155,2240,01/01/2025,158
7156,1598,01/01/2025,520
7157,1935,01/01/2025,130
7158,302,01/01/2025,589
7159,824,01/01/2025,493
7160,949,01/01/2025,542
7161,4195,01/01/2025,142
7162,2520,01/01/2025,72
7163,2637,01/01/2025,35
7164,2214,01/01/2025,590
7165,3927,01/01/2025,5
7166,4781,01/01/2025,565
7167,2997,01/01/2025,91
7168,3656,01/01/2025,548
7169,2429,01/01/2025,186
7170,1805,01/01/2025,138
7171,2694,01/01/2025,379
7172,1887,01/01/2025,475
7173,4154,01/01/2025,184
7174,1207,01/01/2025,239
7175,2148,01/01/2025,41
7176,3908,01/01/2025,443
7177,2770,01/01/2025,528
7178,4524,01/01/2025,343
7179,1912,01/01/2025,533
7180,1358,01/01/2025,115
7181,4295,01/01/2025,55
7182,2389,01/01/2025,515
7183,4348,01/01/2025,341
7184,157,01/01/2025,281
7185,4790,01/01/2025,234
7186,3369,01/01/2025,346
7187,4948,01/01/2025,157
7188,721,01/01/2025,149
7189,3147,01/01/2025,591
7190,2467,01/01/2025,263
7191,2048,01/01/2025,328
7192,2321,01/01/2025,456
7193,3144,01/01/2025,427
7194,4163,01/01/2025,355
7195,1572,01/01/2025,134
7196,4299,01/01/2025,70
7197,1929,01/01/2025,49
7198,1166,01/01/2025,57
7199,1276,01/01/2025,44
7200,3123,01/01/2025,6
7201,1392,01/01/2025,564
7202,2725,01/01/2025,31
7203,3741,01/01/2025,100
7204,848,01/01/2025,375
7205,396,01/01/2025,64
7206,4872,01/01/2025,8
7207,231,01/01/2025,48
7208,636,01/01/2025,499
7209,3155,01/01/2025,50
7210,1722,01/01/2025,215
7211,2464,01/01/2025,104
7212,3817,01/01/2025,253
7213,2854,01/01/2025,293
7214,4509,01/01/2025,292
7215,1411,01/01/2025,27
7216,3892,01/01/2025,192
7217,703,01/01/2025,142
7218,4847,01/01/2025,594
7219,1009,01/01/2025,510
7220,2340,01/01/2025,387
7221,3384,01/01/2025,251
7222,3852,01/01/2025,282
7223,1544,01/01/2025,396
7224,1102,01/01/2025,376
7225,2953,01/01/2025,368
7226,1004,01/01/2025,227
7227,3852,01/01/2025,162
7228,1190,01/01/2025,487
7229,67,01/01/2025,424
7230,3922,01/01/2025,444
7231,1344,01/01/2025,85
7232,4781,01/01/2025,7
7233,3337,01/01/2025,488
7234,2824,01/01/2025,38
7235,1523,01/01/2025,1
7236,2153,01/01/2025,434
7237,455,01/01/2025,210
7238,2797,01/01/2025,452
7239,860,01/01/2025,534
7240,1175,01/01/2025,54
7241,4632,01/01/2025,438
7242,1364,01/01/2025,229
7243,296,01/01/2025,174
7244,11,01/01/2025,75
7245,2034,01/01/2025,526
7246,588,01/01/2025,549
7247,2010,01/01/2025,69
7248,3588,01/01/2025,176
7249,2540,01/01/2025,229
7250,178,01/01/2025,567
7251,587,01/01/2025,101
7252,371,01/01/2025,411
7253,2564,01/01/2025,63
7254,2716,01/01/2025,267
7255,4738,01/01/2025,440
7256,3294,01/01/2025,8
7257,2775,01/01/2025,331
7258,995,01/01/2025,402
7259,3997,01/01/2025,382
7260,3333,01/01/2025,2
7261,3557,01/01/2025,515
7262,2253,01/01/2025,207
7263,3857,01/01/2025,562
7264,1686,01/01/2025,386
7265,1111,01/01/2025,257
7266,3122,01/01/2025,441
7267,117,01/01/2025,137
7268,1009,01/01/2025,20
7269,2656,01/01/2025,598
7270,1364,01/01/2025,425
7271,362,01/01/2025,299
7272,4809,01/01/2025,521
7273,2121,01/01/2025,542
7274,3810,01/01/2025,6
7275,2221,01/01/2025,167
7276,2429,01/01/2025,304
7277,4959,01/01/2025,376
7278,4657,01/01/2025,538
7279,1013,01/01/2025,143
7280,4402,01/01/2025,528
7281,4996,01/01/2025,459
7282,3739,01/01/2025,580
7283,1048,01/01/2025,17
7284,1286,01/01/2025,234
7285,4436,01/01/2025,505
7286,20,01/01/2025,268
7287,419,01/01/2025,386
7288,4029,01/01/2025,532
7289,793,01/01/2025,483
7290,1683,01/01/2025,37
7291,2163,01/01/2025,364
7292,3057,01/01/2025,234
7293,651,01/01/2025,59
7294,2352,01/01/2025,592
7295,4600,01/01/2025,383
7296,4068,01/01/2025,160
7297,1745,01/01/2025,565
7298,3966,01/01/2025,207
7299,4813,01/01/2025,510
7300,1211,01/01/2025,43
7301,4243,01/01/2025,437
7302,585,01/01/2025,591
7303,3653,01/01/2025,34
7304,1073,01/01/2025,60
7305,4138,01/01/2025,205
7306,1239,01/01/2025,187
7307,3245,01/01/2025,193
7308,2391,01/01/2025,506
7309,623,01/01/2025,242
7310,1520,01/01/2025,425
7311,1657,01/01/2025,544
7312,87,01/01/2025,566
7313,2571,01/01/2025,236
7314,4505,01/01/2025,128
7315,2551,01/01/2025,168
7316,1926,01/01/2025,487
7317,1532,01/01/2025,189
7318,1025,01/01/2025,571
7319,639,01/01/2025,403
7320,1361,01/01/2025,270
7321,4973,01/01/2025,296
7322,1391,01/01/2025,111
7323,2500,01/01/2025,370
7324,124,01/01/2025,29
7325,3657,01/01/2025,216
7326,4809,01/01/2025,114
7327,1236,01/01/2025,21
7328,1393,01/01/2025,568
7329,418,01/01/2025,117
7330,568,01/01/2025,423
7331,2378,01/01/2025,576
7332,2652,01/01/2025,38
7333,4289,01/01/2025,473
7334,3583,01/01/2025,266
7335,2931,01/01/2025,466
7336,4521,01/01/2025,563
7337,3122,01/01/2025,72
7338,515,01/01/2025,198
7339,3992,01/01/2025,419
7340,560,01/01/2025,130
7341,4332,01/01/2025,514
7342,2094,01/01/2025,66
7343,1761,01/01/2025,539
7344,3452,01/01/2025,228
7345,4927,01/01/2025,495
7346,3845,01/01/2025,263
7347,741,01/01/2025,239
7348,4178,01/01/2025,184
7349,144,01/01/2025,418
7350,1156,01/01/2025,493
7351,2773,01/01/2025,197
7352,1590,01/01/2025,428
7353,590,01/01/2025,470
7354,504,01/01/2025,412
7355,2120,01/01/2025,575
7356,4071,01/01/2025,291
7357,2491,01/01/2025,365
7358,4925,01/01/2025,564
7359,1924,01/01/2025,147
7360,380,01/01/2025,264
7361,2281,01/01/2025,540
7362,1186,01/01/2025,268
7363,533,01/01/2025,484
7364,1308,01/01/2025,473
7365,4512,01/01/2025,231
7366,1680,01/01/2025,330
7367,1985,01/01/2025,149
7368,2576,01/01/2025,197
7369,2201,01/01/2025,578
7370,3964,01/01/2025,415
7371,3943,01/01/2025,268
7372,1907,01/01/2025,382
7373,2544,01/01/2025,441
7374,1515,01/01/2025,529
7375,358,01/01/2025,157
7376,1850,01/01/2025,394
7377,3472,01/01/2025,128
7378,549,01/01/2025,224
7379,2518,01/01/2025,208
7380,4674,01/01/2025,574
7381,4364,01/01/2025,422
7382,66,01/01/2025,466
7383,823,01/01/2025,465
7384,366,01/01/2025,443
7385,545,01/01/2025,175
7386,3431,01/01/2025,463
7387,3360,01/01/2025,503
7388,3669,01/01/2025,231
7389,157,01/01/2025,280
7390,4649,01/01/2025,492
7391,3213,01/01/2025,179
7392,2558,01/01/2025,391
7393,4588,01/01/2025,293
7394,2836,01/01/2025,351
7395,4164,01/01/2025,190
7396,107,01/01/2025,28
7397,3535,01/01/2025,459
7398,1900,01/01/2025,262
7399,4057,01/01/2025,364
7400,2175,01/01/2025,30
7401,4488,01/01/2025,44
7402,1999,01/01/2025,189
7403,1055,01/01/2025,535
7404,4967,01/01/2025,291
7405,2796,01/01/2025,50
7406,2724,01/01/2025,555
7407,3521,01/01/2025,320
7408,3013,01/01/2025,162
7409,4274,01/01/2025,408
7410,4636,01/01/2025,358
7411,1610,01/01/2025,273
7412,4313,01/01/2025,308
7413,515,01/01/2025,321
7414,4821,01/01/2025,210
7415,4248,01/01/2025,482
7416,4742,01/01/2025,599
7417,1625,01/01/2025,96
7418,1192,01/01/2025,442
7419,1839,01/01/2025,111
7420,891,01/01/2025,12
7421,923,01/01/2025,492
7422,1349,01/01/2025,177
7423,4461,01/01/2025,401
7424,4940,01/01/2025,556
7425,4782,01/01/2025,356
7426,163,01/01/2025,193
7427,967,01/01/2025,342
7428,4198,01/01/2025,343
7429,2708,01/01/2025,446
7430,4105,01/01/2025,468
7431,2044,01/01/2025,164
7432,753,01/01/2025,283
7433,2255,01/01/2025,499
7434,1215,01/01/2025,66
7435,1667,01/01/2025,373
7436,1283,01/01/2025,535
7437,1366,01/01/2025,469
7438,1043,01/01/2025,27
7439,3050,01/01/2025,497
7440,4646,01/01/2025,333
7441,2480,01/01/2025,278
7442,703,01/01/2025,283
7443,2855,01/01/2025,502
7444,1211,01/01/2025,149
7445,258,01/01/2025,553
7446,3473,01/01/2025,387
7447,4159,01/01/2025,435
7448,242,01/01/2025,298
7449,3439,01/01/2025,145
7450,3113,01/01/2025,276
7451,4082,01/01/2025,586
7452,4591,01/01/2025,61
7453,4506,01/01/2025,459
7454,2434,01/01/2025,266
7455,4593,01/01/2025,47
7456,4977,01/01/2025,108
7457,3840,01/01/2025,534
7458,3902,01/01/2025,305
7459,84,01/01/2025,594
7460,2609,01/01/2025,507
7461,3558,01/01/2025,6
7462,4007,01/01/2025,526
7463,2329,01/01/2025,530
7464,3858,01/01/2025,259
7465,2355,01/01/2025,81
7466,1968,01/01/2025,107
7467,861,01/01/2025,529
7468,413,01/01/2025,461
7469,186,01/01/2025,306
7470,1844,01/01/2025,139
7471,846,01/01/2025,149
7472,4085,01/01/2025,278
7473,2641,01/01/2025,406
7474,725,01/01/2025,377
7475,1748,01/01/2025,350
7476,3804,01/01/2025,407
7477,4774,01/01/2025,22
7478,1956,01/01/2025,214
7479,770,01/01/2025,38
7480,423,01/01/2025,254
7481,3844,01/01/2025,233
7482,3629,01/01/2025,574
7483,1728,01/01/2025,95
7484,2366,01/01/2025,461
7485,870,01/01/2025,251
7486,4475,01/01/2025,291
7487,4527,01/01/2025,228
7488,2669,01/01/2025,23
7489,4150,01/01/2025,391
7490,2778,01/01/2025,14
7491,1760,01/01/2025,307
7492,2479,01/01/2025,31
7493,3790,01/01/2025,523
7494,4786,01/01/2025,462
7495,4541,01/01/2025,23
7496,3466,01/01/2025,11
7497,1396,01/01/2025,220
7498,3151,01/01/2025,364
7499,4199,01/01/2025,6
7500,4557,01/01/2025,NULL
7501,4334,01/01/2025,571
7502,3732,01/01/2025,549
7503,3682,01/01/2025,30
7504,3282,01/01/2025,418
7505,3851,01/01/2025,480
7506,735,01/01/2025,370
7507,4769,01/01/2025,60
7508,2924,01/01/2025,557
7509,59,01/01/2025,308
7510,1247,01/01/2025,296
7511,2779,01/01/2025,27
7512,925,01/01/2025,583
7513,3168,01/01/2025,590
7514,4617,01/01/2025,203
7515,3227,01/01/2025,451
7516,216,01/01/2025,308
7517,4553,01/01/2025,365
7518,4158,01/01/2025,271
7519,2872,01/01/2025,166
7520,3452,01/01/2025,131
7521,3245,01/01/2025,75
7522,4252,01/01/2025,383
7523,1457,01/01/2025,486
7524,1056,01/01/2025,307
7525,383,01/01/2025,569
7526,4132,01/01/2025,143
7527,4646,01/01/2025,227
7528,3501,01/01/2025,417
7529,1286,01/01/2025,364
7530,1781,01/01/2025,271
7531,3227,01/01/2025,26
7532,3879,01/01/2025,402
7533,2355,01/01/2025,405
7534,2303,01/01/2025,356
7535,4625,01/01/2025,423
7536,2147,01/01/2025,386
7537,1843,01/01/2025,193
7538,1379,01/01/2025,331
7539,2930,01/01/2025,459
7540,3783,01/01/2025,306
7541,3915,01/01/2025,51
7542,1660,01/01/2025,519
7543,3786,01/01/2025,532
7544,489,01/01/2025,244
7545,2384,01/01/2025,278
7546,1512,01/01/2025,19
7547,4184,01/01/2025,409
7548,3318,01/01/2025,318
7549,347,01/01/2025,220
7550,230,01/01/2025,179
7551,3286,01/01/2025,246
7552,3401,01/01/2025,230
7553,4235,01/01/2025,28
7554,3948,01/01/2025,22
7555,161,01/01/2025,272
7556,1833,01/01/2025,20
7557,1318,01/01/2025,39
7558,3104,01/01/2025,538
7559,3045,01/01/2025,211
7560,2912,01/01/2025,447
7561,1089,01/01/2025,470
7562,1810,01/01/2025,473
7563,653,01/01/2025,156
7564,4582,01/01/2025,410
7565,4357,01/01/2025,531
7566,3708,01/01/2025,60
7567,3624,01/01/2025,338
7568,1173,01/01/2025,594
7569,2266,01/01/2025,4
7570,2577,01/01/2025,75
7571,1453,01/01/2025,361
7572,1391,01/01/2025,454
7573,4486,01/01/2025,472
7574,4796,01/01/2025,128
7575,1569,01/01/2025,372
7576,1333,01/01/2025,242
7577,777,01/01/2025,345
7578,1899,01/01/2025,29
7579,2079,01/01/2025,428
7580,3964,01/01/2025,556
7581,2538,01/01/2025,105
7582,4452,01/01/2025,201
7583,68,01/01/2025,87
7584,1254,01/01/2025,231
7585,2571,01/01/2025,515
7586,3634,01/01/2025,528
7587,4360,01/01/2025,267
7588,203,01/01/2025,479
7589,1256,01/01/2025,216
7590,4709,01/01/2025,500
7591,2576,01/01/2025,513
7592,3239,01/01/2025,474
7593,4962,01/01/2025,66
7594,4701,01/01/2025,364
7595,2184,01/01/2025,47
7596,1029,01/01/2025,521
7597,2789,01/01/2025,463
7598,4660,01/01/2025,502
7599,3631,01/01/2025,555
7600,1954,01/01/2025,381
7601,1082,01/01/2025,421
7602,4757,01/01/2025,205
7603,3340,01/01/2025,239
7604,3740,01/01/2025,548
7605,3832,01/01/2025,209
7606,1339,01/01/2025,370
7607,4473,01/01/2025,545
7608,1851,01/01/2025,467
7609,1593,01/01/2025,56
7610,2402,01/01/2025,126
7611,4764,01/01/2025,431
7612,2150,01/01/2025,71
7613,1354,01/01/2025,462
7614,3004,01/01/2025,246
7615,2215,01/01/2025,533
7616,297,01/01/2025,561
7617,3586,01/01/2025,141
7618,4539,01/01/2025,159
7619,2828,01/01/2025,224
7620,476,01/01/2025,544
7621,791,01/01/2025,523
7622,1549,01/01/2025,34
7623,2878,01/01/2025,93
7624,2983,01/01/2025,122
7625,3049,01/01/2025,253
7626,2195,01/01/2025,464
7627,1119,01/01/2025,11
7628,2443,01/01/2025,66
7629,2035,01/01/2025,97
7630,3398,01/01/2025,63
7631,3697,01/01/2025,433
7632,2426,01/01/2025,437
7633,1864,01/01/2025,161
7634,3911,01/01/2025,131
7635,3878,01/01/2025,519
7636,190,01/01/2025,466
7637,432,01/01/2025,232
7638,2515,01/01/2025,279
7639,2139,01/01/2025,10
7640,2846,01/01/2025,415
7641,2723,01/01/2025,10
7642,1200,01/01/2025,109
7643,1593,01/01/2025,543
7644,4753,01/01/2025,481
7645,1518,01/01/2025,537
7646,3612,01/01/2025,421
7647,114,01/01/2025,488
7648,4004,01/01/2025,597
7649,889,01/01/2025,109
7650,316,01/01/2025,83
7651,3584,01/01/2025,596
7652,3140,01/01/2025,56
7653,1589,01/01/2025,575
7654,3260,01/01/2025,552
7655,1369,01/01/2025,239
7656,941,01/01/2025,410
7657,1078,01/01/2025,132
7658,2778,01/01/2025,52
7659,503,01/01/2025,27
7660,3030,01/01/2025,464
7661,662,01/01/2025,73
7662,3570,01/01/2025,249
7663,3806,01/01/2025,288
7664,2763,01/01/2025,143
7665,349,01/01/2025,421
7666,727,01/01/2025,117
7667,1330,01/01/2025,41
7668,3820,01/01/2025,294
7669,4453,01/01/2025,199
7670,771,01/01/2025,103
7671,707,01/01/2025,323
7672,4564,01/01/2025,294
7673,3441,01/01/2025,358
7674,655,01/01/2025,308
7675,1215,01/01/2025,15
7676,2343,01/01/2025,455
7677,562,01/01/2025,227
7678,3780,01/01/2025,330
7679,4413,01/01/2025,213
7680,1225,01/01/2025,251
7681,3882,01/01/2025,192
7682,1011,01/01/2025,313
7683,2306,01/01/2025,205
7684,3045,01/01/2025,449
7685,4855,01/01/2025,424
7686,897,01/01/2025,474
7687,1099,01/01/2025,130
7688,3144,01/01/2025,405
7689,3128,01/01/2025,198
7690,1783,01/01/2025,209
7691,3322,01/01/2025,271
7692,380,01/01/2025,283
7693,4688,01/01/2025,387
7694,4460,01/01/2025,379
7695,2329,01/01/2025,482
7696,1070,01/01/2025,121
7697,3560,01/01/2025,563
7698,2406,01/01/2025,314
7699,4385,01/01/2025,216
7700,877,01/01/2025,315
7701,4704,01/01/2025,131
7702,3341,01/01/2025,566
7703,1852,01/01/2025,524
7704,2095,01/01/2025,531
7705,1436,01/01/2025,283
7706,2072,01/01/2025,246
7707,3987,01/01/2025,360
7708,1596,01/01/2025,139
7709,642,01/01/2025,500
7710,517,01/01/2025,234
7711,3981,01/01/2025,387
7712,589,01/01/2025,258
7713,3715,01/01/2025,488
7714,1612,01/01/2025,20
7715,4264,01/01/2025,484
7716,4504,01/01/2025,206
7717,1535,01/01/2025,485
7718,3941,01/01/2025,150
7719,2791,01/01/2025,548
7720,905,01/01/2025,67
7721,4946,01/01/2025,300
7722,2127,01/01/2025,489
7723,1351,01/01/2025,203
7724,3437,01/01/2025,577
7725,2128,01/01/2025,128
7726,1225,01/01/2025,137
7727,130,01/01/2025,401
7728,3665,01/01/2025,39
7729,2690,01/01/2025,534
7730,1809,01/01/2025,66
7731,3348,01/01/2025,26
7732,2108,01/01/2025,142
7733,1167,01/01/2025,504
7734,3971,01/01/2025,151
7735,3957,01/01/2025,588
7736,4424,01/01/2025,564
7737,1513,01/01/2025,499
7738,3994,01/01/2025,348
7739,1868,01/01/2025,188
7740,1493,01/01/2025,219
7741,2704,01/01/2025,56
7742,2360,01/01/2025,493
7743,201,01/01/2025,271
7744,1644,01/01/2025,372
7745,2177,01/01/2025,21
7746,3270,01/01/2025,238
7747,1745,01/01/2025,266
7748,1980,01/01/2025,299
7749,3206,01/01/2025,261
7750,2103,01/01/2025,498
7751,3236,01/01/2025,399
7752,1060,01/01/2025,452
7753,3562,01/01/2025,32
7754,4174,01/01/2025,197
7755,1116,01/01/2025,38
7756,277,01/01/2025,350
7757,1397,01/01/2025,241
7758,4840,01/01/2025,0
7759,3731,01/01/2025,475
7760,4594,01/01/2025,347
7761,3230,01/01/2025,193
7762,4731,01/01/2025,66
7763,670,01/01/2025,432
7764,3333,01/01/2025,444
7765,2106,01/01/2025,50
7766,2206,01/01/2025,388
7767,4220,01/01/2025,569
7768,3905,01/01/2025,334
7769,3632,01/01/2025,591
7770,4926,01/01/2025,280
7771,258,01/01/2025,234
7772,1842,01/01/2025,18
7773,2675,01/01/2025,358
7774,2037,01/01/2025,7
7775,1660,01/01/2025,28
7776,3381,01/01/2025,276
7777,4,01/01/2025,348
7778,688,01/01/2025,141
7779,2932,01/01/2025,404
7780,1018,01/01/2025,418
7781,4837,01/01/2025,197
7782,3682,01/01/2025,280
7783,1761,01/01/2025,414
7784,2582,01/01/2025,514
7785,844,01/01/2025,329
7786,2753,01/01/2025,507
7787,2683,01/01/2025,148
7788,3403,01/01/2025,292
7789,364,01/01/2025,202
7790,2109,01/01/2025,422
7791,721,01/01/2025,91
7792,2505,01/01/2025,194
7793,2858,01/01/2025,235
7794,4994,01/01/2025,165
7795,1841,01/01/2025,117
7796,976,01/01/2025,575
7797,1238,01/01/2025,134
7798,1575,01/01/2025,78
7799,3983,01/01/2025,151
7800,1755,01/01/2025,262
7801,900,01/01/2025,309
7802,2529,01/01/2025,278
7803,3734,01/01/2025,543
7804,3328,01/01/2025,439
7805,296,01/01/2025,512
7806,3466,01/01/2025,389
7807,3695,01/01/2025,100
7808,1870,01/01/2025,562
7809,4920,01/01/2025,422
7810,1451,01/01/2025,427
7811,4973,01/01/2025,50
7812,1672,01/01/2025,366
7813,3741,01/01/2025,435
7814,1695,01/01/2025,515
7815,4336,01/01/2025,44
7816,1267,01/01/2025,164
7817,178,01/01/2025,549
7818,2213,01/01/2025,278
7819,3605,01/01/2025,206
7820,1002,01/01/2025,66
7821,494,01/01/2025,181
7822,1741,01/01/2025,414
7823,605,01/01/2025,260
7824,4295,01/01/2025,527
7825,375,01/01/2025,188
7826,2688,01/01/2025,321
7827,4489,01/01/2025,284
7828,34,01/01/2025,524
7829,4926,01/01/2025,86
7830,3529,01/01/2025,244
7831,4568,01/01/2025,497
7832,4312,01/01/2025,507
7833,2090,01/01/2025,10
7834,3447,01/01/2025,107
7835,884,01/01/2025,159
7836,3118,01/01/2025,301
7837,2421,01/01/2025,323
7838,2712,01/01/2025,36
7839,4662,01/01/2025,339
7840,546,01/01/2025,483
7841,2019,01/01/2025,407
7842,4915,01/01/2025,159
7843,4615,01/01/2025,578
7844,231,01/01/2025,181
7845,3865,01/01/2025,87
7846,3204,01/01/2025,525
7847,867,01/01/2025,307
7848,2232,01/01/2025,427
7849,2173,01/01/2025,269
7850,4428,01/01/2025,12
7851,3176,01/01/2025,232
7852,165,01/01/2025,363
7853,3260,01/01/2025,277
7854,3607,01/01/2025,147
7855,2355,01/01/2025,462
7856,1186,01/01/2025,424
7857,2321,01/01/2025,580
7858,1831,01/01/2025,590
7859,713,01/01/2025,257
7860,3966,01/01/2025,395
7861,2002,01/01/2025,35
7862,515,01/01/2025,138
7863,3250,01/01/2025,479
7864,3671,01/01/2025,583
7865,2751,01/01/2025,345
7866,2320,01/01/2025,562
7867,1262,01/01/2025,531
7868,1753,01/01/2025,472
7869,3236,01/01/2025,527
7870,2165,01/01/2025,437
7871,3446,01/01/2025,435
7872,237,01/01/2025,6
7873,2666,01/01/2025,315
7874,59,01/01/2025,323
7875,2363,01/01/2025,366
7876,4376,01/01/2025,359
7877,3632,01/01/2025,419
7878,4689,01/01/2025,141
7879,4375,01/01/2025,84
7880,416,01/01/2025,384
7881,1614,01/01/2025,383
7882,4746,01/01/2025,265
7883,165,01/01/2025,215
7884,3398,01/01/2025,497
7885,2557,01/01/2025,29
7886,2828,01/01/2025,530
7887,2551,01/01/2025,489
7888,3059,01/01/2025,285
7889,2970,01/01/2025,70
7890,1592,01/01/2025,572
7891,922,01/01/2025,359
7892,1695,01/01/2025,507
7893,1202,01/01/2025,294
7894,2031,01/01/2025,313
7895,3155,01/01/2025,405
7896,3572,01/01/2025,568
7897,2210,01/01/2025,57
7898,1811,01/01/2025,326
7899,3772,01/01/2025,28
7900,3305,01/01/2025,368
7901,1344,01/01/2025,57
7902,3691,01/01/2025,184
7903,4861,01/01/2025,326
7904,1292,01/01/2025,480
7905,1791,01/01/2025,328
7906,2904,01/01/2025,357
7907,735,01/01/2025,242
7908,4363,01/01/2025,387
7909,48,01/01/2025,387
7910,1847,01/01/2025,403
7911,803,01/01/2025,369
7912,4161,01/01/2025,430
7913,1640,01/01/2025,247
7914,1956,01/01/2025,321
7915,2522,01/01/2025,479
7916,2774,01/01/2025,312
7917,4725,01/01/2025,127
7918,3754,01/01/2025,594
7919,3605,01/01/2025,579
7920,4215,01/01/2025,427
7921,2590,01/01/2025,295
7922,1124,01/01/2025,476
7923,1951,01/01/2025,361
7924,4750,01/01/2025,595
7925,2422,01/01/2025,245
7926,1247,01/01/2025,333
7927,80,01/01/2025,561
7928,3928,01/01/2025,244
7929,2353,01/01/2025,442
7930,3079,01/01/2025,419
7931,3455,01/01/2025,60
7932,633,01/01/2025,233
7933,4094,01/01/2025,110
7934,1959,01/01/2025,137
7935,2629,01/01/2025,369
7936,1706,01/01/2025,236
7937,4265,01/01/2025,71
7938,1358,01/01/2025,198
7939,1121,01/01/2025,335
7940,2343,01/01/2025,597
7941,496,01/01/2025,196
7942,2744,01/01/2025,475
7943,284,01/01/2025,525
7944,2969,01/01/2025,110
7945,1288,01/01/2025,346
7946,2206,01/01/2025,490
7947,3929,01/01/2025,225
7948,2781,01/01/2025,158
7949,1826,01/01/2025,118
7950,4269,01/01/2025,454
7951,3532,01/01/2025,210
7952,4962,01/01/2025,21
7953,1235,01/01/2025,308
7954,1415,01/01/2025,596
7955,2621,01/01/2025,129
7956,699,01/01/2025,579
7957,1093,01/01/2025,380
7958,763,01/01/2025,506
7959,4546,01/01/2025,224
7960,4760,01/01/2025,552
7961,92,01/01/2025,142
7962,3641,01/01/2025,80
7963,3672,01/01/2025,466
7964,4418,01/01/2025,244
7965,2363,01/01/2025,448
7966,3104,01/01/2025,45
7967,4506,01/01/2025,173
7968,311,01/01/2025,223
7969,4724,01/01/2025,542
7970,2099,01/01/2025,94
7971,3055,01/01/2025,60
7972,4335,01/01/2025,427
7973,2003,01/01/2025,73
7974,3549,01/01/2025,134
7975,2809,01/01/2025,245
7976,3987,01/01/2025,319
7977,1619,01/01/2025,398
7978,3131,01/01/2025,265
7979,2598,01/01/2025,552
7980,993,01/01/2025,554
7981,4965,01/01/2025,499
7982,1709,01/01/2025,402
7983,4561,01/01/2025,487
7984,2850,01/01/2025,120
7985,4650,01/01/2025,34
7986,2370,01/01/2025,437
7987,1091,01/01/2025,495
7988,1563,01/01/2025,74
7989,3086,01/01/2025,327
7990,802,01/01/2025,55
7991,2897,01/01/2025,7
7992,1602,01/01/2025,385
7993,1283,01/01/2025,203
7994,4887,01/01/2025,165
7995,1732,01/01/2025,265
7996,1736,01/01/2025,320
7997,651,01/01/2025,141
7998,2840,01/01/2025,533
7999,2851,01/01/2025,188
8000,1870,01/01/2025,NULL
8001,4762,01/01/2025,296
8002,311,01/01/2025,278
8003,4208,01/01/2025,42
8004,2741,01/01/2025,523
8005,351,01/01/2025,571
8006,697,01/01/2025,478
8007,1876,01/01/2025,506
8008,2709,01/01/2025,347
8009,867,01/01/2025,536
8010,524,01/01/2025,171
8011,4531,01/01/2025,68
8012,3071,01/01/2025,191
8013,1451,01/01/2025,459
8014,793,01/01/2025,132
8015,3602,01/01/2025,163
8016,948,01/01/2025,374
8017,4516,01/01/2025,449
8018,2950,01/01/2025,339
8019,4978,01/01/2025,461
8020,3591,01/01/2025,108
8021,3977,01/01/2025,16
8022,1445,01/01/2025,161
8023,3019,01/01/2025,306
8024,4992,01/01/2025,211
8025,2948,01/01/2025,527
8026,3905,01/01/2025,596
8027,2221,01/01/2025,522
8028,4736,01/01/2025,569
8029,1402,01/01/2025,122
8030,279,01/01/2025,271
8031,3867,01/01/2025,321
8032,3040,01/01/2025,148
8033,1160,01/01/2025,428
8034,2391,01/01/2025,136
8035,4758,01/01/2025,568
8036,3111,01/01/2025,474
8037,1749,01/01/2025,80
8038,1164,01/01/2025,53
8039,3884,01/01/2025,118
8040,2450,01/01/2025,133
8041,1553,01/01/2025,94
8042,1339,01/01/2025,30
8043,4280,01/01/2025,272
8044,2630,01/01/2025,344
8045,1575,01/01/2025,107
8046,4935,01/01/2025,5
8047,1472,01/01/2025,225
8048,2613,01/01/2025,120
8049,3531,01/01/2025,255
8050,843,01/01/2025,544
8051,1161,01/01/2025,397
8052,3191,01/01/2025,7
8053,3485,01/01/2025,370
8054,4585,01/01/2025,37
8055,1020,01/01/2025,118
8056,122,01/01/2025,374
8057,2921,01/01/2025,10
8058,2829,01/01/2025,515
8059,2621,01/01/2025,121
8060,2480,01/01/2025,263
8061,1194,01/01/2025,565
8062,436,01/01/2025,450
8063,376,01/01/2025,324
8064,1116,01/01/2025,227
8065,1761,01/01/2025,228
8066,439,01/01/2025,497
8067,525,01/01/2025,544
8068,3204,01/01/2025,570
8069,4525,01/01/2025,265
8070,2994,01/01/2025,37
8071,297,01/01/2025,292
8072,3909,01/01/2025,163
8073,388,01/01/2025,223
8074,359,01/01/2025,81
8075,2648,01/01/2025,543
8076,1372,01/01/2025,511
8077,2383,01/01/2025,185
8078,3568,01/01/2025,172
8079,4040,01/01/2025,223
8080,4955,01/01/2025,552
8081,3631,01/01/2025,269
8082,4651,01/01/2025,384
8083,4192,01/01/2025,507
8084,3995,01/01/2025,494
8085,1383,01/01/2025,460
8086,4589,01/01/2025,489
8087,218,01/01/2025,55
8088,2649,01/01/2025,181
8089,1113,01/01/2025,84
8090,172,01/01/2025,516
8091,3659,01/01/2025,189
8092,708,01/01/2025,96
8093,2424,01/01/2025,238
8094,900,01/01/2025,257
8095,4536,01/01/2025,551
8096,4780,01/01/2025,191
8097,1783,01/01/2025,77
8098,2961,01/01/2025,357
8099,2332,01/01/2025,161
8100,4768,01/01/2025,538
8101,3827,01/01/2025,112
8102,2355,01/01/2025,164
8103,3538,01/01/2025,347
8104,4453,01/01/2025,390
8105,4714,01/01/2025,392
8106,586,01/01/2025,546
8107,983,01/01/2025,216
8108,4546,01/01/2025,210
8109,4671,01/01/2025,155
8110,2976,01/01/2025,565
8111,1490,01/01/2025,255
8112,258,01/01/2025,591
8113,4636,01/01/2025,358
8114,1898,01/01/2025,527
8115,4883,01/01/2025,471
8116,4429,01/01/2025,374
8117,2619,01/01/2025,469
8118,3549,01/01/2025,67
8119,2859,01/01/2025,495
8120,3766,01/01/2025,463
8121,1716,01/01/2025,464
8122,4539,01/01/2025,281
8123,286,01/01/2025,521
8124,2402,01/01/2025,559
8125,3791,01/01/2025,106
8126,2049,01/01/2025,517
8127,895,01/01/2025,582
8128,3192,01/01/2025,597
8129,1932,01/01/2025,382
8130,3243,01/01/2025,395
8131,2491,01/01/2025,442
8132,4455,01/01/2025,152
8133,866,01/01/2025,34
8134,2776,01/01/2025,533
8135,4182,01/01/2025,74
8136,2826,01/01/2025,81
8137,3985,01/01/2025,222
8138,3845,01/01/2025,526
8139,3223,01/01/2025,468
8140,3618,01/01/2025,258
8141,431,01/01/2025,304
8142,1013,01/01/2025,297
8143,3591,01/01/2025,581
8144,2937,01/01/2025,245
8145,3821,01/01/2025,56
8146,2718,01/01/2025,257
8147,362,01/01/2025,419
8148,2438,01/01/2025,241
8149,1228,01/01/2025,577
8150,2535,01/01/2025,24
8151,1223,01/01/2025,147
8152,2873,01/01/2025,107
8153,1906,01/01/2025,517
8154,4422,01/01/2025,119
8155,537,01/01/2025,59
8156,2249,01/01/2025,99
8157,4715,01/01/2025,265
8158,4197,01/01/2025,36
8159,3312,01/01/2025,371
8160,3184,01/01/2025,188
8161,3898,01/01/2025,310
8162,2110,01/01/2025,363
8163,4071,01/01/2025,124
8164,3323,01/01/2025,191
8165,4087,01/01/2025,433
8166,2098,01/01/2025,250
8167,2277,01/01/2025,375
8168,1899,01/01/2025,510
8169,511,01/01/2025,134
8170,4030,01/01/2025,549
8171,2467,01/01/2025,11
8172,3126,01/01/2025,428
8173,3209,01/01/2025,10
8174,3267,01/01/2025,69
8175,1052,01/01/2025,60
8176,1372,01/01/2025,321
8177,907,01/01/2025,113
8178,4642,01/01/2025,66
8179,129,01/01/2025,497
8180,4747,01/01/2025,548
8181,3222,01/01/2025,518
8182,1443,01/01/2025,384
8183,3267,01/01/2025,0
8184,2530,01/01/2025,316
8185,4480,01/01/2025,48
8186,4022,01/01/2025,465
8187,4264,01/01/2025,174
8188,1161,01/01/2025,50
8189,1386,01/01/2025,463
8190,1246,01/01/2025,269
8191,496,01/01/2025,184
8192,315,01/01/2025,558
8193,1542,01/01/2025,383
8194,3746,01/01/2025,233
8195,2862,01/01/2025,178
8196,3280,01/01/2025,123
8197,3708,01/01/2025,232
8198,3957,01/01/2025,310
8199,4615,01/01/2025,375
8200,2549,01/01/2025,216
8201,1916,01/01/2025,402
8202,4887,01/01/2025,562
8203,2349,01/01/2025,390
8204,1447,01/01/2025,82
8205,3223,01/01/2025,157
8206,569,01/01/2025,395
8207,694,01/01/2025,570
8208,1033,01/01/2025,110
8209,1428,01/01/2025,219
8210,3404,01/01/2025,263
8211,1562,01/01/2025,344
8212,4556,01/01/2025,388
8213,4536,01/01/2025,482
8214,682,01/01/2025,306
8215,3920,01/01/2025,262
8216,2008,01/01/2025,288
8217,1851,01/01/2025,575
8218,4193,01/01/2025,407
8219,4893,01/01/2025,379
8220,1575,01/01/2025,589
8221,4784,01/01/2025,60
8222,1977,01/01/2025,225
8223,2574,01/01/2025,58
8224,3170,01/01/2025,417
8225,3496,01/01/2025,570
8226,3758,01/01/2025,458
8227,1637,01/01/2025,189
8228,4864,01/01/2025,389
8229,2317,01/01/2025,162
8230,690,01/01/2025,262
8231,1787,01/01/2025,473
8232,4906,01/01/2025,489
8233,4135,01/01/2025,427
8234,1956,01/01/2025,388
8235,2619,01/01/2025,344
8236,3017,01/01/2025,394
8237,3195,01/01/2025,339
8238,2637,01/01/2025,435
8239,2796,01/01/2025,317
8240,2621,01/01/2025,76
8241,450,01/01/2025,578
8242,193,01/01/2025,366
8243,2083,01/01/2025,61
8244,2671,01/01/2025,387
8245,4690,01/01/2025,521
8246,1711,01/01/2025,278
8247,3488,01/01/2025,571
8248,2556,01/01/2025,236
8249,2132,01/01/2025,220
8250,1488,01/01/2025,353
8251,1006,01/01/2025,199
8252,4152,01/01/2025,278
8253,2268,01/01/2025,345
8254,1506,01/01/2025,409
8255,748,01/01/2025,306
8256,3608,01/01/2025,257
8257,1036,01/01/2025,98
8258,512,01/01/2025,25
8259,641,01/01/2025,126
8260,1130,01/01/2025,136
8261,340,01/01/2025,24
8262,4982,01/01/2025,214
8263,1007,01/01/2025,488
8264,4561,01/01/2025,191
8265,208,01/01/2025,112
8266,4172,01/01/2025,564
8267,4168,01/01/2025,551
8268,4629,01/01/2025,480
8269,2608,01/01/2025,426
8270,758,01/01/2025,503
8271,3152,01/01/2025,324
8272,4048,01/01/2025,369
8273,2319,01/01/2025,483
8274,4653,01/01/2025,189
8275,1489,01/01/2025,344
8276,2398,01/01/2025,122
8277,2887,01/01/2025,418
8278,2783,01/01/2025,39
8279,1683,01/01/2025,438
8280,2853,01/01/2025,16
8281,1047,01/01/2025,439
8282,1548,01/01/2025,305
8283,2278,01/01/2025,403
8284,789,01/01/2025,6
8285,1346,01/01/2025,54
8286,1378,01/01/2025,346
8287,4925,01/01/2025,243
8288,4111,01/01/2025,382
8289,845,01/01/2025,551
8290,3164,01/01/2025,441
8291,2788,01/01/2025,315
8292,4507,01/01/2025,122
8293,1391,01/01/2025,552
8294,2782,01/01/2025,402
8295,3198,01/01/2025,366
8296,3217,01/01/2025,441
8297,4659,01/01/2025,426
8298,350,01/01/2025,118
8299,4442,01/01/2025,248
8300,3936,01/01/2025,563
8301,2765,01/01/2025,180
8302,4535,01/01/2025,380
8303,4551,01/01/2025,135
8304,729,01/01/2025,333
8305,3602,01/01/2025,239
8306,2809,01/01/2025,76
8307,1389,01/01/2025,597
8308,1849,01/01/2025,540
8309,3318,01/01/2025,53
8310,1462,01/01/2025,50
8311,485,01/01/2025,296
8312,4642,01/01/2025,248
8313,4922,01/01/2025,498
8314,4445,01/01/2025,510
8315,1179,01/01/2025,350
8316,3576,01/01/2025,481
8317,3147,01/01/2025,434
8318,2348,01/01/2025,112
8319,984,01/01/2025,11
8320,172,01/01/2025,148
8321,3593,01/01/2025,485
8322,3831,01/01/2025,204
8323,1421,01/01/2025,524
8324,1432,01/01/2025,15
8325,2135,01/01/2025,19
8326,539,01/01/2025,470
8327,1164,01/01/2025,575
8328,3591,01/01/2025,146
8329,3900,01/01/2025,595
8330,2322,01/01/2025,55
8331,2383,01/01/2025,491
8332,2670,01/01/2025,76
8333,3271,01/01/2025,303
8334,4788,01/01/2025,52
8335,2873,01/01/2025,50
8336,1993,01/01/2025,498
8337,904,01/01/2025,417
8338,981,01/01/2025,80
8339,2280,01/01/2025,459
8340,4072,01/01/2025,403
8341,1619,01/01/2025,233
8342,2526,01/01/2025,529
8343,1889,01/01/2025,419
8344,1240,01/01/2025,428
8345,4403,01/01/2025,386
8346,3865,01/01/2025,472
8347,1064,01/01/2025,368
8348,3398,01/01/2025,445
8349,2287,01/01/2025,52
8350,4926,01/01/2025,51
8351,119,01/01/2025,70
8352,619,01/01/2025,253
8353,178,01/01/2025,587
8354,1237,01/01/2025,240
8355,152,01/01/2025,548
8356,735,01/01/2025,89
8357,644,01/01/2025,262
8358,3707,01/01/2025,247
8359,673,01/01/2025,100
8360,1616,01/01/2025,405
8361,1522,01/01/2025,54
8362,1239,01/01/2025,390
8363,645,01/01/2025,39
8364,2342,01/01/2025,203
8365,2538,01/01/2025,427
8366,668,01/01/2025,236
8367,3743,01/01/2025,592
8368,3652,01/01/2025,279
8369,1118,01/01/2025,217
8370,2183,01/01/2025,377
8371,711,01/01/2025,26
8372,4401,01/01/2025,422
8373,4352,01/01/2025,511
8374,589,01/01/2025,414
8375,989,01/01/2025,549
8376,3148,01/01/2025,65
8377,1993,01/01/2025,367
8378,3182,01/01/2025,133
8379,1932,01/01/2025,346
8380,2036,01/01/2025,591
8381,4942,01/01/2025,33
8382,1030,01/01/2025,307
8383,3082,01/01/2025,524
8384,561,01/01/2025,434
8385,1554,01/01/2025,187
8386,4909,01/01/2025,367
8387,2759,01/01/2025,296
8388,261,01/01/2025,359
8389,3108,01/01/2025,275
8390,4467,01/01/2025,165
8391,916,01/01/2025,300
8392,2422,01/01/2025,434
8393,1783,01/01/2025,542
8394,880,01/01/2025,413
8395,3870,01/01/2025,299
8396,3417,01/01/2025,1
8397,2830,01/01/2025,569
8398,4493,01/01/2025,102
8399,646,01/01/2025,455
8400,2504,01/01/2025,83
8401,144,01/01/2025,495
8402,4270,01/01/2025,66
8403,4063,01/01/2025,375
8404,4272,01/01/2025,18
8405,3352,01/01/2025,575
8406,533,01/01/2025,257
8407,1404,01/01/2025,109
8408,1163,01/01/2025,93
8409,2627,01/01/2025,564
8410,2254,01/01/2025,273
8411,3121,01/01/2025,451
8412,566,01/01/2025,15
8413,4564,01/01/2025,232
8414,641,01/01/2025,535
8415,285,01/01/2025,316
8416,3424,01/01/2025,191
8417,4289,01/01/2025,477
8418,889,01/01/2025,469
8419,4170,01/01/2025,360
8420,4370,01/01/2025,433
8421,3448,01/01/2025,145
8422,4565,01/01/2025,3
8423,3605,01/01/2025,408
8424,4548,01/01/2025,541
8425,2505,01/01/2025,277
8426,590,01/01/2025,286
8427,3373,01/01/2025,366
8428,3046,01/01/2025,313
8429,912,01/01/2025,595
8430,2070,01/01/2025,281
8431,4528,01/01/2025,364
8432,1419,01/01/2025,289
8433,3258,01/01/2025,64
8434,367,01/01/2025,319
8435,2584,01/01/2025,351
8436,3831,01/01/2025,307
8437,1548,01/01/2025,192
8438,1696,01/01/2025,395
8439,840,01/01/2025,304
8440,3766,01/01/2025,444
8441,4745,01/01/2025,70
8442,4926,01/01/2025,269
8443,910,01/01/2025,325
8444,1556,01/01/2025,490
8445,3470,01/01/2025,88
8446,1143,01/01/2025,10
8447,4028,01/01/2025,501
8448,591,01/01/2025,341
8449,1590,01/01/2025,461
8450,4024,01/01/2025,585
8451,776,01/01/2025,155
8452,4227,01/01/2025,66
8453,2740,01/01/2025,426
8454,4506,01/01/2025,114
8455,4957,01/01/2025,374
8456,4125,01/01/2025,301
8457,2400,01/01/2025,195
8458,2290,01/01/2025,413
8459,3449,01/01/2025,294
8460,374,01/01/2025,148
8461,1763,01/01/2025,204
8462,4639,01/01/2025,339
8463,291,01/01/2025,356
8464,265,01/01/2025,597
8465,2765,01/01/2025,449
8466,682,01/01/2025,512
8467,2154,01/01/2025,111
8468,3285,01/01/2025,231
8469,1357,01/01/2025,289
8470,1398,01/01/2025,281
8471,468,01/01/2025,318
8472,4867,01/01/2025,72
8473,2771,01/01/2025,547
8474,1744,01/01/2025,45
8475,3196,01/01/2025,495
8476,2094,01/01/2025,458
8477,3640,01/01/2025,335
8478,1224,01/01/2025,387
8479,433,01/01/2025,467
8480,1894,01/01/2025,407
8481,527,01/01/2025,587
8482,1954,01/01/2025,590
8483,3155,01/01/2025,144
8484,1075,01/01/2025,544
8485,1531,01/01/2025,104
8486,4428,01/01/2025,225
8487,1947,01/01/2025,546
8488,3845,01/01/2025,206
8489,899,01/01/2025,474
8490,4557,01/01/2025,446
8491,4874,01/01/2025,69
8492,213,01/01/2025,457
8493,72,01/01/2025,366
8494,4633,01/01/2025,41
8495,4307,01/01/2025,233
8496,2558,01/01/2025,300
8497,2528,01/01/2025,198
8498,436,01/01/2025,232
8499,1176,01/01/2025,40
8500,2481,01/01/2025,NULL
8501,4919,01/01/2025,87
8502,189,01/01/2025,38
8503,1430,01/01/2025,193
8504,679,01/01/2025,51
8505,1917,01/01/2025,239
8506,4545,01/01/2025,91
8507,3140,01/01/2025,417
8508,1964,01/01/2025,582
8509,1569,01/01/2025,24
8510,3243,01/01/2025,335
8511,405,01/01/2025,473
8512,2693,01/01/2025,539
8513,1642,01/01/2025,570
8514,4962,01/01/2025,131
8515,3877,01/01/2025,355
8516,797,01/01/2025,156
8517,2939,01/01/2025,541
8518,2897,01/01/2025,503
8519,357,01/01/2025,93
8520,3363,01/01/2025,323
8521,3653,01/01/2025,547
8522,954,01/01/2025,134
8523,2972,01/01/2025,537
8524,1822,01/01/2025,149
8525,1241,01/01/2025,31
8526,768,01/01/2025,217
8527,3585,01/01/2025,239
8528,262,01/01/2025,34
8529,3973,01/01/2025,397
8530,4128,01/01/2025,470
8531,4228,01/01/2025,324
8532,807,01/01/2025,127
8533,306,01/01/2025,579
8534,2284,01/01/2025,526
8535,3128,01/01/2025,311
8536,2048,01/01/2025,322
8537,4064,01/01/2025,413
8538,3016,01/01/2025,17
8539,3819,01/01/2025,346
8540,4776,01/01/2025,456
8541,126,01/01/2025,232
8542,393,01/01/2025,241
8543,3281,01/01/2025,199
8544,3660,01/01/2025,49
8545,1729,01/01/2025,220
8546,2743,01/01/2025,317
8547,330,01/01/2025,543
8548,2813,01/01/2025,280
8549,3533,01/01/2025,93
8550,3519,01/01/2025,278
8551,2496,01/01/2025,132
8552,4439,01/01/2025,585
8553,1582,01/01/2025,262
8554,3829,01/01/2025,284
8555,3069,01/01/2025,318
8556,207,01/01/2025,545
8557,1511,01/01/2025,82
8558,1852,01/01/2025,260
8559,4329,01/01/2025,521
8560,2772,01/01/2025,84
8561,3844,01/01/2025,374
8562,4683,01/01/2025,530
8563,1105,01/01/2025,60
8564,1001,01/01/2025,103
8565,2774,01/01/2025,263
8566,194,01/01/2025,259
8567,4423,01/01/2025,340
8568,4705,01/01/2025,174
8569,441,01/01/2025,91
8570,2381,01/01/2025,53
8571,1525,01/01/2025,395
8572,3003,01/01/2025,595
8573,4266,01/01/2025,102
8574,778,01/01/2025,62
8575,1292,01/01/2025,481
8576,375,01/01/2025,294
8577,3051,01/01/2025,525
8578,1795,01/01/2025,449
8579,3579,01/01/2025,571
8580,1939,01/01/2025,215
8581,2211,01/01/2025,589
8582,4202,01/01/2025,118
8583,4706,01/01/2025,65
8584,4755,01/01/2025,195
8585,1603,01/01/2025,268
8586,3674,01/01/2025,343
8587,2333,01/01/2025,553
8588,3765,01/01/2025,548
8589,4997,01/01/2025,352
8590,2136,01/01/2025,55
8591,1617,01/01/2025,166
8592,72,01/01/2025,205
8593,4268,01/01/2025,209
8594,3242,01/01/2025,245
8595,4872,01/01/2025,505
8596,534,01/01/2025,141
8597,4686,01/01/2025,147
8598,4845,01/01/2025,270
8599,474,01/01/2025,409
8600,3192,01/01/2025,186
8601,4073,01/01/2025,54
8602,581,01/01/2025,154
8603,1163,01/01/2025,81
8604,2417,01/01/2025,489
8605,3736,01/01/2025,287
8606,4595,01/01/2025,349
8607,2511,01/01/2025,189
8608,115,01/01/2025,499
8609,4116,01/01/2025,92
8610,1756,01/01/2025,277
8611,102,01/01/2025,490
8612,484,01/01/2025,380
8613,3998,01/01/2025,191
8614,564,01/01/2025,359
8615,2505,01/01/2025,257
8616,490,01/01/2025,446
8617,3745,01/01/2025,427
8618,1454,01/01/2025,35
8619,4055,01/01/2025,398
8620,2831,01/01/2025,366
8621,1341,01/01/2025,254
8622,3860,01/01/2025,245
8623,3721,01/01/2025,373
8624,4158,01/01/2025,422
8625,339,01/01/2025,210
8626,359,01/01/2025,240
8627,1136,01/01/2025,594
8628,4700,01/01/2025,372
8629,1946,01/01/2025,248
8630,26,01/01/2025,216
8631,395,01/01/2025,567
8632,4902,01/01/2025,422
8633,4271,01/01/2025,350
8634,1643,01/01/2025,314
8635,1044,01/01/2025,334
8636,3649,01/01/2025,473
8637,760,01/01/2025,325
8638,474,01/01/2025,88
8639,2095,01/01/2025,356
8640,2105,01/01/2025,187
8641,674,01/01/2025,552
8642,560,01/01/2025,425
8643,1014,01/01/2025,533
8644,2530,01/01/2025,193
8645,1459,01/01/2025,536
8646,346,01/01/2025,157
8647,4395,01/01/2025,375
8648,3212,01/01/2025,527
8649,706,01/01/2025,413
8650,3234,01/01/2025,542
8651,2589,01/01/2025,355
8652,2769,01/01/2025,285
8653,772,01/01/2025,350
8654,515,01/01/2025,592
8655,2327,01/01/2025,206
8656,712,01/01/2025,95
8657,1003,01/01/2025,296
8658,4286,01/01/2025,102
8659,348,01/01/2025,460
8660,2918,01/01/2025,442
8661,1747,01/01/2025,511
8662,462,01/01/2025,221
8663,3575,01/01/2025,141
8664,653,01/01/2025,438
8665,3054,01/01/2025,197
8666,2036,01/01/2025,305
8667,2301,01/01/2025,44
8668,4198,01/01/2025,564
8669,1098,01/01/2025,292
8670,1882,01/01/2025,297
8671,2984,01/01/2025,297
8672,3318,01/01/2025,599
8673,1451,01/01/2025,579
8674,2658,01/01/2025,3
8675,3930,01/01/2025,157
8676,4147,01/01/2025,111
8677,1134,01/01/2025,100
8678,1681,01/01/2025,512
8679,2437,01/01/2025,427
8680,3436,01/01/2025,436
8681,3444,01/01/2025,152
8682,2022,01/01/2025,432
8683,3452,01/01/2025,274
8684,2090,01/01/2025,0
8685,789,01/01/2025,81
8686,4656,01/01/2025,554
8687,503,01/01/2025,481
8688,2382,01/01/2025,229
8689,1327,01/01/2025,218
8690,356,01/01/2025,74
8691,103,01/01/2025,68
8692,4487,01/01/2025,420
8693,1507,01/01/2025,399
8694,2110,01/01/2025,426
8695,3295,01/01/2025,182
8696,4920,01/01/2025,51
8697,2983,01/01/2025,495
8698,3002,01/01/2025,187
8699,3368,01/01/2025,548
8700,1265,01/01/2025,315
8701,3897,01/01/2025,103
8702,4645,01/01/2025,65
8703,23,01/01/2025,267
8704,500,01/01/2025,157
8705,2573,01/01/2025,581
8706,4035,01/01/2025,72
8707,1238,01/01/2025,213
8708,651,01/01/2025,52
8709,3268,01/01/2025,470
8710,1483,01/01/2025,417
8711,3368,01/01/2025,311
8712,2558,01/01/2025,169
8713,1045,01/01/2025,374
8714,3650,01/01/2025,522
8715,4071,01/01/2025,379
8716,17,01/01/2025,19
8717,2652,01/01/2025,156
8718,1629,01/01/2025,47
8719,4661,01/01/2025,390
8720,4207,01/01/2025,329
8721,1888,01/01/2025,481
8722,2336,01/01/2025,146
8723,2105,01/01/2025,5
8724,4944,01/01/2025,127
8725,1437,01/01/2025,52
8726,1733,01/01/2025,187
8727,1815,01/01/2025,530
8728,74,01/01/2025,535
8729,721,01/01/2025,150
8730,4448,01/01/2025,440
8731,745,01/01/2025,340
8732,2912,01/01/2025,206
8733,2840,01/01/2025,21
8734,3666,01/01/2025,553
8735,4589,01/01/2025,365
8736,4573,01/01/2025,156
8737,279,01/01/2025,334
8738,1368,01/01/2025,234
8739,608,01/01/2025,403
8740,4362,01/01/2025,174
8741,843,01/01/2025,403
8742,3126,01/01/2025,320
8743,1771,01/01/2025,421
8744,4342,01/01/2025,12
8745,104,01/01/2025,215
8746,3801,01/01/2025,384
8747,2646,01/01/2025,451
8748,4241,01/01/2025,145
8749,1050,01/01/2025,556
8750,4716,01/01/2025,404
8751,2561,01/01/2025,214
8752,4273,01/01/2025,108
8753,1396,01/01/2025,19
8754,3626,01/01/2025,17
8755,1769,01/01/2025,384
8756,2845,01/01/2025,111
8757,2953,01/01/2025,561
8758,4900,01/01/2025,498
8759,3556,01/01/2025,91
8760,3303,01/01/2025,408
8761,1704,01/01/2025,216
8762,2870,01/01/2025,579
8763,2419,01/01/2025,232
8764,4087,01/01/2025,271
8765,2785,01/01/2025,457
8766,4822,01/01/2025,262
8767,971,01/01/2025,36
8768,1017,01/01/2025,172
8769,3441,01/01/2025,595
8770,1390,01/01/2025,183
8771,4172,01/01/2025,560
8772,4217,01/01/2025,110
8773,2926,01/01/2025,335
8774,4497,01/01/2025,136
8775,4467,01/01/2025,565
8776,1830,01/01/2025,440
8777,2299,01/01/2025,65
8778,3571,01/01/2025,498
8779,431,01/01/2025,422
8780,4908,01/01/2025,473
8781,4583,01/01/2025,581
8782,347,01/01/2025,255
8783,4230,01/01/2025,85
8784,3707,01/01/2025,77
8785,3015,01/01/2025,434
8786,197,01/01/2025,315
8787,4206,01/01/2025,470
8788,4498,01/01/2025,262
8789,525,01/01/2025,284
8790,4902,01/01/2025,560
8791,1673,01/01/2025,413
8792,810,01/01/2025,446
8793,126,01/01/2025,577
8794,542,01/01/2025,217
8795,1011,01/01/2025,599
8796,3411,01/01/2025,165
8797,1212,01/01/2025,311
8798,2430,01/01/2025,244
8799,781,01/01/2025,494
8800,4349,01/01/2025,270
8801,1338,01/01/2025,41
8802,3343,01/01/2025,134
8803,529,01/01/2025,357
8804,2879,01/01/2025,592
8805,37,01/01/2025,519
8806,1959,01/01/2025,381
8807,2480,01/01/2025,330
8808,3666,01/01/2025,246
8809,432,01/01/2025,251
8810,3296,01/01/2025,414
8811,1530,01/01/2025,304
8812,884,01/01/2025,527
8813,3322,01/01/2025,419
8814,1771,01/01/2025,28
8815,4881,01/01/2025,222
8816,383,01/01/2025,158
8817,3133,01/01/2025,195
8818,566,01/01/2025,313
8819,2516,01/01/2025,443
8820,3753,01/01/2025,18
8821,1247,01/01/2025,595
8822,1213,01/01/2025,561
8823,1595,01/01/2025,328
8824,934,01/01/2025,379
8825,3204,01/01/2025,537
8826,4072,01/01/2025,527
8827,4896,01/01/2025,157
8828,1493,01/01/2025,216
8829,4948,01/01/2025,172
8830,4854,01/01/2025,530
8831,4882,01/01/2025,99
8832,2430,01/01/2025,398
8833,2883,01/01/2025,530
8834,2802,01/01/2025,41
8835,844,01/01/2025,179
8836,3847,01/01/2025,53
8837,3984,01/01/2025,277
8838,256,01/01/2025,45
8839,225,01/01/2025,444
8840,3179,01/01/2025,598
8841,3862,01/01/2025,423
8842,4512,01/01/2025,140
8843,1341,01/01/2025,173
8844,3876,01/01/2025,134
8845,3515,01/01/2025,588
8846,2195,01/01/2025,419
8847,4214,01/01/2025,283
8848,4944,01/01/2025,366
8849,568,01/01/2025,117
8850,1268,01/01/2025,584
8851,1365,01/01/2025,274
8852,2451,01/01/2025,130
8853,1888,01/01/2025,526
8854,3859,01/01/2025,312
8855,2967,01/01/2025,30
8856,501,01/01/2025,107
8857,3128,01/01/2025,266
8858,958,01/01/2025,116
8859,2021,01/01/2025,232
8860,4713,01/01/2025,554
8861,3831,01/01/2025,181
8862,4747,01/01/2025,282
8863,4695,01/01/2025,249
8864,253,01/01/2025,561
8865,2817,01/01/2025,531
8866,2649,01/01/2025,390
8867,2796,01/01/2025,276
8868,708,01/01/2025,468
8869,3552,01/01/2025,560
8870,2281,01/01/2025,295
8871,4687,01/01/2025,275
8872,3171,01/01/2025,396
8873,1979,01/01/2025,309
8874,3119,01/01/2025,61
8875,1941,01/01/2025,120
8876,2562,01/01/2025,19
8877,93,01/01/2025,0
8878,4993,01/01/2025,38
8879,745,01/01/2025,172
8880,1547,01/01/2025,147
8881,4891,01/01/2025,204
8882,547,01/01/2025,108
8883,1173,01/01/2025,284
8884,4545,01/01/2025,399
8885,2225,01/01/2025,265
8886,3852,01/01/2025,303
8887,2933,01/01/2025,503
8888,2622,01/01/2025,452
8889,4031,01/01/2025,228
8890,3405,01/01/2025,261
8891,978,01/01/2025,480
8892,95,01/01/2025,573
8893,1951,01/01/2025,94
8894,1586,01/01/2025,254
8895,1792,01/01/2025,222
8896,2765,01/01/2025,420
8897,30,01/01/2025,302
8898,1137,01/01/2025,389
8899,20,01/01/2025,590
8900,3231,01/01/2025,549
8901,4358,01/01/2025,485
8902,624,01/01/2025,314
8903,161,01/01/2025,76
8904,712,01/01/2025,488
8905,481,01/01/2025,573
8906,2062,01/01/2025,25
8907,2962,01/01/2025,136
8908,1413,01/01/2025,524
8909,4645,01/01/2025,28
8910,894,01/01/2025,0
8911,1643,01/01/2025,115
8912,3484,01/01/2025,331
8913,2183,01/01/2025,9
8914,4455,01/01/2025,319
8915,1487,01/01/2025,388
8916,4467,01/01/2025,142
8917,2111,01/01/2025,98
8918,1100,01/01/2025,483
8919,1034,01/01/2025,440
8920,1296,01/01/2025,326
8921,1337,01/01/2025,381
8922,3253,01/01/2025,122
8923,676,01/01/2025,86
8924,638,01/01/2025,255
8925,2004,01/01/2025,340
8926,905,01/01/2025,359
8927,2652,01/01/2025,580
8928,742,01/01/2025,57
8929,382,01/01/2025,376
8930,3470,01/01/2025,441
8931,2207,01/01/2025,352
8932,1396,01/01/2025,75
8933,1020,01/01/2025,527
8934,118,01/01/2025,385
8935,3992,01/01/2025,578
8936,4507,01/01/2025,156
8937,1507,01/01/2025,63
8938,2429,01/01/2025,556
8939,2130,01/01/2025,418
8940,3290,01/01/2025,583
8941,3218,01/01/2025,198
8942,4924,01/01/2025,439
8943,2577,01/01/2025,590
8944,3774,01/01/2025,308
8945,2863,01/01/2025,49
8946,3248,01/01/2025,406
8947,962,01/01/2025,536
8948,2871,01/01/2025,597
8949,4471,01/01/2025,457
8950,451,01/01/2025,166
8951,4637,01/01/2025,88
8952,2195,01/01/2025,193
8953,2335,01/01/2025,200
8954,187,01/01/2025,171
8955,3721,01/01/2025,408
8956,1162,01/01/2025,394
8957,4275,01/01/2025,213
8958,308,01/01/2025,323
8959,4517,01/01/2025,385
8960,4223,01/01/2025,378
8961,823,01/01/2025,17
8962,4542,01/01/2025,374
8963,1704,01/01/2025,426
8964,4798,01/01/2025,219
8965,882,01/01/2025,98
8966,692,01/01/2025,455
8967,4060,01/01/2025,263
8968,1618,01/01/2025,380
8969,3548,01/01/2025,440
8970,2403,01/01/2025,112
8971,1303,01/01/2025,181
8972,4419,01/01/2025,192
8973,1173,01/01/2025,439
8974,2468,01/01/2025,526
8975,4462,01/01/2025,389
8976,1916,01/01/2025,281
8977,4467,01/01/2025,442
8978,3703,01/01/2025,325
8979,2731,01/01/2025,480
8980,2362,01/01/2025,123
8981,3357,01/01/2025,94
8982,2965,01/01/2025,303
8983,2760,01/01/2025,342
8984,140,01/01/2025,430
8985,1975,01/01/2025,345
8986,697,01/01/2025,323
8987,1671,01/01/2025,599
8988,859,01/01/2025,62
8989,4759,01/01/2025,471
8990,4703,01/01/2025,340
8991,2635,01/01/2025,537
8992,912,01/01/2025,110
8993,1695,01/01/2025,121
8994,4726,01/01/2025,595
8995,2047,01/01/2025,10
8996,1714,01/01/2025,179
8997,3098,01/01/2025,111
8998,4997,01/01/2025,357
8999,1782,01/01/2025,30
9000,1447,01/01/2025,NULL
9001,1330,01/01/2025,476
9002,3672,01/01/2025,453
9003,3509,01/01/2025,163
9004,4189,01/01/2025,89
9005,2267,01/01/2025,449
9006,476,01/01/2025,181
9007,3070,01/01/2025,501
9008,3210,01/01/2025,35
9009,4287,01/01/2025,123
9010,3600,01/01/2025,588
9011,274,01/01/2025,384
9012,1002,01/01/2025,519
9013,3723,01/01/2025,499
9014,1387,01/01/2025,276
9015,1464,01/01/2025,595
9016,565,01/01/2025,340
9017,3123,01/01/2025,352
9018,3906,01/01/2025,386
9019,1016,01/01/2025,381
9020,1064,01/01/2025,38
9021,2101,01/01/2025,573
9022,2256,01/01/2025,63
9023,3079,01/01/2025,198
9024,4524,01/01/2025,578
9025,2602,01/01/2025,136
9026,1896,01/01/2025,70
9027,106,01/01/2025,472
9028,1294,01/01/2025,252
9029,2735,01/01/2025,208
9030,4621,01/01/2025,238
9031,1941,01/01/2025,330
9032,3709,01/01/2025,445
9033,2099,01/01/2025,258
9034,2129,01/01/2025,313
9035,2860,01/01/2025,417
9036,388,01/01/2025,460
9037,4980,01/01/2025,320
9038,930,01/01/2025,270
9039,3756,01/01/2025,292
9040,3550,01/01/2025,485
9041,2912,01/01/2025,89
9042,2284,01/01/2025,44
9043,298,01/01/2025,477
9044,2503,01/01/2025,78
9045,376,01/01/2025,20
9046,4392,01/01/2025,461
9047,381,01/01/2025,69
9048,3385,01/01/2025,379
9049,2598,01/01/2025,343
9050,1367,01/01/2025,244
9051,3259,01/01/2025,536
9052,1767,01/01/2025,377
9053,352,01/01/2025,157
9054,2284,01/01/2025,535
9055,4461,01/01/2025,387
9056,1135,01/01/2025,467
9057,1066,01/01/2025,3
9058,2109,01/01/2025,89
9059,314,01/01/2025,362
9060,1245,01/01/2025,502
9061,1488,01/01/2025,305
9062,4346,01/01/2025,216
9063,1743,01/01/2025,485
9064,557,01/01/2025,451
9065,2782,01/01/2025,114
9066,386,01/01/2025,145
9067,3317,01/01/2025,316
9068,2609,01/01/2025,135
9069,889,01/01/2025,546
9070,3192,01/01/2025,541
9071,1125,01/01/2025,406
9072,2530,01/01/2025,422
9073,998,01/01/2025,526
9074,2701,01/01/2025,360
9075,670,01/01/2025,314
9076,2937,01/01/2025,247
9077,3635,01/01/2025,540
9078,2661,01/01/2025,393
9079,2181,01/01/2025,423
9080,419,01/01/2025,124
9081,785,01/01/2025,281
9082,56,01/01/2025,106
9083,3047,01/01/2025,564
9084,2353,01/01/2025,16
9085,1419,01/01/2025,501
9086,4840,01/01/2025,130
9087,1721,01/01/2025,118
9088,3279,01/01/2025,332
9089,2728,01/01/2025,136
9090,918,01/01/2025,591
9091,3825,01/01/2025,310
9092,2531,01/01/2025,287
9093,2718,01/01/2025,588
9094,887,01/01/2025,191
9095,1687,01/01/2025,460
9096,3811,01/01/2025,230
9097,3076,01/01/2025,488
9098,2207,01/01/2025,62
9099,1413,01/01/2025,365
9100,3710,01/01/2025,452
9101,2821,01/01/2025,424
9102,1621,01/01/2025,275
9103,3805,01/01/2025,448
9104,864,01/01/2025,120
9105,2826,01/01/2025,590
9106,1019,01/01/2025,192
9107,4247,01/01/2025,320
9108,2773,01/01/2025,215
9109,1018,01/01/2025,442
9110,592,01/01/2025,73
9111,3351,01/01/2025,275
9112,2942,01/01/2025,374
9113,3142,01/01/2025,115
9114,3820,01/01/2025,350
9115,1771,01/01/2025,320
9116,1938,01/01/2025,556
9117,4715,01/01/2025,194
9118,4174,01/01/2025,255
9119,3538,01/01/2025,487
9120,4585,01/01/2025,392
9121,4002,01/01/2025,509
9122,4631,01/01/2025,340
9123,4782,01/01/2025,227
9124,4071,01/01/2025,317
9125,4962,01/01/2025,479
9126,3109,01/01/2025,8
9127,763,01/01/2025,155
9128,3599,01/01/2025,138
9129,753,01/01/2025,76
9130,4652,01/01/2025,255
9131,3269,01/01/2025,526
9132,4483,01/01/2025,514
9133,205,01/01/2025,252
9134,2375,01/01/2025,216
9135,669,01/01/2025,115
9136,971,01/01/2025,369
9137,1926,01/01/2025,80
9138,4216,01/01/2025,507
9139,1406,01/01/2025,85
9140,2945,01/01/2025,135
9141,3758,01/01/2025,383
9142,1044,01/01/2025,263
9143,4220,01/01/2025,126
9144,2686,01/01/2025,267
9145,4215,01/01/2025,590
9146,2627,01/01/2025,271
9147,172,01/01/2025,245
9148,679,01/01/2025,368
9149,2036,01/01/2025,268
9150,657,01/01/2025,240
9151,4356,01/01/2025,426
9152,2321,01/01/2025,66
9153,4365,01/01/2025,588
9154,2441,01/01/2025,543
9155,2201,01/01/2025,452
9156,4130,01/01/2025,215
9157,359,01/01/2025,185
9158,127,01/01/2025,72
9159,2326,01/01/2025,99
9160,2381,01/01/2025,56
9161,2975,01/01/2025,461
9162,3781,01/01/2025,421
9163,2686,01/01/2025,484
9164,121,01/01/2025,530
9165,1042,01/01/2025,285
9166,2729,01/01/2025,245
9167,1868,01/01/2025,397
9168,686,01/01/2025,433
9169,4759,01/01/2025,139
9170,4334,01/01/2025,562
9171,444,01/01/2025,333
9172,2407,01/01/2025,514
9173,3672,01/01/2025,442
9174,2659,01/01/2025,166
9175,3614,01/01/2025,231
9176,4765,01/01/2025,581
9177,4607,01/01/2025,528
9178,2720,01/01/2025,426
9179,4667,01/01/2025,9
9180,635,01/01/2025,185
9181,4103,01/01/2025,438
9182,199,01/01/2025,491
9183,4434,01/01/2025,237
9184,3833,01/01/2025,247
9185,929,01/01/2025,381
9186,3333,01/01/2025,72
9187,3802,01/01/2025,562
9188,403,01/01/2025,515
9189,2336,01/01/2025,115
9190,4103,01/01/2025,147
9191,3952,01/01/2025,588
9192,2970,01/01/2025,156
9193,1206,01/01/2025,39
9194,4716,01/01/2025,67
9195,2396,01/01/2025,461
9196,4070,01/01/2025,577
9197,588,01/01/2025,473
9198,4716,01/01/2025,80
9199,4424,01/01/2025,536
9200,1970,01/01/2025,478
9201,2162,01/01/2025,268
9202,4718,01/01/2025,311
9203,4581,01/01/2025,448
9204,1939,01/01/2025,321
9205,4129,01/01/2025,260
9206,1393,01/01/2025,255
9207,2817,01/01/2025,11
9208,3080,01/01/2025,162
9209,1603,01/01/2025,322
9210,4827,01/01/2025,206
9211,4987,01/01/2025,30
9212,184,01/01/2025,485
9213,2505,01/01/2025,152
9214,4246,01/01/2025,190
9215,39,01/01/2025,418
9216,4154,01/01/2025,226
9217,3696,01/01/2025,532
9218,2879,01/01/2025,457
9219,4436,01/01/2025,275
9220,2878,01/01/2025,9
9221,2396,01/01/2025,52
9222,1191,01/01/2025,0
9223,3563,01/01/2025,137
9224,745,01/01/2025,402
9225,2336,01/01/2025,449
9226,2079,01/01/2025,250
9227,2086,01/01/2025,96
9228,1405,01/01/2025,519
9229,2741,01/01/2025,333
9230,1167,01/01/2025,210
9231,4227,01/01/2025,429
9232,1542,01/01/2025,214
9233,28,01/01/2025,563
9234,694,01/01/2025,419
9235,3707,01/01/2025,591
9236,3382,01/01/2025,573
9237,2411,01/01/2025,185
9238,660,01/01/2025,138
9239,4170,01/01/2025,153
9240,3287,01/01/2025,356
9241,1338,01/01/2025,288
9242,2407,01/01/2025,103
9243,61,01/01/2025,164
9244,4963,01/01/2025,546
9245,4102,01/01/2025,332
9246,4445,01/01/2025,167
9247,2384,01/01/2025,373
9248,2673,01/01/2025,110
9249,1125,01/01/2025,196
9250,880,01/01/2025,553
9251,2726,01/01/2025,455
9252,3545,01/01/2025,241
9253,2787,01/01/2025,457
9254,3084,01/01/2025,118
9255,3577,01/01/2025,159
9256,4450,01/01/2025,338
9257,3823,01/01/2025,546
9258,4879,01/01/2025,157
9259,2638,01/01/2025,134
9260,604,01/01/2025,82
9261,4546,01/01/2025,83
9262,3974,01/01/2025,428
9263,3794,01/01/2025,430
9264,1611,01/01/2025,83
9265,3021,01/01/2025,254
9266,4945,01/01/2025,515
9267,3457,01/01/2025,320
9268,73,01/01/2025,45
9269,3029,01/01/2025,294
9270,1785,01/01/2025,379
9271,4008,01/01/2025,43
9272,4536,01/01/2025,287
9273,276,01/01/2025,359
9274,2475,01/01/2025,589
9275,1433,01/01/2025,302
9276,4053,01/01/2025,188
9277,510,01/01/2025,98
9278,1940,01/01/2025,411
9279,1646,01/01/2025,155
9280,2856,01/01/2025,131
9281,2732,01/01/2025,184
9282,511,01/01/2025,487
9283,2350,01/01/2025,176
9284,242,01/01/2025,183
9285,4411,01/01/2025,381
9286,663,01/01/2025,463
9287,3200,01/01/2025,106
9288,741,01/01/2025,373
9289,186,01/01/2025,119
9290,456,01/01/2025,216
9291,1395,01/01/2025,287
9292,458,01/01/2025,197
9293,1863,01/01/2025,474
9294,4149,01/01/2025,65
9295,1466,01/01/2025,379
9296,2871,01/01/2025,417
9297,705,01/01/2025,544
9298,4558,01/01/2025,231
9299,4551,01/01/2025,169
9300,3117,01/01/2025,306
9301,1892,01/01/2025,146
9302,3922,01/01/2025,234
9303,2631,01/01/2025,9
9304,2510,01/01/2025,268
9305,978,01/01/2025,261
9306,2361,01/01/2025,7
9307,2646,01/01/2025,271
9308,1862,01/01/2025,120
9309,1418,01/01/2025,112
9310,2570,01/01/2025,19
9311,255,01/01/2025,32
9312,4897,01/01/2025,148
9313,601,01/01/2025,196
9314,2458,01/01/2025,79
9315,1172,01/01/2025,59
9316,1030,01/01/2025,2
9317,1796,01/01/2025,508
9318,2894,01/01/2025,42
9319,2198,01/01/2025,486
9320,496,01/01/2025,292
9321,516,01/01/2025,141
9322,496,01/01/2025,427
9323,1056,01/01/2025,599
9324,2708,01/01/2025,147
9325,2125,01/01/2025,423
9326,2833,01/01/2025,190
9327,2321,01/01/2025,574
9328,1096,01/01/2025,430
9329,4656,01/01/2025,383
9330,4566,01/01/2025,482
9331,3911,01/01/2025,68
9332,790,01/01/2025,530
9333,1034,01/01/2025,207
9334,4555,01/01/2025,267
9335,4904,01/01/2025,574
9336,4443,01/01/2025,47
9337,44,01/01/2025,67
9338,635,01/01/2025,33
9339,3852,01/01/2025,240
9340,1850,01/01/2025,562
9341,1748,01/01/2025,273
9342,544,01/01/2025,92
9343,1927,01/01/2025,6
9344,889,01/01/2025,130
9345,245,01/01/2025,464
9346,4142,01/01/2025,215
9347,658,01/01/2025,340
9348,1945,01/01/2025,322
9349,3577,01/01/2025,362
9350,1961,01/01/2025,59
9351,321,01/01/2025,88
9352,2489,01/01/2025,514
9353,4833,01/01/2025,498
9354,2012,01/01/2025,11
9355,3064,01/01/2025,165
9356,2598,01/01/2025,213
9357,2598,01/01/2025,167
9358,2836,01/01/2025,314
9359,972,01/01/2025,338
9360,3717,01/01/2025,413
9361,4416,01/01/2025,28
9362,1333,01/01/2025,470
9363,2594,01/01/2025,30
9364,2911,01/01/2025,382
9365,2153,01/01/2025,286
9366,3614,01/01/2025,565
9367,2289,01/01/2025,287
9368,384,01/01/2025,351
9369,3475,01/01/2025,232
9370,4525,01/01/2025,242
9371,4456,01/01/2025,559
9372,3305,01/01/2025,380
9373,141,01/01/2025,60
9374,1165,01/01/2025,449
9375,3100,01/01/2025,201
9376,3008,01/01/2025,221
9377,3604,01/01/2025,348
9378,242,01/01/2025,243
9379,3593,01/01/2025,363
9380,4324,01/01/2025,301
9381,3156,01/01/2025,50
9382,3728,01/01/2025,449
9383,312,01/01/2025,263
9384,2470,01/01/2025,320
9385,2311,01/01/2025,596
9386,2779,01/01/2025,266
9387,3610,01/01/2025,49
9388,3862,01/01/2025,510
9389,1625,01/01/2025,358
9390,3074,01/01/2025,175
9391,70,01/01/2025,452
9392,484,01/01/2025,331
9393,426,01/01/2025,465
9394,1873,01/01/2025,211
9395,1387,01/01/2025,168
9396,179,01/01/2025,253
9397,1802,01/01/2025,448
9398,3945,01/01/2025,96
9399,4450,01/01/2025,139
9400,947,01/01/2025,201
9401,405,01/01/2025,339
9402,3385,01/01/2025,134
9403,253,01/01/2025,69
9404,4352,01/01/2025,34
9405,2616,01/01/2025,569
9406,4439,01/01/2025,26
9407,2320,01/01/2025,369
9408,4249,01/01/2025,353
9409,1269,01/01/2025,218
9410,2380,01/01/2025,153
9411,2172,01/01/2025,458
9412,4763,01/01/2025,557
9413,2753,01/01/2025,506
9414,145,01/01/2025,467
9415,1605,01/01/2025,39
9416,2564,01/01/2025,593
9417,2295,01/01/2025,261
9418,85,01/01/2025,507
9419,4744,01/01/2025,108
9420,4467,01/01/2025,344
9421,3551,01/01/2025,452
9422,1898,01/01/2025,194
9423,3029,01/01/2025,532
9424,508,01/01/2025,271
9425,2611,01/01/2025,273
9426,192,01/01/2025,335
9427,4200,01/01/2025,418
9428,4934,01/01/2025,228
9429,1644,01/01/2025,23
9430,3522,01/01/2025,532
9431,602,01/01/2025,279
9432,4434,01/01/2025,250
9433,2843,01/01/2025,516
9434,1287,01/01/2025,361
9435,4976,01/01/2025,61
9436,3335,01/01/2025,521
9437,3148,01/01/2025,365
9438,1056,01/01/2025,200
9439,4324,01/01/2025,451
9440,1605,01/01/2025,333
9441,406,01/01/2025,78
9442,2179,01/01/2025,119
9443,1061,01/01/2025,279
9444,1049,01/01/2025,304
9445,2927,01/01/2025,531
9446,908,01/01/2025,542
9447,460,01/01/2025,598
9448,2240,01/01/2025,255
9449,1503,01/01/2025,207
9450,2670,01/01/2025,308
9451,4492,01/01/2025,36
9452,4250,01/01/2025,547
9453,39,01/01/2025,55
9454,1359,01/01/2025,13
9455,705,01/01/2025,222
9456,2812,01/01/2025,289
9457,2034,01/01/2025,366
9458,2604,01/01/2025,404
9459,755,01/01/2025,490
9460,1705,01/01/2025,218
9461,4178,01/01/2025,54
9462,3958,01/01/2025,528
9463,1053,01/01/2025,547
9464,4744,01/01/2025,236
9465,889,01/01/2025,429
9466,3708,01/01/2025,547
9467,3271,01/01/2025,273
9468,1695,01/01/2025,257
9469,2033,01/01/2025,351
9470,1398,01/01/2025,515
9471,4628,01/01/2025,251
9472,822,01/01/2025,503
9473,4932,01/01/2025,369
9474,1929,01/01/2025,543
9475,1046,01/01/2025,599
9476,2730,01/01/2025,495
9477,3138,01/01/2025,8
9478,4707,01/01/2025,332
9479,2951,01/01/2025,24
9480,3776,01/01/2025,272
9481,2370,01/01/2025,538
9482,3865,01/01/2025,398
9483,4933,01/01/2025,531
9484,4211,01/01/2025,462
9485,4809,01/01/2025,216
9486,1100,01/01/2025,142
9487,2672,01/01/2025,593
9488,769,01/01/2025,199
9489,3851,01/01/2025,153
9490,895,01/01/2025,271
9491,182,01/01/2025,9
9492,694,01/01/2025,354
9493,3672,01/01/2025,400
9494,3166,01/01/2025,484
9495,1120,01/01/2025,474
9496,2503,01/01/2025,112
9497,1025,01/01/2025,49
9498,269,01/01/2025,213
9499,687,01/01/2025,288
9500,1129,01/01/2025,NULL
9501,2607,01/01/2025,306
9502,632,01/01/2025,448
9503,615,01/01/2025,138
9504,612,01/01/2025,183
9505,3572,01/01/2025,195
9506,3017,01/01/2025,469
9507,3049,01/01/2025,193
9508,4267,01/01/2025,142
9509,632,01/01/2025,305
9510,491,01/01/2025,189
9511,4350,01/01/2025,66
9512,3143,01/01/2025,65
9513,4758,01/01/2025,218
9514,4427,01/01/2025,369
9515,4415,01/01/2025,345
9516,3767,01/01/2025,425
9517,113,01/01/2025,6
9518,1310,01/01/2025,459
9519,4877,01/01/2025,25
9520,569,01/01/2025,249
9521,2636,01/01/2025,453
9522,3578,01/01/2025,414
9523,3311,01/01/2025,563
9524,1277,01/01/2025,581
9525,4620,01/01/2025,592
9526,2263,01/01/2025,207
9527,963,01/01/2025,479
9528,784,01/01/2025,532
9529,47,01/01/2025,343
9530,1341,01/01/2025,77
9531,4096,01/01/2025,97
9532,1505,01/01/2025,354
9533,3099,01/01/2025,139
9534,4210,01/01/2025,282
9535,4258,01/01/2025,359
9536,2326,01/01/2025,571
9537,4539,01/01/2025,171
9538,4027,01/01/2025,420
9539,180,01/01/2025,321
9540,4401,01/01/2025,61
9541,1300,01/01/2025,427
9542,2341,01/01/2025,372
9543,4171,01/01/2025,44
9544,364,01/01/2025,467
9545,533,01/01/2025,140
9546,2242,01/01/2025,25
9547,4836,01/01/2025,78
9548,3268,01/01/2025,528
9549,1894,01/01/2025,544
9550,1259,01/01/2025,395
9551,4682,01/01/2025,108
9552,1612,01/01/2025,1
9553,2467,01/01/2025,342
9554,1998,01/01/2025,134
9555,3449,01/01/2025,212
9556,869,01/01/2025,593
9557,498,01/01/2025,167
9558,2585,01/01/2025,586
9559,4717,01/01/2025,450
9560,1544,01/01/2025,181
9561,333,01/01/2025,498
9562,4255,01/01/2025,262
9563,391,01/01/2025,18
9564,1435,01/01/2025,585
9565,4090,01/01/2025,395
9566,2293,01/01/2025,1
9567,669,01/01/2025,381
9568,816,01/01/2025,369
9569,1229,01/01/2025,114
9570,2654,01/01/2025,566
9571,3366,01/01/2025,341
9572,3181,01/01/2025,586
9573,2543,01/01/2025,322
9574,2083,01/01/2025,203
9575,2788,01/01/2025,216
9576,2023,01/01/2025,324
9577,3481,01/01/2025,18
9578,215,01/01/2025,322
9579,4433,01/01/2025,77
9580,3930,01/01/2025,566
9581,1997,01/01/2025,261
9582,3105,01/01/2025,477
9583,2480,01/01/2025,235
9584,2959,01/01/2025,438
9585,4676,01/01/2025,374
9586,133,01/01/2025,384
9587,1462,01/01/2025,434
9588,1742,01/01/2025,173
9589,4795,01/01/2025,223
9590,3793,01/01/2025,362
9591,4508,01/01/2025,82
9592,1118,01/01/2025,188
9593,1528,01/01/2025,208
9594,214,01/01/2025,71
9595,3449,01/01/2025,385
9596,64,01/01/2025,357
9597,76,01/01/2025,215
9598,320,01/01/2025,35
9599,3450,01/01/2025,118
9600,715,01/01/2025,395
9601,3235,01/01/2025,328
9602,3453,01/01/2025,257
9603,4114,01/01/2025,522
9604,2682,01/01/2025,163
9605,3942,01/01/2025,41
9606,192,01/01/2025,226
9607,301,01/01/2025,289
9608,1481,01/01/2025,56
9609,2632,01/01/2025,234
9610,2509,01/01/2025,38
9611,2179,01/01/2025,172
9612,744,01/01/2025,420
9613,248,01/01/2025,374
9614,224,01/01/2025,131
9615,2497,01/01/2025,586
9616,1435,01/01/2025,193
9617,1490,01/01/2025,405
9618,1046,01/01/2025,60
9619,4465,01/01/2025,57
9620,4046,01/01/2025,435
9621,4311,01/01/2025,278
9622,1180,01/01/2025,264
9623,1586,01/01/2025,466
9624,46,01/01/2025,248
9625,332,01/01/2025,516
9626,2950,01/01/2025,23
9627,1881,01/01/2025,418
9628,1476,01/01/2025,534
9629,230,01/01/2025,424
9630,1629,01/01/2025,124
9631,1000,01/01/2025,343
9632,2514,01/01/2025,276
9633,2549,01/01/2025,183
9634,793,01/01/2025,197
9635,510,01/01/2025,597
9636,4796,01/01/2025,491
9637,708,01/01/2025,557
9638,2485,01/01/2025,433
9639,4019,01/01/2025,359
9640,1126,01/01/2025,517
9641,28,01/01/2025,233
9642,1090,01/01/2025,138
9643,4409,01/01/2025,585
9644,213,01/01/2025,489
9645,3991,01/01/2025,176
9646,1574,01/01/2025,533
9647,552,01/01/2025,161
9648,4176,01/01/2025,84
9649,103,01/01/2025,283
9650,1830,01/01/2025,589
9651,3619,01/01/2025,77
9652,2388,01/01/2025,250
9653,2882,01/01/2025,89
9654,4919,01/01/2025,180
9655,1966,01/01/2025,403
9656,1971,01/01/2025,507
9657,2699,01/01/2025,186
9658,3476,01/01/2025,381
9659,742,01/01/2025,117
9660,956,01/01/2025,227
9661,1760,01/01/2025,507
9662,3276,01/01/2025,508
9663,1769,01/01/2025,331
9664,1942,01/01/2025,269
9665,3352,01/01/2025,383
9666,3512,01/01/2025,399
9667,4027,01/01/2025,596
9668,3570,01/01/2025,76
9669,2877,01/01/2025,447
9670,3338,01/01/2025,329
9671,1387,01/01/2025,145
9672,638,01/01/2025,91
9673,3677,01/01/2025,223
9674,3920,01/01/2025,118
9675,2288,01/01/2025,187
9676,1339,01/01/2025,359
9677,3412,01/01/2025,216
9678,3416,01/01/2025,341
9679,2031,01/01/2025,461
9680,917,01/01/2025,575
9681,3176,01/01/2025,524
9682,2808,01/01/2025,333
9683,4783,01/01/2025,523
9684,3495,01/01/2025,149
9685,3833,01/01/2025,97
9686,590,01/01/2025,56
9687,1458,01/01/2025,67
9688,481,01/01/2025,29
9689,3453,01/01/2025,435
9690,2502,01/01/2025,132
9691,3454,01/01/2025,228
9692,4049,01/01/2025,381
9693,3021,01/01/2025,413
9694,3048,01/01/2025,239
9695,4572,01/01/2025,429
9696,3079,01/01/2025,253
9697,956,01/01/2025,53
9698,1035,01/01/2025,407
9699,3791,01/01/2025,108
9700,152,01/01/2025,589
9701,2106,01/01/2025,316
9702,776,01/01/2025,363
9703,1539,01/01/2025,240
9704,345,01/01/2025,483
9705,1551,01/01/2025,265
9706,2885,01/01/2025,60
9707,1811,01/01/2025,439
9708,2881,01/01/2025,533
9709,2667,01/01/2025,193
9710,4358,01/01/2025,570
9711,4367,01/01/2025,148
9712,25,01/01/2025,359
9713,4256,01/01/2025,383
9714,1249,01/01/2025,418
9715,703,01/01/2025,527
9716,2556,01/01/2025,479
9717,1264,01/01/2025,328
9718,104,01/01/2025,479
9719,3673,01/01/2025,557
9720,2856,01/01/2025,31
9721,3689,01/01/2025,386
9722,1280,01/01/2025,374
9723,370,01/01/2025,176
9724,4253,01/01/2025,229
9725,3645,01/01/2025,478
9726,1431,01/01/2025,35
9727,2107,01/01/2025,12
9728,3905,01/01/2025,599
9729,4236,01/01/2025,327
9730,1920,01/01/2025,427
9731,4550,01/01/2025,573
9732,4898,01/01/2025,18
9733,2144,01/01/2025,305
9734,2297,01/01/2025,49
9735,3196,01/01/2025,589
9736,2682,01/01/2025,239
9737,321,01/01/2025,546
9738,2962,01/01/2025,80
9739,669,01/01/2025,210
9740,1564,01/01/2025,200
9741,4393,01/01/2025,257
9742,1822,01/01/2025,193
9743,723,01/01/2025,356
9744,1869,01/01/2025,438
9745,3416,01/01/2025,473
9746,1700,01/01/2025,121
9747,244,01/01/2025,6
9748,317,01/01/2025,276
9749,3180,01/01/2025,221
9750,4807,01/01/2025,46
9751,3096,01/01/2025,362
9752,3742,01/01/2025,510
9753,3827,01/01/2025,194
9754,570,01/01/2025,331
9755,1506,01/01/2025,576
9756,2013,01/01/2025,577
9757,2657,01/01/2025,68
9758,4018,01/01/2025,430
9759,3760,01/01/2025,513
9760,2531,01/01/2025,495
9761,3649,01/01/2025,157
9762,4982,01/01/2025,308
9763,985,01/01/2025,143
9764,3738,01/01/2025,529
9765,1352,01/01/2025,43
9766,1251,01/01/2025,259
9767,83,01/01/2025,33
9768,3261,01/01/2025,196
9769,4507,01/01/2025,215
9770,4362,01/01/2025,359
9771,73,01/01/2025,210
9772,988,01/01/2025,508
9773,4842,01/01/2025,179
9774,1862,01/01/2025,270
9775,3471,01/01/2025,347
9776,643,01/01/2025,15
9777,2768,01/01/2025,387
9778,3549,01/01/2025,50
9779,4212,01/01/2025,34
9780,2766,01/01/2025,41
9781,4564,01/01/2025,40
9782,1582,01/01/2025,60
9783,2439,01/01/2025,188
9784,3788,01/01/2025,377
9785,751,01/01/2025,302
9786,1610,01/01/2025,533
9787,3049,01/01/2025,384
9788,4661,01/01/2025,271
9789,4017,01/01/2025,201
9790,3464,01/01/2025,230
9791,4645,01/01/2025,113
9792,852,01/01/2025,498
9793,1602,01/01/2025,109
9794,1126,01/01/2025,286
9795,2894,01/01/2025,51
9796,3354,01/01/2025,274
9797,1486,01/01/2025,48
9798,4367,01/01/2025,91
9799,4238,01/01/2025,54
9800,2982,01/01/2025,456
9801,1761,01/01/2025,406
9802,2968,01/01/2025,35
9803,3919,01/01/2025,115
9804,2026,01/01/2025,146
9805,62,01/01/2025,506
9806,4921,01/01/2025,395
9807,452,01/01/2025,266
9808,447,01/01/2025,254
9809,2320,01/01/2025,366
9810,3569,01/01/2025,67
9811,3919,01/01/2025,362
9812,4027,01/01/2025,476
9813,4010,01/01/2025,323
9814,3622,01/01/2025,472
9815,3695,01/01/2025,62
9816,2974,01/01/2025,401
9817,2422,01/01/2025,570
9818,4270,01/01/2025,404
9819,3636,01/01/2025,528
9820,4248,01/01/2025,564
9821,1412,01/01/2025,29
9822,223,01/01/2025,590
9823,1306,01/01/2025,349
9824,1677,01/01/2025,329
9825,1927,01/01/2025,289
9826,3766,01/01/2025,506
9827,2755,01/01/2025,374
9828,2701,01/01/2025,392
9829,4080,01/01/2025,359
9830,948,01/01/2025,371
9831,772,01/01/2025,522
9832,3299,01/01/2025,42
9833,1322,01/01/2025,340
9834,4218,01/01/2025,311
9835,1155,01/01/2025,227
9836,4736,01/01/2025,508
9837,1958,01/01/2025,396
9838,1670,01/01/2025,563
9839,3189,01/01/2025,478
9840,3036,01/01/2025,223
9841,197,01/01/2025,474
9842,4401,01/01/2025,317
9843,3388,01/01/2025,510
9844,1059,01/01/2025,1
9845,128,01/01/2025,445
9846,4472,01/01/2025,550
9847,984,01/01/2025,113
9848,481,01/01/2025,448
9849,3218,01/01/2025,217
9850,671,01/01/2025,36
9851,4412,01/01/2025,597
9852,1928,01/01/2025,532
9853,793,01/01/2025,446
9854,179,01/01/2025,264
9855,933,01/01/2025,463
9856,4643,01/01/2025,201
9857,3947,01/01/2025,88
9858,2406,01/01/2025,344
9859,3089,01/01/2025,197
9860,1130,01/01/2025,574
9861,1052,01/01/2025,214
9862,1412,01/01/2025,249
9863,2975,01/01/2025,520
9864,1328,01/01/2025,167
9865,3969,01/01/2025,409
9866,1247,01/01/2025,5
9867,4706,01/01/2025,513
9868,2103,01/01/2025,63
9869,4421,01/01/2025,338
9870,4474,01/01/2025,408
9871,1442,01/01/2025,407
9872,4482,01/01/2025,466
9873,4909,01/01/2025,39
9874,35,01/01/2025,377
9875,2135,01/01/2025,282
9876,2404,01/01/2025,122
9877,3430,01/01/2025,226
9878,3728,01/01/2025,109
9879,404,01/01/2025,267
9880,2930,01/01/2025,598
9881,2488,01/01/2025,270
9882,385,01/01/2025,559
9883,4794,01/01/2025,451
9884,635,01/01/2025,321
9885,1694,01/01/2025,284
9886,3777,01/01/2025,5
9887,884,01/01/2025,456
9888,53,01/01/2025,39
9889,923,01/01/2025,565
9890,3535,01/01/2025,217
9891,2381,01/01/2025,232
9892,1173,01/01/2025,138
9893,1576,01/01/2025,391
9894,4964,01/01/2025,65
9895,1065,01/01/2025,350
9896,3203,01/01/2025,257
9897,536,01/01/2025,516
9898,2873,01/01/2025,585
9899,922,01/01/2025,231
9900,1015,01/01/2025,457
9901,1935,01/01/2025,140
9902,295,01/01/2025,106
9903,3992,01/01/2025,543
9904,1939,01/01/2025,366
9905,2608,01/01/2025,253
9906,4800,01/01/2025,389
9907,2826,01/01/2025,441
9908,3840,01/01/2025,579
9909,2166,01/01/2025,167
9910,1308,01/01/2025,138
9911,4335,01/01/2025,487
9912,2735,01/01/2025,339
9913,2704,01/01/2025,160
9914,2278,01/01/2025,599
9915,1648,01/01/2025,190
9916,848,01/01/2025,162
9917,18,01/01/2025,458
9918,1235,01/01/2025,514
9919,4198,01/01/2025,121
9920,4053,01/01/2025,283
9921,4062,01/01/2025,380
9922,2280,01/01/2025,109
9923,1714,01/01/2025,511
9924,2807,01/01/2025,223
9925,4692,01/01/2025,380
9926,555,01/01/2025,504
9927,76,01/01/2025,122
9928,3634,01/01/2025,252
9929,3368,01/01/2025,240
9930,1120,01/01/2025,503
9931,4698,01/01/2025,64
9932,4823,01/01/2025,498
9933,1548,01/01/2025,531
9934,2279,01/01/2025,220
9935,2804,01/01/2025,347
9936,674,01/01/2025,22
9937,317,01/01/2025,297
9938,1160,01/01/2025,151
9939,1526,01/01/2025,350
9940,1307,01/01/2025,500
9941,4949,01/01/2025,460
9942,551,01/01/2025,243
9943,2424,01/01/2025,462
9944,211,01/01/2025,438
9945,360,01/01/2025,34
9946,3307,01/01/2025,277
9947,2291,01/01/2025,561
9948,987,01/01/2025,359
9949,1119,01/01/2025,378
9950,3782,01/01/2025,172
9951,4294,01/01/2025,439
9952,3705,01/01/2025,307
9953,3048,01/01/2025,427
9954,2130,01/01/2025,61
9955,4313,01/01/2025,87
9956,3026,01/01/2025,193
9957,3973,01/01/2025,242
9958,4355,01/01/2025,349
9959,4006,01/01/2025,255
9960,4437,01/01/2025,262
9961,3948,01/01/2025,304
9962,2258,01/01/2025,104
9963,770,01/01/2025,581
9964,1089,01/01/2025,204
9965,2213,01/01/2025,86
9966,3190,01/01/2025,445
9967,2653,01/01/2025,335
9968,3631,01/01/2025,133
9969,2082,01/01/2025,95
9970,1489,01/01/2025,439
9971,2441,01/01/2025,163
9972,113,01/01/2025,421
9973,2288,01/01/2025,98
9974,2529,01/01/2025,500
9975,1086,01/01/2025,353
9976,2153,01/01/2025,270
9977,2266,01/01/2025,308
9978,1402,01/01/2025,104
9979,2050,01/01/2025,334
9980,4187,01/01/2025,46
9981,3915,01/01/2025,61
9982,3043,01/01/2025,465
9983,2816,01/01/2025,436
9984,1887,01/01/2025,570
9985,2583,01/01/2025,140
9986,3394,01/01/2025,176
9987,1157,01/01/2025,482
9988,3077,01/01/2025,386
9989,448,01/01/2025,294
9990,180,01/01/2025,272
9991,3831,01/01/2025,215
9992,1640,01/01/2025,3
9993,4656,01/01/2025,494
9994,1650,01/01/2025,542
9995,1937,01/01/2025,55
9996,754,01/01/2025,416
9997,1017,01/01/2025,246
9998,4836,01/01/2025,284
9999,3071,01/01/2025,194
10000,181,01/01/2025,NULL
10001,3403,01/01/2025,365
10002,4038,01/01/2025,588
10003,2239,01/01/2025,294
10004,4121,01/01/2025,305
10005,3877,01/01/2025,206
10006,322,01/01/2025,248
10007,1231,01/01/2025,540
10008,3121,01/01/2025,90
10009,4614,01/01/2025,208
10010,1957,01/01/2025,480
10011,2641,01/01/2025,352
10012,1540,01/01/2025,98
10013,2324,01/01/2025,195
10014,4133,01/01/2025,499
10015,2184,01/01/2025,337
10016,3526,01/01/2025,492
10017,733,01/01/2025,162
10018,287,01/01/2025,275
10019,2877,01/01/2025,557
10020,3399,01/01/2025,357
10021,2618,01/01/2025,261
10022,4148,01/01/2025,351
10023,3452,01/01/2025,15
10024,2477,01/01/2025,183
10025,2098,01/01/2025,234
10026,2510,01/01/2025,195
10027,698,01/01/2025,36
10028,3765,01/01/2025,215
10029,112,01/01/2025,190
10030,2338,01/01/2025,112
10031,1302,01/01/2025,576
10032,373,01/01/2025,208
10033,4442,01/01/2025,14
10034,37,01/01/2025,426
10035,4594,01/01/2025,40
10036,1657,01/01/2025,37
10037,2858,01/01/2025,505
10038,3572,01/01/2025,175
10039,1664,01/01/2025,164
10040,2250,01/01/2025,450
10041,2844,01/01/2025,60
10042,156,01/01/2025,444
10043,1638,01/01/2025,357
10044,1386,01/01/2025,387
10045,3225,01/01/2025,291
10046,2762,01/01/2025,412
10047,812,01/01/2025,329
10048,1909,01/01/2025,412
10049,4172,01/01/2025,308
10050,57,01/01/2025,270
10051,4435,01/01/2025,484
10052,2376,01/01/2025,234
10053,3840,01/01/2025,172
10054,2779,01/01/2025,500
10055,2239,01/01/2025,215
10056,4683,01/01/2025,346
10057,1069,01/01/2025,215
10058,2251,01/01/2025,338
10059,537,01/01/2025,586
10060,1376,01/01/2025,37
10061,4147,01/01/2025,356
10062,2209,01/01/2025,563
10063,1652,01/01/2025,352
10064,2624,01/01/2025,576
10065,3286,01/01/2025,377
10066,426,01/01/2025,42
10067,4363,01/01/2025,45
10068,3947,01/01/2025,456
10069,4302,01/01/2025,78
10070,529,01/01/2025,421
10071,1253,01/01/2025,70
10072,3940,01/01/2025,477
10073,3249,01/01/2025,28
10074,1197,01/01/2025,223
10075,3011,01/01/2025,554
10076,3497,01/01/2025,6
10077,4366,01/01/2025,192
10078,375,01/01/2025,309
10079,2000,01/01/2025,101
10080,1520,01/01/2025,478
10081,4928,01/01/2025,31
10082,3940,01/01/2025,323
10083,2647,01/01/2025,503
10084,1506,01/01/2025,90
10085,3245,01/01/2025,88
10086,2210,01/01/2025,576
10087,1217,01/01/2025,180
10088,4315,01/01/2025,316
10089,163,01/01/2025,470
10090,4969,01/01/2025,595
10091,1051,01/01/2025,196
10092,1113,01/01/2025,209
10093,1903,01/01/2025,571
10094,4098,01/01/2025,363
10095,429,01/01/2025,459
10096,2772,01/01/2025,32
10097,573,01/01/2025,133
10098,2394,01/01/2025,50
10099,704,01/01/2025,213
10100,3762,01/01/2025,429
10101,371,01/01/2025,164
10102,4016,01/01/2025,597
10103,90,01/01/2025,532
10104,1800,01/01/2025,542
10105,948,01/01/2025,394
10106,747,01/01/2025,130
10107,3069,01/01/2025,510
10108,3225,01/01/2025,376
10109,360,01/01/2025,128
10110,1845,01/01/2025,107
10111,842,01/01/2025,305
10112,2724,01/01/2025,31
10113,4062,01/01/2025,41
10114,2713,01/01/2025,162
10115,4124,01/01/2025,561
10116,4309,01/01/2025,595
10117,2096,01/01/2025,111
10118,1984,01/01/2025,8
10119,3810,01/01/2025,401
10120,4528,01/01/2025,392
10121,4120,01/01/2025,64
10122,3608,01/01/2025,467
10123,3027,01/01/2025,543
10124,1932,01/01/2025,18
10125,4959,01/01/2025,57
10126,442,01/01/2025,397
10127,4123,01/01/2025,565
10128,2370,01/01/2025,91
10129,3088,01/01/2025,372
10130,648,01/01/2025,42
10131,4258,01/01/2025,511
10132,4877,01/01/2025,474
10133,344,01/01/2025,309
10134,4219,01/01/2025,579
10135,3204,01/01/2025,174
10136,2750,01/01/2025,86
10137,2646,01/01/2025,72
10138,1847,01/01/2025,494
10139,2122,01/01/2025,166
10140,2061,01/01/2025,171
10141,2988,01/01/2025,494
10142,3758,01/01/2025,80
10143,4282,01/01/2025,282
10144,213,01/01/2025,112
10145,1565,01/01/2025,554
10146,2863,01/01/2025,508
10147,3986,01/01/2025,314
10148,499,01/01/2025,252
10149,4202,01/01/2025,406
10150,2950,01/01/2025,372
10151,1461,01/01/2025,327
10152,1111,01/01/2025,412
10153,3211,01/01/2025,408
10154,894,01/01/2025,335
10155,360,01/01/2025,441
10156,631,01/01/2025,428
10157,3016,01/01/2025,83
10158,55,01/01/2025,57
10159,2547,01/01/2025,169
10160,719,01/01/2025,236
10161,3871,01/01/2025,286
10162,4368,01/01/2025,274
10163,157,01/01/2025,541
10164,2664,01/01/2025,440
10165,4785,01/01/2025,44
10166,2403,01/01/2025,230
10167,3519,01/01/2025,459
10168,73,01/01/2025,553
10169,754,01/01/2025,314
10170,4423,01/01/2025,351
10171,4565,01/01/2025,275
10172,4904,01/01/2025,372
10173,2299,01/01/2025,269
10174,2077,01/01/2025,6
10175,4162,01/01/2025,61
10176,79,01/01/2025,388
10177,1731,01/01/2025,306
10178,4227,01/01/2025,280
10179,1984,01/01/2025,233
10180,211,01/01/2025,244
10181,2586,01/01/2025,311
10182,4966,01/01/2025,390
10183,1761,01/01/2025,426
10184,1515,01/01/2025,108
10185,1581,01/01/2025,307
10186,1467,01/01/2025,555
10187,2961,01/01/2025,27
10188,1094,01/01/2025,57
10189,1379,01/01/2025,388
10190,2532,01/01/2025,100
10191,4892,01/01/2025,59
10192,536,01/01/2025,348
10193,3522,01/01/2025,92
10194,1246,01/01/2025,585
10195,2021,01/01/2025,593
10196,2199,01/01/2025,406
10197,3494,01/01/2025,20
10198,3180,01/01/2025,133
10199,4503,01/01/2025,160
10200,3968,01/01/2025,471
10201,4388,01/01/2025,440
10202,974,01/01/2025,174
10203,3588,01/01/2025,54
10204,4686,01/01/2025,470
10205,2961,01/01/2025,422
10206,1324,01/01/2025,20
10207,433,01/01/2025,42
10208,3206,01/01/2025,116
10209,4167,01/01/2025,488
10210,4408,01/01/2025,24
10211,72,01/01/2025,50
10212,1224,01/01/2025,239
10213,3706,01/01/2025,209
10214,4026,01/01/2025,584
10215,742,01/01/2025,371
10216,3877,01/01/2025,172
10217,808,01/01/2025,139
10218,2410,01/01/2025,565
10219,3314,01/01/2025,0
10220,2755,01/01/2025,172
10221,4245,01/01/2025,58
10222,2186,01/01/2025,527
10223,987,01/01/2025,507
10224,4455,01/01/2025,556
10225,779,01/01/2025,535
10226,4628,01/01/2025,534
10227,2497,01/01/2025,475
10228,594,01/01/2025,61
10229,373,01/01/2025,23
10230,4,01/01/2025,427
10231,879,01/01/2025,498
10232,229,01/01/2025,327
10233,267,01/01/2025,251
10234,1727,01/01/2025,265
10235,4441,01/01/2025,416
10236,2046,01/01/2025,13
10237,1071,01/01/2025,361
10238,365,01/01/2025,354
10239,4379,01/01/2025,392
10240,2446,01/01/2025,54
10241,2323,01/01/2025,442
10242,3696,01/01/2025,534
10243,1013,01/01/2025,257
10244,4517,01/01/2025,32
10245,4192,01/01/2025,225
10246,2440,01/01/2025,353
10247,2076,01/01/2025,388
10248,1086,01/01/2025,278
10249,2319,01/01/2025,328
10250,537,01/01/2025,74
10251,822,01/01/2025,217
10252,2170,01/01/2025,74
10253,3313,01/01/2025,276
10254,2605,01/01/2025,79
10255,78,01/01/2025,36
10256,4332,01/01/2025,8
10257,298,01/01/2025,276
10258,2942,01/01/2025,69
10259,3276,01/01/2025,229
10260,561,01/01/2025,424
10261,4612,01/01/2025,598
10262,4777,01/01/2025,210
10263,4155,01/01/2025,128
10264,2936,01/01/2025,338
10265,2351,01/01/2025,505
10266,160,01/01/2025,10
10267,666,01/01/2025,222
10268,2192,01/01/2025,30
10269,4151,01/01/2025,156
10270,4194,01/01/2025,558
10271,4075,01/01/2025,349
10272,4370,01/01/2025,121
10273,913,01/01/2025,85
10274,4530,01/01/2025,402
10275,3673,01/01/2025,220
10276,4202,01/01/2025,496
10277,1076,01/01/2025,230
10278,4131,01/01/2025,352
10279,4873,01/01/2025,297
10280,1281,01/01/2025,300
10281,4049,01/01/2025,333
10282,4060,01/01/2025,0
10283,3568,01/01/2025,567
10284,3415,01/01/2025,500
10285,4165,01/01/2025,159
10286,4817,01/01/2025,536
10287,4451,01/01/2025,507
10288,2103,01/01/2025,393
10289,4511,01/01/2025,103
10290,2327,01/01/2025,387
10291,739,01/01/2025,517
10292,2847,01/01/2025,552
10293,255,01/01/2025,126
10294,205,01/01/2025,154
10295,2867,01/01/2025,571
10296,4040,01/01/2025,529
10297,2607,01/01/2025,506
10298,3900,01/01/2025,455
10299,2591,01/01/2025,504
10300,41,01/01/2025,241
10301,4287,01/01/2025,29
10302,2459,01/01/2025,262
10303,429,01/01/2025,475
10304,797,01/01/2025,416
10305,925,01/01/2025,469
10306,1567,01/01/2025,430
10307,3627,01/01/2025,219
10308,2538,01/01/2025,547
10309,3188,01/01/2025,112
10310,1011,01/01/2025,403
10311,1891,01/01/2025,297
10312,2708,01/01/2025,568
10313,435,01/01/2025,182
10314,2598,01/01/2025,316
10315,876,01/01/2025,245
10316,2995,01/01/2025,28
10317,4134,01/01/2025,380
10318,1577,01/01/2025,33
10319,2481,01/01/2025,181
10320,794,01/01/2025,473
10321,4677,01/01/2025,201
10322,2949,01/01/2025,255
10323,259,01/01/2025,469
10324,526,01/01/2025,243
10325,375,01/01/2025,203
10326,206,01/01/2025,281
10327,867,01/01/2025,332
10328,3555,01/01/2025,434
10329,1622,01/01/2025,391
10330,1297,01/01/2025,57
10331,4305,01/01/2025,91
10332,2748,01/01/2025,168
10333,2188,01/01/2025,525
10334,4551,01/01/2025,32
10335,2833,01/01/2025,387
10336,593,01/01/2025,316
10337,4698,01/01/2025,137
10338,776,01/01/2025,543
10339,842,01/01/2025,167
10340,3337,01/01/2025,48
10341,717,01/01/2025,134
10342,1567,01/01/2025,368
10343,1565,01/01/2025,376
10344,4116,01/01/2025,38
10345,125,01/01/2025,297
10346,1702,01/01/2025,257
10347,1386,01/01/2025,355
10348,103,01/01/2025,342
10349,4790,01/01/2025,586
10350,2172,01/01/2025,239
10351,3541,01/01/2025,222
10352,771,01/01/2025,481
10353,2829,01/01/2025,150
10354,4279,01/01/2025,234
10355,1530,01/01/2025,409
10356,1138,01/01/2025,482
10357,4183,01/01/2025,475
10358,3950,01/01/2025,534
10359,3778,01/01/2025,181
10360,3976,01/01/2025,40
10361,601,01/01/2025,410
10362,1316,01/01/2025,471
10363,3478,01/01/2025,444
10364,1263,01/01/2025,128
10365,590,01/01/2025,25
10366,4450,01/01/2025,579
10367,747,01/01/2025,158
10368,1689,01/01/2025,516
10369,86,01/01/2025,28
10370,712,01/01/2025,250
10371,3556,01/01/2025,248
10372,2959,01/01/2025,48
10373,2168,01/01/2025,389
10374,4506,01/01/2025,176
10375,2286,01/01/2025,483
10376,196,01/01/2025,495
10377,1662,01/01/2025,291
10378,4378,01/01/2025,495
10379,3792,01/01/2025,147
10380,105,01/01/2025,442
10381,2214,01/01/2025,527
10382,1527,01/01/2025,463
10383,1112,01/01/2025,425
10384,3564,01/01/2025,181
10385,1722,01/01/2025,397
10386,1955,01/01/2025,59
10387,2314,01/01/2025,384
10388,2384,01/01/2025,590
10389,516,01/01/2025,44
10390,4802,01/01/2025,100
10391,3739,01/01/2025,227
10392,1251,01/01/2025,245
10393,1765,01/01/2025,409
10394,3650,01/01/2025,2
10395,463,01/01/2025,203
10396,2110,01/01/2025,569
10397,3127,01/01/2025,338
10398,2184,01/01/2025,45
10399,4307,01/01/2025,373
10400,4578,01/01/2025,154
10401,3582,01/01/2025,586
10402,827,01/01/2025,579
10403,1692,01/01/2025,71
10404,2751,01/01/2025,400
10405,3962,01/01/2025,557
10406,1403,01/01/2025,557
10407,1108,01/01/2025,242
10408,3158,01/01/2025,372
10409,2876,01/01/2025,456
10410,758,01/01/2025,173
10411,4509,01/01/2025,240
10412,4255,01/01/2025,43
10413,3975,01/01/2025,158
10414,4121,01/01/2025,542
10415,3920,01/01/2025,64
10416,4109,01/01/2025,462
10417,174,01/01/2025,277
10418,2284,01/01/2025,575
10419,547,01/01/2025,482
10420,1192,01/01/2025,159
10421,211,01/01/2025,523
10422,266,01/01/2025,347
10423,3077,01/01/2025,426
10424,1226,01/01/2025,593
10425,2945,01/01/2025,180
10426,4518,01/01/2025,577
10427,4443,01/01/2025,222
10428,4945,01/01/2025,379
10429,2832,01/01/2025,339
10430,536,01/01/2025,433
10431,3460,01/01/2025,426
10432,113,01/01/2025,135
10433,1653,01/01/2025,114
10434,1750,01/01/2025,335
10435,2116,01/01/2025,449
10436,2308,01/01/2025,50
10437,1768,01/01/2025,434
10438,3614,01/01/2025,297
10439,44,01/01/2025,373
10440,3063,01/01/2025,295
10441,4064,01/01/2025,501
10442,4560,01/01/2025,483
10443,1821,01/01/2025,412
10444,202,01/01/2025,588
10445,109,01/01/2025,522
10446,4728,01/01/2025,118
10447,1068,01/01/2025,68
10448,2667,01/01/2025,401
10449,3226,01/01/2025,476
10450,3043,01/01/2025,268
10451,1689,01/01/2025,447
10452,1067,01/01/2025,330
10453,2983,01/01/2025,595
10454,2985,01/01/2025,406
10455,1874,01/01/2025,218
10456,3788,01/01/2025,155
10457,1556,01/01/2025,596
10458,4777,01/01/2025,469
10459,4841,01/01/2025,222
10460,3212,01/01/2025,524
10461,2450,01/01/2025,20
10462,1562,01/01/2025,431
10463,3377,01/01/2025,58
10464,1325,01/01/2025,99
10465,4694,01/01/2025,415
10466,2329,01/01/2025,460
10467,1523,01/01/2025,15
10468,1323,01/01/2025,255
10469,418,01/01/2025,527
10470,3628,01/01/2025,238
10471,1827,01/01/2025,527
10472,2366,01/01/2025,470
10473,1464,01/01/2025,378
10474,4066,01/01/2025,299
10475,543,01/01/2025,524
10476,2812,01/01/2025,507
10477,4937,01/01/2025,95
10478,4469,01/01/2025,411
10479,964,01/01/2025,172
10480,3881,01/01/2025,320
10481,982,01/01/2025,321
10482,2597,01/01/2025,43
10483,4755,01/01/2025,79
10484,1101,01/01/2025,104
10485,4410,01/01/2025,135
10486,4444,01/01/2025,420
10487,103,01/01/2025,142
10488,2101,01/01/2025,275
10489,2640,01/01/2025,56
10490,379,01/01/2025,75
10491,3933,01/01/2025,316
10492,1849,01/01/2025,458
10493,735,01/01/2025,157
10494,2982,01/01/2025,402
10495,2914,01/01/2025,48
10496,3930,01/01/2025,201
10497,2817,01/01/2025,257
10498,1755,01/01/2025,535
10499,3571,01/01/2025,75
10500,1667,01/01/2025,NULL
10501,4792,01/01/2025,523
10502,56,01/01/2025,380
10503,4350,01/01/2025,244
10504,3864,01/01/2025,279
10505,3151,01/01/2025,298
10506,2138,01/01/2025,59
10507,1764,01/01/2025,567
10508,890,01/01/2025,161
10509,4181,01/01/2025,243
10510,4819,01/01/2025,576
10511,4257,01/01/2025,33
10512,3359,01/01/2025,483
10513,53,01/01/2025,114
10514,4950,01/01/2025,360
10515,2039,01/01/2025,557
10516,3602,01/01/2025,517
10517,909,01/01/2025,497
10518,872,01/01/2025,106
10519,4938,01/01/2025,86
10520,4530,01/01/2025,127
10521,360,01/01/2025,17
10522,677,01/01/2025,353
10523,1988,01/01/2025,474
10524,3859,01/01/2025,522
10525,1310,01/01/2025,348
10526,354,01/01/2025,76
10527,1462,01/01/2025,142
10528,1838,01/01/2025,181
10529,1723,01/01/2025,52
10530,3732,01/01/2025,256
10531,4429,01/01/2025,277
10532,3586,01/01/2025,229
10533,2960,01/01/2025,39
10534,4900,01/01/2025,540
10535,4325,01/01/2025,371
10536,3071,01/01/2025,403
10537,4739,01/01/2025,96
10538,4074,01/01/2025,95
10539,3295,01/01/2025,265
10540,1507,01/01/2025,430
10541,2742,01/01/2025,80
10542,2373,01/01/2025,241
10543,3748,01/01/2025,29
10544,4294,01/01/2025,355
10545,4484,01/01/2025,353
10546,4734,01/01/2025,111
10547,4064,01/01/2025,536
10548,29,01/01/2025,391
10549,3784,01/01/2025,395
10550,3418,01/01/2025,153
10551,2229,01/01/2025,276
10552,2533,01/01/2025,421
10553,385,01/01/2025,381
10554,970,01/01/2025,425
10555,1507,01/01/2025,343
10556,1891,01/01/2025,7
10557,904,01/01/2025,446
10558,2408,01/01/2025,342
10559,2878,01/01/2025,307
10560,2242,01/01/2025,507
10561,729,01/01/2025,551
10562,1175,01/01/2025,348
10563,3885,01/01/2025,77
10564,4539,01/01/2025,207
10565,71,01/01/2025,469
10566,4698,01/01/2025,181
10567,4086,01/01/2025,104
10568,3105,01/01/2025,404
10569,62,01/01/2025,291
10570,1417,01/01/2025,83
10571,3841,01/01/2025,494
10572,630,01/01/2025,210
10573,2116,01/01/2025,478
10574,2455,01/01/2025,359
10575,4768,01/01/2025,155
10576,3330,01/01/2025,89
10577,525,01/01/2025,99
10578,243,01/01/2025,127
10579,760,01/01/2025,506
10580,3399,01/01/2025,555
10581,3497,01/01/2025,443
10582,3145,01/01/2025,9
10583,3467,01/01/2025,477
10584,46,01/01/2025,36
10585,2607,01/01/2025,152
10586,4118,01/01/2025,532
10587,2391,01/01/2025,191
10588,4616,01/01/2025,506
10589,1916,01/01/2025,165
10590,796,01/01/2025,181
10591,3755,01/01/2025,489
10592,1590,01/01/2025,351
10593,1394,01/01/2025,323
10594,1185,01/01/2025,352
10595,4404,01/01/2025,140
10596,272,01/01/2025,269
10597,3932,01/01/2025,503
10598,174,01/01/2025,414
10599,3841,01/01/2025,79
10600,4759,01/01/2025,235
10601,1405,01/01/2025,33
10602,4291,01/01/2025,159
10603,4515,01/01/2025,15
10604,3549,01/01/2025,286
10605,4146,01/01/2025,461
10606,3845,01/01/2025,73
10607,218,01/01/2025,336
10608,1277,01/01/2025,543
10609,3010,01/01/2025,325
10610,4054,01/01/2025,224
10611,4401,01/01/2025,352
10612,616,01/01/2025,37
10613,1348,01/01/2025,502
10614,2111,01/01/2025,404
10615,4985,01/01/2025,172
10616,3767,01/01/2025,400
10617,608,01/01/2025,58
10618,2850,01/01/2025,196
10619,2521,01/01/2025,297
10620,4373,01/01/2025,324
10621,3104,01/01/2025,552
10622,2777,01/01/2025,560
10623,4197,01/01/2025,398
10624,3588,01/01/2025,519
10625,1542,01/01/2025,71
10626,1762,01/01/2025,91
10627,2291,01/01/2025,197
10628,1443,01/01/2025,203
10629,463,01/01/2025,594
10630,189,01/01/2025,16
10631,271,01/01/2025,81
10632,299,01/01/2025,33
10633,1081,01/01/2025,451
10634,1104,01/01/2025,548
10635,1053,01/01/2025,313
10636,1804,01/01/2025,243
10637,2531,01/01/2025,404
10638,1675,01/01/2025,246
10639,3388,01/01/2025,136
10640,284,01/01/2025,475
10641,2234,01/01/2025,111
10642,3665,01/01/2025,448
10643,2994,01/01/2025,519
10644,547,01/01/2025,324
10645,5,01/01/2025,384
10646,830,01/01/2025,248
10647,2070,01/01/2025,481
10648,4416,01/01/2025,434
10649,4259,01/01/2025,290
10650,48,01/01/2025,140
10651,65,01/01/2025,51
10652,1823,01/01/2025,433
10653,4218,01/01/2025,248
10654,3725,01/01/2025,529
10655,611,01/01/2025,117
10656,3224,01/01/2025,22
10657,1162,01/01/2025,342
10658,3279,01/01/2025,412
10659,3988,01/01/2025,474
10660,4521,01/01/2025,163
10661,4692,01/01/2025,380
10662,4492,01/01/2025,28
10663,1618,01/01/2025,406
10664,3000,01/01/2025,397
10665,2782,01/01/2025,435
10666,2735,01/01/2025,332
10667,160,01/01/2025,98
10668,1750,01/01/2025,167
10669,2658,01/01/2025,436
10670,428,01/01/2025,441
10671,433,01/01/2025,35
10672,3925,01/01/2025,361
10673,1386,01/01/2025,415
10674,2733,01/01/2025,261
10675,3266,01/01/2025,499
10676,4746,01/01/2025,322
10677,3954,01/01/2025,166
10678,1513,01/01/2025,1
10679,3632,01/01/2025,129
10680,891,01/01/2025,52
10681,2626,01/01/2025,71
10682,1010,01/01/2025,579
10683,4426,01/01/2025,5
10684,3422,01/01/2025,250
10685,3198,01/01/2025,33
10686,42,01/01/2025,373
10687,2009,01/01/2025,193
10688,3202,01/01/2025,146
10689,335,01/01/2025,162
10690,360,01/01/2025,350
10691,2705,01/01/2025,36
10692,4302,01/01/2025,573
10693,2625,01/01/2025,575
10694,1951,01/01/2025,14
10695,666,01/01/2025,510
10696,60,01/01/2025,264
10697,2844,01/01/2025,596
10698,127,01/01/2025,488
10699,2201,01/01/2025,127
10700,3289,01/01/2025,54
10701,776,01/01/2025,510
10702,1052,01/01/2025,517
10703,175,01/01/2025,398
10704,4631,01/01/2025,221
10705,1233,01/01/2025,497
10706,904,01/01/2025,246
10707,1083,01/01/2025,441
10708,4443,01/01/2025,139
10709,4421,01/01/2025,333
10710,1242,01/01/2025,107
10711,4290,01/01/2025,564
10712,4556,01/01/2025,288
10713,1612,01/01/2025,527
10714,2688,01/01/2025,130
10715,2170,01/01/2025,140
10716,4070,01/01/2025,367
10717,1987,01/01/2025,526
10718,3233,01/01/2025,218
10719,2085,01/01/2025,402
10720,3407,01/01/2025,566
10721,3137,01/01/2025,183
10722,2659,01/01/2025,129
10723,2948,01/01/2025,545
10724,2652,01/01/2025,518
10725,705,01/01/2025,161
10726,2541,01/01/2025,57
10727,732,01/01/2025,94
10728,230,01/01/2025,406
10729,4068,01/01/2025,368
10730,1906,01/01/2025,254
10731,2578,01/01/2025,436
10732,1630,01/01/2025,595
10733,849,01/01/2025,532
10734,3957,01/01/2025,35
10735,3105,01/01/2025,320
10736,2018,01/01/2025,532
10737,2866,01/01/2025,165
10738,2501,01/01/2025,383
10739,1145,01/01/2025,407
10740,372,01/01/2025,90
10741,1724,01/01/2025,155
10742,2340,01/01/2025,268
10743,3668,01/01/2025,553
10744,3125,01/01/2025,113
10745,1417,01/01/2025,63
10746,723,01/01/2025,94
10747,228,01/01/2025,564
10748,2982,01/01/2025,552
10749,2664,01/01/2025,270
10750,644,01/01/2025,15
10751,964,01/01/2025,276
10752,4999,01/01/2025,471
10753,2139,01/01/2025,537
10754,429,01/01/2025,225
10755,754,01/01/2025,526
10756,4562,01/01/2025,358
10757,3196,01/01/2025,174
10758,4915,01/01/2025,216
10759,3700,01/01/2025,194
10760,1857,01/01/2025,271
10761,2390,01/01/2025,22
10762,2890,01/01/2025,138
10763,94,01/01/2025,246
10764,2066,01/01/2025,128
10765,1066,01/01/2025,229
10766,4673,01/01/2025,486
10767,3772,01/01/2025,402
10768,1229,01/01/2025,334
10769,4449,01/01/2025,515
10770,1713,01/01/2025,561
10771,1139,01/01/2025,571
10772,2508,01/01/2025,306
10773,4552,01/01/2025,587
10774,3638,01/01/2025,432
10775,3336,01/01/2025,112
10776,2349,01/01/2025,226
10777,1133,01/01/2025,266
10778,763,01/01/2025,46
10779,3167,01/01/2025,206
10780,4247,01/01/2025,549
10781,477,01/01/2025,485
10782,2170,01/01/2025,308
10783,1696,01/01/2025,436
10784,196,01/01/2025,8
10785,4479,01/01/2025,580
10786,692,01/01/2025,115
10787,3358,01/01/2025,560
10788,2526,01/01/2025,445
10789,4587,01/01/2025,256
10790,209,01/01/2025,187
10791,3737,01/01/2025,273
10792,3238,01/01/2025,575
10793,3030,01/01/2025,244
10794,662,01/01/2025,299
10795,2312,01/01/2025,312
10796,2831,01/01/2025,83
10797,4803,01/01/2025,79
10798,2021,01/01/2025,216
10799,3176,01/01/2025,451
10800,1264,01/01/2025,412
10801,1711,01/01/2025,303
10802,3911,01/01/2025,338
10803,696,01/01/2025,306
10804,806,01/01/2025,384
10805,1292,01/01/2025,377
10806,2273,01/01/2025,31
10807,4171,01/01/2025,416
10808,3929,01/01/2025,115
10809,3746,01/01/2025,48
10810,2569,01/01/2025,458
10811,4126,01/01/2025,36
10812,1729,01/01/2025,372
10813,3116,01/01/2025,79
10814,3230,01/01/2025,77
10815,4898,01/01/2025,160
10816,606,01/01/2025,34
10817,3349,01/01/2025,303
10818,64,01/01/2025,335
10819,3781,01/01/2025,52
10820,3894,01/01/2025,443
10821,691,01/01/2025,496
10822,4446,01/01/2025,593
10823,3958,01/01/2025,298
10824,3156,01/01/2025,59
10825,4737,01/01/2025,403
10826,336,01/01/2025,221
10827,3614,01/01/2025,293
10828,1836,01/01/2025,15
10829,4242,01/01/2025,62
10830,435,01/01/2025,304
10831,2709,01/01/2025,114
10832,4799,01/01/2025,552
10833,1032,01/01/2025,162
10834,4101,01/01/2025,39
10835,4667,01/01/2025,99
10836,2696,01/01/2025,152
10837,1888,01/01/2025,211
10838,1368,01/01/2025,367
10839,4363,01/01/2025,500
10840,349,01/01/2025,274
10841,5,01/01/2025,434
10842,3952,01/01/2025,488
10843,1156,01/01/2025,421
10844,3628,01/01/2025,521
10845,1218,01/01/2025,7
10846,1357,01/01/2025,120
10847,3860,01/01/2025,436
10848,1653,01/01/2025,226
10849,1852,01/01/2025,365
10850,2597,01/01/2025,434
10851,516,01/01/2025,441
10852,2149,01/01/2025,293
10853,2416,01/01/2025,191
10854,2526,01/01/2025,484
10855,2588,01/01/2025,172
10856,2480,01/01/2025,252
10857,4542,01/01/2025,114
10858,2255,01/01/2025,197
10859,3566,01/01/2025,370
10860,4525,01/01/2025,415
10861,608,01/01/2025,450
10862,4190,01/01/2025,457
10863,2350,01/01/2025,380
10864,641,01/01/2025,226
10865,1970,01/01/2025,433
10866,1947,01/01/2025,434
10867,4408,01/01/2025,432
10868,1456,01/01/2025,433
10869,443,01/01/2025,263
10870,2887,01/01/2025,83
10871,4380,01/01/2025,4
10872,2433,01/01/2025,538
10873,1564,01/01/2025,569
10874,1256,01/01/2025,454
10875,1181,01/01/2025,303
10876,3489,01/01/2025,327
10877,4014,01/01/2025,129
10878,1008,01/01/2025,293
10879,3923,01/01/2025,575
10880,3315,01/01/2025,136
10881,3481,01/01/2025,448
10882,4442,01/01/2025,420
10883,4471,01/01/2025,565
10884,1746,01/01/2025,411
10885,3218,01/01/2025,544
10886,3247,01/01/2025,227
10887,3527,01/01/2025,548
10888,2493,01/01/2025,132
10889,469,01/01/2025,530
10890,1086,01/01/2025,523
10891,4181,01/01/2025,59
10892,3535,01/01/2025,449
10893,2388,01/01/2025,184
10894,2180,01/01/2025,533
10895,583,01/01/2025,212
10896,800,01/01/2025,141
10897,4024,01/01/2025,218
10898,1603,01/01/2025,257
10899,143,01/01/2025,372
10900,3460,01/01/2025,291
10901,1625,01/01/2025,559
10902,3990,01/01/2025,1
10903,1392,01/01/2025,217
10904,2969,01/01/2025,406
10905,3217,01/01/2025,567
10906,4861,01/01/2025,597
10907,4268,01/01/2025,298
10908,818,01/01/2025,586
10909,1856,01/01/2025,209
10910,2168,01/01/2025,542
10911,2830,01/01/2025,344
10912,3377,01/01/2025,424
10913,2991,01/01/2025,494
10914,3824,01/01/2025,119
10915,195,01/01/2025,581
10916,1694,01/01/2025,511
10917,28,01/01/2025,544
10918,3986,01/01/2025,467
10919,3922,01/01/2025,546
10920,1843,01/01/2025,113
10921,4106,01/01/2025,512
10922,2009,01/01/2025,392
10923,941,01/01/2025,374
10924,1107,01/01/2025,8
10925,1164,01/01/2025,185
10926,4157,01/01/2025,191
10927,677,01/01/2025,541
10928,1411,01/01/2025,475
10929,1032,01/01/2025,199
10930,3820,01/01/2025,100
10931,329,01/01/2025,489
10932,2510,01/01/2025,573
10933,3936,01/01/2025,280
10934,1265,01/01/2025,209
10935,4849,01/01/2025,455
10936,441,01/01/2025,51
10937,884,01/01/2025,556
10938,1488,01/01/2025,47
10939,558,01/01/2025,540
10940,4157,01/01/2025,427
10941,4118,01/01/2025,573
10942,4204,01/01/2025,408
10943,2233,01/01/2025,561
10944,2081,01/01/2025,55
10945,140,01/01/2025,160
10946,583,01/01/2025,441
10947,4565,01/01/2025,239
10948,1109,01/01/2025,64
10949,1547,01/01/2025,514
10950,2182,01/01/2025,309
10951,1632,01/01/2025,89
10952,3249,01/01/2025,229
10953,3902,01/01/2025,212
10954,435,01/01/2025,458
10955,2127,01/01/2025,16
10956,367,01/01/2025,363
10957,4519,01/01/2025,572
10958,1917,01/01/2025,317
10959,185,01/01/2025,519
10960,4191,01/01/2025,79
10961,3098,01/01/2025,550
10962,2205,01/01/2025,378
10963,680,01/01/2025,186
10964,3124,01/01/2025,13
10965,3237,01/01/2025,386
10966,1991,01/01/2025,574
10967,744,01/01/2025,442
10968,4599,01/01/2025,476
10969,2043,01/01/2025,174
10970,4726,01/01/2025,343
10971,2486,01/01/2025,468
10972,797,01/01/2025,28
10973,2116,01/01/2025,544
10974,2161,01/01/2025,543
10975,190,01/01/2025,308
10976,471,01/01/2025,282
10977,2346,01/01/2025,596
10978,333,01/01/2025,14
10979,3978,01/01/2025,11
10980,2031,01/01/2025,235
10981,137,01/01/2025,596
10982,246,01/01/2025,172
10983,1002,01/01/2025,357
10984,2560,01/01/2025,299
10985,3510,01/01/2025,268
10986,4972,01/01/2025,211
10987,1430,01/01/2025,276
10988,1858,01/01/2025,558
10989,4026,01/01/2025,27
10990,3070,01/01/2025,260
10991,1981,01/01/2025,78
10992,303,01/01/2025,246
10993,2878,01/01/2025,235
10994,4331,01/01/2025,439
10995,966,01/01/2025,240
10996,3712,01/01/2025,299
10997,664,01/01/2025,564
10998,13,01/01/2025,477
10999,166,01/01/2025,343
11000,3884,01/01/2025,NULL
11001,2254,01/01/2025,28
11002,332,01/01/2025,9
11003,983,01/01/2025,355
11004,3580,01/01/2025,117
11005,2141,01/01/2025,201
11006,2558,01/01/2025,162
11007,3916,01/01/2025,359
11008,2257,01/01/2025,142
11009,4937,01/01/2025,119
11010,745,01/01/2025,581
11011,2924,01/01/2025,128
11012,3703,01/01/2025,118
11013,1988,01/01/2025,267
11014,2583,01/01/2025,493
11015,4767,01/01/2025,126
11016,151,01/01/2025,28
11017,1038,01/01/2025,492
11018,4471,01/01/2025,74
11019,585,01/01/2025,496
11020,3189,01/01/2025,424
11021,3629,01/01/2025,157
11022,3636,01/01/2025,228
11023,1602,01/01/2025,291
11024,4113,01/01/2025,160
11025,4169,01/01/2025,280
11026,1620,01/01/2025,278
11027,986,01/01/2025,492
11028,4227,01/01/2025,566
11029,62,01/01/2025,320
11030,298,01/01/2025,296
11031,276,01/01/2025,124
11032,1997,01/01/2025,141
11033,1272,01/01/2025,518
11034,819,01/01/2025,137
11035,152,01/01/2025,119
11036,1124,01/01/2025,57
11037,304,01/01/2025,355
11038,1589,01/01/2025,505
11039,801,01/01/2025,169
11040,4428,01/01/2025,496
11041,3020,01/01/2025,395
11042,4429,01/01/2025,440
11043,1334,01/01/2025,111
11044,2989,01/01/2025,508
11045,2030,01/01/2025,593
11046,4919,01/01/2025,495
11047,47,01/01/2025,71
11048,4292,01/01/2025,3
11049,4339,01/01/2025,224
11050,1163,01/01/2025,489
11051,2693,01/01/2025,386
11052,1214,01/01/2025,46
11053,2110,01/01/2025,446
11054,1633,01/01/2025,115
11055,63,01/01/2025,162
11056,4075,01/01/2025,351
11057,4011,01/01/2025,405
11058,4265,01/01/2025,251
11059,4183,01/01/2025,44
11060,4075,01/01/2025,11
11061,2583,01/01/2025,516
11062,2654,01/01/2025,363
11063,1098,01/01/2025,529
11064,3646,01/01/2025,240
11065,1238,01/01/2025,418
11066,2246,01/01/2025,521
11067,1025,01/01/2025,125
11068,1938,01/01/2025,441
11069,1954,01/01/2025,595
11070,63,01/01/2025,168
11071,552,01/01/2025,491
11072,2921,01/01/2025,410
11073,1536,01/01/2025,476
11074,4130,01/01/2025,544
11075,3996,01/01/2025,236
11076,205,01/01/2025,208
11077,1394,01/01/2025,58
11078,1786,01/01/2025,527
11079,1865,01/01/2025,25
11080,4201,01/01/2025,443
11081,4217,01/01/2025,79
11082,2804,01/01/2025,85
11083,1050,01/01/2025,48
11084,2062,01/01/2025,386
11085,1299,01/01/2025,203
11086,4010,01/01/2025,180
11087,3471,01/01/2025,69
11088,1865,01/01/2025,274
11089,3418,01/01/2025,538
11090,2102,01/01/2025,303
11091,1792,01/01/2025,211
11092,1877,01/01/2025,265
11093,1892,01/01/2025,433
11094,2985,01/01/2025,308
11095,419,01/01/2025,543
11096,3686,01/01/2025,296
11097,2213,01/01/2025,594
11098,2414,01/01/2025,47
11099,2039,01/01/2025,541
11100,2702,01/01/2025,79
11101,4148,01/01/2025,374
11102,3659,01/01/2025,30
11103,130,01/01/2025,30
11104,2083,01/01/2025,336
11105,1288,01/01/2025,45
11106,4537,01/01/2025,419
11107,484,01/01/2025,392
11108,4544,01/01/2025,362
11109,673,01/01/2025,454
11110,255,01/01/2025,380
11111,2687,01/01/2025,596
11112,312,01/01/2025,587
11113,640,01/01/2025,335
11114,350,01/01/2025,282
11115,1095,01/01/2025,362
11116,3853,01/01/2025,590
11117,2261,01/01/2025,525
11118,2671,01/01/2025,509
11119,3037,01/01/2025,407
11120,3408,01/01/2025,401
11121,1171,01/01/2025,270
11122,1518,01/01/2025,69
11123,1111,01/01/2025,437
11124,4375,01/01/2025,558
11125,2185,01/01/2025,297
11126,175,01/01/2025,340
11127,4713,01/01/2025,119
11128,110,01/01/2025,411
11129,3984,01/01/2025,190
11130,3020,01/01/2025,377
11131,753,01/01/2025,313
11132,2043,01/01/2025,495
11133,1077,01/01/2025,86
11134,3924,01/01/2025,583
11135,1711,01/01/2025,73
11136,3785,01/01/2025,24
11137,4459,01/01/2025,97
11138,4109,01/01/2025,27
11139,1871,01/01/2025,533
11140,1630,01/01/2025,580
11141,3631,01/01/2025,180
11142,930,01/01/2025,519
11143,1255,01/01/2025,171
11144,1222,01/01/2025,517
11145,1553,01/01/2025,400
11146,2102,01/01/2025,567
11147,4485,01/01/2025,587
11148,2055,01/01/2025,462
11149,34,01/01/2025,250
11150,4500,01/01/2025,26
11151,4388,01/01/2025,42
11152,319,01/01/2025,414
11153,328,01/01/2025,63
11154,1344,01/01/2025,248
11155,2954,01/01/2025,501
11156,4733,01/01/2025,342
11157,2283,01/01/2025,516
11158,602,01/01/2025,468
11159,3995,01/01/2025,442
11160,3285,01/01/2025,341
11161,1307,01/01/2025,205
11162,643,01/01/2025,278
11163,2086,01/01/2025,398
11164,3545,01/01/2025,242
11165,4659,01/01/2025,80
11166,1506,01/01/2025,302
11167,3595,01/01/2025,590
11168,3532,01/01/2025,365
11169,1172,01/01/2025,38
11170,1857,01/01/2025,105
11171,1772,01/01/2025,96
11172,4589,01/01/2025,287
11173,849,01/01/2025,515
11174,3485,01/01/2025,256
11175,76,01/01/2025,481
11176,118,01/01/2025,294
11177,1364,01/01/2025,9
11178,3023,01/01/2025,41
11179,4620,01/01/2025,499
11180,586,01/01/2025,26
11181,2051,01/01/2025,304
11182,3861,01/01/2025,401
11183,875,01/01/2025,55
11184,2713,01/01/2025,125
11185,2916,01/01/2025,366
11186,1117,01/01/2025,163
11187,2746,01/01/2025,135
11188,1999,01/01/2025,133
11189,1268,01/01/2025,437
11190,1979,01/01/2025,133
11191,2961,01/01/2025,57
11192,2383,01/01/2025,129
11193,1165,01/01/2025,3
11194,2481,01/01/2025,333
11195,2097,01/01/2025,451
11196,1585,01/01/2025,201
11197,3592,01/01/2025,349
11198,1031,01/01/2025,576
11199,3155,01/01/2025,331
11200,2983,01/01/2025,37
11201,2249,01/01/2025,39
11202,4598,01/01/2025,66
11203,3921,01/01/2025,280
11204,2707,01/01/2025,355
11205,4018,01/01/2025,347
11206,4160,01/01/2025,539
11207,3080,01/01/2025,70
11208,1556,01/01/2025,299
11209,3006,01/01/2025,478
11210,622,01/01/2025,371
11211,349,01/01/2025,289
11212,4907,01/01/2025,543
11213,803,01/01/2025,188
11214,2741,01/01/2025,449
11215,4643,01/01/2025,547
11216,3206,01/01/2025,250
11217,1204,01/01/2025,362
11218,1363,01/01/2025,168
11219,1817,01/01/2025,199
11220,2694,01/01/2025,210
11221,1827,01/01/2025,416
11222,4458,01/01/2025,426
11223,2206,01/01/2025,422
11224,4784,01/01/2025,346
11225,4540,01/01/2025,103
11226,3706,01/01/2025,131
11227,3569,01/01/2025,275
11228,4613,01/01/2025,489
11229,1125,01/01/2025,28
11230,1303,01/01/2025,352
11231,956,01/01/2025,561
11232,4499,01/01/2025,538
11233,138,01/01/2025,278
11234,1010,01/01/2025,160
11235,3399,01/01/2025,81
11236,1625,01/01/2025,34
11237,2552,01/01/2025,132
11238,3639,01/01/2025,236
11239,798,01/01/2025,176
11240,1613,01/01/2025,446
11241,813,01/01/2025,527
11242,1048,01/01/2025,213
11243,672,01/01/2025,235
11244,2607,01/01/2025,139
11245,2434,01/01/2025,511
11246,1601,01/01/2025,145
11247,1135,01/01/2025,76
11248,4859,01/01/2025,433
11249,3218,01/01/2025,234
11250,2249,01/01/2025,252
11251,1222,01/01/2025,531
11252,2222,01/01/2025,213
11253,1728,01/01/2025,576
11254,1802,01/01/2025,374
11255,4074,01/01/2025,488
11256,2244,01/01/2025,446
11257,4523,01/01/2025,270
11258,1077,01/01/2025,285
11259,3788,01/01/2025,49
11260,2865,01/01/2025,0
11261,816,01/01/2025,512
11262,2054,01/01/2025,292
11263,267,01/01/2025,25
11264,4203,01/01/2025,8
11265,3759,01/01/2025,436
11266,3745,01/01/2025,437
11267,4981,01/01/2025,224
11268,4123,01/01/2025,427
11269,3412,01/01/2025,309
11270,3060,01/01/2025,57
11271,4810,01/01/2025,197
11272,1409,01/01/2025,380
11273,1136,01/01/2025,415
11274,2394,01/01/2025,189
11275,3894,01/01/2025,459
11276,4049,01/01/2025,17
11277,1423,01/01/2025,83
11278,2103,01/01/2025,168
11279,2005,01/01/2025,308
11280,3872,01/01/2025,86
11281,1454,01/01/2025,438
11282,4088,01/01/2025,104
11283,1170,01/01/2025,288
11284,3502,01/01/2025,479
11285,3454,01/01/2025,395
11286,374,01/01/2025,167
11287,3753,01/01/2025,330
11288,4309,01/01/2025,437
11289,4083,01/01/2025,48
11290,2683,01/01/2025,184
11291,3160,01/01/2025,454
11292,1493,01/01/2025,17
11293,1445,01/01/2025,322
11294,2073,01/01/2025,315
11295,4166,01/01/2025,2
11296,4904,01/01/2025,75
11297,295,01/01/2025,4
11298,354,01/01/2025,145
11299,161,01/01/2025,104
11300,4096,01/01/2025,387
11301,4724,01/01/2025,281
11302,2824,01/01/2025,3
11303,1868,01/01/2025,272
11304,2198,01/01/2025,161
11305,257,01/01/2025,316
11306,2631,01/01/2025,592
11307,409,01/01/2025,247
11308,1677,01/01/2025,185
11309,4628,01/01/2025,430
11310,4865,01/01/2025,365
11311,956,01/01/2025,284
11312,4808,01/01/2025,347
11313,1752,01/01/2025,98
11314,644,01/01/2025,389
11315,3113,01/01/2025,480
11316,3989,01/01/2025,148
11317,1202,01/01/2025,564
11318,551,01/01/2025,502
11319,3302,01/01/2025,305
11320,2284,01/01/2025,526
11321,2948,01/01/2025,330
11322,1156,01/01/2025,193
11323,2460,01/01/2025,30
11324,1989,01/01/2025,242
11325,118,01/01/2025,440
11326,3053,01/01/2025,38
11327,2476,01/01/2025,457
11328,1623,01/01/2025,588
11329,2610,01/01/2025,251
11330,4819,01/01/2025,77
11331,2223,01/01/2025,507
11332,2794,01/01/2025,429
11333,1357,01/01/2025,8
11334,3602,01/01/2025,199
11335,1902,01/01/2025,529
11336,2047,01/01/2025,215
11337,2054,01/01/2025,418
11338,2946,01/01/2025,43
11339,1579,01/01/2025,320
11340,2819,01/01/2025,320
11341,4967,01/01/2025,160
11342,1714,01/01/2025,30
11343,2511,01/01/2025,304
11344,3582,01/01/2025,16
11345,4713,01/01/2025,546
11346,3940,01/01/2025,59
11347,1589,01/01/2025,210
11348,878,01/01/2025,70
11349,938,01/01/2025,225
11350,1650,01/01/2025,229
11351,734,01/01/2025,362
11352,1873,01/01/2025,582
11353,4392,01/01/2025,455
11354,2313,01/01/2025,513
11355,3707,01/01/2025,74
11356,2789,01/01/2025,414
11357,3782,01/01/2025,452
11358,886,01/01/2025,539
11359,1566,01/01/2025,389
11360,590,01/01/2025,570
11361,4238,01/01/2025,517
11362,1106,01/01/2025,52
11363,1583,01/01/2025,452
11364,2682,01/01/2025,232
11365,3935,01/01/2025,114
11366,4612,01/01/2025,573
11367,4042,01/01/2025,471
11368,4571,01/01/2025,76
11369,2685,01/01/2025,60
11370,4488,01/01/2025,413
11371,930,01/01/2025,386
11372,2839,01/01/2025,422
11373,57,01/01/2025,126
11374,885,01/01/2025,535
11375,931,01/01/2025,245
11376,3242,01/01/2025,175
11377,3593,01/01/2025,121
11378,2661,01/01/2025,294
11379,2507,01/01/2025,447
11380,1376,01/01/2025,431
11381,4758,01/01/2025,237
11382,4630,01/01/2025,587
11383,2901,01/01/2025,595
11384,3316,01/01/2025,8
11385,896,01/01/2025,225
11386,4935,01/01/2025,176
11387,3489,01/01/2025,163
11388,3261,01/01/2025,501
11389,2713,01/01/2025,413
11390,558,01/01/2025,248
11391,4207,01/01/2025,393
11392,447,01/01/2025,350
11393,340,01/01/2025,492
11394,2286,01/01/2025,188
11395,3986,01/01/2025,270
11396,3633,01/01/2025,340
11397,1840,01/01/2025,4
11398,4215,01/01/2025,86
11399,3976,01/01/2025,263
11400,4639,01/01/2025,50
11401,3372,01/01/2025,586
11402,4687,01/01/2025,333
11403,2821,01/01/2025,250
11404,2536,01/01/2025,508
11405,1818,01/01/2025,529
11406,2075,01/01/2025,513
11407,2545,01/01/2025,454
11408,4203,01/01/2025,195
11409,1083,01/01/2025,361
11410,4229,01/01/2025,234
11411,427,01/01/2025,382
11412,281,01/01/2025,92
11413,3703,01/01/2025,448
11414,4695,01/01/2025,21
11415,636,01/01/2025,299
11416,4027,01/01/2025,138
11417,4225,01/01/2025,271
11418,783,01/01/2025,418
11419,1763,01/01/2025,425
11420,1509,01/01/2025,378
11421,4718,01/01/2025,330
11422,4490,01/01/2025,211
11423,1112,01/01/2025,24
11424,1482,01/01/2025,125
11425,4496,01/01/2025,281
11426,3874,01/01/2025,308
11427,3677,01/01/2025,247
11428,4218,01/01/2025,311
11429,1552,01/01/2025,404
11430,1208,01/01/2025,19
11431,1397,01/01/2025,195
11432,3478,01/01/2025,475
11433,2507,01/01/2025,301
11434,3465,01/01/2025,369
11435,4446,01/01/2025,90
11436,2974,01/01/2025,30
11437,794,01/01/2025,164
11438,4402,01/01/2025,495
11439,4653,01/01/2025,50
11440,2016,01/01/2025,78
11441,1612,01/01/2025,512
11442,2589,01/01/2025,200
11443,4510,01/01/2025,176
11444,4564,01/01/2025,300
11445,3086,01/01/2025,269
11446,184,01/01/2025,0
11447,4732,01/01/2025,131
11448,1887,01/01/2025,575
11449,4070,01/01/2025,441
11450,2628,01/01/2025,544
11451,4174,01/01/2025,513
11452,2961,01/01/2025,48
11453,196,01/01/2025,173
11454,2148,01/01/2025,134
11455,1570,01/01/2025,40
11456,3972,01/01/2025,345
11457,2441,01/01/2025,71
11458,1072,01/01/2025,386
11459,1205,01/01/2025,198
11460,850,01/01/2025,306
11461,2114,01/01/2025,142
11462,557,01/01/2025,229
11463,1258,01/01/2025,103
11464,2558,01/01/2025,57
11465,4650,01/01/2025,548
11466,2994,01/01/2025,563
11467,719,01/01/2025,282
11468,3401,01/01/2025,392
11469,894,01/01/2025,272
11470,2579,01/01/2025,422
11471,3795,01/01/2025,179
11472,2523,01/01/2025,10
11473,818,01/01/2025,241
11474,3922,01/01/2025,8
11475,2800,01/01/2025,42
11476,2904,01/01/2025,287
11477,3933,01/01/2025,443
11478,1186,01/01/2025,425
11479,4414,01/01/2025,400
11480,2684,01/01/2025,466
11481,4731,01/01/2025,472
11482,951,01/01/2025,257
11483,1560,01/01/2025,259
11484,2870,01/01/2025,157
11485,2791,01/01/2025,429
11486,544,01/01/2025,567
11487,3240,01/01/2025,50
11488,3861,01/01/2025,384
11489,3677,01/01/2025,4
11490,1296,01/01/2025,41
11491,3993,01/01/2025,570
11492,1171,01/01/2025,297
11493,2516,01/01/2025,275
11494,85,01/01/2025,269
11495,1771,01/01/2025,527
11496,4136,01/01/2025,500
11497,929,01/01/2025,152
11498,363,01/01/2025,158
11499,4407,01/01/2025,239
11500,3744,01/01/2025,NULL
11501,4769,01/01/2025,587
11502,1191,01/01/2025,26
11503,2875,01/01/2025,259
11504,4410,01/01/2025,176
11505,4890,01/01/2025,571
11506,1157,01/01/2025,500
11507,3809,01/01/2025,121
11508,1992,01/01/2025,149
11509,2128,01/01/2025,97
11510,146,01/01/2025,227
11511,2257,01/01/2025,268
11512,4399,01/01/2025,254
11513,3910,01/01/2025,441
11514,1437,01/01/2025,261
11515,926,01/01/2025,176
11516,269,01/01/2025,408
11517,4893,01/01/2025,377
11518,1038,01/01/2025,389
11519,123,01/01/2025,479
11520,2823,01/01/2025,414
11521,4975,01/01/2025,49
11522,4052,01/01/2025,326
11523,4100,01/01/2025,441
11524,1928,01/01/2025,276
11525,1278,01/01/2025,301
11526,4336,01/01/2025,227
11527,1064,01/01/2025,375
11528,168,01/01/2025,437
11529,263,01/01/2025,301
11530,242,01/01/2025,69
11531,2668,01/01/2025,134
11532,2646,01/01/2025,186
11533,221,01/01/2025,44
11534,4798,01/01/2025,343
11535,2343,01/01/2025,136
11536,2849,01/01/2025,380
11537,1006,01/01/2025,578
11538,1239,01/01/2025,240
11539,3297,01/01/2025,505
11540,1015,01/01/2025,136
11541,3295,01/01/2025,402
11542,2979,01/01/2025,468
11543,2535,01/01/2025,266
11544,1970,01/01/2025,511
11545,3155,01/01/2025,126
11546,4576,01/01/2025,176
11547,3881,01/01/2025,68
11548,371,01/01/2025,455
11549,1262,01/01/2025,255
11550,4363,01/01/2025,536
11551,521,01/01/2025,452
11552,1528,01/01/2025,11
11553,1151,01/01/2025,436
11554,3112,01/01/2025,241
11555,1443,01/01/2025,227
11556,3788,01/01/2025,168
11557,3691,01/01/2025,414
11558,3310,01/01/2025,503
11559,2994,01/01/2025,92
11560,2780,01/01/2025,363
11561,2977,01/01/2025,331
11562,4968,01/01/2025,85
11563,3858,01/01/2025,293
11564,1259,01/01/2025,262
11565,2837,01/01/2025,425
11566,4132,01/01/2025,93
11567,172,01/01/2025,367
11568,4941,01/01/2025,456
11569,2474,01/01/2025,283
11570,2802,01/01/2025,106
11571,2737,01/01/2025,280
11572,1152,01/01/2025,509
11573,3044,01/01/2025,114
11574,447,01/01/2025,458
11575,1899,01/01/2025,3
11576,3211,01/01/2025,212
11577,3630,01/01/2025,566
11578,4376,01/01/2025,140
11579,4704,01/01/2025,392
11580,1329,01/01/2025,121
11581,689,01/01/2025,58
11582,2080,01/01/2025,398
11583,102,01/01/2025,204
11584,4070,01/01/2025,196
11585,3717,01/01/2025,118
11586,3343,01/01/2025,503
11587,4645,01/01/2025,199
11588,908,01/01/2025,100
11589,2452,01/01/2025,257
11590,554,01/01/2025,461
11591,2377,01/01/2025,229
11592,3365,01/01/2025,373
11593,2124,01/01/2025,12
11594,99,01/01/2025,366
11595,3067,01/01/2025,321
11596,3987,01/01/2025,417
11597,1937,01/01/2025,191
11598,2970,01/01/2025,392
11599,683,01/01/2025,139
11600,1916,01/01/2025,61
11601,1706,01/01/2025,266
11602,4533,01/01/2025,507
11603,4680,01/01/2025,345
11604,3472,01/01/2025,208
11605,795,01/01/2025,152
11606,795,01/01/2025,519
11607,39,01/01/2025,51
11608,4402,01/01/2025,46
11609,786,01/01/2025,187
11610,4577,01/01/2025,64
11611,3863,01/01/2025,346
11612,1976,01/01/2025,373
11613,2630,01/01/2025,376
11614,2886,01/01/2025,282
11615,3416,01/01/2025,429
11616,3715,01/01/2025,92
11617,4003,01/01/2025,97
11618,307,01/01/2025,381
11619,520,01/01/2025,353
11620,1693,01/01/2025,345
11621,4329,01/01/2025,162
11622,1077,01/01/2025,195
11623,168,01/01/2025,284
11624,217,01/01/2025,393
11625,1868,01/01/2025,354
11626,1448,01/01/2025,552
11627,329,01/01/2025,413
11628,4588,01/01/2025,531
11629,640,01/01/2025,414
11630,3869,01/01/2025,55
11631,3850,01/01/2025,571
11632,4330,01/01/2025,13
11633,2154,01/01/2025,243
11634,1589,01/01/2025,328
11635,4477,01/01/2025,596
11636,783,01/01/2025,216
11637,2025,01/01/2025,16
11638,489,01/01/2025,320
11639,1439,01/01/2025,307
11640,2474,01/01/2025,312
11641,2104,01/01/2025,236
11642,2872,01/01/2025,454
11643,107,01/01/2025,258
11644,2039,01/01/2025,114
11645,3617,01/01/2025,401
11646,1007,01/01/2025,474
11647,1858,01/01/2025,182
11648,3364,01/01/2025,321
11649,4109,01/01/2025,24
11650,1243,01/01/2025,234
11651,4533,01/01/2025,467
11652,4812,01/01/2025,205
11653,236,01/01/2025,579
11654,427,01/01/2025,508
11655,681,01/01/2025,135
11656,3575,01/01/2025,140
11657,95,01/01/2025,582
11658,1026,01/01/2025,102
11659,4918,01/01/2025,558
11660,2337,01/01/2025,375
11661,2726,01/01/2025,468
11662,2218,01/01/2025,465
11663,2928,01/01/2025,136
11664,3938,01/01/2025,359
11665,277,01/01/2025,415
11666,3526,01/01/2025,335
11667,2763,01/01/2025,100
11668,4740,01/01/2025,320
11669,486,01/01/2025,458
11670,1536,01/01/2025,265
11671,3926,01/01/2025,470
11672,2736,01/01/2025,487
11673,1671,01/01/2025,75
11674,2082,01/01/2025,340
11675,3591,01/01/2025,347
11676,1095,01/01/2025,517
11677,4154,01/01/2025,542
11678,4783,01/01/2025,52
11679,304,01/01/2025,241
11680,805,01/01/2025,243
11681,2441,01/01/2025,19
11682,1341,01/01/2025,302
11683,3545,01/01/2025,586
11684,4154,01/01/2025,537
11685,1374,01/01/2025,295
11686,646,01/01/2025,284
11687,3293,01/01/2025,525
11688,1709,01/01/2025,221
11689,896,01/01/2025,341
11690,1974,01/01/2025,496
11691,4282,01/01/2025,552
11692,1579,01/01/2025,250
11693,3942,01/01/2025,289
11694,3436,01/01/2025,132
11695,4442,01/01/2025,597
11696,2431,01/01/2025,68
11697,3014,01/01/2025,22
11698,324,01/01/2025,581
11699,2747,01/01/2025,60
11700,1817,01/01/2025,87
11701,1473,01/01/2025,107
11702,3469,01/01/2025,448
11703,555,01/01/2025,580
11704,3805,01/01/2025,61
11705,2021,01/01/2025,553
11706,345,01/01/2025,177
11707,4013,01/01/2025,54
11708,3442,01/01/2025,523
11709,1689,01/01/2025,41
11710,4523,01/01/2025,62
11711,3306,01/01/2025,61
11712,3391,01/01/2025,104
11713,906,01/01/2025,351
11714,521,01/01/2025,561
11715,4528,01/01/2025,211
11716,3172,01/01/2025,479
11717,1261,01/01/2025,483
11718,3010,01/01/2025,182
11719,3509,01/01/2025,106
11720,3065,01/01/2025,373
11721,4086,01/01/2025,127
11722,2476,01/01/2025,272
11723,429,01/01/2025,290
11724,4542,01/01/2025,214
11725,2079,01/01/2025,117
11726,4083,01/01/2025,159
11727,1135,01/01/2025,548
11728,424,01/01/2025,473
11729,2463,01/01/2025,337
11730,3383,01/01/2025,520
11731,2524,01/01/2025,491
11732,1110,01/01/2025,277
11733,3749,01/01/2025,62
11734,2612,01/01/2025,131
11735,3183,01/01/2025,468
11736,2183,01/01/2025,218
11737,4827,01/01/2025,80
11738,1051,01/01/2025,125
11739,3791,01/01/2025,140
11740,2187,01/01/2025,464
11741,4890,01/01/2025,235
11742,1739,01/01/2025,107
11743,774,01/01/2025,129
11744,4351,01/01/2025,431
11745,4292,01/01/2025,392
11746,2097,01/01/2025,136
11747,766,01/01/2025,197
11748,2616,01/01/2025,154
11749,3765,01/01/2025,196
11750,3166,01/01/2025,285
11751,718,01/01/2025,463
11752,1673,01/01/2025,516
11753,2820,01/01/2025,354
11754,119,01/01/2025,511
11755,3457,01/01/2025,108
11756,1869,01/01/2025,323
11757,2474,01/01/2025,517
11758,2682,01/01/2025,50
11759,3882,01/01/2025,202
11760,4401,01/01/2025,186
11761,2161,01/01/2025,359
11762,2301,01/01/2025,124
11763,14,01/01/2025,288
11764,2969,01/01/2025,500
11765,251,01/01/2025,70
11766,982,01/01/2025,141
11767,781,01/01/2025,379
11768,4908,01/01/2025,55
11769,1961,01/01/2025,224
11770,3638,01/01/2025,416
11771,3776,01/01/2025,475
11772,468,01/01/2025,347
11773,3956,01/01/2025,343
11774,538,01/01/2025,489
11775,4175,01/01/2025,473
11776,2599,01/01/2025,548
11777,244,01/01/2025,257
11778,736,01/01/2025,406
11779,2510,01/01/2025,542
11780,591,01/01/2025,450
11781,3955,01/01/2025,215
11782,4625,01/01/2025,420
11783,1775,01/01/2025,500
11784,1390,01/01/2025,321
11785,3120,01/01/2025,340
11786,4928,01/01/2025,254
11787,3653,01/01/2025,488
11788,3592,01/01/2025,120
11789,230,01/01/2025,585
11790,3435,01/01/2025,415
11791,4955,01/01/2025,174
11792,3488,01/01/2025,119
11793,4120,01/01/2025,249
11794,816,01/01/2025,281
11795,3248,01/01/2025,545
11796,2258,01/01/2025,92
11797,2263,01/01/2025,573
11798,759,01/01/2025,218
11799,2310,01/01/2025,35
11800,717,01/01/2025,437
11801,619,01/01/2025,216
11802,4099,01/01/2025,461
11803,4358,01/01/2025,99
11804,752,01/01/2025,301
11805,3507,01/01/2025,360
11806,4446,01/01/2025,202
11807,3993,01/01/2025,71
11808,176,01/01/2025,33
11809,1073,01/01/2025,54
11810,977,01/01/2025,241
11811,4051,01/01/2025,16
11812,3965,01/01/2025,142
11813,2231,01/01/2025,329
11814,3282,01/01/2025,206
11815,9,01/01/2025,155
11816,1050,01/01/2025,158
11817,3134,01/01/2025,363
11818,1622,01/01/2025,407
11819,321,01/01/2025,140
11820,4862,01/01/2025,473
11821,1040,01/01/2025,189
11822,1418,01/01/2025,477
11823,4430,01/01/2025,150
11824,1525,01/01/2025,26
11825,4254,01/01/2025,312
11826,4510,01/01/2025,585
11827,1066,01/01/2025,14
11828,3627,01/01/2025,478
11829,3872,01/01/2025,583
11830,1079,01/01/2025,132
11831,1186,01/01/2025,247
11832,4631,01/01/2025,18
11833,3163,01/01/2025,140
11834,3288,01/01/2025,271
11835,3056,01/01/2025,369
11836,2645,01/01/2025,6
11837,2314,01/01/2025,409
11838,141,01/01/2025,429
11839,3923,01/01/2025,439
11840,2779,01/01/2025,63
11841,4894,01/01/2025,80
11842,3111,01/01/2025,186
11843,1767,01/01/2025,348
11844,1210,01/01/2025,411
11845,226,01/01/2025,344
11846,2881,01/01/2025,207
11847,1650,01/01/2025,98
11848,1058,01/01/2025,218
11849,554,01/01/2025,232
11850,4836,01/01/2025,358
11851,4149,01/01/2025,49
11852,4734,01/01/2025,466
11853,3327,01/01/2025,162
11854,1129,01/01/2025,365
11855,241,01/01/2025,506
11856,4995,01/01/2025,432
11857,1187,01/01/2025,250
11858,4215,01/01/2025,31
11859,4947,01/01/2025,542
11860,42,01/01/2025,589
11861,460,01/01/2025,1
11862,48,01/01/2025,398
11863,2174,01/01/2025,284
11864,902,01/01/2025,374
11865,606,01/01/2025,366
11866,35,01/01/2025,473
11867,2482,01/01/2025,56
11868,1538,01/01/2025,111
11869,3298,01/01/2025,64
11870,1980,01/01/2025,181
11871,44,01/01/2025,229
11872,1865,01/01/2025,79
11873,2531,01/01/2025,246
11874,4223,01/01/2025,64
11875,4289,01/01/2025,425
11876,2877,01/01/2025,243
11877,404,01/01/2025,343
11878,3915,01/01/2025,124
11879,3867,01/01/2025,120
11880,3282,01/01/2025,347
11881,4176,01/01/2025,342
11882,3672,01/01/2025,83
11883,4529,01/01/2025,220
11884,2875,01/01/2025,578
11885,2698,01/01/2025,528
11886,1618,01/01/2025,285
11887,346,01/01/2025,235
11888,1359,01/01/2025,473
11889,2521,01/01/2025,119
11890,1017,01/01/2025,204
11891,1925,01/01/2025,580
11892,3555,01/01/2025,4
11893,269,01/01/2025,330
11894,2657,01/01/2025,149
11895,2503,01/01/2025,106
11896,642,01/01/2025,112
11897,3938,01/01/2025,481
11898,2229,01/01/2025,36
11899,3532,01/01/2025,508
11900,579,01/01/2025,442
11901,872,01/01/2025,265
11902,2685,01/01/2025,232
11903,1531,01/01/2025,457
11904,1417,01/01/2025,228
11905,1031,01/01/2025,385
11906,630,01/01/2025,377
11907,2434,01/01/2025,454
11908,4745,01/01/2025,228
11909,52,01/01/2025,141
11910,3618,01/01/2025,361
11911,2928,01/01/2025,109
11912,1921,01/01/2025,368
11913,100,01/01/2025,598
11914,3200,01/01/2025,504
11915,42,01/01/2025,381
11916,4873,01/01/2025,157
11917,1760,01/01/2025,376
11918,505,01/01/2025,225
11919,2342,01/01/2025,347
11920,2134,01/01/2025,535
11921,3796,01/01/2025,519
11922,2487,01/01/2025,152
11923,4678,01/01/2025,488
11924,1994,01/01/2025,51
11925,2335,01/01/2025,37
11926,1116,01/01/2025,142
11927,407,01/01/2025,12
11928,3029,01/01/2025,599
11929,3016,01/01/2025,65
11930,3648,01/01/2025,170
11931,685,01/01/2025,548
11932,3106,01/01/2025,334
11933,2015,01/01/2025,501
11934,2063,01/01/2025,162
11935,4366,01/01/2025,269
11936,2941,01/01/2025,24
11937,2500,01/01/2025,483
11938,3793,01/01/2025,79
11939,4309,01/01/2025,204
11940,3038,01/01/2025,553
11941,247,01/01/2025,225
11942,44,01/01/2025,588
11943,1579,01/01/2025,330
11944,375,01/01/2025,392
11945,1909,01/01/2025,473
11946,3984,01/01/2025,374
11947,2833,01/01/2025,59
11948,4107,01/01/2025,497
11949,2482,01/01/2025,163
11950,2848,01/01/2025,19
11951,61,01/01/2025,96
11952,3858,01/01/2025,227
11953,4917,01/01/2025,400
11954,2705,01/01/2025,278
11955,1010,01/01/2025,388
11956,1281,01/01/2025,340
11957,3891,01/01/2025,292
11958,1425,01/01/2025,12
11959,2898,01/01/2025,172
11960,2810,01/01/2025,176
11961,1396,01/01/2025,579
11962,440,01/01/2025,90
11963,2700,01/01/2025,51
11964,461,01/01/2025,204
11965,1942,01/01/2025,264
11966,2266,01/01/2025,350
11967,846,01/01/2025,512
11968,4683,01/01/2025,499
11969,1915,01/01/2025,187
11970,527,01/01/2025,455
11971,4689,01/01/2025,27
11972,4646,01/01/2025,179
11973,3486,01/01/2025,552
11974,4909,01/01/2025,94
11975,937,01/01/2025,66
11976,2855,01/01/2025,235
11977,1785,01/01/2025,445
11978,4429,01/01/2025,406
11979,1852,01/01/2025,317
11980,2541,01/01/2025,216
11981,613,01/01/2025,223
11982,2859,01/01/2025,13
11983,3791,01/01/2025,401
11984,523,01/01/2025,589
11985,3440,01/01/2025,87
11986,796,01/01/2025,215
11987,2791,01/01/2025,186
11988,4612,01/01/2025,67
11989,2887,01/01/2025,109
11990,4428,01/01/2025,494
11991,3053,01/01/2025,499
11992,330,01/01/2025,25
11993,3316,01/01/2025,585
11994,499,01/01/2025,366
11995,1183,01/01/2025,2
11996,2245,01/01/2025,220
11997,234,01/01/2025,241
11998,1324,01/01/2025,247
11999,3396,01/01/2025,459
12000,3193,01/01/2025,NULL
12001,4089,01/01/2025,17
12002,4780,01/01/2025,219
12003,4332,01/01/2025,210
12004,2199,01/01/2025,242
12005,2138,01/01/2025,525
12006,4708,01/01/2025,137
12007,2148,01/01/2025,101
12008,3519,01/01/2025,286
12009,2082,01/01/2025,463
12010,4873,01/01/2025,224
12011,475,01/01/2025,321
12012,5000,01/01/2025,144
12013,3687,01/01/2025,127
12014,3717,01/01/2025,343
12015,756,01/01/2025,288
12016,1581,01/01/2025,151
12017,134,01/01/2025,468
12018,4282,01/01/2025,199
12019,498,01/01/2025,389
12020,4006,01/01/2025,337
12021,1442,01/01/2025,424
12022,4696,01/01/2025,232
12023,2956,01/01/2025,367
12024,596,01/01/2025,72
12025,2339,01/01/2025,283
12026,2055,01/01/2025,188
12027,540,01/01/2025,562
12028,3858,01/01/2025,20
12029,3840,01/01/2025,182
12030,1161,01/01/2025,300
12031,427,01/01/2025,255
12032,1621,01/01/2025,410
12033,2606,01/01/2025,43
12034,269,01/01/2025,281
12035,2259,01/01/2025,483
12036,2905,01/01/2025,573
12037,1892,01/01/2025,69
12038,13,01/01/2025,88
12039,3202,01/01/2025,587
12040,262,01/01/2025,314
12041,3507,01/01/2025,455
12042,2732,01/01/2025,215
12043,4735,01/01/2025,239
12044,1417,01/01/2025,508
12045,1512,01/01/2025,376
12046,3509,01/01/2025,531
12047,1821,01/01/2025,136
12048,4084,01/01/2025,361
12049,3459,01/01/2025,593
12050,1446,01/01/2025,277
12051,1898,01/01/2025,588
12052,4427,01/01/2025,425
12053,3072,01/01/2025,289
12054,959,01/01/2025,220
12055,2349,01/01/2025,502
12056,2214,01/01/2025,190
12057,2983,01/01/2025,94
12058,2920,01/01/2025,537
12059,3935,01/01/2025,260
12060,4962,01/01/2025,361
12061,2137,01/01/2025,168
12062,3705,01/01/2025,51
12063,1089,01/01/2025,345
12064,778,01/01/2025,571
12065,1658,01/01/2025,526
12066,3768,01/01/2025,495
12067,3922,01/01/2025,115
12068,775,01/01/2025,343
12069,3034,01/01/2025,101
12070,1562,01/01/2025,296
12071,1023,01/01/2025,114
12072,1272,01/01/2025,52
12073,2618,01/01/2025,305
12074,3189,01/01/2025,107
12075,3357,01/01/2025,161
12076,154,01/01/2025,94
12077,2478,01/01/2025,441
12078,1807,01/01/2025,277
12079,3841,01/01/2025,217
12080,4767,01/01/2025,40
12081,3791,01/01/2025,163
12082,245,01/01/2025,436
12083,3986,01/01/2025,433
12084,4449,01/01/2025,253
12085,2730,01/01/2025,383
12086,4092,01/01/2025,223
12087,4410,01/01/2025,14
12088,4806,01/01/2025,45
12089,3282,01/01/2025,338
12090,4401,01/01/2025,124
12091,4708,01/01/2025,118
12092,2924,01/01/2025,368
12093,2097,01/01/2025,156
12094,399,01/01/2025,375
12095,3269,01/01/2025,349
12096,2887,01/01/2025,130
12097,155,01/01/2025,341
12098,3025,01/01/2025,102
12099,1180,01/01/2025,258
12100,1713,01/01/2025,108
12101,1778,01/01/2025,482
12102,1219,01/01/2025,505
12103,2351,01/01/2025,463
12104,820,01/01/2025,175
12105,588,01/01/2025,553
12106,1515,01/01/2025,115
12107,2158,01/01/2025,408
12108,4007,01/01/2025,290
12109,571,01/01/2025,286
12110,4286,01/01/2025,450
12111,1708,01/01/2025,327
12112,892,01/01/2025,8
12113,4807,01/01/2025,2
12114,3435,01/01/2025,343
12115,2442,01/01/2025,1
12116,3472,01/01/2025,510
12117,460,01/01/2025,590
12118,1394,01/01/2025,393
12119,217,01/01/2025,295
12120,3934,01/01/2025,538
12121,3321,01/01/2025,461
12122,3871,01/01/2025,166
12123,727,01/01/2025,557
12124,2397,01/01/2025,190
12125,1200,01/01/2025,236
12126,3100,01/01/2025,388
12127,1977,01/01/2025,517
12128,1252,01/01/2025,220
12129,3483,01/01/2025,165
12130,2496,01/01/2025,391
12131,4308,01/01/2025,84
12132,3914,01/01/2025,191
12133,4942,01/01/2025,379
12134,4715,01/01/2025,357
12135,4338,01/01/2025,81
12136,2177,01/01/2025,342
12137,1048,01/01/2025,160
12138,3184,01/01/2025,557
12139,3956,01/01/2025,46
12140,4942,01/01/2025,150
12141,2216,01/01/2025,67
12142,1902,01/01/2025,119
12143,255,01/01/2025,0
12144,4750,01/01/2025,315
12145,4395,01/01/2025,245
12146,1649,01/01/2025,60
12147,1022,01/01/2025,19
12148,3787,01/01/2025,262
12149,1257,01/01/2025,404
12150,88,01/01/2025,39
12151,2723,01/01/2025,160
12152,3310,01/01/2025,479
12153,1645,01/01/2025,594
12154,2101,01/01/2025,426
12155,2754,01/01/2025,108
12156,4637,01/01/2025,79
12157,2757,01/01/2025,114
12158,2905,01/01/2025,313
12159,2823,01/01/2025,516
12160,4601,01/01/2025,14
12161,2257,01/01/2025,192
12162,1896,01/01/2025,161
12163,1370,01/01/2025,313
12164,1291,01/01/2025,342
12165,4833,01/01/2025,442
12166,4996,01/01/2025,251
12167,3565,01/01/2025,9
12168,2179,01/01/2025,457
12169,4301,01/01/2025,167
12170,4811,01/01/2025,384
12171,3151,01/01/2025,366
12172,89,01/01/2025,307
12173,4000,01/01/2025,221
12174,893,01/01/2025,115
12175,3564,01/01/2025,51
12176,1680,01/01/2025,82
12177,2609,01/01/2025,557
12178,2998,01/01/2025,279
12179,2552,01/01/2025,248
12180,1362,01/01/2025,178
12181,21,01/01/2025,282
12182,4199,01/01/2025,153
12183,1738,01/01/2025,569
12184,4236,01/01/2025,504
12185,3045,01/01/2025,366
12186,2002,01/01/2025,517
12187,1125,01/01/2025,146
12188,2655,01/01/2025,247
12189,3845,01/01/2025,239
12190,919,01/01/2025,220
12191,2461,01/01/2025,315
12192,3950,01/01/2025,13
12193,1960,01/01/2025,233
12194,3238,01/01/2025,334
12195,2662,01/01/2025,138
12196,2811,01/01/2025,163
12197,1823,01/01/2025,577
12198,4284,01/01/2025,469
12199,682,01/01/2025,146
12200,4670,01/01/2025,392
12201,1682,01/01/2025,147
12202,1788,01/01/2025,452
12203,1084,01/01/2025,433
12204,1511,01/01/2025,120
12205,3683,01/01/2025,325
12206,506,01/01/2025,399
12207,2578,01/01/2025,483
12208,4953,01/01/2025,519
12209,598,01/01/2025,544
12210,78,01/01/2025,374
12211,4307,01/01/2025,543
12212,4520,01/01/2025,315
12213,442,01/01/2025,197
12214,2330,01/01/2025,98
12215,1206,01/01/2025,293
12216,3685,01/01/2025,49
12217,1928,01/01/2025,284
12218,3617,01/01/2025,394
12219,588,01/01/2025,107
12220,4716,01/01/2025,23
12221,1814,01/01/2025,180
12222,3176,01/01/2025,594
12223,4904,01/01/2025,466
12224,435,01/01/2025,293
12225,2880,01/01/2025,566
12226,289,01/01/2025,372
12227,2725,01/01/2025,37
12228,2504,01/01/2025,251
12229,2218,01/01/2025,233
12230,1386,01/01/2025,5
12231,1493,01/01/2025,285
12232,1078,01/01/2025,486
12233,328,01/01/2025,530
12234,1996,01/01/2025,321
12235,4474,01/01/2025,486
12236,450,01/01/2025,513
12237,4221,01/01/2025,397
12238,1284,01/01/2025,429
12239,180,01/01/2025,522
12240,2953,01/01/2025,142
12241,2835,01/01/2025,16
12242,2312,01/01/2025,176
12243,1561,01/01/2025,336
12244,3077,01/01/2025,71
12245,1274,01/01/2025,301
12246,4715,01/01/2025,213
12247,944,01/01/2025,344
12248,3001,01/01/2025,526
12249,85,01/01/2025,436
12250,4662,01/01/2025,136
12251,4368,01/01/2025,434
12252,3878,01/01/2025,118
12253,4014,01/01/2025,57
12254,351,01/01/2025,434
12255,1565,01/01/2025,36
12256,4534,01/01/2025,94
12257,4915,01/01/2025,185
12258,3200,01/01/2025,156
12259,91,01/01/2025,204
12260,393,01/01/2025,357
12261,2393,01/01/2025,190
12262,3329,01/01/2025,529
12263,382,01/01/2025,300
12264,2552,01/01/2025,389
12265,4725,01/01/2025,105
12266,1263,01/01/2025,473
12267,4427,01/01/2025,366
12268,624,01/01/2025,188
12269,1156,01/01/2025,319
12270,1661,01/01/2025,464
12271,3007,01/01/2025,347
12272,7,01/01/2025,527
12273,46,01/01/2025,33
12274,2693,01/01/2025,470
12275,3169,01/01/2025,23
12276,2496,01/01/2025,535
12277,3828,01/01/2025,161
12278,404,01/01/2025,544
12279,1783,01/01/2025,193
12280,4957,01/01/2025,212
12281,369,01/01/2025,235
12282,2016,01/01/2025,56
12283,321,01/01/2025,535
12284,3158,01/01/2025,379
12285,3844,01/01/2025,124
12286,4438,01/01/2025,190
12287,1527,01/01/2025,118
12288,965,01/01/2025,437
12289,461,01/01/2025,74
12290,3700,01/01/2025,81
12291,305,01/01/2025,448
12292,1330,01/01/2025,49
12293,1874,01/01/2025,14
12294,532,01/01/2025,126
12295,4860,01/01/2025,562
12296,3510,01/01/2025,237
12297,4262,01/01/2025,3
12298,3964,01/01/2025,562
12299,1723,01/01/2025,268
12300,3523,01/01/2025,158
12301,4995,01/01/2025,417
12302,408,01/01/2025,268
12303,1134,01/01/2025,415
12304,1092,01/01/2025,493
12305,3959,01/01/2025,460
12306,4482,01/01/2025,524
12307,4211,01/01/2025,37
12308,2273,01/01/2025,564
12309,1739,01/01/2025,568
12310,2949,01/01/2025,575
12311,4519,01/01/2025,518
12312,3803,01/01/2025,522
12313,3077,01/01/2025,338
12314,1646,01/01/2025,62
12315,3218,01/01/2025,249
12316,911,01/01/2025,342
12317,223,01/01/2025,587
12318,4591,01/01/2025,192
12319,1381,01/01/2025,404
12320,1860,01/01/2025,246
12321,1309,01/01/2025,37
12322,2226,01/01/2025,187
12323,4285,01/01/2025,464
12324,4857,01/01/2025,133
12325,991,01/01/2025,103
12326,1418,01/01/2025,432
12327,3551,01/01/2025,531
12328,426,01/01/2025,281
12329,4846,01/01/2025,488
12330,1650,01/01/2025,51
12331,4548,01/01/2025,220
12332,2251,01/01/2025,344
12333,1857,01/01/2025,293
12334,4078,01/01/2025,435
12335,2028,01/01/2025,518
12336,2520,01/01/2025,525
12337,1489,01/01/2025,376
12338,599,01/01/2025,348
12339,1433,01/01/2025,453
12340,1219,01/01/2025,511
12341,3110,01/01/2025,333
12342,2832,01/01/2025,239
12343,3931,01/01/2025,68
12344,1883,01/01/2025,453
12345,4367,01/01/2025,400
12346,3430,01/01/2025,50
12347,1492,01/01/2025,304
12348,2808,01/01/2025,100
12349,406,01/01/2025,142
12350,3431,01/01/2025,56
12351,3601,01/01/2025,191
12352,2462,01/01/2025,29
12353,3467,01/01/2025,119
12354,2244,01/01/2025,297
12355,1387,01/01/2025,239
12356,208,01/01/2025,33
12357,775,01/01/2025,82
12358,2135,01/01/2025,71
12359,9,01/01/2025,352
12360,2721,01/01/2025,247
12361,3800,01/01/2025,433
12362,4116,01/01/2025,16
12363,4937,01/01/2025,428
12364,899,01/01/2025,443
12365,4786,01/01/2025,368
12366,2445,01/01/2025,260
12367,3197,01/01/2025,27
12368,3058,01/01/2025,117
12369,4308,01/01/2025,305
12370,1543,01/01/2025,275
12371,4107,01/01/2025,129
12372,2369,01/01/2025,105
12373,2212,01/01/2025,176
12374,4075,01/01/2025,6
12375,1941,01/01/2025,596
12376,2228,01/01/2025,357
12377,3545,01/01/2025,186
12378,67,01/01/2025,194
12379,300,01/01/2025,587
12380,3133,01/01/2025,34
12381,656,01/01/2025,250
12382,3419,01/01/2025,132
12383,3147,01/01/2025,191
12384,3853,01/01/2025,569
12385,1599,01/01/2025,134
12386,2008,01/01/2025,268
12387,4480,01/01/2025,224
12388,768,01/01/2025,112
12389,371,01/01/2025,513
12390,2941,01/01/2025,120
12391,3006,01/01/2025,166
12392,2640,01/01/2025,429
12393,476,01/01/2025,183
12394,126,01/01/2025,482
12395,3582,01/01/2025,57
12396,543,01/01/2025,327
12397,3644,01/01/2025,186
12398,2156,01/01/2025,146
12399,832,01/01/2025,228
12400,4736,01/01/2025,444
12401,2637,01/01/2025,499
12402,1166,01/01/2025,100
12403,3055,01/01/2025,471
12404,2305,01/01/2025,140
12405,1050,01/01/2025,578
12406,2960,01/01/2025,274
12407,919,01/01/2025,258
12408,4380,01/01/2025,182
12409,3766,01/01/2025,436
12410,2504,01/01/2025,66
12411,2113,01/01/2025,172
12412,3744,01/01/2025,147
12413,3313,01/01/2025,169
12414,1062,01/01/2025,288
12415,3856,01/01/2025,255
12416,1690,01/01/2025,25
12417,2763,01/01/2025,553
12418,2963,01/01/2025,53
12419,1021,01/01/2025,534
12420,2884,01/01/2025,44
12421,4683,01/01/2025,220
12422,2962,01/01/2025,213
12423,1654,01/01/2025,458
12424,974,01/01/2025,179
12425,3890,01/01/2025,52
12426,559,01/01/2025,196
12427,4366,01/01/2025,535
12428,2873,01/01/2025,386
12429,1242,01/01/2025,315
12430,4307,01/01/2025,253
12431,4993,01/01/2025,49
12432,4913,01/01/2025,531
12433,4328,01/01/2025,530
12434,3679,01/01/2025,198
12435,926,01/01/2025,142
12436,4603,01/01/2025,161
12437,1477,01/01/2025,70
12438,929,01/01/2025,286
12439,3744,01/01/2025,26
12440,800,01/01/2025,49
12441,747,01/01/2025,73
12442,447,01/01/2025,402
12443,321,01/01/2025,399
12444,393,01/01/2025,207
12445,3820,01/01/2025,383
12446,1854,01/01/2025,213
12447,3900,01/01/2025,188
12448,2207,01/01/2025,556
12449,1042,01/01/2025,346
12450,4468,01/01/2025,556
12451,3124,01/01/2025,395
12452,3387,01/01/2025,292
12453,1864,01/01/2025,495
12454,4412,01/01/2025,276
12455,1248,01/01/2025,309
12456,3491,01/01/2025,29
12457,4483,01/01/2025,405
12458,4873,01/01/2025,67
12459,2136,01/01/2025,195
12460,4741,01/01/2025,209
12461,4455,01/01/2025,204
12462,4919,01/01/2025,422
12463,4587,01/01/2025,382
12464,95,01/01/2025,318
12465,2124,01/01/2025,80
12466,3402,01/01/2025,208
12467,4348,01/01/2025,408
12468,1788,01/01/2025,375
12469,4139,01/01/2025,562
12470,2689,01/01/2025,504
12471,2363,01/01/2025,374
12472,4947,01/01/2025,553
12473,2551,01/01/2025,373
12474,866,01/01/2025,456
12475,2618,01/01/2025,406
12476,2713,01/01/2025,276
12477,2829,01/01/2025,281
12478,2607,01/01/2025,135
12479,1276,01/01/2025,52
12480,1673,01/01/2025,372
12481,3347,01/01/2025,259
12482,52,01/01/2025,121
12483,3952,01/01/2025,251
12484,1437,01/01/2025,288
12485,961,01/01/2025,425
12486,158,01/01/2025,480
12487,919,01/01/2025,423
12488,3399,01/01/2025,328
12489,736,01/01/2025,62
12490,3938,01/01/2025,416
12491,1634,01/01/2025,338
12492,3621,01/01/2025,376
12493,1228,01/01/2025,332
12494,1991,01/01/2025,74
12495,3499,01/01/2025,355
12496,395,01/01/2025,26
12497,3885,01/01/2025,575
12498,2100,01/01/2025,173
12499,2925,01/01/2025,465
12500,3205,01/01/2025,NULL
12501,4276,01/01/2025,213
12502,198,01/01/2025,192
12503,2092,01/01/2025,245
12504,515,01/01/2025,1
12505,4013,01/01/2025,459
12506,3770,01/01/2025,344
12507,4967,01/01/2025,158
12508,1176,01/01/2025,73
12509,906,01/01/2025,54
12510,2332,01/01/2025,83
12511,3219,01/01/2025,384
12512,3402,01/01/2025,572
12513,3804,01/01/2025,358
12514,1434,01/01/2025,138
12515,4298,01/01/2025,363
12516,485,01/01/2025,392
12517,31,01/01/2025,435
12518,426,01/01/2025,237
12519,4509,01/01/2025,324
12520,4097,01/01/2025,107
12521,707,01/01/2025,331
12522,4804,01/01/2025,251
12523,4102,01/01/2025,440
12524,4303,01/01/2025,320
12525,76,01/01/2025,594
12526,4,01/01/2025,535
12527,1945,01/01/2025,274
12528,136,01/01/2025,287
12529,4354,01/01/2025,292
12530,3621,01/01/2025,509
12531,4971,01/01/2025,578
12532,1340,01/01/2025,272
12533,4323,01/01/2025,593
12534,3689,01/01/2025,379
12535,4638,01/01/2025,265
12536,4099,01/01/2025,119
12537,2479,01/01/2025,168
12538,442,01/01/2025,475
12539,1122,01/01/2025,54
12540,366,01/01/2025,485
12541,3946,01/01/2025,199
12542,1519,01/01/2025,103
12543,2144,01/01/2025,289
12544,3729,01/01/2025,118
12545,4291,01/01/2025,22
12546,2757,01/01/2025,342
12547,604,01/01/2025,317
12548,3973,01/01/2025,137
12549,2802,01/01/2025,469
12550,4215,01/01/2025,575
12551,427,01/01/2025,61
12552,1292,01/01/2025,93
12553,840,01/01/2025,446
12554,1332,01/01/2025,237
12555,2027,01/01/2025,273
12556,2326,01/01/2025,225
12557,4467,01/01/2025,536
12558,2426,01/01/2025,11
12559,2884,01/01/2025,169
12560,1706,01/01/2025,548
12561,3319,01/01/2025,377
12562,2709,01/01/2025,424
12563,2690,01/01/2025,164
12564,207,01/01/2025,325
12565,4127,01/01/2025,108
12566,4691,01/01/2025,100
12567,1713,01/01/2025,255
12568,4201,01/01/2025,364
12569,3485,01/01/2025,480
12570,2417,01/01/2025,50
12571,4075,01/01/2025,255
12572,3388,01/01/2025,219
12573,90,01/01/2025,395
12574,519,01/01/2025,327
12575,1461,01/01/2025,544
12576,3950,01/01/2025,61
12577,2913,01/01/2025,61
12578,1375,01/01/2025,467
12579,2207,01/01/2025,520
12580,834,01/01/2025,375
12581,638,01/01/2025,572
12582,642,01/01/2025,3
12583,796,01/01/2025,347
12584,4719,01/01/2025,108
12585,2892,01/01/2025,552
12586,4815,01/01/2025,312
12587,1886,01/01/2025,450
12588,652,01/01/2025,499
12589,4714,01/01/2025,66
12590,3388,01/01/2025,15
12591,3992,01/01/2025,572
12592,1366,01/01/2025,169
12593,249,01/01/2025,232
12594,1645,01/01/2025,177
12595,2262,01/01/2025,303
12596,2817,01/01/2025,37
12597,239,01/01/2025,278
12598,4565,01/01/2025,455
12599,2847,01/01/2025,276
12600,4737,01/01/2025,584
12601,616,01/01/2025,52
12602,3296,01/01/2025,250
12603,1195,01/01/2025,575
12604,68,01/01/2025,48
12605,100,01/01/2025,139
12606,3301,01/01/2025,385
12607,2793,01/01/2025,51
12608,31,01/01/2025,447
12609,3740,01/01/2025,133
12610,1846,01/01/2025,317
12611,3026,01/01/2025,193
12612,602,01/01/2025,180
12613,4622,01/01/2025,92
12614,4810,01/01/2025,93
12615,2453,01/01/2025,423
12616,3778,01/01/2025,104
12617,1702,01/01/2025,358
12618,4530,01/01/2025,79
12619,1841,01/01/2025,505
12620,4417,01/01/2025,433
12621,2086,01/01/2025,462
12622,3249,01/01/2025,433
12623,3261,01/01/2025,80
12624,1428,01/01/2025,355
12625,2813,01/01/2025,498
12626,2041,01/01/2025,515
12627,3586,01/01/2025,286
12628,2964,01/01/2025,230
12629,4224,01/01/2025,201
12630,791,01/01/2025,482
12631,843,01/01/2025,468
12632,4013,01/01/2025,481
12633,4440,01/01/2025,323
12634,4387,01/01/2025,294
12635,1384,01/01/2025,84
12636,62,01/01/2025,111
12637,2677,01/01/2025,403
12638,973,01/01/2025,507
12639,3822,01/01/2025,218
12640,3742,01/01/2025,4
12641,914,01/01/2025,181
12642,2817,01/01/2025,209
12643,3818,01/01/2025,589
12644,2669,01/01/2025,423
12645,231,01/01/2025,234
12646,460,01/01/2025,10
12647,1165,01/01/2025,383
12648,40,01/01/2025,131
12649,4821,01/01/2025,406
12650,852,01/01/2025,513
12651,4759,01/01/2025,29
12652,1985,01/01/2025,229
12653,1925,01/01/2025,181
12654,1274,01/01/2025,377
12655,1995,01/01/2025,25
12656,663,01/01/2025,386
12657,4846,01/01/2025,448
12658,4633,01/01/2025,294
12659,1232,01/01/2025,142
12660,4797,01/01/2025,400
12661,4105,01/01/2025,95
12662,1310,01/01/2025,405
12663,3348,01/01/2025,511
12664,1458,01/01/2025,182
12665,2615,01/01/2025,220
12666,4001,01/01/2025,340
12667,4058,01/01/2025,37
12668,2562,01/01/2025,556
12669,4845,01/01/2025,467
12670,252,01/01/2025,69
12671,3749,01/01/2025,456
12672,4203,01/01/2025,455
12673,4720,01/01/2025,138
12674,4692,01/01/2025,554
12675,1904,01/01/2025,545
12676,1304,01/01/2025,475
12677,979,01/01/2025,34
12678,4041,01/01/2025,67
12679,2339,01/01/2025,128
12680,906,01/01/2025,166
12681,856,01/01/2025,321
12682,3319,01/01/2025,172
12683,443,01/01/2025,326
12684,292,01/01/2025,95
12685,4566,01/01/2025,196
12686,3285,01/01/2025,72
12687,1943,01/01/2025,94
12688,2096,01/01/2025,497
12689,2962,01/01/2025,5
12690,2069,01/01/2025,49
12691,2363,01/01/2025,324
12692,1470,01/01/2025,368
12693,3502,01/01/2025,121
12694,2205,01/01/2025,212
12695,1144,01/01/2025,597
12696,1025,01/01/2025,87
12697,3663,01/01/2025,421
12698,4240,01/01/2025,551
12699,1437,01/01/2025,3
12700,2121,01/01/2025,349
12701,639,01/01/2025,75
12702,2164,01/01/2025,301
12703,3952,01/01/2025,479
12704,3112,01/01/2025,356
12705,894,01/01/2025,364
12706,2361,01/01/2025,305
12707,1625,01/01/2025,95
12708,3700,01/01/2025,124
12709,1686,01/01/2025,287
12710,3405,01/01/2025,335
12711,1155,01/01/2025,114
12712,3324,01/01/2025,30
12713,3234,01/01/2025,230
12714,812,01/01/2025,355
12715,2863,01/01/2025,188
12716,4348,01/01/2025,423
12717,2187,01/01/2025,353
12718,241,01/01/2025,58
12719,2657,01/01/2025,308
12720,4145,01/01/2025,293
12721,288,01/01/2025,587
12722,4548,01/01/2025,80
12723,1441,01/01/2025,549
12724,822,01/01/2025,516
12725,4898,01/01/2025,471
12726,566,01/01/2025,200
12727,3134,01/01/2025,252
12728,472,01/01/2025,231
12729,3876,01/01/2025,427
12730,2809,01/01/2025,597
12731,895,01/01/2025,558
12732,4801,01/01/2025,247
12733,3324,01/01/2025,558
12734,2703,01/01/2025,308
12735,966,01/01/2025,16
12736,4314,01/01/2025,472
12737,2390,01/01/2025,342
12738,2416,01/01/2025,201
12739,1004,01/01/2025,122
12740,2167,01/01/2025,345
12741,1227,01/01/2025,312
12742,2785,01/01/2025,461
12743,2732,01/01/2025,286
12744,3232,01/01/2025,297
12745,2481,01/01/2025,316
12746,3982,01/01/2025,58
12747,2729,01/01/2025,23
12748,3602,01/01/2025,493
12749,2052,01/01/2025,181
12750,1452,01/01/2025,328
12751,3173,01/01/2025,108
12752,3010,01/01/2025,359
12753,2373,01/01/2025,107
12754,3798,01/01/2025,76
12755,948,01/01/2025,335
12756,2831,01/01/2025,404
12757,4383,01/01/2025,186
12758,3920,01/01/2025,154
12759,4741,01/01/2025,142
12760,2516,01/01/2025,229
12761,2339,01/01/2025,373
12762,3502,01/01/2025,373
12763,4693,01/01/2025,421
12764,299,01/01/2025,494
12765,3050,01/01/2025,358
12766,311,01/01/2025,285
12767,2833,01/01/2025,595
12768,313,01/01/2025,373
12769,596,01/01/2025,489
12770,3286,01/01/2025,298
12771,4771,01/01/2025,230
12772,4055,01/01/2025,578
12773,892,01/01/2025,463
12774,1793,01/01/2025,388
12775,4457,01/01/2025,182
12776,3337,01/01/2025,282
12777,1191,01/01/2025,113
12778,860,01/01/2025,177
12779,4741,01/01/2025,300
12780,4095,01/01/2025,388
12781,2711,01/01/2025,186
12782,2180,01/01/2025,499
12783,4774,01/01/2025,480
12784,4511,01/01/2025,551
12785,2161,01/01/2025,575
12786,4343,01/01/2025,128
12787,3660,01/01/2025,355
12788,2784,01/01/2025,336
12789,802,01/01/2025,322
12790,4090,01/01/2025,587
12791,946,01/01/2025,340
12792,2207,01/01/2025,216
12793,2586,01/01/2025,599
12794,488,01/01/2025,468
12795,3981,01/01/2025,4
12796,96,01/01/2025,410
12797,4831,01/01/2025,220
12798,2800,01/01/2025,394
12799,1711,01/01/2025,242
12800,2914,01/01/2025,499
12801,2334,01/01/2025,514
12802,4785,01/01/2025,243
12803,1978,01/01/2025,300
12804,296,01/01/2025,55
12805,1339,01/01/2025,270
12806,4056,01/01/2025,36
12807,4662,01/01/2025,161
12808,2299,01/01/2025,459
12809,3421,01/01/2025,385
12810,889,01/01/2025,305
12811,4568,01/01/2025,144
12812,1158,01/01/2025,194
12813,3940,01/01/2025,119
12814,4236,01/01/2025,302
12815,3861,01/01/2025,270
12816,1946,01/01/2025,439
12817,4982,01/01/2025,129
12818,564,01/01/2025,134
12819,603,01/01/2025,76
12820,1326,01/01/2025,95
12821,559,01/01/2025,578
12822,517,01/01/2025,155
12823,3685,01/01/2025,424
12824,1664,01/01/2025,530
12825,1878,01/01/2025,238
12826,2114,01/01/2025,102
12827,2771,01/01/2025,83
12828,1434,01/01/2025,61
12829,3065,01/01/2025,370
12830,4835,01/01/2025,327
12831,1355,01/01/2025,167
12832,326,01/01/2025,567
12833,387,01/01/2025,318
12834,2248,01/01/2025,251
12835,1101,01/01/2025,504
12836,4972,01/01/2025,397
12837,2225,01/01/2025,269
12838,3476,01/01/2025,87
12839,313,01/01/2025,372
12840,1090,01/01/2025,578
12841,1762,01/01/2025,335
12842,540,01/01/2025,541
12843,3089,01/01/2025,96
12844,1553,01/01/2025,429
12845,4807,01/01/2025,524
12846,3366,01/01/2025,130
12847,3543,01/01/2025,108
12848,3267,01/01/2025,398
12849,2872,01/01/2025,494
12850,4814,01/01/2025,66
12851,2112,01/01/2025,254
12852,578,01/01/2025,75
12853,2419,01/01/2025,256
12854,2484,01/01/2025,421
12855,4076,01/01/2025,102
12856,4452,01/01/2025,0
12857,1883,01/01/2025,246
12858,633,01/01/2025,505
12859,211,01/01/2025,583
12860,418,01/01/2025,483
12861,4958,01/01/2025,514
12862,4312,01/01/2025,276
12863,3039,01/01/2025,80
12864,3529,01/01/2025,157
12865,4069,01/01/2025,562
12866,2500,01/01/2025,300
12867,2924,01/01/2025,305
12868,1125,01/01/2025,274
12869,4646,01/01/2025,528
12870,4473,01/01/2025,112
12871,4830,01/01/2025,49
12872,4902,01/01/2025,438
12873,1951,01/01/2025,213
12874,3221,01/01/2025,26
12875,4857,01/01/2025,302
12876,1942,01/01/2025,489
12877,4245,01/01/2025,82
12878,3849,01/01/2025,438
12879,3021,01/01/2025,187
12880,1458,01/01/2025,504
12881,1630,01/01/2025,360
12882,3458,01/01/2025,463
12883,1395,01/01/2025,71
12884,4349,01/01/2025,94
12885,1812,01/01/2025,428
12886,3027,01/01/2025,21
12887,1654,01/01/2025,121
12888,895,01/01/2025,182
12889,4393,01/01/2025,532
12890,3554,01/01/2025,545
12891,4469,01/01/2025,334
12892,376,01/01/2025,240
12893,1877,01/01/2025,243
12894,1375,01/01/2025,395
12895,2180,01/01/2025,364
12896,2469,01/01/2025,586
12897,1006,01/01/2025,50
12898,1032,01/01/2025,447
12899,1375,01/01/2025,564
12900,1850,01/01/2025,532
12901,715,01/01/2025,250
12902,2915,01/01/2025,149
12903,2715,01/01/2025,435
12904,3088,01/01/2025,357
12905,2537,01/01/2025,101
12906,350,01/01/2025,462
12907,965,01/01/2025,20
12908,3919,01/01/2025,355
12909,1058,01/01/2025,266
12910,881,01/01/2025,453
12911,993,01/01/2025,133
12912,2095,01/01/2025,69
12913,2078,01/01/2025,281
12914,4182,01/01/2025,385
12915,2132,01/01/2025,443
12916,2657,01/01/2025,9
12917,4106,01/01/2025,89
12918,4293,01/01/2025,117
12919,882,01/01/2025,241
12920,4424,01/01/2025,311
12921,1691,01/01/2025,337
12922,1453,01/01/2025,260
12923,4956,01/01/2025,539
12924,3458,01/01/2025,148
12925,2215,01/01/2025,133
12926,3518,01/01/2025,49
12927,2813,01/01/2025,267
12928,335,01/01/2025,547
12929,3604,01/01/2025,410
12930,1722,01/01/2025,473
12931,4765,01/01/2025,452
12932,3432,01/01/2025,157
12933,2005,01/01/2025,539
12934,4124,01/01/2025,352
12935,1993,01/01/2025,82
12936,1792,01/01/2025,11
12937,4426,01/01/2025,442
12938,233,01/01/2025,303
12939,2031,01/01/2025,499
12940,4782,01/01/2025,155
12941,2064,01/01/2025,58
12942,389,01/01/2025,441
12943,559,01/01/2025,96
12944,161,01/01/2025,112
12945,1117,01/01/2025,2
12946,3310,01/01/2025,116
12947,716,01/01/2025,431
12948,526,01/01/2025,105
12949,890,01/01/2025,341
12950,146,01/01/2025,204
12951,3960,01/01/2025,388
12952,159,01/01/2025,293
12953,190,01/01/2025,77
12954,4552,01/01/2025,514
12955,2045,01/01/2025,504
12956,47,01/01/2025,520
12957,18,01/01/2025,212
12958,619,01/01/2025,174
12959,4783,01/01/2025,314
12960,604,01/01/2025,425
12961,4191,01/01/2025,89
12962,2936,01/01/2025,448
12963,4283,01/01/2025,442
12964,3784,01/01/2025,135
12965,3419,01/01/2025,572
12966,728,01/01/2025,139
12967,3945,01/01/2025,258
12968,4137,01/01/2025,470
12969,2636,01/01/2025,184
12970,155,01/01/2025,9
12971,890,01/01/2025,415
12972,4587,01/01/2025,234
12973,3001,01/01/2025,120
12974,1568,01/01/2025,253
12975,484,01/01/2025,342
12976,3829,01/01/2025,243
12977,2557,01/01/2025,134
12978,2758,01/01/2025,478
12979,2464,01/01/2025,241
12980,2267,01/01/2025,568
12981,4474,01/01/2025,313
12982,3431,01/01/2025,80
12983,1471,01/01/2025,372
12984,1930,01/01/2025,60
12985,3209,01/01/2025,90
12986,4212,01/01/2025,418
12987,3486,01/01/2025,9
12988,3665,01/01/2025,490
12989,3168,01/01/2025,112
12990,880,01/01/2025,79
12991,2441,01/01/2025,69
12992,4802,01/01/2025,391
12993,1094,01/01/2025,228
12994,4023,01/01/2025,313
12995,4904,01/01/2025,221
12996,4329,01/01/2025,25
12997,1127,01/01/2025,549
12998,3848,01/01/2025,388
12999,2462,01/01/2025,103
13000,4944,01/01/2025,NULL
13001,3405,01/01/2025,532
13002,3015,01/01/2025,278
13003,1450,01/01/2025,455
13004,744,01/01/2025,179
13005,1780,01/01/2025,565
13006,857,01/01/2025,126
13007,3884,01/01/2025,242
13008,2583,01/01/2025,92
13009,830,01/01/2025,85
13010,1306,01/01/2025,481
13011,3407,01/01/2025,465
13012,3352,01/01/2025,144
13013,3492,01/01/2025,225
13014,595,01/01/2025,258
13015,1079,01/01/2025,179
13016,1242,01/01/2025,332
13017,3224,01/01/2025,218
13018,3489,01/01/2025,493
13019,27,01/01/2025,391
13020,1457,01/01/2025,583
13021,3263,01/01/2025,471
13022,1933,01/01/2025,80
13023,2304,01/01/2025,580
13024,4974,01/01/2025,458
13025,1298,01/01/2025,356
13026,3748,01/01/2025,91
13027,3245,01/01/2025,550
13028,2560,01/01/2025,45
13029,3903,01/01/2025,177
13030,1247,01/01/2025,502
13031,1738,01/01/2025,118
13032,3409,01/01/2025,352
13033,3858,01/01/2025,569
13034,2655,01/01/2025,413
13035,1061,01/01/2025,449
13036,292,01/01/2025,339
13037,1728,01/01/2025,291
13038,1062,01/01/2025,546
13039,3015,01/01/2025,383
13040,1063,01/01/2025,495
13041,4472,01/01/2025,572
13042,1953,01/01/2025,415
13043,1449,01/01/2025,134
13044,2741,01/01/2025,16
13045,2382,01/01/2025,365
13046,3772,01/01/2025,121
13047,3494,01/01/2025,312
13048,2070,01/01/2025,103
13049,1474,01/01/2025,190
13050,3282,01/01/2025,398
13051,3243,01/01/2025,22
13052,2789,01/01/2025,382
13053,3921,01/01/2025,350
13054,100,01/01/2025,90
13055,1611,01/01/2025,282
13056,2775,01/01/2025,552
13057,2430,01/01/2025,268
13058,2397,01/01/2025,430
13059,1747,01/01/2025,63
13060,2741,01/01/2025,29
13061,3869,01/01/2025,572
13062,2067,01/01/2025,532
13063,1737,01/01/2025,428
13064,4797,01/01/2025,143
13065,1781,01/01/2025,521
13066,810,01/01/2025,282
13067,1364,01/01/2025,582
13068,1471,01/01/2025,372
13069,4163,01/01/2025,598
13070,3063,01/01/2025,478
13071,800,01/01/2025,31
13072,291,01/01/2025,211
13073,1824,01/01/2025,572
13074,1597,01/01/2025,70
13075,2595,01/01/2025,164
13076,1698,01/01/2025,182
13077,4202,01/01/2025,309
13078,4790,01/01/2025,90
13079,267,01/01/2025,306
13080,3755,01/01/2025,118
13081,4009,01/01/2025,402
13082,2093,01/01/2025,353
13083,3094,01/01/2025,198
13084,3770,01/01/2025,19
13085,4590,01/01/2025,42
13086,3568,01/01/2025,563
13087,4182,01/01/2025,234
13088,192,01/01/2025,326
13089,1561,01/01/2025,388
13090,4807,01/01/2025,123
13091,3420,01/01/2025,223
13092,3917,01/01/2025,419
13093,5000,01/01/2025,116
13094,4923,01/01/2025,465
13095,4622,01/01/2025,250
13096,1004,01/01/2025,160
13097,4936,01/01/2025,46
13098,4557,01/01/2025,58
13099,2097,01/01/2025,75
13100,2684,01/01/2025,23
13101,3233,01/01/2025,558
13102,380,01/01/2025,586
13103,281,01/01/2025,532
13104,1361,01/01/2025,486
13105,3957,01/01/2025,154
13106,4259,01/01/2025,205
13107,2520,01/01/2025,512
13108,3247,01/01/2025,598
13109,1995,01/01/2025,156
13110,2765,01/01/2025,439
13111,4594,01/01/2025,406
13112,2685,01/01/2025,311
13113,4574,01/01/2025,52
13114,1265,01/01/2025,211
13115,3890,01/01/2025,56
13116,1978,01/01/2025,250
13117,2515,01/01/2025,402
13118,926,01/01/2025,341
13119,2493,01/01/2025,448
13120,1012,01/01/2025,13
13121,4476,01/01/2025,135
13122,4650,01/01/2025,62
13123,4257,01/01/2025,119
13124,899,01/01/2025,572
13125,2288,01/01/2025,272
13126,831,01/01/2025,415
13127,3206,01/01/2025,0
13128,478,01/01/2025,587
13129,2972,01/01/2025,203
13130,1449,01/01/2025,276
13131,4599,01/01/2025,537
13132,1608,01/01/2025,144
13133,1734,01/01/2025,521
13134,2287,01/01/2025,346
13135,4379,01/01/2025,175
13136,4775,01/01/2025,304
13137,1979,01/01/2025,279
13138,153,01/01/2025,414
13139,2755,01/01/2025,1
13140,1603,01/01/2025,589
13141,3410,01/01/2025,415
13142,545,01/01/2025,513
13143,4625,01/01/2025,149
13144,4454,01/01/2025,504
13145,4696,01/01/2025,296
13146,2957,01/01/2025,213
13147,1219,01/01/2025,506
13148,2705,01/01/2025,275
13149,3263,01/01/2025,240
13150,686,01/01/2025,366
13151,3167,01/01/2025,318
13152,973,01/01/2025,325
13153,4062,01/01/2025,406
13154,4870,01/01/2025,22
13155,1046,01/01/2025,402
13156,2604,01/01/2025,564
13157,378,01/01/2025,224
13158,2366,01/01/2025,4
13159,2447,01/01/2025,499
13160,895,01/01/2025,256
13161,4289,01/01/2025,290
13162,1751,01/01/2025,110
13163,3190,01/01/2025,414
13164,3608,01/01/2025,324
13165,3258,01/01/2025,464
13166,3913,01/01/2025,485
13167,3681,01/01/2025,394
13168,4077,01/01/2025,6
13169,2277,01/01/2025,10
13170,2206,01/01/2025,200
13171,3183,01/01/2025,234
13172,3590,01/01/2025,341
13173,308,01/01/2025,590
13174,217,01/01/2025,51
13175,3911,01/01/2025,566
13176,1237,01/01/2025,348
13177,4366,01/01/2025,223
13178,3254,01/01/2025,17
13179,794,01/01/2025,181
13180,3872,01/01/2025,329
13181,2329,01/01/2025,206
13182,911,01/01/2025,329
13183,1817,01/01/2025,9
13184,877,01/01/2025,491
13185,2178,01/01/2025,21
13186,366,01/01/2025,468
13187,3679,01/01/2025,245
13188,899,01/01/2025,525
13189,557,01/01/2025,76
13190,4596,01/01/2025,262
13191,2975,01/01/2025,480
13192,4630,01/01/2025,37
13193,4172,01/01/2025,353
13194,535,01/01/2025,319
13195,2989,01/01/2025,599
13196,3341,01/01/2025,89
13197,2932,01/01/2025,256
13198,3807,01/01/2025,424
13199,912,01/01/2025,507
13200,1077,01/01/2025,519
13201,2571,01/01/2025,356
13202,4789,01/01/2025,368
13203,4841,01/01/2025,119
13204,935,01/01/2025,514
13205,564,01/01/2025,302
13206,2402,01/01/2025,326
13207,910,01/01/2025,403
13208,2391,01/01/2025,22
13209,3002,01/01/2025,561
13210,1736,01/01/2025,84
13211,2048,01/01/2025,430
13212,4244,01/01/2025,476
13213,406,01/01/2025,10
13214,1846,01/01/2025,88
13215,1043,01/01/2025,215
13216,2079,01/01/2025,120
13217,1618,01/01/2025,270
13218,1888,01/01/2025,326
13219,4579,01/01/2025,564
13220,3258,01/01/2025,22
13221,4864,01/01/2025,236
13222,3413,01/01/2025,306
13223,3166,01/01/2025,442
13224,4792,01/01/2025,420
13225,4770,01/01/2025,121
13226,2883,01/01/2025,339
13227,2877,01/01/2025,57
13228,2984,01/01/2025,333
13229,4714,01/01/2025,233
13230,1830,01/01/2025,110
13231,1091,01/01/2025,524
13232,827,01/01/2025,571
13233,4304,01/01/2025,99
13234,1522,01/01/2025,108
13235,480,01/01/2025,87
13236,1622,01/01/2025,40
13237,1807,01/01/2025,188
13238,100,01/01/2025,168
13239,1702,01/01/2025,246
13240,3363,01/01/2025,143
13241,2069,01/01/2025,55
13242,4135,01/01/2025,300
13243,1361,01/01/2025,562
13244,4745,01/01/2025,433
13245,4538,01/01/2025,86
13246,3971,01/01/2025,20
13247,892,01/01/2025,586
13248,4569,01/01/2025,16
13249,1945,01/01/2025,286
13250,1648,01/01/2025,195
13251,3522,01/01/2025,101
13252,3370,01/01/2025,332
13253,370,01/01/2025,552
13254,236,01/01/2025,487
13255,3163,01/01/2025,122
13256,1491,01/01/2025,445
13257,3865,01/01/2025,19
13258,1169,01/01/2025,1
13259,1055,01/01/2025,405
13260,2154,01/01/2025,572
13261,4186,01/01/2025,523
13262,223,01/01/2025,546
13263,3515,01/01/2025,107
13264,2756,01/01/2025,38
13265,3602,01/01/2025,147
13266,3076,01/01/2025,328
13267,2064,01/01/2025,2
13268,1581,01/01/2025,111
13269,3766,01/01/2025,128
13270,2005,01/01/2025,71
13271,2016,01/01/2025,311
13272,4526,01/01/2025,520
13273,1145,01/01/2025,401
13274,480,01/01/2025,455
13275,2088,01/01/2025,477
13276,2838,01/01/2025,588
13277,3512,01/01/2025,528
13278,2710,01/01/2025,540
13279,2099,01/01/2025,566
13280,2162,01/01/2025,182
13281,993,01/01/2025,490
13282,4716,01/01/2025,11
13283,3696,01/01/2025,437
13284,3340,01/01/2025,140
13285,3193,01/01/2025,223
13286,4739,01/01/2025,592
13287,4548,01/01/2025,401
13288,3024,01/01/2025,68
13289,2004,01/01/2025,596
13290,3604,01/01/2025,378
13291,1342,01/01/2025,250
13292,1633,01/01/2025,330
13293,535,01/01/2025,219
13294,1669,01/01/2025,117
13295,2331,01/01/2025,325
13296,4858,01/01/2025,559
13297,1150,01/01/2025,220
13298,2367,01/01/2025,356
13299,3265,01/01/2025,519
13300,948,01/01/2025,569
13301,4670,01/01/2025,412
13302,1290,01/01/2025,46
13303,4324,01/01/2025,251
13304,1511,01/01/2025,514
13305,156,01/01/2025,378
13306,3680,01/01/2025,14
13307,2523,01/01/2025,508
13308,1695,01/01/2025,136
13309,603,01/01/2025,325
13310,1937,01/01/2025,243
13311,2848,01/01/2025,127
13312,2118,01/01/2025,191
13313,2989,01/01/2025,4
13314,2583,01/01/2025,542
13315,4270,01/01/2025,31
13316,664,01/01/2025,458
13317,1782,01/01/2025,319
13318,380,01/01/2025,503
13319,4000,01/01/2025,186
13320,1283,01/01/2025,445
13321,2518,01/01/2025,13
13322,3629,01/01/2025,18
13323,1465,01/01/2025,5
13324,1426,01/01/2025,13
13325,2218,01/01/2025,203
13326,1514,01/01/2025,273
13327,3123,01/01/2025,348
13328,3106,01/01/2025,222
13329,326,01/01/2025,499
13330,3807,01/01/2025,307
13331,4692,01/01/2025,24
13332,1520,01/01/2025,465
13333,4541,01/01/2025,534
13334,3882,01/01/2025,194
13335,3343,01/01/2025,4
13336,1816,01/01/2025,273
13337,2189,01/01/2025,140
13338,1609,01/01/2025,52
13339,4282,01/01/2025,570
13340,3684,01/01/2025,68
13341,4010,01/01/2025,291
13342,2610,01/01/2025,451
13343,2539,01/01/2025,356
13344,4354,01/01/2025,173
13345,252,01/01/2025,581
13346,1306,01/01/2025,29
13347,4269,01/01/2025,470
13348,4978,01/01/2025,523
13349,3623,01/01/2025,288
13350,2380,01/01/2025,109
13351,2127,01/01/2025,72
13352,4308,01/01/2025,289
13353,4646,01/01/2025,76
13354,1765,01/01/2025,89
13355,4930,01/01/2025,181
13356,3914,01/01/2025,587
13357,3570,01/01/2025,130
13358,2927,01/01/2025,379
13359,4433,01/01/2025,360
13360,4357,01/01/2025,117
13361,1362,01/01/2025,1
13362,4498,01/01/2025,464
13363,686,01/01/2025,456
13364,20,01/01/2025,544
13365,623,01/01/2025,215
13366,3721,01/01/2025,289
13367,4281,01/01/2025,137
13368,814,01/01/2025,81
13369,2056,01/01/2025,308
13370,1127,01/01/2025,222
13371,2182,01/01/2025,553
13372,1420,01/01/2025,134
13373,2106,01/01/2025,244
13374,3992,01/01/2025,520
13375,3700,01/01/2025,490
13376,1804,01/01/2025,379
13377,4246,01/01/2025,490
13378,2144,01/01/2025,553
13379,1525,01/01/2025,404
13380,3248,01/01/2025,331
13381,1238,01/01/2025,332
13382,1996,01/01/2025,590
13383,1844,01/01/2025,21
13384,808,01/01/2025,279
13385,427,01/01/2025,107
13386,2375,01/01/2025,509
13387,14,01/01/2025,395
13388,535,01/01/2025,331
13389,3504,01/01/2025,169
13390,4730,01/01/2025,50
13391,2812,01/01/2025,485
13392,3403,01/01/2025,0
13393,1448,01/01/2025,0
13394,1268,01/01/2025,411
13395,23,01/01/2025,588
13396,4961,01/01/2025,507
13397,3950,01/01/2025,299
13398,1762,01/01/2025,416
13399,2004,01/01/2025,151
13400,2692,01/01/2025,493
13401,2284,01/01/2025,83
13402,2172,01/01/2025,530
13403,1806,01/01/2025,212
13404,4514,01/01/2025,345
13405,3777,01/01/2025,380
13406,4464,01/01/2025,232
13407,93,01/01/2025,135
13408,869,01/01/2025,366
13409,2494,01/01/2025,405
13410,740,01/01/2025,189
13411,1179,01/01/2025,516
13412,1047,01/01/2025,473
13413,424,01/01/2025,470
13414,3190,01/01/2025,512
13415,1726,01/01/2025,260
13416,4860,01/01/2025,218
13417,3245,01/01/2025,258
13418,4683,01/01/2025,568
13419,4823,01/01/2025,511
13420,1750,01/01/2025,373
13421,2761,01/01/2025,107
13422,1133,01/01/2025,575
13423,56,01/01/2025,146
13424,4730,01/01/2025,322
13425,780,01/01/2025,488
13426,2490,01/01/2025,556
13427,654,01/01/2025,553
13428,1465,01/01/2025,546
13429,3429,01/01/2025,457
13430,3548,01/01/2025,80
13431,2018,01/01/2025,95
13432,4144,01/01/2025,284
13433,3217,01/01/2025,431
13434,3258,01/01/2025,276
13435,1451,01/01/2025,23
13436,2457,01/01/2025,200
13437,4990,01/01/2025,362
13438,1786,01/01/2025,242
13439,2487,01/01/2025,132
13440,1326,01/01/2025,308
13441,820,01/01/2025,490
13442,3973,01/01/2025,399
13443,1724,01/01/2025,495
13444,605,01/01/2025,317
13445,928,01/01/2025,523
13446,122,01/01/2025,37
13447,3831,01/01/2025,242
13448,972,01/01/2025,21
13449,1182,01/01/2025,121
13450,3813,01/01/2025,519
13451,88,01/01/2025,197
13452,1354,01/01/2025,89
13453,1847,01/01/2025,98
13454,3577,01/01/2025,311
13455,3636,01/01/2025,525
13456,668,01/01/2025,385
13457,1451,01/01/2025,64
13458,1382,01/01/2025,491
13459,4057,01/01/2025,199
13460,903,01/01/2025,530
13461,3553,01/01/2025,447
13462,3514,01/01/2025,31
13463,4825,01/01/2025,512
13464,377,01/01/2025,381
13465,1356,01/01/2025,522
13466,2682,01/01/2025,552
13467,2485,01/01/2025,457
13468,681,01/01/2025,218
13469,2980,01/01/2025,511
13470,1117,01/01/2025,529
13471,3506,01/01/2025,29
13472,2441,01/01/2025,131
13473,243,01/01/2025,428
13474,414,01/01/2025,317
13475,4837,01/01/2025,571
13476,2912,01/01/2025,94
13477,3514,01/01/2025,88
13478,57,01/01/2025,252
13479,594,01/01/2025,363
13480,1813,01/01/2025,354
13481,1256,01/01/2025,202
13482,1452,01/01/2025,463
13483,4931,01/01/2025,208
13484,1190,01/01/2025,155
13485,1496,01/01/2025,579
13486,4092,01/01/2025,409
13487,4504,01/01/2025,502
13488,1800,01/01/2025,193
13489,4071,01/01/2025,554
13490,3250,01/01/2025,177
13491,3261,01/01/2025,455
13492,706,01/01/2025,572
13493,4911,01/01/2025,195
13494,3685,01/01/2025,149
13495,2571,01/01/2025,147
13496,3090,01/01/2025,501
13497,760,01/01/2025,86
13498,4767,01/01/2025,252
13499,1632,01/01/2025,583
13500,1881,01/01/2025,NULL
13501,4805,01/01/2025,429
13502,3085,01/01/2025,410
13503,3274,01/01/2025,103
13504,4230,01/01/2025,187
13505,3104,01/01/2025,96
13506,2781,01/01/2025,140
13507,1443,01/01/2025,29
13508,3724,01/01/2025,206
13509,1552,01/01/2025,334
13510,3997,01/01/2025,571
13511,3539,01/01/2025,215
13512,2121,01/01/2025,493
13513,2112,01/01/2025,258
13514,1408,01/01/2025,568
13515,169,01/01/2025,407
13516,1678,01/01/2025,296
13517,2785,01/01/2025,354
13518,1933,01/01/2025,462
13519,714,01/01/2025,567
13520,4680,01/01/2025,257
13521,4548,01/01/2025,2
13522,3823,01/01/2025,187
13523,559,01/01/2025,481
13524,2485,01/01/2025,101
13525,3432,01/01/2025,533
13526,3634,01/01/2025,43
13527,3812,01/01/2025,165
13528,1316,01/01/2025,168
13529,2160,01/01/2025,570
13530,4331,01/01/2025,583
13531,535,01/01/2025,372
13532,330,01/01/2025,35
13533,3430,01/01/2025,361
13534,1172,01/01/2025,446
13535,2545,01/01/2025,590
13536,3712,01/01/2025,498
13537,4125,01/01/2025,456
13538,780,01/01/2025,160
13539,1676,01/01/2025,96
13540,3952,01/01/2025,29
13541,2749,01/01/2025,117
13542,1097,01/01/2025,145
13543,1785,01/01/2025,65
13544,977,01/01/2025,588
13545,2899,01/01/2025,38
13546,1988,01/01/2025,72
13547,3661,01/01/2025,480
13548,2134,01/01/2025,529
13549,3272,01/01/2025,224
13550,2841,01/01/2025,181
13551,2088,01/01/2025,536
13552,711,01/01/2025,199
13553,4663,01/01/2025,159
13554,1207,01/01/2025,168
13555,2273,01/01/2025,369
13556,2472,01/01/2025,227
13557,419,01/01/2025,250
13558,4913,01/01/2025,477
13559,2463,01/01/2025,202
13560,3743,01/01/2025,33
13561,4698,01/01/2025,274
13562,624,01/01/2025,38
13563,3131,01/01/2025,514
13564,361,01/01/2025,180
13565,4894,01/01/2025,377
13566,3102,01/01/2025,14
13567,4709,01/01/2025,528
13568,1670,01/01/2025,219
13569,1751,01/01/2025,315
13570,3491,01/01/2025,319
13571,2003,01/01/2025,581
13572,2350,01/01/2025,593
13573,2245,01/01/2025,340
13574,4089,01/01/2025,76
13575,3951,01/01/2025,233
13576,3949,01/01/2025,112
13577,2968,01/01/2025,429
13578,191,01/01/2025,294
13579,1452,01/01/2025,53
13580,4372,01/01/2025,304
13581,1765,01/01/2025,454
13582,425,01/01/2025,94
13583,3342,01/01/2025,469
13584,4091,01/01/2025,237
13585,1013,01/01/2025,402
13586,1438,01/01/2025,527
13587,3925,01/01/2025,208
13588,2326,01/01/2025,94
13589,1593,01/01/2025,110
13590,2082,01/01/2025,58
13591,4408,01/01/2025,247
13592,890,01/01/2025,387
13593,1307,01/01/2025,3
13594,994,01/01/2025,17
13595,495,01/01/2025,76
13596,1107,01/01/2025,229
13597,566,01/01/2025,370
13598,1007,01/01/2025,471
13599,1786,01/01/2025,288
13600,3035,01/01/2025,439
13601,3182,01/01/2025,338
13602,3485,01/01/2025,77
13603,4809,01/01/2025,274
13604,3317,01/01/2025,7
13605,377,01/01/2025,381
13606,4821,01/01/2025,548
13607,1013,01/01/2025,33
13608,4490,01/01/2025,223
13609,1145,01/01/2025,508
13610,1990,01/01/2025,84
13611,3084,01/01/2025,194
13612,1767,01/01/2025,139
13613,1895,01/01/2025,430
13614,1437,01/01/2025,293
13615,1457,01/01/2025,566
13616,1439,01/01/2025,176
13617,4103,01/01/2025,73
13618,3442,01/01/2025,7
13619,3582,01/01/2025,70
13620,1790,01/01/2025,568
13621,1848,01/01/2025,422
13622,856,01/01/2025,451
13623,3116,01/01/2025,464
13624,158,01/01/2025,320
13625,3473,01/01/2025,211
13626,136,01/01/2025,369
13627,4214,01/01/2025,580
13628,732,01/01/2025,113
13629,200,01/01/2025,225
13630,139,01/01/2025,146
13631,1106,01/01/2025,338
13632,4551,01/01/2025,582
13633,3376,01/01/2025,351
13634,4291,01/01/2025,59
13635,2391,01/01/2025,470
13636,304,01/01/2025,76
13637,560,01/01/2025,478
13638,2854,01/01/2025,409
13639,268,01/01/2025,291
13640,3771,01/01/2025,131
13641,2688,01/01/2025,40
13642,3073,01/01/2025,345
13643,1859,01/01/2025,470
13644,4261,01/01/2025,250
13645,1500,01/01/2025,266
13646,4062,01/01/2025,99
13647,2431,01/01/2025,40
13648,2599,01/01/2025,85
13649,4660,01/01/2025,118
13650,4161,01/01/2025,562
13651,3692,01/01/2025,136
13652,4453,01/01/2025,55
13653,3586,01/01/2025,335
13654,101,01/01/2025,182
13655,3958,01/01/2025,261
13656,2430,01/01/2025,491
13657,4435,01/01/2025,305
13658,2299,01/01/2025,374
13659,3669,01/01/2025,155
13660,4517,01/01/2025,48
13661,3575,01/01/2025,104
13662,1526,01/01/2025,580
13663,4300,01/01/2025,360
13664,3876,01/01/2025,86
13665,4556,01/01/2025,79
13666,436,01/01/2025,527
13667,4754,01/01/2025,178
13668,1070,01/01/2025,591
13669,4223,01/01/2025,237
13670,3603,01/01/2025,474
13671,2425,01/01/2025,289
13672,256,01/01/2025,352
13673,3289,01/01/2025,430
13674,2115,01/01/2025,397
13675,4145,01/01/2025,381
13676,711,01/01/2025,548
13677,965,01/01/2025,513
13678,720,01/01/2025,333
13679,4439,01/01/2025,438
13680,210,01/01/2025,552
13681,3337,01/01/2025,224
13682,578,01/01/2025,481
13683,2144,01/01/2025,160
13684,2402,01/01/2025,529
13685,3312,01/01/2025,515
13686,3173,01/01/2025,223
13687,4259,01/01/2025,495
13688,3448,01/01/2025,309
13689,1878,01/01/2025,60
13690,1056,01/01/2025,589
13691,3552,01/01/2025,122
13692,2529,01/01/2025,361
13693,4122,01/01/2025,525
13694,2048,01/01/2025,429
13695,1637,01/01/2025,36
13696,399,01/01/2025,175
13697,3641,01/01/2025,597
13698,306,01/01/2025,588
13699,2322,01/01/2025,75
13700,3492,01/01/2025,492
13701,4967,01/01/2025,427
13702,1732,01/01/2025,165
13703,2375,01/01/2025,192
13704,472,01/01/2025,81
13705,2113,01/01/2025,48
13706,4150,01/01/2025,133
13707,1342,01/01/2025,29
13708,224,01/01/2025,162
13709,3047,01/01/2025,510
13710,2926,01/01/2025,452
13711,401,01/01/2025,174
13712,4398,01/01/2025,250
13713,1516,01/01/2025,483
13714,4192,01/01/2025,468
13715,3146,01/01/2025,372
13716,2054,01/01/2025,490
13717,4666,01/01/2025,104
13718,2543,01/01/2025,571
13719,2867,01/01/2025,582
13720,280,01/01/2025,70
13721,2910,01/01/2025,502
13722,1780,01/01/2025,578
13723,1307,01/01/2025,588
13724,1394,01/01/2025,513
13725,4700,01/01/2025,459
13726,4846,01/01/2025,399
13727,3208,01/01/2025,50
13728,3103,01/01/2025,28
13729,1132,01/01/2025,411
13730,2591,01/01/2025,55
13731,1562,01/01/2025,162
13732,2621,01/01/2025,85
13733,3644,01/01/2025,547
13734,804,01/01/2025,72
13735,2360,01/01/2025,305
13736,2771,01/01/2025,593
13737,2928,01/01/2025,115
13738,409,01/01/2025,592
13739,701,01/01/2025,385
13740,4973,01/01/2025,109
13741,4739,01/01/2025,0
13742,4105,01/01/2025,439
13743,4290,01/01/2025,209
13744,4147,01/01/2025,452
13745,2950,01/01/2025,175
13746,3491,01/01/2025,69
13747,2975,01/01/2025,127
13748,4966,01/01/2025,360
13749,3213,01/01/2025,491
13750,946,01/01/2025,89
13751,634,01/01/2025,101
13752,1003,01/01/2025,105
13753,4348,01/01/2025,531
13754,4277,01/01/2025,201
13755,232,01/01/2025,512
13756,3243,01/01/2025,79
13757,704,01/01/2025,537
13758,3849,01/01/2025,499
13759,4116,01/01/2025,589
13760,1992,01/01/2025,128
13761,2392,01/01/2025,20
13762,617,01/01/2025,574
13763,334,01/01/2025,464
13764,2536,01/01/2025,541
13765,2768,01/01/2025,85
13766,3655,01/01/2025,39
13767,288,01/01/2025,483
13768,2911,01/01/2025,263
13769,2140,01/01/2025,136
13770,2369,01/01/2025,405
13771,3983,01/01/2025,508
13772,594,01/01/2025,525
13773,2696,01/01/2025,139
13774,4543,01/01/2025,443
13775,829,01/01/2025,426
13776,943,01/01/2025,204
13777,3813,01/01/2025,33
13778,3392,01/01/2025,403
13779,4558,01/01/2025,198
13780,1880,01/01/2025,123
13781,2855,01/01/2025,219
13782,1288,01/01/2025,112
13783,4098,01/01/2025,26
13784,4018,01/01/2025,286
13785,4042,01/01/2025,398
13786,3927,01/01/2025,11
13787,4420,01/01/2025,491
13788,1991,01/01/2025,26
13789,2239,01/01/2025,23
13790,1434,01/01/2025,48
13791,4862,01/01/2025,32
13792,544,01/01/2025,504
13793,2099,01/01/2025,435
13794,2333,01/01/2025,415
13795,3210,01/01/2025,460
13796,4229,01/01/2025,216
13797,1425,01/01/2025,552
13798,1561,01/01/2025,74
13799,3839,01/01/2025,221
13800,3372,01/01/2025,398
13801,1025,01/01/2025,317
13802,4995,01/01/2025,379
13803,3196,01/01/2025,73
13804,1078,01/01/2025,418
13805,2496,01/01/2025,9
13806,960,01/01/2025,510
13807,3498,01/01/2025,427
13808,71,01/01/2025,218
13809,1548,01/01/2025,429
13810,2183,01/01/2025,186
13811,4885,01/01/2025,567
13812,430,01/01/2025,471
13813,4668,01/01/2025,32
13814,394,01/01/2025,24
13815,2818,01/01/2025,589
13816,1400,01/01/2025,318
13817,442,01/01/2025,565
13818,3035,01/01/2025,447
13819,3764,01/01/2025,42
13820,3248,01/01/2025,461
13821,2715,01/01/2025,260
13822,1460,01/01/2025,202
13823,432,01/01/2025,44
13824,4779,01/01/2025,462
13825,2274,01/01/2025,548
13826,3687,01/01/2025,353
13827,3099,01/01/2025,429
13828,4940,01/01/2025,487
13829,3997,01/01/2025,66
13830,1375,01/01/2025,570
13831,2103,01/01/2025,410
13832,548,01/01/2025,313
13833,4850,01/01/2025,475
13834,4206,01/01/2025,458
13835,1718,01/01/2025,267
13836,3711,01/01/2025,367
13837,1593,01/01/2025,557
13838,376,01/01/2025,254
13839,666,01/01/2025,211
13840,1423,01/01/2025,527
13841,1511,01/01/2025,252
13842,873,01/01/2025,418
13843,2913,01/01/2025,552
13844,164,01/01/2025,369
13845,1457,01/01/2025,501
13846,4810,01/01/2025,10
13847,4518,01/01/2025,320
13848,2061,01/01/2025,164
13849,4188,01/01/2025,150
13850,4862,01/01/2025,537
13851,3728,01/01/2025,181
13852,2286,01/01/2025,131
13853,830,01/01/2025,239
13854,4320,01/01/2025,6
13855,4417,01/01/2025,580
13856,3030,01/01/2025,433
13857,3839,01/01/2025,160
13858,4116,01/01/2025,530
13859,2699,01/01/2025,193
13860,1834,01/01/2025,425
13861,4741,01/01/2025,337
13862,1233,01/01/2025,178
13863,2635,01/01/2025,36
13864,2435,01/01/2025,424
13865,1153,01/01/2025,101
13866,4258,01/01/2025,11
13867,687,01/01/2025,302
13868,2432,01/01/2025,577
13869,171,01/01/2025,594
13870,2196,01/01/2025,584
13871,409,01/01/2025,143
13872,2221,01/01/2025,303
13873,2646,01/01/2025,65
13874,4248,01/01/2025,482
13875,2786,01/01/2025,156
13876,3578,01/01/2025,215
13877,1627,01/01/2025,50
13878,3092,01/01/2025,7
13879,750,01/01/2025,184
13880,1794,01/01/2025,366
13881,631,01/01/2025,512
13882,245,01/01/2025,474
13883,2151,01/01/2025,74
13884,2317,01/01/2025,279
13885,1027,01/01/2025,462
13886,360,01/01/2025,501
13887,3760,01/01/2025,87
13888,4752,01/01/2025,179
13889,2510,01/01/2025,282
13890,797,01/01/2025,258
13891,3335,01/01/2025,409
13892,1194,01/01/2025,539
13893,3918,01/01/2025,419
13894,1395,01/01/2025,339
13895,3013,01/01/2025,387
13896,4314,01/01/2025,350
13897,1843,01/01/2025,572
13898,1620,01/01/2025,503
13899,700,01/01/2025,518
13900,3801,01/01/2025,240
13901,3596,01/01/2025,131
13902,4477,01/01/2025,343
13903,368,01/01/2025,576
13904,4270,01/01/2025,475
13905,4008,01/01/2025,195
13906,2526,01/01/2025,12
13907,4470,01/01/2025,47
13908,4115,01/01/2025,234
13909,260,01/01/2025,80
13910,4876,01/01/2025,124
13911,4129,01/01/2025,172
13912,792,01/01/2025,143
13913,2162,01/01/2025,500
13914,1268,01/01/2025,352
13915,3577,01/01/2025,141
13916,3608,01/01/2025,468
13917,208,01/01/2025,40
13918,3842,01/01/2025,37
13919,3929,01/01/2025,14
13920,4120,01/01/2025,188
13921,2264,01/01/2025,15
13922,2531,01/01/2025,107
13923,3344,01/01/2025,376
13924,1977,01/01/2025,450
13925,4738,01/01/2025,324
13926,83,01/01/2025,340
13927,4941,01/01/2025,114
13928,20,01/01/2025,464
13929,200,01/01/2025,513
13930,4622,01/01/2025,206
13931,3379,01/01/2025,267
13932,816,01/01/2025,184
13933,1334,01/01/2025,469
13934,4428,01/01/2025,221
13935,1937,01/01/2025,363
13936,3343,01/01/2025,226
13937,107,01/01/2025,583
13938,4013,01/01/2025,425
13939,2781,01/01/2025,552
13940,3603,01/01/2025,192
13941,3171,01/01/2025,0
13942,2790,01/01/2025,104
13943,856,01/01/2025,174
13944,2816,01/01/2025,578
13945,4137,01/01/2025,423
13946,3683,01/01/2025,550
13947,3633,01/01/2025,213
13948,4266,01/01/2025,518
13949,3840,01/01/2025,60
13950,1602,01/01/2025,516
13951,4141,01/01/2025,402
13952,1052,01/01/2025,583
13953,1354,01/01/2025,162
13954,1950,01/01/2025,510
13955,404,01/01/2025,343
13956,1504,01/01/2025,268
13957,1584,01/01/2025,120
13958,2421,01/01/2025,177
13959,975,01/01/2025,306
13960,1875,01/01/2025,226
13961,2386,01/01/2025,586
13962,4569,01/01/2025,439
13963,1149,01/01/2025,468
13964,2134,01/01/2025,163
13965,1393,01/01/2025,455
13966,4548,01/01/2025,556
13967,1579,01/01/2025,372
13968,3048,01/01/2025,525
13969,4521,01/01/2025,280
13970,2854,01/01/2025,341
13971,1200,01/01/2025,277
13972,4645,01/01/2025,13
13973,4484,01/01/2025,446
13974,1451,01/01/2025,429
13975,1182,01/01/2025,318
13976,1522,01/01/2025,117
13977,1464,01/01/2025,211
13978,2747,01/01/2025,466
13979,4041,01/01/2025,40
13980,1480,01/01/2025,36
13981,2299,01/01/2025,57
13982,1716,01/01/2025,441
13983,4177,01/01/2025,382
13984,1503,01/01/2025,317
13985,211,01/01/2025,232
13986,4817,01/01/2025,116
13987,3749,01/01/2025,72
13988,3431,01/01/2025,475
13989,1393,01/01/2025,376
13990,282,01/01/2025,8
13991,3339,01/01/2025,66
13992,3281,01/01/2025,2
13993,3002,01/01/2025,58
13994,2012,01/01/2025,482
13995,2996,01/01/2025,338
13996,4569,01/01/2025,201
13997,2665,01/01/2025,377
13998,1550,01/01/2025,473
13999,571,01/01/2025,337
14000,2897,01/01/2025,NULL
14001,2074,01/01/2025,141
14002,1765,01/01/2025,439
14003,1388,01/01/2025,197
14004,2146,01/01/2025,148
14005,1015,01/01/2025,548
14006,1367,01/01/2025,363
14007,2028,01/01/2025,256
14008,2650,01/01/2025,307
14009,957,01/01/2025,96
14010,3546,01/01/2025,121
14011,4798,01/01/2025,72
14012,3762,01/01/2025,447
14013,1756,01/01/2025,97
14014,23,01/01/2025,60
14015,4188,01/01/2025,99
14016,2104,01/01/2025,30
14017,3868,01/01/2025,143
14018,1022,01/01/2025,97
14019,1892,01/01/2025,340
14020,2862,01/01/2025,11
14021,1582,01/01/2025,568
14022,867,01/01/2025,497
14023,2548,01/01/2025,268
14024,4105,01/01/2025,566
14025,2476,01/01/2025,234
14026,3396,01/01/2025,243
14027,2613,01/01/2025,527
14028,2853,01/01/2025,91
14029,4081,01/01/2025,249
14030,4479,01/01/2025,128
14031,1933,01/01/2025,534
14032,2769,01/01/2025,555
14033,4745,01/01/2025,77
14034,134,01/01/2025,232
14035,4311,01/01/2025,120
14036,2970,01/01/2025,12
14037,539,01/01/2025,599
14038,4089,01/01/2025,346
14039,1481,01/01/2025,420
14040,3210,01/01/2025,222
14041,2343,01/01/2025,31
14042,3182,01/01/2025,401
14043,4117,01/01/2025,438
14044,881,01/01/2025,470
14045,4916,01/01/2025,120
14046,3544,01/01/2025,517
14047,3332,01/01/2025,583
14048,1362,01/01/2025,365
14049,458,01/01/2025,80
14050,1753,01/01/2025,479
14051,3977,01/01/2025,492
14052,4670,01/01/2025,489
14053,1355,01/01/2025,153
14054,3675,01/01/2025,292
14055,2262,01/01/2025,539
14056,4660,01/01/2025,174
14057,1140,01/01/2025,258
14058,1764,01/01/2025,199
14059,4237,01/01/2025,90
14060,592,01/01/2025,9
14061,1577,01/01/2025,365
14062,2036,01/01/2025,295
14063,738,01/01/2025,40
14064,1536,01/01/2025,11
14065,4300,01/01/2025,143
14066,3623,01/01/2025,267
14067,1433,01/01/2025,142
14068,4236,01/01/2025,20
14069,3336,01/01/2025,265
14070,1872,01/01/2025,352
14071,1405,01/01/2025,253
14072,612,01/01/2025,223
14073,4019,01/01/2025,298
14074,3166,01/01/2025,466
14075,3854,01/01/2025,265
14076,1004,01/01/2025,378
14077,3888,01/01/2025,254
14078,3649,01/01/2025,254
14079,3881,01/01/2025,581
14080,3613,01/01/2025,188
14081,1925,01/01/2025,110
14082,4235,01/01/2025,260
14083,1521,01/01/2025,318
14084,2530,01/01/2025,136
14085,2259,01/01/2025,120
14086,3319,01/01/2025,448
14087,1676,01/01/2025,171
14088,3556,01/01/2025,138
14089,966,01/01/2025,593
14090,4322,01/01/2025,227
14091,2628,01/01/2025,3
14092,3930,01/01/2025,205
14093,4450,01/01/2025,484
14094,3473,01/01/2025,152
14095,3253,01/01/2025,405
14096,1352,01/01/2025,166
14097,533,01/01/2025,95
14098,2189,01/01/2025,227
14099,2999,01/01/2025,202
14100,4900,01/01/2025,510
14101,2154,01/01/2025,30
14102,2084,01/01/2025,104
14103,3588,01/01/2025,289
14104,910,01/01/2025,365
14105,1494,01/01/2025,336
14106,4481,01/01/2025,99
14107,1422,01/01/2025,508
14108,4492,01/01/2025,535
14109,3993,01/01/2025,97
14110,311,01/01/2025,368
14111,667,01/01/2025,395
14112,4441,01/01/2025,474
14113,2442,01/01/2025,171
14114,3823,01/01/2025,255
14115,617,01/01/2025,403
14116,1800,01/01/2025,532
14117,4356,01/01/2025,190
14118,3149,01/01/2025,326
14119,3213,01/01/2025,573
14120,2237,01/01/2025,7
14121,842,01/01/2025,131
14122,3526,01/01/2025,523
14123,1785,01/01/2025,324
14124,3004,01/01/2025,28
14125,4940,01/01/2025,438
14126,4372,01/01/2025,56
14127,1881,01/01/2025,468
14128,4009,01/01/2025,106
14129,3036,01/01/2025,506
14130,1557,01/01/2025,419
14131,615,01/01/2025,41
14132,2462,01/01/2025,525
14133,982,01/01/2025,87
14134,1405,01/01/2025,168
14135,90,01/01/2025,26
14136,2453,01/01/2025,26
14137,2377,01/01/2025,63
14138,3990,01/01/2025,384
14139,1145,01/01/2025,37
14140,4702,01/01/2025,226
14141,3626,01/01/2025,316
14142,1030,01/01/2025,383
14143,3352,01/01/2025,251
14144,4945,01/01/2025,355
14145,1335,01/01/2025,94
14146,1631,01/01/2025,3
14147,1881,01/01/2025,548
14148,561,01/01/2025,411
14149,200,01/01/2025,203
14150,75,01/01/2025,470
14151,499,01/01/2025,458
14152,1067,01/01/2025,133
14153,3438,01/01/2025,139
14154,4014,01/01/2025,279
14155,4901,01/01/2025,187
14156,2343,01/01/2025,501
14157,142,01/01/2025,129
14158,1930,01/01/2025,592
14159,3766,01/01/2025,312
14160,4173,01/01/2025,579
14161,2002,01/01/2025,129
14162,1006,01/01/2025,233
14163,4944,01/01/2025,386
14164,3772,01/01/2025,256
14165,1216,01/01/2025,147
14166,1572,01/01/2025,250
14167,2872,01/01/2025,526
14168,3169,01/01/2025,4
14169,4378,01/01/2025,223
14170,3862,01/01/2025,87
14171,3160,01/01/2025,372
14172,3533,01/01/2025,5
14173,1621,01/01/2025,0
14174,4881,01/01/2025,98
14175,3819,01/01/2025,442
14176,1276,01/01/2025,235
14177,3306,01/01/2025,513
14178,1274,01/01/2025,562
14179,4148,01/01/2025,500
14180,188,01/01/2025,531
14181,1695,01/01/2025,436
14182,3393,01/01/2025,3
14183,2404,01/01/2025,594
14184,3502,01/01/2025,594
14185,1765,01/01/2025,533
14186,707,01/01/2025,263
14187,4819,01/01/2025,588
14188,113,01/01/2025,519
14189,1863,01/01/2025,65
14190,2290,01/01/2025,104
14191,4766,01/01/2025,458
14192,4107,01/01/2025,60
14193,2799,01/01/2025,308
14194,4675,01/01/2025,109
14195,2536,01/01/2025,579
14196,3566,01/01/2025,95
14197,4231,01/01/2025,148
14198,4991,01/01/2025,98
14199,1833,01/01/2025,134
14200,4657,01/01/2025,505
14201,1642,01/01/2025,175
14202,2367,01/01/2025,58
14203,2039,01/01/2025,145
14204,1055,01/01/2025,133
14205,2499,01/01/2025,107
14206,2733,01/01/2025,384
14207,551,01/01/2025,527
14208,1909,01/01/2025,278
14209,82,01/01/2025,55
14210,999,01/01/2025,7
14211,2827,01/01/2025,135
14212,2935,01/01/2025,510
14213,999,01/01/2025,332
14214,3964,01/01/2025,495
14215,4340,01/01/2025,71
14216,1117,01/01/2025,331
14217,820,01/01/2025,400
14218,1695,01/01/2025,489
14219,1971,01/01/2025,585
14220,3571,01/01/2025,400
14221,2298,01/01/2025,348
14222,1421,01/01/2025,445
14223,2303,01/01/2025,443
14224,3616,01/01/2025,246
14225,623,01/01/2025,53
14226,4275,01/01/2025,174
14227,1485,01/01/2025,471
14228,2575,01/01/2025,564
14229,3180,01/01/2025,472
14230,4751,01/01/2025,330
14231,2452,01/01/2025,306
14232,4435,01/01/2025,56
14233,1653,01/01/2025,478
14234,430,01/01/2025,178
14235,1470,01/01/2025,299
14236,3253,01/01/2025,413
14237,1316,01/01/2025,187
14238,2071,01/01/2025,133
14239,3658,01/01/2025,559
14240,4751,01/01/2025,441
14241,4120,01/01/2025,359
14242,199,01/01/2025,511
14243,3073,01/01/2025,345
14244,2569,01/01/2025,345
14245,3045,01/01/2025,307
14246,105,01/01/2025,391
14247,3791,01/01/2025,11
14248,1075,01/01/2025,246
14249,766,01/01/2025,4
14250,4215,01/01/2025,40
14251,3995,01/01/2025,92
14252,3806,01/01/2025,36
14253,2006,01/01/2025,301
14254,547,01/01/2025,596
14255,2083,01/01/2025,210
14256,4337,01/01/2025,347
14257,3789,01/01/2025,513
14258,3524,01/01/2025,129
14259,1565,01/01/2025,28
14260,1174,01/01/2025,492
14261,1891,01/01/2025,369
14262,4453,01/01/2025,513
14263,2000,01/01/2025,77
14264,4001,01/01/2025,405
14265,2054,01/01/2025,213
14266,2276,01/01/2025,533
14267,3870,01/01/2025,400
14268,4001,01/01/2025,296
14269,3831,01/01/2025,117
14270,3875,01/01/2025,463
14271,765,01/01/2025,255
14272,4510,01/01/2025,78
14273,3598,01/01/2025,154
14274,4950,01/01/2025,558
14275,4843,01/01/2025,145
14276,3837,01/01/2025,563
14277,4852,01/01/2025,179
14278,3205,01/01/2025,160
14279,2947,01/01/2025,420
14280,208,01/01/2025,81
14281,1264,01/01/2025,141
14282,1356,01/01/2025,402
14283,4752,01/01/2025,20
14284,2890,01/01/2025,52
14285,4778,01/01/2025,297
14286,2835,01/01/2025,439
14287,4733,01/01/2025,199
14288,3944,01/01/2025,579
14289,1599,01/01/2025,515
14290,4448,01/01/2025,443
14291,4451,01/01/2025,475
14292,2083,01/01/2025,364
14293,3993,01/01/2025,2
14294,1817,01/01/2025,354
14295,4874,01/01/2025,72
14296,4654,01/01/2025,425
14297,614,01/01/2025,202
14298,2686,01/01/2025,258
14299,2809,01/01/2025,51
14300,4074,01/01/2025,545
14301,918,01/01/2025,142
14302,3319,01/01/2025,471
14303,790,01/01/2025,121
14304,4360,01/01/2025,123
14305,1647,01/01/2025,579
14306,1880,01/01/2025,177
14307,4278,01/01/2025,302
14308,2147,01/01/2025,248
14309,2411,01/01/2025,370
14310,2139,01/01/2025,499
14311,660,01/01/2025,413
14312,3189,01/01/2025,458
14313,3269,01/01/2025,253
14314,478,01/01/2025,305
14315,4759,01/01/2025,38
14316,4991,01/01/2025,292
14317,4898,01/01/2025,519
14318,1949,01/01/2025,553
14319,3029,01/01/2025,579
14320,268,01/01/2025,300
14321,1063,01/01/2025,440
14322,3483,01/01/2025,206
14323,146,01/01/2025,260
14324,3496,01/01/2025,255
14325,667,01/01/2025,73
14326,3043,01/01/2025,178
14327,1282,01/01/2025,144
14328,2909,01/01/2025,228
14329,3849,01/01/2025,105
14330,1381,01/01/2025,186
14331,1145,01/01/2025,66
14332,4867,01/01/2025,401
14333,1366,01/01/2025,446
14334,753,01/01/2025,20
14335,1544,01/01/2025,56
14336,1710,01/01/2025,5
14337,1613,01/01/2025,574
14338,3398,01/01/2025,525
14339,4892,01/01/2025,52
14340,1743,01/01/2025,188
14341,3594,01/01/2025,537
14342,4112,01/01/2025,147
14343,3918,01/01/2025,129
14344,197,01/01/2025,502
14345,2970,01/01/2025,515
14346,3418,01/01/2025,566
14347,2683,01/01/2025,481
14348,724,01/01/2025,486
14349,2983,01/01/2025,50
14350,2188,01/01/2025,143
14351,2807,01/01/2025,504
14352,3672,01/01/2025,288
14353,1569,01/01/2025,107
14354,4476,01/01/2025,94
14355,485,01/01/2025,490
14356,537,01/01/2025,421
14357,4715,01/01/2025,103
14358,3440,01/01/2025,234
14359,4486,01/01/2025,456
14360,4701,01/01/2025,467
14361,2356,01/01/2025,487
14362,4491,01/01/2025,122
14363,2658,01/01/2025,549
14364,871,01/01/2025,556
14365,4173,01/01/2025,393
14366,4860,01/01/2025,358
14367,1454,01/01/2025,17
14368,3371,01/01/2025,250
14369,4956,01/01/2025,574
14370,181,01/01/2025,361
14371,436,01/01/2025,513
14372,3377,01/01/2025,500
14373,341,01/01/2025,259
14374,241,01/01/2025,88
14375,4887,01/01/2025,477
14376,3992,01/01/2025,322
14377,3280,01/01/2025,498
14378,3309,01/01/2025,242
14379,1111,01/01/2025,255
14380,3141,01/01/2025,534
14381,39,01/01/2025,263
14382,1523,01/01/2025,25
14383,2406,01/01/2025,202
14384,1916,01/01/2025,433
14385,571,01/01/2025,52
14386,1434,01/01/2025,449
14387,922,01/01/2025,505
14388,1765,01/01/2025,154
14389,4904,01/01/2025,490
14390,297,01/01/2025,497
14391,4743,01/01/2025,230
14392,1593,01/01/2025,590
14393,1365,01/01/2025,522
14394,3795,01/01/2025,516
14395,3326,01/01/2025,437
14396,809,01/01/2025,174
14397,389,01/01/2025,131
14398,802,01/01/2025,296
14399,1718,01/01/2025,293
14400,2908,01/01/2025,525
14401,4983,01/01/2025,423
14402,4856,01/01/2025,488
14403,3060,01/01/2025,274
14404,4457,01/01/2025,396
14405,2395,01/01/2025,187
14406,2611,01/01/2025,289
14407,3204,01/01/2025,11
14408,2169,01/01/2025,283
14409,3641,01/01/2025,485
14410,833,01/01/2025,227
14411,730,01/01/2025,131
14412,4925,01/01/2025,126
14413,3379,01/01/2025,447
14414,867,01/01/2025,588
14415,1763,01/01/2025,134
14416,3589,01/01/2025,116
14417,851,01/01/2025,287
14418,669,01/01/2025,58
14419,1449,01/01/2025,370
14420,1043,01/01/2025,221
14421,2333,01/01/2025,210
14422,2661,01/01/2025,2
14423,2897,01/01/2025,37
14424,746,01/01/2025,55
14425,1333,01/01/2025,374
14426,4739,01/01/2025,121
14427,3494,01/01/2025,191
14428,2555,01/01/2025,582
14429,4195,01/01/2025,359
14430,2023,01/01/2025,177
14431,4484,01/01/2025,99
14432,1088,01/01/2025,128
14433,1320,01/01/2025,195
14434,2325,01/01/2025,287
14435,2511,01/01/2025,41
14436,2087,01/01/2025,306
14437,2684,01/01/2025,397
14438,1386,01/01/2025,420
14439,2330,01/01/2025,322
14440,330,01/01/2025,234
14441,1701,01/01/2025,500
14442,989,01/01/2025,470
14443,4104,01/01/2025,258
14444,2712,01/01/2025,344
14445,2756,01/01/2025,195
14446,281,01/01/2025,302
14447,1899,01/01/2025,33
14448,2431,01/01/2025,341
14449,2784,01/01/2025,21
14450,1373,01/01/2025,6
14451,4896,01/01/2025,472
14452,4721,01/01/2025,38
14453,2592,01/01/2025,490
14454,4785,01/01/2025,380
14455,2289,01/01/2025,538
14456,3880,01/01/2025,347
14457,906,01/01/2025,222
14458,518,01/01/2025,247
14459,2896,01/01/2025,338
14460,1614,01/01/2025,560
14461,1769,01/01/2025,17
14462,4258,01/01/2025,156
14463,3282,01/01/2025,97
14464,1570,01/01/2025,580
14465,2040,01/01/2025,313
14466,1515,01/01/2025,599
14467,1594,01/01/2025,382
14468,2741,01/01/2025,249
14469,2370,01/01/2025,87
14470,2302,01/01/2025,391
14471,4007,01/01/2025,368
14472,357,01/01/2025,281
14473,478,01/01/2025,458
14474,1822,01/01/2025,67
14475,3183,01/01/2025,366
14476,11,01/01/2025,178
14477,1364,01/01/2025,146
14478,4572,01/01/2025,512
14479,3281,01/01/2025,111
14480,4302,01/01/2025,205
14481,3359,01/01/2025,548
14482,3616,01/01/2025,338
14483,3383,01/01/2025,349
14484,854,01/01/2025,278
14485,1032,01/01/2025,284
14486,2441,01/01/2025,453
14487,1853,01/01/2025,561
14488,2847,01/01/2025,265
14489,2226,01/01/2025,251
14490,2685,01/01/2025,342
14491,3113,01/01/2025,462
14492,3929,01/01/2025,152
14493,899,01/01/2025,556
14494,2238,01/01/2025,392
14495,4916,01/01/2025,448
14496,2751,01/01/2025,316
14497,3639,01/01/2025,599
14498,3738,01/01/2025,198
14499,989,01/01/2025,53
14500,2583,01/01/2025,NULL
14501,2761,01/01/2025,538
14502,2561,01/01/2025,287
14503,1237,01/01/2025,478
14504,4283,01/01/2025,472
14505,1858,01/01/2025,245
14506,3140,01/01/2025,460
14507,4454,01/01/2025,86
14508,4389,01/01/2025,310
14509,2443,01/01/2025,159
14510,1650,01/01/2025,516
14511,3747,01/01/2025,419
14512,975,01/01/2025,338
14513,3962,01/01/2025,199
14514,2664,01/01/2025,515
14515,4975,01/01/2025,174
14516,4250,01/01/2025,358
14517,474,01/01/2025,215
14518,4263,01/01/2025,386
14519,2608,01/01/2025,474
14520,4829,01/01/2025,92
14521,2709,01/01/2025,555
14522,3560,01/01/2025,77
14523,3486,01/01/2025,387
14524,4112,01/01/2025,329
14525,2156,01/01/2025,17
14526,1169,01/01/2025,298
14527,345,01/01/2025,9
14528,4161,01/01/2025,526
14529,437,01/01/2025,379
14530,3854,01/01/2025,288
14531,1776,01/01/2025,549
14532,647,01/01/2025,576
14533,4115,01/01/2025,479
14534,2237,01/01/2025,439
14535,861,01/01/2025,570
14536,4744,01/01/2025,14
14537,3283,01/01/2025,425
14538,1567,01/01/2025,432
14539,4666,01/01/2025,36
14540,3805,01/01/2025,246
14541,488,01/01/2025,171
14542,4245,01/01/2025,86
14543,1483,01/01/2025,411
14544,4215,01/01/2025,92
14545,166,01/01/2025,442
14546,142,01/01/2025,295
14547,4016,01/01/2025,97
14548,4479,01/01/2025,528
14549,1859,01/01/2025,267
14550,3052,01/01/2025,442
14551,3857,01/01/2025,150
14552,4283,01/01/2025,525
14553,404,01/01/2025,547
14554,3161,01/01/2025,29
14555,4972,01/01/2025,565
14556,3340,01/01/2025,382
14557,510,01/01/2025,500
14558,3938,01/01/2025,401
14559,726,01/01/2025,188
14560,3881,01/01/2025,252
14561,982,01/01/2025,222
14562,4960,01/01/2025,478
14563,3584,01/01/2025,429
14564,2897,01/01/2025,314
14565,4383,01/01/2025,304
14566,2890,01/01/2025,512
14567,2211,01/01/2025,531
14568,2237,01/01/2025,580
14569,1325,01/01/2025,431
14570,960,01/01/2025,595
14571,1785,01/01/2025,264
14572,4318,01/01/2025,332
14573,1236,01/01/2025,434
14574,1609,01/01/2025,12
14575,1323,01/01/2025,203
14576,325,01/01/2025,348
14577,2580,01/01/2025,315
14578,313,01/01/2025,437
14579,279,01/01/2025,437
14580,340,01/01/2025,369
14581,551,01/01/2025,478
14582,1411,01/01/2025,152
14583,221,01/01/2025,542
14584,2754,01/01/2025,177
14585,2938,01/01/2025,423
14586,4979,01/01/2025,102
14587,3155,01/01/2025,196
14588,2189,01/01/2025,540
14589,2575,01/01/2025,154
14590,3000,01/01/2025,70
14591,3945,01/01/2025,148
14592,463,01/01/2025,45
14593,4339,01/01/2025,517
14594,2844,01/01/2025,108
14595,3899,01/01/2025,278
14596,2770,01/01/2025,474
14597,3999,01/01/2025,76
14598,1050,01/01/2025,176
14599,113,01/01/2025,349
14600,3968,01/01/2025,137
14601,3301,01/01/2025,350
14602,2489,01/01/2025,50
14603,1528,01/01/2025,305
14604,4828,01/01/2025,506
14605,3632,01/01/2025,568
14606,4907,01/01/2025,108
14607,3338,01/01/2025,344
14608,170,01/01/2025,536
14609,377,01/01/2025,188
14610,366,01/01/2025,538
14611,646,01/01/2025,264
14612,1691,01/01/2025,59
14613,1769,01/01/2025,313
14614,565,01/01/2025,184
14615,1070,01/01/2025,415
14616,1384,01/01/2025,49
14617,4844,01/01/2025,163
14618,2638,01/01/2025,259
14619,3246,01/01/2025,57
14620,2188,01/01/2025,420
14621,1842,01/01/2025,549
14622,3538,01/01/2025,96
14623,2738,01/01/2025,389
14624,3247,01/01/2025,502
14625,516,01/01/2025,16
14626,4440,01/01/2025,561
14627,2477,01/01/2025,352
14628,4256,01/01/2025,187
14629,821,01/01/2025,334
14630,4952,01/01/2025,300
14631,120,01/01/2025,385
14632,1370,01/01/2025,317
14633,2688,01/01/2025,506
14634,1360,01/01/2025,294
14635,412,01/01/2025,527
14636,1361,01/01/2025,95
14637,2697,01/01/2025,523
14638,3076,01/01/2025,357
14639,1356,01/01/2025,556
14640,1157,01/01/2025,293
14641,1505,01/01/2025,569
14642,384,01/01/2025,41
14643,4806,01/01/2025,2
14644,2538,01/01/2025,530
14645,4873,01/01/2025,573
14646,2280,01/01/2025,209
14647,2082,01/01/2025,563
14648,4959,01/01/2025,392
14649,125,01/01/2025,242
14650,4912,01/01/2025,17
14651,4464,01/01/2025,524
14652,848,01/01/2025,449
14653,3081,01/01/2025,247
14654,2603,01/01/2025,96
14655,545,01/01/2025,250
14656,4813,01/01/2025,252
14657,4044,01/01/2025,563
14658,1836,01/01/2025,572
14659,634,01/01/2025,286
14660,1020,01/01/2025,459
14661,4539,01/01/2025,243
14662,460,01/01/2025,354
14663,3739,01/01/2025,279
14664,952,01/01/2025,8
14665,4594,01/01/2025,121
14666,3635,01/01/2025,488
14667,3021,01/01/2025,400
14668,3967,01/01/2025,344
14669,348,01/01/2025,28
14670,4596,01/01/2025,73
14671,4864,01/01/2025,368
14672,4363,01/01/2025,346
14673,3875,01/01/2025,550
14674,3264,01/01/2025,591
14675,2672,01/01/2025,442
14676,3916,01/01/2025,111
14677,1909,01/01/2025,541
14678,2459,01/01/2025,18
14679,1974,01/01/2025,584
14680,3677,01/01/2025,86
14681,3215,01/01/2025,110
14682,119,01/01/2025,170
14683,1433,01/01/2025,497
14684,4841,01/01/2025,148
14685,4179,01/01/2025,7
14686,4286,01/01/2025,151
14687,3061,01/01/2025,83
14688,1195,01/01/2025,199
14689,1434,01/01/2025,340
14690,2124,01/01/2025,373
14691,2047,01/01/2025,581
14692,1173,01/01/2025,166
14693,1962,01/01/2025,400
14694,4936,01/01/2025,458
14695,998,01/01/2025,539
14696,4051,01/01/2025,393
14697,969,01/01/2025,275
14698,649,01/01/2025,263
14699,1647,01/01/2025,286
14700,2517,01/01/2025,563
14701,3467,01/01/2025,309
14702,790,01/01/2025,566
14703,3082,01/01/2025,282
14704,3398,01/01/2025,150
14705,604,01/01/2025,8
14706,359,01/01/2025,379
14707,4595,01/01/2025,108
14708,4672,01/01/2025,61
14709,3311,01/01/2025,43
14710,454,01/01/2025,15
14711,3512,01/01/2025,394
14712,2171,01/01/2025,559
14713,2661,01/01/2025,538
14714,1891,01/01/2025,110
14715,3523,01/01/2025,304
14716,2433,01/01/2025,324
14717,1641,01/01/2025,501
14718,2871,01/01/2025,98
14719,3748,01/01/2025,165
14720,2013,01/01/2025,400
14721,1251,01/01/2025,134
14722,1579,01/01/2025,94
14723,4827,01/01/2025,508
14724,2520,01/01/2025,458
14725,527,01/01/2025,214
14726,463,01/01/2025,540
14727,3643,01/01/2025,439
14728,4311,01/01/2025,366
14729,4083,01/01/2025,292
14730,3627,01/01/2025,589
14731,3756,01/01/2025,269
14732,1448,01/01/2025,230
14733,2368,01/01/2025,590
14734,3042,01/01/2025,331
14735,3045,01/01/2025,95
14736,3002,01/01/2025,476
14737,4172,01/01/2025,56
14738,4189,01/01/2025,582
14739,1018,01/01/2025,3
14740,419,01/01/2025,320
14741,737,01/01/2025,329
14742,2523,01/01/2025,86
14743,941,01/01/2025,224
14744,1034,01/01/2025,496
14745,1153,01/01/2025,417
14746,3116,01/01/2025,237
14747,1257,01/01/2025,271
14748,1085,01/01/2025,363
14749,3786,01/01/2025,108
14750,3021,01/01/2025,150
14751,630,01/01/2025,83
14752,4065,01/01/2025,58
14753,4554,01/01/2025,575
14754,882,01/01/2025,437
14755,3542,01/01/2025,596
14756,1974,01/01/2025,179
14757,4337,01/01/2025,238
14758,2713,01/01/2025,32
14759,124,01/01/2025,47
14760,166,01/01/2025,298
14761,183,01/01/2025,149
14762,948,01/01/2025,207
14763,2392,01/01/2025,32
14764,124,01/01/2025,55
14765,1597,01/01/2025,344
14766,3136,01/01/2025,593
14767,73,01/01/2025,534
14768,3447,01/01/2025,70
14769,2549,01/01/2025,195
14770,4061,01/01/2025,356
14771,627,01/01/2025,124
14772,1820,01/01/2025,79
14773,4683,01/01/2025,304
14774,137,01/01/2025,74
14775,845,01/01/2025,572
14776,1207,01/01/2025,324
14777,374,01/01/2025,466
14778,1891,01/01/2025,495
14779,4042,01/01/2025,368
14780,4838,01/01/2025,328
14781,2771,01/01/2025,343
14782,4854,01/01/2025,158
14783,2785,01/01/2025,46
14784,3254,01/01/2025,394
14785,1475,01/01/2025,196
14786,4628,01/01/2025,424
14787,1836,01/01/2025,158
14788,3010,01/01/2025,42
14789,4163,01/01/2025,281
14790,2305,01/01/2025,69
14791,2411,01/01/2025,194
14792,198,01/01/2025,498
14793,268,01/01/2025,101
14794,812,01/01/2025,103
14795,2854,01/01/2025,545
14796,3653,01/01/2025,525
14797,3019,01/01/2025,39
14798,977,01/01/2025,453
14799,3046,01/01/2025,331
14800,1420,01/01/2025,189
14801,1506,01/01/2025,578
14802,4659,01/01/2025,438
14803,4568,01/01/2025,572
14804,1571,01/01/2025,488
14805,1937,01/01/2025,269
14806,4398,01/01/2025,393
14807,4263,01/01/2025,215
14808,1499,01/01/2025,144
14809,3318,01/01/2025,451
14810,3909,01/01/2025,150
14811,274,01/01/2025,160
14812,4469,01/01/2025,554
14813,4088,01/01/2025,590
14814,779,01/01/2025,94
14815,566,01/01/2025,216
14816,1356,01/01/2025,181
14817,4216,01/01/2025,152
14818,777,01/01/2025,142
14819,4618,01/01/2025,220
14820,3296,01/01/2025,350
14821,601,01/01/2025,80
14822,348,01/01/2025,573
14823,1962,01/01/2025,116
14824,3180,01/01/2025,15
14825,1191,01/01/2025,104
14826,4747,01/01/2025,464
14827,3399,01/01/2025,536
14828,942,01/01/2025,137
14829,3639,01/01/2025,252
14830,3906,01/01/2025,355
14831,397,01/01/2025,311
14832,4324,01/01/2025,384
14833,727,01/01/2025,139
14834,1729,01/01/2025,335
14835,3997,01/01/2025,236
14836,808,01/01/2025,338
14837,858,01/01/2025,99
14838,3450,01/01/2025,503
14839,4140,01/01/2025,339
14840,1081,01/01/2025,33
14841,1633,01/01/2025,86
14842,3140,01/01/2025,361
14843,4762,01/01/2025,539
14844,3976,01/01/2025,441
14845,1237,01/01/2025,432
14846,1059,01/01/2025,206
14847,535,01/01/2025,108
14848,538,01/01/2025,33
14849,4089,01/01/2025,43
14850,2104,01/01/2025,317
14851,1774,01/01/2025,337
14852,396,01/01/2025,340
14853,2120,01/01/2025,245
14854,4678,01/01/2025,475
14855,2326,01/01/2025,498
14856,413,01/01/2025,7
14857,3786,01/01/2025,517
14858,2432,01/01/2025,234
14859,4496,01/01/2025,496
14860,1115,01/01/2025,398
14861,1242,01/01/2025,65
14862,3881,01/01/2025,290
14863,1354,01/01/2025,179
14864,2349,01/01/2025,569
14865,396,01/01/2025,84
14866,2887,01/01/2025,345
14867,84,01/01/2025,308
14868,3628,01/01/2025,448
14869,1361,01/01/2025,504
14870,1406,01/01/2025,379
14871,509,01/01/2025,434
14872,1613,01/01/2025,475
14873,4339,01/01/2025,219
14874,4010,01/01/2025,463
14875,3953,01/01/2025,575
14876,280,01/01/2025,250
14877,4603,01/01/2025,147
14878,4820,01/01/2025,521
14879,4553,01/01/2025,553
14880,3661,01/01/2025,485
14881,836,01/01/2025,82
14882,4909,01/01/2025,168
14883,4422,01/01/2025,333
14884,2505,01/01/2025,512
14885,2266,01/01/2025,96
14886,2711,01/01/2025,486
14887,398,01/01/2025,594
14888,1941,01/01/2025,444
14889,3428,01/01/2025,594
14890,1199,01/01/2025,576
14891,3956,01/01/2025,580
14892,4049,01/01/2025,473
14893,611,01/01/2025,191
14894,2019,01/01/2025,30
14895,298,01/01/2025,164
14896,2283,01/01/2025,497
14897,4774,01/01/2025,247
14898,575,01/01/2025,192
14899,3435,01/01/2025,400
14900,1411,01/01/2025,104
14901,1193,01/01/2025,225
14902,3332,01/01/2025,400
14903,333,01/01/2025,375
14904,4898,01/01/2025,457
14905,2341,01/01/2025,52
14906,3411,01/01/2025,444
14907,2634,01/01/2025,204
14908,4802,01/01/2025,338
14909,4196,01/01/2025,401
14910,4200,01/01/2025,540
14911,1522,01/01/2025,80
14912,4681,01/01/2025,52
14913,3975,01/01/2025,490
14914,2703,01/01/2025,37
14915,1095,01/01/2025,62
14916,1374,01/01/2025,375
14917,626,01/01/2025,504
14918,1356,01/01/2025,235
14919,4004,01/01/2025,525
14920,3482,01/01/2025,505
14921,4949,01/01/2025,450
14922,1415,01/01/2025,599
14923,1230,01/01/2025,458
14924,2816,01/01/2025,113
14925,4326,01/01/2025,535
14926,3163,01/01/2025,40
14927,3641,01/01/2025,466
14928,2142,01/01/2025,506
14929,1941,01/01/2025,467
14930,4146,01/01/2025,283
14931,4667,01/01/2025,4
14932,4396,01/01/2025,284
14933,1683,01/01/2025,141
14934,2342,01/01/2025,126
14935,3666,01/01/2025,276
14936,366,01/01/2025,263
14937,3030,01/01/2025,33
14938,1770,01/01/2025,433
14939,1481,01/01/2025,223
14940,4,01/01/2025,421
14941,1520,01/01/2025,487
14942,2292,01/01/2025,420
14943,2242,01/01/2025,92
14944,1997,01/01/2025,255
14945,1642,01/01/2025,149
14946,239,01/01/2025,56
14947,2350,01/01/2025,201
14948,136,01/01/2025,290
14949,2611,01/01/2025,88
14950,865,01/01/2025,310
14951,1629,01/01/2025,449
14952,3605,01/01/2025,476
14953,1038,01/01/2025,575
14954,2301,01/01/2025,297
14955,4722,01/01/2025,576
14956,1943,01/01/2025,435
14957,2645,01/01/2025,546
14958,1153,01/01/2025,413
14959,222,01/01/2025,581
14960,2607,01/01/2025,521
14961,342,01/01/2025,189
14962,3363,01/01/2025,22
14963,4500,01/01/2025,168
14964,3356,01/01/2025,502
14965,4532,01/01/2025,124
14966,4390,01/01/2025,55
14967,1135,01/01/2025,179
14968,1087,01/01/2025,574
14969,3886,01/01/2025,26
14970,336,01/01/2025,161
14971,272,01/01/2025,206
14972,405,01/01/2025,363
14973,589,01/01/2025,598
14974,2569,01/01/2025,182
14975,1586,01/01/2025,131
14976,3578,01/01/2025,416
14977,3046,01/01/2025,324
14978,4257,01/01/2025,77
14979,2929,01/01/2025,292
14980,947,01/01/2025,596
14981,3851,01/01/2025,34
14982,2467,01/01/2025,336
14983,2753,01/01/2025,351
14984,2048,01/01/2025,223
14985,2762,01/01/2025,388
14986,2048,01/01/2025,226
14987,4501,01/01/2025,249
14988,1952,01/01/2025,467
14989,1869,01/01/2025,198
14990,2379,01/01/2025,92
14991,1991,01/01/2025,6
14992,100,01/01/2025,505
14993,895,01/01/2025,462
14994,1538,01/01/2025,201
14995,4846,01/01/2025,357
14996,1922,01/01/2025,63
14997,1950,01/01/2025,173
14998,2171,01/01/2025,369
14999,407,01/01/2025,420
15000,2728,01/01/2025,NULL
1,2543,01/01/2025,230
2,2676,01/01/2025,378
3,3880,01/01/2025,459
4,3716,01/01/2025,347
5,134,01/01/2025,426
6,4045,01/01/2025,205
7,3694,01/01/2025,504
8,734,01/01/2025,217
9,2774,01/01/2025,396
10,1177,01/01/2025,242
11,3432,01/01/2025,479
12,3382,01/01/2025,130
13,2029,01/01/2025,49
14,4960,01/01/2025,180
15,4646,01/01/2025,381
16,1709,01/01/2025,80
17,3018,01/01/2025,191
18,851,01/01/2025,318
19,3342,01/01/2025,346
20,3202,01/01/2025,426
21,3469,01/01/2025,32
22,2397,01/01/2025,568
23,1134,01/01/2025,315
24,3683,01/01/2025,286
25,712,01/01/2025,407
26,3303,01/01/2025,52
27,4676,01/01/2025,364
28,4440,01/01/2025,504
29,1578,01/01/2025,568
30,4953,01/01/2025,325
31,1580,01/01/2025,395
32,4697,01/01/2025,170
33,4411,01/01/2025,66
34,1404,01/01/2025,451
35,496,01/01/2025,266
36,4313,01/01/2025,453
37,1779,01/01/2025,132
38,3503,01/01/2025,249
39,2891,01/01/2025,261
40,3297,01/01/2025,456
41,3364,01/01/2025,454
42,3870,01/01/2025,133
43,3160,01/01/2025,547
44,2094,01/01/2025,580
45,13,01/01/2025,367
46,4226,01/01/2025,74
47,2479,01/01/2025,98
48,234,01/01/2025,599
49,1597,01/01/2025,522
50,3136,01/01/2025,355
51,3629,01/01/2025,342
52,3135,01/01/2025,34
53,1405,01/01/2025,290
54,2241,01/01/2025,80
55,1786,01/01/2025,215
56,4239,01/01/2025,21
57,1032,01/01/2025,239
58,983,01/01/2025,222
59,1219,01/01/2025,352
60,2137,01/01/2025,333
61,4265,01/01/2025,158
62,4540,01/01/2025,18
63,2617,01/01/2025,313
64,4577,01/01/2025,125
65,882,01/01/2025,167
66,3221,01/01/2025,408
67,4106,01/01/2025,496
68,1410,01/01/2025,11
69,2435,01/01/2025,594
70,299,01/01/2025,267
71,2900,01/01/2025,580
72,4431,01/01/2025,136
73,1810,01/01/2025,507
74,197,01/01/2025,555
75,3325,01/01/2025,336
76,1533,01/01/2025,69
77,190,01/01/2025,567
78,3853,01/01/2025,482
79,4080,01/01/2025,596
80,1370,01/01/2025,265
81,4416,01/01/2025,201
82,3737,01/01/2025,421
83,4655,01/01/2025,260
84,3776,01/01/2025,302
85,1404,01/01/2025,14
86,2312,01/01/2025,144
87,3612,01/01/2025,331
88,1995,01/01/2025,144
89,1403,01/01/2025,344
90,889,01/01/2025,138
91,2512,01/01/2025,19
92,4836,01/01/2025,291
93,710,01/01/2025,519
94,2310,01/01/2025,265
95,3685,01/01/2025,163
96,1699,01/01/2025,541
97,4396,01/01/2025,65
98,4122,01/01/2025,354
99,4079,01/01/2025,380
100,1602,01/01/2025,101
101,2519,01/01/2025,160
102,1121,01/01/2025,315
103,258,01/01/2025,457
104,1090,01/01/2025,137
105,2836,01/01/2025,506
106,1950,01/01/2025,215
107,4110,01/01/2025,301
108,4754,01/01/2025,32
109,107,01/01/2025,166
110,2723,01/01/2025,195
111,3544,01/01/2025,382
112,1352,01/01/2025,228
113,230,01/01/2025,521
114,4564,01/01/2025,252
115,3042,01/01/2025,394
116,741,01/01/2025,312
117,679,01/01/2025,38
118,3621,01/01/2025,518
119,2846,01/01/2025,43
120,3553,01/01/2025,168
121,3861,01/01/2025,442
122,2513,01/01/2025,383
123,277,01/01/2025,399
124,4379,01/01/2025,569
125,3360,01/01/2025,21
126,66,01/01/2025,97
127,852,01/01/2025,454
128,76,01/01/2025,317
129,1152,01/01/2025,30
130,925,01/01/2025,374
131,3052,01/01/2025,181
132,3851,01/01/2025,284
133,1194,01/01/2025,380
134,2219,01/01/2025,89
135,3803,01/01/2025,175
136,3488,01/01/2025,389
137,4974,01/01/2025,280
138,1761,01/01/2025,150
139,2138,01/01/2025,412
140,2591,01/01/2025,90
141,2153,01/01/2025,224
142,568,01/01/2025,456
143,4091,01/01/2025,233
144,3978,01/01/2025,536
145,1340,01/01/2025,594
146,1614,01/01/2025,274
147,4678,01/01/2025,363
148,2048,01/01/2025,72
149,3701,01/01/2025,155
150,1063,01/01/2025,265
151,2864,01/01/2025,506
152,1023,01/01/2025,314
153,2223,01/01/2025,26
154,197,01/01/2025,90
155,4435,01/01/2025,20
156,3125,01/01/2025,414
157,4875,01/01/2025,216
158,2325,01/01/2025,41
159,3597,01/01/2025,19
160,1502,01/01/2025,554
161,4833,01/01/2025,153
162,1204,01/01/2025,310
163,453,01/01/2025,161
164,4081,01/01/2025,204
165,2120,01/01/2025,577
166,2133,01/01/2025,154
167,1069,01/01/2025,322
168,3319,01/01/2025,37
169,18,01/01/2025,176
170,1345,01/01/2025,473
171,886,01/01/2025,537
172,534,01/01/2025,314
173,2664,01/01/2025,425
174,2329,01/01/2025,469
175,548,01/01/2025,259
176,4860,01/01/2025,178
177,64,01/01/2025,345
178,4332,01/01/2025,238
179,4958,01/01/2025,5
180,4821,01/01/2025,70
181,667,01/01/2025,366
182,4228,01/01/2025,476
183,2524,01/01/2025,487
184,3148,01/01/2025,369
185,1913,01/01/2025,263
186,4519,01/01/2025,493
187,3256,01/01/2025,137
188,2593,01/01/2025,49
189,732,01/01/2025,261
190,4647,01/01/2025,52
191,1168,01/01/2025,102
192,726,01/01/2025,586
193,4017,01/01/2025,284
194,3595,01/01/2025,568
195,85,01/01/2025,27
196,17,01/01/2025,343
197,4609,01/01/2025,101
198,3342,01/01/2025,10
199,619,01/01/2025,115
200,3776,01/01/2025,569
201,4772,01/01/2025,548
202,3394,01/01/2025,341
203,1476,01/01/2025,53
204,509,01/01/2025,293
205,2957,01/01/2025,10
206,278,01/01/2025,73
207,3195,01/01/2025,470
208,3864,01/01/2025,267
209,848,01/01/2025,239
210,2783,01/01/2025,114
211,3402,01/01/2025,460
212,1076,01/01/2025,346
213,1821,01/01/2025,178
214,586,01/01/2025,73
215,2952,01/01/2025,217
216,3905,01/01/2025,123
217,2634,01/01/2025,43
218,2984,01/01/2025,153
219,3408,01/01/2025,83
220,1390,01/01/2025,209
221,2763,01/01/2025,238
222,4895,01/01/2025,425
223,1515,01/01/2025,398
224,3042,01/01/2025,106
225,3703,01/01/2025,33
226,1733,01/01/2025,220
227,4554,01/01/2025,213
228,3463,01/01/2025,256
229,2144,01/01/2025,221
230,2459,01/01/2025,393
231,2847,01/01/2025,516
232,1443,01/01/2025,309
233,1240,01/01/2025,35
234,908,01/01/2025,356
235,1045,01/01/2025,394
236,1726,01/01/2025,95
237,2412,01/01/2025,564
238,4977,01/01/2025,478
239,1925,01/01/2025,345
240,2344,01/01/2025,331
241,217,01/01/2025,376
242,1424,01/01/2025,406
243,3511,01/01/2025,275
244,2424,01/01/2025,139
245,569,01/01/2025,308
246,259,01/01/2025,15
247,3740,01/01/2025,83
248,481,01/01/2025,480
249,4896,01/01/2025,382
250,1536,01/01/2025,80
251,4550,01/01/2025,497
252,2972,01/01/2025,496
253,1113,01/01/2025,333
254,593,01/01/2025,21
255,4156,01/01/2025,196
256,2502,01/01/2025,517
257,2086,01/01/2025,484
258,555,01/01/2025,177
259,202,01/01/2025,521
260,2484,01/01/2025,411
261,3255,01/01/2025,110
262,1938,01/01/2025,202
263,1123,01/01/2025,106
264,646,01/01/2025,435
265,1189,01/01/2025,428
266,1002,01/01/2025,465
267,4754,01/01/2025,518
268,4619,01/01/2025,577
269,4410,01/01/2025,563
270,4339,01/01/2025,58
271,3723,01/01/2025,580
272,4847,01/01/2025,351
273,3949,01/01/2025,322
274,1454,01/01/2025,453
275,4250,01/01/2025,427
276,2685,01/01/2025,185
277,431,01/01/2025,505
278,1823,01/01/2025,265
279,2784,01/01/2025,378
280,450,01/01/2025,489
281,2897,01/01/2025,131
282,2962,01/01/2025,382
283,4555,01/01/2025,23
284,1077,01/01/2025,317
285,2619,01/01/2025,176
286,1569,01/01/2025,79
287,4823,01/01/2025,255
288,2297,01/01/2025,188
289,4241,01/01/2025,74
290,477,01/01/2025,515
291,2027,01/01/2025,443
292,180,01/01/2025,235
293,3238,01/01/2025,187
294,2685,01/01/2025,327
295,2588,01/01/2025,596
296,2019,01/01/2025,10
297,1438,01/01/2025,198
298,4310,01/01/2025,208
299,2393,01/01/2025,392
300,3342,01/01/2025,47
301,1067,01/01/2025,27
302,3620,01/01/2025,453
303,1418,01/01/2025,406
304,3684,01/01/2025,55
305,2476,01/01/2025,453
306,3348,01/01/2025,527
307,4174,01/01/2025,506
308,520,01/01/2025,433
309,1992,01/01/2025,594
310,4390,01/01/2025,22
311,4590,01/01/2025,463
312,999,01/01/2025,4
313,2473,01/01/2025,63
314,3771,01/01/2025,542
315,446,01/01/2025,229
316,605,01/01/2025,129
317,3698,01/01/2025,327
318,1129,01/01/2025,80
319,1689,01/01/2025,170
320,4102,01/01/2025,410
321,1233,01/01/2025,74
322,3913,01/01/2025,529
323,4719,01/01/2025,559
324,4741,01/01/2025,315
325,2824,01/01/2025,474
326,4022,01/01/2025,235
327,4721,01/01/2025,108
328,135,01/01/2025,321
329,3327,01/01/2025,351
330,196,01/01/2025,56
331,669,01/01/2025,400
332,861,01/01/2025,452
333,158,01/01/2025,324
334,4885,01/01/2025,0
335,4176,01/01/2025,286
336,51,01/01/2025,4
337,4293,01/01/2025,150
338,559,01/01/2025,55
339,2105,01/01/2025,598
340,4384,01/01/2025,222
341,330,01/01/2025,347
342,1254,01/01/2025,7
343,4741,01/01/2025,237
344,2834,01/01/2025,201
345,75,01/01/2025,366
346,1655,01/01/2025,570
347,522,01/01/2025,569
348,729,01/01/2025,452
349,4054,01/01/2025,494
350,4211,01/01/2025,240
351,4247,01/01/2025,263
352,1407,01/01/2025,496
353,3840,01/01/2025,290
354,4883,01/01/2025,184
355,2063,01/01/2025,447
356,4452,01/01/2025,313
357,4231,01/01/2025,435
358,2972,01/01/2025,465
359,4649,01/01/2025,336
360,677,01/01/2025,41
361,2948,01/01/2025,109
362,640,01/01/2025,91
363,488,01/01/2025,228
364,3790,01/01/2025,46
365,4218,01/01/2025,111
366,1704,01/01/2025,490
367,1275,01/01/2025,385
368,1803,01/01/2025,225
369,310,01/01/2025,384
370,1838,01/01/2025,565
371,1734,01/01/2025,401
372,222,01/01/2025,234
373,2671,01/01/2025,25
374,4680,01/01/2025,51
375,708,01/01/2025,49
376,1411,01/01/2025,195
377,597,01/01/2025,350
378,3879,01/01/2025,384
379,4203,01/01/2025,53
380,4642,01/01/2025,404
381,3765,01/01/2025,163
382,222,01/01/2025,153
383,3445,01/01/2025,311
384,4068,01/01/2025,402
385,4649,01/01/2025,193
386,1568,01/01/2025,379
387,607,01/01/2025,61
388,3853,01/01/2025,168
389,4970,01/01/2025,222
390,3580,01/01/2025,40
391,4860,01/01/2025,411
392,4412,01/01/2025,186
393,457,01/01/2025,518
394,1774,01/01/2025,452
395,3912,01/01/2025,88
396,4355,01/01/2025,40
397,1593,01/01/2025,582
398,2383,01/01/2025,49
399,2885,01/01/2025,395
400,3876,01/01/2025,59
401,4728,01/01/2025,276
402,4118,01/01/2025,587
403,3970,01/01/2025,139
404,2098,01/01/2025,304
405,1104,01/01/2025,484
406,2293,01/01/2025,592
407,555,01/01/2025,244
408,3929,01/01/2025,521
409,2743,01/01/2025,204
410,1424,01/01/2025,478
411,1824,01/01/2025,387
412,2017,01/01/2025,336
413,1288,01/01/2025,408
414,541,01/01/2025,449
415,2189,01/01/2025,400
416,2252,01/01/2025,247
417,236,01/01/2025,454
418,267,01/01/2025,492
419,2975,01/01/2025,360
420,3425,01/01/2025,468
421,670,01/01/2025,494
422,1533,01/01/2025,446
423,428,01/01/2025,371
424,1217,01/01/2025,342
425,2342,01/01/2025,89
426,1738,01/01/2025,83
427,4108,01/01/2025,269
428,1074,01/01/2025,447
429,340,01/01/2025,233
430,3524,01/01/2025,480
431,3216,01/01/2025,424
432,1302,01/01/2025,268
433,480,01/01/2025,533
434,3817,01/01/2025,440
435,4858,01/01/2025,424
436,3114,01/01/2025,385
437,2469,01/01/2025,504
438,844,01/01/2025,59
439,1208,01/01/2025,209
440,4911,01/01/2025,185
441,2328,01/01/2025,113
442,503,01/01/2025,291
443,594,01/01/2025,483
444,2625,01/01/2025,537
445,427,01/01/2025,565
446,4059,01/01/2025,44
447,4697,01/01/2025,101
448,3726,01/01/2025,586
449,1567,01/01/2025,127
450,760,01/01/2025,576
451,3521,01/01/2025,36
452,4378,01/01/2025,495
453,4942,01/01/2025,103
454,1923,01/01/2025,583
455,853,01/01/2025,85
456,722,01/01/2025,84
457,3418,01/01/2025,431
458,727,01/01/2025,53
459,3300,01/01/2025,243
460,3206,01/01/2025,5
461,2176,01/01/2025,104
462,1724,01/01/2025,117
463,4165,01/01/2025,423
464,1531,01/01/2025,254
465,2659,01/01/2025,541
466,116,01/01/2025,547
467,3564,01/01/2025,575
468,4732,01/01/2025,349
469,2969,01/01/2025,534
470,2064,01/01/2025,438
471,4009,01/01/2025,513
472,421,01/01/2025,33
473,571,01/01/2025,90
474,3312,01/01/2025,61
475,1869,01/01/2025,477
476,152,01/01/2025,114
477,3528,01/01/2025,193
478,3776,01/01/2025,42
479,274,01/01/2025,104
480,1996,01/01/2025,490
481,3072,01/01/2025,427
482,538,01/01/2025,285
483,4804,01/01/2025,565
484,1605,01/01/2025,135
485,4718,01/01/2025,4
486,89,01/01/2025,60
487,4449,01/01/2025,399
488,1301,01/01/2025,573
489,3083,01/01/2025,184
490,2648,01/01/2025,309
491,3031,01/01/2025,201
492,4201,01/01/2025,33
493,4623,01/01/2025,516
494,1408,01/01/2025,152
495,1646,01/01/2025,93
496,3127,01/01/2025,438
497,1434,01/01/2025,210
498,3301,01/01/2025,522
499,3226,01/01/2025,153
500,3228,01/01/2025,299
501,2517,01/01/2025,123
502,868,01/01/2025,495
503,4772,01/01/2025,42
504,1223,01/01/2025,105
505,3620,01/01/2025,411
506,4699,01/01/2025,533
507,2503,01/01/2025,353
508,3380,01/01/2025,391
509,912,01/01/2025,135
510,3965,01/01/2025,290
511,1938,01/01/2025,23
512,1902,01/01/2025,557
513,2914,01/01/2025,94
514,4755,01/01/2025,4
515,4095,01/01/2025,171
516,4614,01/01/2025,287
517,1887,01/01/2025,330
518,1773,01/01/2025,275
519,4964,01/01/2025,92
520,4380,01/01/2025,187
521,3422,01/01/2025,230
522,1089,01/01/2025,134
523,4124,01/01/2025,418
524,4386,01/01/2025,402
525,381,01/01/2025,76
526,2656,01/01/2025,11
527,1012,01/01/2025,228
528,2543,01/01/2025,590
529,132,01/01/2025,592
530,4426,01/01/2025,574
531,1917,01/01/2025,410
532,892,01/01/2025,449
533,3373,01/01/2025,480
534,769,01/01/2025,406
535,2455,01/01/2025,0
536,4330,01/01/2025,547
537,1619,01/01/2025,106
538,4010,01/01/2025,441
539,1705,01/01/2025,35
540,1715,01/01/2025,555
541,4388,01/01/2025,0
542,4426,01/01/2025,84
543,640,01/01/2025,395
544,3127,01/01/2025,93
545,4897,01/01/2025,446
546,1179,01/01/2025,446
547,4221,01/01/2025,33
548,4609,01/01/2025,257
549,166,01/01/2025,348
550,251,01/01/2025,384
551,2239,01/01/2025,108
552,4118,01/01/2025,367
553,4206,01/01/2025,233
554,4961,01/01/2025,592
555,1286,01/01/2025,282
556,3032,01/01/2025,131
557,432,01/01/2025,478
558,2071,01/01/2025,460
559,2453,01/01/2025,237
560,836,01/01/2025,407
561,4683,01/01/2025,208
562,1144,01/01/2025,431
563,1933,01/01/2025,499
564,2977,01/01/2025,341
565,936,01/01/2025,524
566,4587,01/01/2025,180
567,3975,01/01/2025,186
568,2783,01/01/2025,300
569,167,01/01/2025,65
570,3497,01/01/2025,479
571,1160,01/01/2025,511
572,354,01/01/2025,25
573,4722,01/01/2025,242
574,1223,01/01/2025,278
575,2162,01/01/2025,197
576,975,01/01/2025,21
577,1268,01/01/2025,530
578,4541,01/01/2025,424
579,1256,01/01/2025,32
580,4288,01/01/2025,28
581,2567,01/01/2025,222
582,3938,01/01/2025,37
583,2719,01/01/2025,512
584,2206,01/01/2025,24
585,3728,01/01/2025,577
586,4625,01/01/2025,115
587,685,01/01/2025,500
588,3951,01/01/2025,365
589,1497,01/01/2025,191
590,1159,01/01/2025,313
591,1311,01/01/2025,212
592,968,01/01/2025,264
593,321,01/01/2025,7
594,3900,01/01/2025,20
595,1126,01/01/2025,287
596,2056,01/01/2025,451
597,3224,01/01/2025,87
598,480,01/01/2025,13
599,3165,01/01/2025,323
600,1387,01/01/2025,437
601,4848,01/01/2025,270
602,790,01/01/2025,380
603,3588,01/01/2025,28
604,3854,01/01/2025,83
605,2724,01/01/2025,231
606,471,01/01/2025,354
607,173,01/01/2025,76
608,1928,01/01/2025,157
609,2646,01/01/2025,354
610,58,01/01/2025,337
611,375,01/01/2025,505
612,3378,01/01/2025,426
613,2199,01/01/2025,72
614,1000,01/01/2025,556
615,3745,01/01/2025,129
616,943,01/01/2025,379
617,1380,01/01/2025,511
618,4545,01/01/2025,138
619,307,01/01/2025,430
620,4049,01/01/2025,34
621,985,01/01/2025,496
622,1546,01/01/2025,95
623,2488,01/01/2025,203
624,2544,01/01/2025,297
625,478,01/01/2025,290
626,2722,01/01/2025,310
627,1632,01/01/2025,434
628,631,01/01/2025,389
629,4130,01/01/2025,355
630,480,01/01/2025,61
631,4738,01/01/2025,202
632,3910,01/01/2025,155
633,2559,01/01/2025,394
634,1972,01/01/2025,593
635,1378,01/01/2025,382
636,1474,01/01/2025,446
637,1515,01/01/2025,422
638,4807,01/01/2025,490
639,3573,01/01/2025,547
640,3484,01/01/2025,524
641,2300,01/01/2025,24
642,1117,01/01/2025,223
643,4731,01/01/2025,566
644,2222,01/01/2025,86
645,165,01/01/2025,225
646,4579,01/01/2025,582
647,672,01/01/2025,495
648,3193,01/01/2025,388
649,2816,01/01/2025,16
650,4466,01/01/2025,434
651,4457,01/01/2025,258
652,940,01/01/2025,412
653,727,01/01/2025,57
654,4126,01/01/2025,196
655,1365,01/01/2025,29
656,2972,01/01/2025,572
657,57,01/01/2025,178
658,884,01/01/2025,478
659,1626,01/01/2025,153
660,4982,01/01/2025,386
661,685,01/01/2025,40
662,1334,01/01/2025,150
663,70,01/01/2025,161
664,4470,01/01/2025,199
665,1131,01/01/2025,562
666,3933,01/01/2025,221
667,597,01/01/2025,6
668,1980,01/01/2025,546
669,4236,01/01/2025,204
670,2979,01/01/2025,225
671,3234,01/01/2025,229
672,1305,01/01/2025,295
673,3687,01/01/2025,557
674,1583,01/01/2025,202
675,4410,01/01/2025,332
676,4858,01/01/2025,391
677,4184,01/01/2025,287
678,4695,01/01/2025,487
679,4281,01/01/2025,322
680,3305,01/01/2025,185
681,3543,01/01/2025,309
682,4550,01/01/2025,13
683,168,01/01/2025,461
684,2753,01/01/2025,575
685,2558,01/01/2025,346
686,4572,01/01/2025,85
687,767,01/01/2025,532
688,2779,01/01/2025,178
689,89,01/01/2025,133
690,2935,01/01/2025,334
691,3751,01/01/2025,415
692,1531,01/01/2025,397
693,838,01/01/2025,438
694,4201,01/01/2025,328
695,1789,01/01/2025,390
696,675,01/01/2025,185
697,3738,01/01/2025,388
698,4111,01/01/2025,198
699,4995,01/01/2025,11
700,1083,01/01/2025,42
701,611,01/01/2025,411
702,2744,01/01/2025,574
703,4112,01/01/2025,96
704,4754,01/01/2025,431
705,598,01/01/2025,88
706,2991,01/01/2025,227
707,3907,01/01/2025,565
708,2598,01/01/2025,313
709,1773,01/01/2025,475
710,1256,01/01/2025,245
711,3911,01/01/2025,32
712,59,01/01/2025,175
713,2889,01/01/2025,212
714,191,01/01/2025,34
715,544,01/01/2025,208
716,3267,01/01/2025,267
717,2947,01/01/2025,363
718,1245,01/01/2025,475
719,1995,01/01/2025,259
720,4862,01/01/2025,484
721,3520,01/01/2025,398
722,3050,01/01/2025,449
723,2878,01/01/2025,255
724,935,01/01/2025,25
725,2576,01/01/2025,382
726,1111,01/01/2025,505
727,2611,01/01/2025,38
728,660,01/01/2025,69
729,2992,01/01/2025,71
730,1010,01/01/2025,167
731,4753,01/01/2025,482
732,2717,01/01/2025,355
733,933,01/01/2025,133
734,2800,01/01/2025,102
735,2494,01/01/2025,391
736,3035,01/01/2025,548
737,4748,01/01/2025,541
738,1290,01/01/2025,324
739,4352,01/01/2025,37
740,1295,01/01/2025,571
741,1199,01/01/2025,38
742,3011,01/01/2025,373
743,3089,01/01/2025,109
744,3704,01/01/2025,205
745,1630,01/01/2025,31
746,114,01/01/2025,78
747,2406,01/01/2025,451
748,971,01/01/2025,95
749,763,01/01/2025,2
750,4095,01/01/2025,347
751,4269,01/01/2025,66
752,1323,01/01/2025,0
753,798,01/01/2025,292
754,3825,01/01/2025,585
755,1584,01/01/2025,502
756,4034,01/01/2025,361
757,2149,01/01/2025,557
758,1057,01/01/2025,265
759,1778,01/01/2025,135
760,3905,01/01/2025,120
761,4268,01/01/2025,556
762,2496,01/01/2025,12
763,4210,01/01/2025,37
764,774,01/01/2025,69
765,1404,01/01/2025,452
766,3649,01/01/2025,514
767,970,01/01/2025,519
768,3100,01/01/2025,466
769,154,01/01/2025,20
770,3366,01/01/2025,71
771,3683,01/01/2025,295
772,483,01/01/2025,467
773,3652,01/01/2025,293
774,3196,01/01/2025,138
775,4962,01/01/2025,410
776,846,01/01/2025,293
777,4888,01/01/2025,146
778,3860,01/01/2025,187
779,4194,01/01/2025,263
780,110,01/01/2025,123
781,517,01/01/2025,50
782,3051,01/01/2025,359
783,1,01/01/2025,83
784,4703,01/01/2025,280
785,1694,01/01/2025,28
786,4780,01/01/2025,533
787,372,01/01/2025,181
788,216,01/01/2025,520
789,3664,01/01/2025,395
790,1984,01/01/2025,180
791,4861,01/01/2025,470
792,3312,01/01/2025,385
793,1389,01/01/2025,472
794,778,01/01/2025,452
795,4771,01/01/2025,292
796,3714,01/01/2025,9
797,516,01/01/2025,225
798,174,01/01/2025,293
799,1657,01/01/2025,227
800,2566,01/01/2025,75
801,4469,01/01/2025,316
802,781,01/01/2025,217
803,2224,01/01/2025,302
804,1550,01/01/2025,411
805,2312,01/01/2025,383
806,720,01/01/2025,325
807,4582,01/01/2025,499
808,1579,01/01/2025,307
809,2296,01/01/2025,186
810,4627,01/01/2025,218
811,1398,01/01/2025,499
812,2964,01/01/2025,181
813,2584,01/01/2025,164
814,3914,01/01/2025,79
815,907,01/01/2025,28
816,4110,01/01/2025,283
817,2193,01/01/2025,516
818,2402,01/01/2025,192
819,1831,01/01/2025,497
820,2945,01/01/2025,178
821,3574,01/01/2025,87
822,229,01/01/2025,539
823,2999,01/01/2025,159
824,4088,01/01/2025,203
825,1018,01/01/2025,110
826,4845,01/01/2025,596
827,1567,01/01/2025,260
828,649,01/01/2025,515
829,3889,01/01/2025,73
830,2723,01/01/2025,309
831,3833,01/01/2025,286
832,128,01/01/2025,20
833,1890,01/01/2025,164
834,1120,01/01/2025,112
835,3576,01/01/2025,79
836,1537,01/01/2025,29
837,4484,01/01/2025,404
838,3264,01/01/2025,117
839,1077,01/01/2025,580
840,3407,01/01/2025,512
841,4882,01/01/2025,75
842,3794,01/01/2025,32
843,4797,01/01/2025,502
844,2276,01/01/2025,146
845,4793,01/01/2025,92
846,837,01/01/2025,206
847,4726,01/01/2025,158
848,142,01/01/2025,284
849,2658,01/01/2025,431
850,1920,01/01/2025,404
851,4648,01/01/2025,97
852,110,01/01/2025,145
853,1073,01/01/2025,36
854,2695,01/01/2025,518
855,1501,01/01/2025,78
856,4342,01/01/2025,359
857,1376,01/01/2025,232
858,4865,01/01/2025,264
859,1215,01/01/2025,85
860,354,01/01/2025,333
861,3487,01/01/2025,97
862,4851,01/01/2025,115
863,918,01/01/2025,475
864,2646,01/01/2025,493
865,30,01/01/2025,524
866,4721,01/01/2025,344
867,1386,01/01/2025,244
868,2515,01/01/2025,527
869,161,01/01/2025,246
870,2788,01/01/2025,315
871,4708,01/01/2025,254
872,2850,01/01/2025,263
873,1481,01/01/2025,22
874,2899,01/01/2025,472
875,1569,01/01/2025,537
876,1973,01/01/2025,220
877,2274,01/01/2025,58
878,132,01/01/2025,577
879,2791,01/01/2025,285
880,2097,01/01/2025,405
881,3750,01/01/2025,230
882,3271,01/01/2025,351
883,2654,01/01/2025,159
884,196,01/01/2025,450
885,4140,01/01/2025,73
886,2860,01/01/2025,473
887,4696,01/01/2025,319
888,2491,01/01/2025,102
889,4094,01/01/2025,559
890,4950,01/01/2025,502
891,2482,01/01/2025,175
892,2946,01/01/2025,330
893,3247,01/01/2025,13
894,3564,01/01/2025,73
895,63,01/01/2025,35
896,381,01/01/2025,336
897,4796,01/01/2025,231
898,3558,01/01/2025,511
899,4630,01/01/2025,27
900,1963,01/01/2025,201
901,3018,01/01/2025,386
902,4442,01/01/2025,127
903,2021,01/01/2025,553
904,1154,01/01/2025,253
905,3742,01/01/2025,207
906,4960,01/01/2025,168
907,4023,01/01/2025,481
908,2370,01/01/2025,241
909,1903,01/01/2025,314
910,1776,01/01/2025,443
911,2769,01/01/2025,276
912,960,01/01/2025,66
913,3120,01/01/2025,382
914,1471,01/01/2025,565
915,1647,01/01/2025,247
916,2443,01/01/2025,92
917,2879,01/01/2025,398
918,2995,01/01/2025,7
919,2402,01/01/2025,211
920,987,01/01/2025,574
921,660,01/01/2025,438
922,1,01/01/2025,182
923,1687,01/01/2025,234
924,1718,01/01/2025,256
925,4274,01/01/2025,162
926,3684,01/01/2025,416
927,3553,01/01/2025,282
928,1066,01/01/2025,68
929,4286,01/01/2025,503
930,2091,01/01/2025,236
931,469,01/01/2025,541
932,871,01/01/2025,539
933,2977,01/01/2025,27
934,236,01/01/2025,582
935,3510,01/01/2025,212
936,283,01/01/2025,372
937,3291,01/01/2025,232
938,2277,01/01/2025,556
939,3214,01/01/2025,409
940,731,01/01/2025,132
941,3567,01/01/2025,410
942,3744,01/01/2025,457
943,584,01/01/2025,79
944,3005,01/01/2025,421
945,1130,01/01/2025,549
946,3644,01/01/2025,459
947,4396,01/01/2025,397
948,353,01/01/2025,119
949,1142,01/01/2025,388
950,3510,01/01/2025,416
951,2410,01/01/2025,408
952,1012,01/01/2025,104
953,835,01/01/2025,116
954,4522,01/01/2025,98
955,3978,01/01/2025,101
956,59,01/01/2025,191
957,1835,01/01/2025,534
958,3707,01/01/2025,267
959,4421,01/01/2025,301
960,2693,01/01/2025,299
961,1462,01/01/2025,151
962,2651,01/01/2025,596
963,2523,01/01/2025,141
964,374,01/01/2025,139
965,2498,01/01/2025,352
966,3243,01/01/2025,11
967,4627,01/01/2025,236
968,877,01/01/2025,364
969,3971,01/01/2025,58
970,2187,01/01/2025,575
971,3433,01/01/2025,326
972,2797,01/01/2025,542
973,4716,01/01/2025,541
974,3423,01/01/2025,436
975,1904,01/01/2025,390
976,2086,01/01/2025,265
977,3288,01/01/2025,528
978,2014,01/01/2025,280
979,4684,01/01/2025,517
980,2928,01/01/2025,274
981,1271,01/01/2025,97
982,3724,01/01/2025,277
983,4876,01/01/2025,113
984,2161,01/01/2025,544
985,3071,01/01/2025,181
986,2416,01/01/2025,16
987,125,01/01/2025,273
988,4865,01/01/2025,266
989,3209,01/01/2025,167
990,3667,01/01/2025,439
991,1802,01/01/2025,334
992,781,01/01/2025,347
993,1852,01/01/2025,103
994,3279,01/01/2025,213
995,2374,01/01/2025,439
996,4261,01/01/2025,531
997,4338,01/01/2025,568
998,4435,01/01/2025,326
999,1245,01/01/2025,123
1000,1416,01/01/2025,299
1001,4570,01/01/2025,250
1002,1264,01/01/2025,298
1003,3784,01/01/2025,224
1004,3707,01/01/2025,246
1005,4407,01/01/2025,391
1006,3114,01/01/2025,381
1007,4291,01/01/2025,581
1008,581,01/01/2025,268
1009,3576,01/01/2025,179
1010,4303,01/01/2025,21
1011,1935,01/01/2025,393
1012,3577,01/01/2025,157
1013,4893,01/01/2025,430
1014,1269,01/01/2025,208
1015,237,01/01/2025,238
1016,3149,01/01/2025,233
1017,2680,01/01/2025,234
1018,1839,01/01/2025,194
1019,2165,01/01/2025,585
1020,1880,01/01/2025,53
1021,1521,01/01/2025,108
1022,3327,01/01/2025,68
1023,3625,01/01/2025,407
1024,4444,01/01/2025,182
1025,882,01/01/2025,173
1026,4969,01/01/2025,561
1027,1310,01/01/2025,599
1028,27,01/01/2025,257
1029,2921,01/01/2025,237
1030,1479,01/01/2025,382
1031,3658,01/01/2025,181
1032,3337,01/01/2025,124
1033,1583,01/01/2025,53
1034,3527,01/01/2025,447
1035,3472,01/01/2025,424
1036,2005,01/01/2025,405
1037,1501,01/01/2025,143
1038,614,01/01/2025,24
1039,2159,01/01/2025,139
1040,3999,01/01/2025,353
1041,3067,01/01/2025,11
1042,2792,01/01/2025,359
1043,1249,01/01/2025,67
1044,896,01/01/2025,466
1045,4129,01/01/2025,336
1046,3418,01/01/2025,250
1047,3285,01/01/2025,337
1048,579,01/01/2025,424
1049,1184,01/01/2025,440
1050,2903,01/01/2025,376
1051,2765,01/01/2025,181
1052,4068,01/01/2025,382
1053,1117,01/01/2025,571
1054,4678,01/01/2025,419
1055,2323,01/01/2025,332
1056,2930,01/01/2025,334
1057,582,01/01/2025,83
1058,1157,01/01/2025,241
1059,3263,01/01/2025,421
1060,2725,01/01/2025,423
1061,1057,01/01/2025,10
1062,4783,01/01/2025,281
1063,3303,01/01/2025,539
1064,3375,01/01/2025,401
1065,4188,01/01/2025,201
1066,534,01/01/2025,581
1067,4447,01/01/2025,293
1068,2224,01/01/2025,142
1069,3284,01/01/2025,289
1070,1759,01/01/2025,555
1071,4845,01/01/2025,270
1072,4361,01/01/2025,213
1073,3259,01/01/2025,412
1074,1914,01/01/2025,225
1075,2010,01/01/2025,388
1076,2863,01/01/2025,572
1077,3560,01/01/2025,115
1078,1317,01/01/2025,486
1079,3711,01/01/2025,357
1080,1505,01/01/2025,142
1081,401,01/01/2025,201
1082,547,01/01/2025,573
1083,749,01/01/2025,375
1084,2323,01/01/2025,465
1085,949,01/01/2025,467
1086,3819,01/01/2025,308
1087,3893,01/01/2025,468
1088,3073,01/01/2025,131
1089,1014,01/01/2025,264
1090,4579,01/01/2025,565
1091,1475,01/01/2025,480
1092,1662,01/01/2025,270
1093,1766,01/01/2025,107
1094,401,01/01/2025,509
1095,3398,01/01/2025,284
1096,2233,01/01/2025,231
1097,3856,01/01/2025,361
1098,41,01/01/2025,76
1099,343,01/01/2025,374
1100,1776,01/01/2025,298
1101,2924,01/01/2025,432
1102,2097,01/01/2025,339
1103,3580,01/01/2025,14
1104,3039,01/01/2025,263
1105,3693,01/01/2025,361
1106,1597,01/01/2025,398
1107,4487,01/01/2025,515
1108,299,01/01/2025,275
1109,3641,01/01/2025,589
1110,1729,01/01/2025,247
1111,2148,01/01/2025,234
1112,2517,01/01/2025,85
1113,3917,01/01/2025,590
1114,74,01/01/2025,44
1115,206,01/01/2025,230
1116,1759,01/01/2025,109
1117,3581,01/01/2025,363
1118,2013,01/01/2025,173
1119,4202,01/01/2025,274
1120,2868,01/01/2025,200
1121,4422,01/01/2025,363
1122,1781,01/01/2025,306
1123,4591,01/01/2025,158
1124,909,01/01/2025,123
1125,1699,01/01/2025,515
1126,1605,01/01/2025,205
1127,2684,01/01/2025,440
1128,426,01/01/2025,408
1129,229,01/01/2025,563
1130,2608,01/01/2025,154
1131,262,01/01/2025,506
1132,3950,01/01/2025,295
1133,2228,01/01/2025,515
1134,843,01/01/2025,502
1135,1407,01/01/2025,212
1136,4637,01/01/2025,152
1137,3437,01/01/2025,493
1138,4674,01/01/2025,347
1139,1778,01/01/2025,484
1140,1746,01/01/2025,475
1141,3664,01/01/2025,7
1142,476,01/01/2025,459
1143,795,01/01/2025,120
1144,2677,01/01/2025,320
1145,2002,01/01/2025,529
1146,4120,01/01/2025,24
1147,440,01/01/2025,240
1148,1995,01/01/2025,265
1149,1336,01/01/2025,278
1150,4261,01/01/2025,300
1151,3069,01/01/2025,185
1152,1830,01/01/2025,230
1153,4530,01/01/2025,567
1154,714,01/01/2025,565
1155,4880,01/01/2025,384
1156,4766,01/01/2025,373
1157,809,01/01/2025,292
1158,4996,01/01/2025,203
1159,4514,01/01/2025,357
1160,349,01/01/2025,548
1161,2066,01/01/2025,161
1162,177,01/01/2025,101
1163,1945,01/01/2025,409
1164,1830,01/01/2025,50
1165,1688,01/01/2025,462
1166,1556,01/01/2025,72
1167,1749,01/01/2025,109
1168,369,01/01/2025,411
1169,3822,01/01/2025,143
1170,1284,01/01/2025,142
1171,2008,01/01/2025,15
1172,287,01/01/2025,406
1173,4079,01/01/2025,239
1174,3096,01/01/2025,68
1175,2561,01/01/2025,243
1176,2151,01/01/2025,101
1177,3445,01/01/2025,455
1178,14,01/01/2025,263
1179,1027,01/01/2025,99
1180,1277,01/01/2025,81
1181,3399,01/01/2025,286
1182,2510,01/01/2025,415
1183,624,01/01/2025,219
1184,2706,01/01/2025,11
1185,1406,01/01/2025,284
1186,745,01/01/2025,555
1187,2992,01/01/2025,376
1188,4451,01/01/2025,410
1189,2700,01/01/2025,549
1190,1771,01/01/2025,298
1191,1405,01/01/2025,586
1192,3620,01/01/2025,66
1193,4961,01/01/2025,259
1194,4700,01/01/2025,520
1195,4585,01/01/2025,511
1196,2572,01/01/2025,433
1197,4147,01/01/2025,180
1198,1828,01/01/2025,424
1199,4401,01/01/2025,26
1200,2254,01/01/2025,368
1201,1474,01/01/2025,242
1202,4845,01/01/2025,441
1203,1556,01/01/2025,579
1204,4399,01/01/2025,372
1205,3240,01/01/2025,130
1206,2334,01/01/2025,152
1207,4332,01/01/2025,453
1208,1800,01/01/2025,456
1209,3571,01/01/2025,496
1210,268,01/01/2025,449
1211,1076,01/01/2025,138
1212,4591,01/01/2025,470
1213,7,01/01/2025,359
1214,2993,01/01/2025,578
1215,214,01/01/2025,358
1216,2350,01/01/2025,254
1217,866,01/01/2025,240
1218,4177,01/01/2025,186
1219,2377,01/01/2025,204
1220,2992,01/01/2025,127
1221,1534,01/01/2025,83
1222,1754,01/01/2025,68
1223,3662,01/01/2025,468
1224,4213,01/01/2025,594
1225,1837,01/01/2025,586
1226,1131,01/01/2025,184
1227,1088,01/01/2025,90
1228,591,01/01/2025,369
1229,4704,01/01/2025,218
1230,3023,01/01/2025,367
1231,832,01/01/2025,102
1232,3116,01/01/2025,167
1233,1712,01/01/2025,517
1234,2326,01/01/2025,551
1235,4474,01/01/2025,342
1236,3112,01/01/2025,505
1237,2692,01/01/2025,544
1238,4342,01/01/2025,362
1239,2475,01/01/2025,495
1240,3156,01/01/2025,453
1241,377,01/01/2025,433
1242,2781,01/01/2025,173
1243,4953,01/01/2025,316
1244,3088,01/01/2025,282
1245,2953,01/01/2025,302
1246,4575,01/01/2025,282
1247,521,01/01/2025,62
1248,1101,01/01/2025,40
1249,279,01/01/2025,463
1250,3915,01/01/2025,125
1251,843,01/01/2025,40
1252,3011,01/01/2025,194
1253,2266,01/01/2025,119
1254,4119,01/01/2025,116
1255,292,01/01/2025,118
1256,3602,01/01/2025,229
1257,1985,01/01/2025,52
1258,331,01/01/2025,287
1259,1668,01/01/2025,461
1260,1318,01/01/2025,96
1261,2274,01/01/2025,70
1262,4465,01/01/2025,151
1263,3946,01/01/2025,531
1264,1599,01/01/2025,371
1265,845,01/01/2025,147
1266,2570,01/01/2025,90
1267,4995,01/01/2025,258
1268,2603,01/01/2025,420
1269,4424,01/01/2025,319
1270,4101,01/01/2025,117
1271,931,01/01/2025,549
1272,4691,01/01/2025,405
1273,1653,01/01/2025,388
1274,4084,01/01/2025,20
1275,642,01/01/2025,388
1276,4428,01/01/2025,97
1277,1294,01/01/2025,50
1278,1121,01/01/2025,208
1279,1946,01/01/2025,564
1280,887,01/01/2025,484
1281,400,01/01/2025,541
1282,2526,01/01/2025,53
1283,728,01/01/2025,464
1284,4191,01/01/2025,200
1285,699,01/01/2025,88
1286,4603,01/01/2025,589
1287,4974,01/01/2025,200
1288,627,01/01/2025,295
1289,2566,01/01/2025,133
1290,1642,01/01/2025,497
1291,4650,01/01/2025,476
1292,4706,01/01/2025,488
1293,1,01/01/2025,77
1294,3415,01/01/2025,229
1295,2280,01/01/2025,431
1296,2317,01/01/2025,487
1297,4213,01/01/2025,331
1298,3298,01/01/2025,236
1299,2373,01/01/2025,338
1300,339,01/01/2025,577
1301,3327,01/01/2025,434
1302,3877,01/01/2025,521
1303,3830,01/01/2025,495
1304,2055,01/01/2025,473
1305,2344,01/01/2025,381
1306,377,01/01/2025,241
1307,4755,01/01/2025,512
1308,4967,01/01/2025,516
1309,57,01/01/2025,423
1310,2353,01/01/2025,484
1311,4605,01/01/2025,305
1312,1107,01/01/2025,244
1313,928,01/01/2025,419
1314,2319,01/01/2025,79
1315,4851,01/01/2025,289
1316,812,01/01/2025,169
1317,3795,01/01/2025,342
1318,586,01/01/2025,535
1319,2623,01/01/2025,279
1320,3132,01/01/2025,389
1321,2448,01/01/2025,213
1322,1089,01/01/2025,174
1323,2225,01/01/2025,218
1324,867,01/01/2025,573
1325,3559,01/01/2025,435
1326,3260,01/01/2025,122
1327,182,01/01/2025,34
1328,207,01/01/2025,182
1329,4616,01/01/2025,74
1330,939,01/01/2025,498
1331,3142,01/01/2025,468
1332,4704,01/01/2025,252
1333,1155,01/01/2025,249
1334,135,01/01/2025,406
1335,2846,01/01/2025,327
1336,2183,01/01/2025,78
1337,4163,01/01/2025,413
1338,3984,01/01/2025,277
1339,2916,01/01/2025,205
1340,1443,01/01/2025,350
1341,4411,01/01/2025,134
1342,678,01/01/2025,78
1343,1825,01/01/2025,358
1344,4356,01/01/2025,464
1345,4672,01/01/2025,141
1346,2255,01/01/2025,304
1347,1223,01/01/2025,123
1348,69,01/01/2025,335
1349,775,01/01/2025,495
1350,252,01/01/2025,90
1351,2428,01/01/2025,46
1352,4234,01/01/2025,261
1353,733,01/01/2025,134
1354,4951,01/01/2025,172
1355,3854,01/01/2025,537
1356,1809,01/01/2025,208
1357,2545,01/01/2025,97
1358,308,01/01/2025,474
1359,4643,01/01/2025,54
1360,1993,01/01/2025,481
1361,1089,01/01/2025,353
1362,1414,01/01/2025,203
1363,2800,01/01/2025,473
1364,647,01/01/2025,500
1365,1219,01/01/2025,374
1366,2517,01/01/2025,571
1367,82,01/01/2025,186
1368,2650,01/01/2025,24
1369,3205,01/01/2025,285
1370,4083,01/01/2025,279
1371,1911,01/01/2025,303
1372,2882,01/01/2025,477
1373,4562,01/01/2025,457
1374,4284,01/01/2025,72
1375,3079,01/01/2025,186
1376,4827,01/01/2025,390
1377,412,01/01/2025,418
1378,426,01/01/2025,107
1379,3136,01/01/2025,360
1380,4279,01/01/2025,232
1381,2175,01/01/2025,41
1382,3674,01/01/2025,577
1383,1754,01/01/2025,344
1384,4275,01/01/2025,16
1385,3026,01/01/2025,327
1386,1752,01/01/2025,156
1387,277,01/01/2025,333
1388,769,01/01/2025,147
1389,2029,01/01/2025,398
1390,1334,01/01/2025,527
1391,788,01/01/2025,252
1392,3516,01/01/2025,388
1393,2984,01/01/2025,387
1394,2418,01/01/2025,255
1395,349,01/01/2025,440
1396,2455,01/01/2025,45
1397,3675,01/01/2025,347
1398,1244,01/01/2025,489
1399,157,01/01/2025,534
1400,3482,01/01/2025,227
1401,4838,01/01/2025,557
1402,1804,01/01/2025,488
1403,434,01/01/2025,464
1404,707,01/01/2025,490
1405,3079,01/01/2025,132
1406,4130,01/01/2025,53
1407,4300,01/01/2025,345
1408,3814,01/01/2025,368
1409,1683,01/01/2025,178
1410,344,01/01/2025,202
1411,4728,01/01/2025,129
1412,3274,01/01/2025,568
1413,3189,01/01/2025,521
1414,375,01/01/2025,226
1415,4184,01/01/2025,386
1416,3222,01/01/2025,419
1417,640,01/01/2025,526
1418,1078,01/01/2025,387
1419,1941,01/01/2025,132
1420,3910,01/01/2025,453
1421,2408,01/01/2025,423
1422,1715,01/01/2025,424
1423,2576,01/01/2025,5
1424,4535,01/01/2025,458
1425,2985,01/01/2025,511
1426,4407,01/01/2025,321
1427,1584,01/01/2025,549
1428,4982,01/01/2025,404
1429,1541,01/01/2025,230
1430,2011,01/01/2025,130
1431,3608,01/01/2025,543
1432,763,01/01/2025,505
1433,2292,01/01/2025,73
1434,2938,01/01/2025,374
1435,1818,01/01/2025,279
1436,4015,01/01/2025,157
1437,219,01/01/2025,359
1438,3934,01/01/2025,94
1439,2552,01/01/2025,345
1440,1352,01/01/2025,90
1441,2692,01/01/2025,455
1442,1021,01/01/2025,111
1443,1039,01/01/2025,169
1444,1570,01/01/2025,268
1445,1210,01/01/2025,489
1446,2614,01/01/2025,499
1447,1890,01/01/2025,259
1448,1061,01/01/2025,123
1449,1096,01/01/2025,583
1450,4721,01/01/2025,543
1451,2683,01/01/2025,57
1452,2421,01/01/2025,521
1453,2969,01/01/2025,272
1454,1200,01/01/2025,408
1455,864,01/01/2025,50
1456,1253,01/01/2025,170
1457,3872,01/01/2025,173
1458,193,01/01/2025,273
1459,539,01/01/2025,532
1460,2173,01/01/2025,196
1461,1916,01/01/2025,283
1462,4382,01/01/2025,374
1463,2231,01/01/2025,248
1464,2525,01/01/2025,114
1465,4351,01/01/2025,244
1466,4842,01/01/2025,332
1467,4826,01/01/2025,595
1468,1605,01/01/2025,262
1469,2277,01/01/2025,410
1470,3273,01/01/2025,158
1471,3934,01/01/2025,10
1472,595,01/01/2025,272
1473,2685,01/01/2025,338
1474,4625,01/01/2025,446
1475,4717,01/01/2025,203
1476,3050,01/01/2025,292
1477,2644,01/01/2025,425
1478,3846,01/01/2025,178
1479,1370,01/01/2025,38
1480,2426,01/01/2025,503
1481,3057,01/01/2025,539
1482,3730,01/01/2025,582
1483,760,01/01/2025,420
1484,2202,01/01/2025,434
1485,2644,01/01/2025,288
1486,159,01/01/2025,29
1487,857,01/01/2025,441
1488,4923,01/01/2025,214
1489,2297,01/01/2025,88
1490,2141,01/01/2025,506
1491,3383,01/01/2025,308
1492,4593,01/01/2025,365
1493,3500,01/01/2025,217
1494,4262,01/01/2025,12
1495,2359,01/01/2025,220
1496,2995,01/01/2025,230
1497,79,01/01/2025,239
1498,2143,01/01/2025,266
1499,1711,01/01/2025,433
1500,4594,01/01/2025,299
1501,3898,01/01/2025,130
1502,1873,01/01/2025,170
1503,3947,01/01/2025,387
1504,457,01/01/2025,409
1505,2091,01/01/2025,407
1506,753,01/01/2025,399
1507,88,01/01/2025,316
1508,1875,01/01/2025,599
1509,457,01/01/2025,404
1510,4935,01/01/2025,68
1511,1729,01/01/2025,228
1512,3759,01/01/2025,232
1513,2319,01/01/2025,10
1514,3195,01/01/2025,251
1515,1308,01/01/2025,501
1516,1668,01/01/2025,448
1517,4684,01/01/2025,26
1518,1979,01/01/2025,297
1519,3535,01/01/2025,481
1520,971,01/01/2025,210
1521,1279,01/01/2025,294
1522,3873,01/01/2025,143
1523,2695,01/01/2025,215
1524,1558,01/01/2025,381
1525,3955,01/01/2025,276
1526,91,01/01/2025,391
1527,3595,01/01/2025,13
1528,1122,01/01/2025,20
1529,3870,01/01/2025,121
1530,79,01/01/2025,372
1531,822,01/01/2025,418
1532,1096,01/01/2025,17
1533,4145,01/01/2025,81
1534,554,01/01/2025,194
1535,4204,01/01/2025,51
1536,2222,01/01/2025,547
1537,2698,01/01/2025,485
1538,4466,01/01/2025,124
1539,1668,01/01/2025,211
1540,4840,01/01/2025,238
1541,741,01/01/2025,419
1542,2359,01/01/2025,593
1543,328,01/01/2025,213
1544,3321,01/01/2025,47
1545,4260,01/01/2025,322
1546,190,01/01/2025,368
1547,2116,01/01/2025,175
1548,2717,01/01/2025,515
1549,2818,01/01/2025,392
1550,2378,01/01/2025,438
1551,2090,01/01/2025,87
1552,2891,01/01/2025,583
1553,4658,01/01/2025,301
1554,4576,01/01/2025,1
1555,4237,01/01/2025,26
1556,832,01/01/2025,62
1557,4963,01/01/2025,390
1558,145,01/01/2025,316
1559,1192,01/01/2025,369
1560,2009,01/01/2025,316
1561,1570,01/01/2025,489
1562,4861,01/01/2025,320
1563,1719,01/01/2025,440
1564,2689,01/01/2025,258
1565,701,01/01/2025,229
1566,4236,01/01/2025,150
1567,3338,01/01/2025,486
1568,1394,01/01/2025,269
1569,949,01/01/2025,36
1570,1691,01/01/2025,345
1571,4697,01/01/2025,301
1572,3896,01/01/2025,100
1573,568,01/01/2025,149
1574,2310,01/01/2025,278
1575,3070,01/01/2025,455
1576,43,01/01/2025,211
1577,177,01/01/2025,306
1578,4632,01/01/2025,373
1579,4192,01/01/2025,343
1580,2389,01/01/2025,130
1581,2565,01/01/2025,276
1582,2564,01/01/2025,270
1583,3828,01/01/2025,235
1584,2557,01/01/2025,206
1585,1545,01/01/2025,8
1586,4549,01/01/2025,325
1587,2217,01/01/2025,85
1588,4755,01/01/2025,372
1589,4682,01/01/2025,59
1590,3511,01/01/2025,396
1591,3759,01/01/2025,515
1592,2011,01/01/2025,220
1593,4894,01/01/2025,92
1594,1323,01/01/2025,338
1595,4620,01/01/2025,589
1596,3591,01/01/2025,352
1597,3297,01/01/2025,302
1598,461,01/01/2025,165
1599,1378,01/01/2025,410
1600,4217,01/01/2025,55
1601,2842,01/01/2025,171
1602,4313,01/01/2025,173
1603,1662,01/01/2025,485
1604,1186,01/01/2025,574
1605,463,01/01/2025,426
1606,1783,01/01/2025,7
1607,3186,01/01/2025,374
1608,1946,01/01/2025,268
1609,1469,01/01/2025,567
1610,1349,01/01/2025,566
1611,814,01/01/2025,567
1612,1135,01/01/2025,101
1613,2563,01/01/2025,103
1614,1567,01/01/2025,595
1615,3000,01/01/2025,543
1616,3622,01/01/2025,132
1617,182,01/01/2025,439
1618,1949,01/01/2025,558
1619,4435,01/01/2025,105
1620,866,01/01/2025,207
1621,3652,01/01/2025,48
1622,3777,01/01/2025,31
1623,2879,01/01/2025,220
1624,3815,01/01/2025,392
1625,4587,01/01/2025,562
1626,545,01/01/2025,360
1627,2802,01/01/2025,177
1628,2407,01/01/2025,496
1629,2803,01/01/2025,171
1630,3846,01/01/2025,42
1631,4110,01/01/2025,481
1632,2056,01/01/2025,74
1633,151,01/01/2025,27
1634,2354,01/01/2025,520
1635,1681,01/01/2025,540
1636,426,01/01/2025,395
1637,814,01/01/2025,349
1638,1191,01/01/2025,272
1639,429,01/01/2025,26
1640,670,01/01/2025,197
1641,906,01/01/2025,162
1642,1732,01/01/2025,122
1643,3555,01/01/2025,217
1644,2643,01/01/2025,546
1645,3165,01/01/2025,177
1646,4389,01/01/2025,371
1647,1274,01/01/2025,589
1648,4683,01/01/2025,340
1649,1310,01/01/2025,270
1650,1264,01/01/2025,295
1651,1432,01/01/2025,249
1652,4795,01/01/2025,378
1653,4040,01/01/2025,554
1654,1432,01/01/2025,256
1655,3363,01/01/2025,436
1656,445,01/01/2025,496
1657,4811,01/01/2025,7
1658,1281,01/01/2025,590
1659,3970,01/01/2025,283
1660,4516,01/01/2025,21
1661,1916,01/01/2025,320
1662,215,01/01/2025,116
1663,1093,01/01/2025,84
1664,1417,01/01/2025,155
1665,3863,01/01/2025,1
1666,783,01/01/2025,213
1667,4219,01/01/2025,463
1668,3280,01/01/2025,349
1669,2275,01/01/2025,256
1670,246,01/01/2025,173
1671,781,01/01/2025,119
1672,1622,01/01/2025,415
1673,1979,01/01/2025,216
1674,1030,01/01/2025,476
1675,1281,01/01/2025,466
1676,745,01/01/2025,544
1677,4595,01/01/2025,304
1678,3768,01/01/2025,78
1679,3815,01/01/2025,403
1680,72,01/01/2025,538
1681,4701,01/01/2025,169
1682,4576,01/01/2025,71
1683,2768,01/01/2025,69
1684,3320,01/01/2025,341
1685,2465,01/01/2025,558
1686,3842,01/01/2025,164
1687,355,01/01/2025,8
1688,3873,01/01/2025,348
1689,2291,01/01/2025,251
1690,3087,01/01/2025,571
1691,3416,01/01/2025,548
1692,3052,01/01/2025,34
1693,2408,01/01/2025,447
1694,44,01/01/2025,134
1695,2110,01/01/2025,14
1696,1026,01/01/2025,507
1697,631,01/01/2025,296
1698,3073,01/01/2025,594
1699,21,01/01/2025,89
1700,2823,01/01/2025,4
1701,1575,01/01/2025,562
1702,1174,01/01/2025,237
1703,1442,01/01/2025,177
1704,4237,01/01/2025,532
1705,2795,01/01/2025,514
1706,3876,01/01/2025,559
1707,944,01/01/2025,500
1708,1072,01/01/2025,458
1709,350,01/01/2025,490
1710,605,01/01/2025,290
1711,3473,01/01/2025,193
1712,785,01/01/2025,128
1713,1734,01/01/2025,495
1714,193,01/01/2025,593
1715,1776,01/01/2025,61
1716,3354,01/01/2025,112
1717,2218,01/01/2025,210
1718,2889,01/01/2025,315
1719,4083,01/01/2025,530
1720,1140,01/01/2025,206
1721,3672,01/01/2025,365
1722,4046,01/01/2025,516
1723,4827,01/01/2025,198
1724,1166,01/01/2025,389
1725,2213,01/01/2025,28
1726,2533,01/01/2025,423
1727,3117,01/01/2025,300
1728,4944,01/01/2025,76
1729,4814,01/01/2025,223
1730,1763,01/01/2025,530
1731,2986,01/01/2025,99
1732,3981,01/01/2025,418
1733,4213,01/01/2025,59
1734,4643,01/01/2025,367
1735,3694,01/01/2025,114
1736,3107,01/01/2025,576
1737,303,01/01/2025,484
1738,1845,01/01/2025,545
1739,3082,01/01/2025,355
1740,4985,01/01/2025,412
1741,2298,01/01/2025,488
1742,3768,01/01/2025,340
1743,669,01/01/2025,490
1744,3958,01/01/2025,197
1745,2767,01/01/2025,443
1746,3217,01/01/2025,22
1747,3130,01/01/2025,158
1748,197,01/01/2025,578
1749,3442,01/01/2025,397
1750,1584,01/01/2025,71
1751,3441,01/01/2025,330
1752,4740,01/01/2025,533
1753,564,01/01/2025,105
1754,3399,01/01/2025,281
1755,3223,01/01/2025,395
1756,2081,01/01/2025,385
1757,1144,01/01/2025,333
1758,1766,01/01/2025,439
1759,4728,01/01/2025,550
1760,4818,01/01/2025,574
1761,4577,01/01/2025,469
1762,4669,01/01/2025,309
1763,66,01/01/2025,54
1764,2872,01/01/2025,123
1765,4500,01/01/2025,298
1766,2924,01/01/2025,194
1767,1485,01/01/2025,17
1768,4823,01/01/2025,249
1769,4155,01/01/2025,480
1770,1757,01/01/2025,457
1771,2851,01/01/2025,314
1772,383,01/01/2025,490
1773,1119,01/01/2025,31
1774,3491,01/01/2025,111
1775,1390,01/01/2025,213
1776,843,01/01/2025,345
1777,1498,01/01/2025,453
1778,162,01/01/2025,203
1779,692,01/01/2025,38
1780,2652,01/01/2025,50
1781,1468,01/01/2025,82
1782,3527,01/01/2025,374
1783,1318,01/01/2025,59
1784,1702,01/01/2025,479
1785,1751,01/01/2025,472
1786,3910,01/01/2025,114
1787,2535,01/01/2025,471
1788,2808,01/01/2025,122
1789,71,01/01/2025,582
1790,2328,01/01/2025,420
1791,4375,01/01/2025,326
1792,4294,01/01/2025,8
1793,3201,01/01/2025,479
1794,4151,01/01/2025,575
1795,352,01/01/2025,231
1796,2836,01/01/2025,456
1797,445,01/01/2025,48
1798,2521,01/01/2025,580
1799,21,01/01/2025,427
1800,1057,01/01/2025,291
1801,1080,01/01/2025,422
1802,2699,01/01/2025,461
1803,4427,01/01/2025,375
1804,2241,01/01/2025,587
1805,2689,01/01/2025,390
1806,4537,01/01/2025,489
1807,2369,01/01/2025,540
1808,1649,01/01/2025,591
1809,1787,01/01/2025,250
1810,3924,01/01/2025,519
1811,3529,01/01/2025,495
1812,1005,01/01/2025,557
1813,879,01/01/2025,233
1814,2482,01/01/2025,63
1815,4391,01/01/2025,588
1816,38,01/01/2025,78
1817,894,01/01/2025,562
1818,2505,01/01/2025,166
1819,3233,01/01/2025,110
1820,2224,01/01/2025,558
1821,3421,01/01/2025,420
1822,3695,01/01/2025,292
1823,2106,01/01/2025,454
1824,3841,01/01/2025,50
1825,1426,01/01/2025,366
1826,3402,01/01/2025,9
1827,2240,01/01/2025,504
1828,7,01/01/2025,162
1829,2916,01/01/2025,328
1830,2237,01/01/2025,482
1831,4304,01/01/2025,11
1832,4467,01/01/2025,578
1833,3162,01/01/2025,116
1834,4862,01/01/2025,534
1835,477,01/01/2025,103
1836,3327,01/01/2025,562
1837,2259,01/01/2025,114
1838,1388,01/01/2025,555
1839,4325,01/01/2025,50
1840,607,01/01/2025,216
1841,3287,01/01/2025,558
1842,3234,01/01/2025,513
1843,1699,01/01/2025,201
1844,1893,01/01/2025,172
1845,2386,01/01/2025,20
1846,530,01/01/2025,204
1847,832,01/01/2025,499
1848,2464,01/01/2025,378
1849,4058,01/01/2025,331
1850,3832,01/01/2025,415
1851,2991,01/01/2025,212
1852,1734,01/01/2025,300
1853,439,01/01/2025,181
1854,1814,01/01/2025,434
1855,278,01/01/2025,215
1856,183,01/01/2025,199
1857,3774,01/01/2025,339
1858,2325,01/01/2025,377
1859,352,01/01/2025,351
1860,4723,01/01/2025,2
1861,2076,01/01/2025,261
1862,4993,01/01/2025,179
1863,3413,01/01/2025,282
1864,4329,01/01/2025,220
1865,1141,01/01/2025,51
1866,345,01/01/2025,320
1867,4666,01/01/2025,30
1868,3487,01/01/2025,433
1869,3099,01/01/2025,551
1870,4839,01/01/2025,297
1871,4468,01/01/2025,251
1872,1975,01/01/2025,537
1873,1851,01/01/2025,311
1874,3586,01/01/2025,119
1875,2113,01/01/2025,302
1876,2304,01/01/2025,418
1877,4886,01/01/2025,306
1878,618,01/01/2025,328
1879,1290,01/01/2025,290
1880,2277,01/01/2025,514
1881,3530,01/01/2025,136
1882,4357,01/01/2025,566
1883,4207,01/01/2025,255
1884,966,01/01/2025,403
1885,665,01/01/2025,341
1886,489,01/01/2025,558
1887,1915,01/01/2025,407
1888,1404,01/01/2025,453
1889,3460,01/01/2025,351
1890,2124,01/01/2025,566
1891,282,01/01/2025,480
1892,2603,01/01/2025,539
1893,3998,01/01/2025,384
1894,1176,01/01/2025,530
1895,3022,01/01/2025,528
1896,1619,01/01/2025,456
1897,21,01/01/2025,500
1898,3498,01/01/2025,369
1899,4177,01/01/2025,419
1900,4649,01/01/2025,537
1901,2208,01/01/2025,321
1902,2042,01/01/2025,498
1903,2233,01/01/2025,103
1904,2654,01/01/2025,172
1905,692,01/01/2025,93
1906,1295,01/01/2025,474
1907,1455,01/01/2025,580
1908,648,01/01/2025,295
1909,3193,01/01/2025,545
1910,25,01/01/2025,99
1911,4827,01/01/2025,152
1912,370,01/01/2025,592
1913,1639,01/01/2025,128
1914,3779,01/01/2025,86
1915,3674,01/01/2025,18
1916,13,01/01/2025,410
1917,881,01/01/2025,494
1918,1460,01/01/2025,192
1919,1907,01/01/2025,298
1920,790,01/01/2025,187
1921,3858,01/01/2025,330
1922,2594,01/01/2025,339
1923,4579,01/01/2025,156
1924,1753,01/01/2025,346
1925,922,01/01/2025,426
1926,333,01/01/2025,57
1927,2157,01/01/2025,481
1928,2758,01/01/2025,110
1929,4633,01/01/2025,171
1930,3417,01/01/2025,357
1931,3302,01/01/2025,43
1932,4806,01/01/2025,124
1933,51,01/01/2025,472
1934,4839,01/01/2025,562
1935,4593,01/01/2025,274
1936,1387,01/01/2025,22
1937,1086,01/01/2025,557
1938,4669,01/01/2025,548
1939,48,01/01/2025,74
1940,2744,01/01/2025,87
1941,3478,01/01/2025,591
1942,4167,01/01/2025,516
1943,2622,01/01/2025,264
1944,1968,01/01/2025,297
1945,951,01/01/2025,358
1946,1122,01/01/2025,376
1947,1031,01/01/2025,435
1948,1680,01/01/2025,546
1949,1060,01/01/2025,244
1950,1305,01/01/2025,453
1951,442,01/01/2025,378
1952,1758,01/01/2025,189
1953,4670,01/01/2025,520
1954,1627,01/01/2025,384
1955,275,01/01/2025,413
1956,2863,01/01/2025,521
1957,2337,01/01/2025,340
1958,404,01/01/2025,91
1959,1615,01/01/2025,176
1960,2273,01/01/2025,109
1961,3589,01/01/2025,223
1962,3657,01/01/2025,584
1963,1904,01/01/2025,356
1964,146,01/01/2025,7
1965,4161,01/01/2025,114
1966,956,01/01/2025,72
1967,2623,01/01/2025,138
1968,4115,01/01/2025,281
1969,2199,01/01/2025,31
1970,3140,01/01/2025,516
1971,3988,01/01/2025,167
1972,3257,01/01/2025,156
1973,4162,01/01/2025,587
1974,1119,01/01/2025,298
1975,4987,01/01/2025,508
1976,2133,01/01/2025,356
1977,539,01/01/2025,310
1978,92,01/01/2025,537
1979,3430,01/01/2025,146
1980,828,01/01/2025,364
1981,1137,01/01/2025,155
1982,1479,01/01/2025,457
1983,3384,01/01/2025,17
1984,4133,01/01/2025,185
1985,943,01/01/2025,406
1986,849,01/01/2025,359
1987,4072,01/01/2025,511
1988,4888,01/01/2025,520
1989,3641,01/01/2025,71
1990,361,01/01/2025,564
1991,1963,01/01/2025,517
1992,1629,01/01/2025,562
1993,4366,01/01/2025,299
1994,2811,01/01/2025,378
1995,1835,01/01/2025,263
1996,3551,01/01/2025,25
1997,2024,01/01/2025,32
1998,2808,01/01/2025,107
1999,1489,01/01/2025,1
2000,1168,01/01/2025,299
2001,1804,01/01/2025,396
2002,1712,01/01/2025,93
2003,2427,01/01/2025,98
2004,1210,01/01/2025,156
2005,3154,01/01/2025,399
2006,1495,01/01/2025,445
2007,1338,01/01/2025,249
2008,1606,01/01/2025,306
2009,2290,01/01/2025,539
2010,3160,01/01/2025,211
2011,1639,01/01/2025,442
2012,4983,01/01/2025,109
2013,3222,01/01/2025,214
2014,857,01/01/2025,141
2015,445,01/01/2025,592
2016,890,01/01/2025,268
2017,786,01/01/2025,535
2018,3796,01/01/2025,275
2019,2281,01/01/2025,420
2020,3203,01/01/2025,293
2021,4705,01/01/2025,24
2022,756,01/01/2025,182
2023,1539,01/01/2025,409
2024,1399,01/01/2025,491
2025,1710,01/01/2025,589
2026,1484,01/01/2025,117
2027,3004,01/01/2025,414
2028,846,01/01/2025,435
2029,4805,01/01/2025,480
2030,4245,01/01/2025,434
2031,672,01/01/2025,567
2032,4498,01/01/2025,394
2033,4815,01/01/2025,554
2034,3812,01/01/2025,72
2035,1280,01/01/2025,354
2036,3297,01/01/2025,341
2037,4688,01/01/2025,445
2038,576,01/01/2025,150
2039,2850,01/01/2025,142
2040,796,01/01/2025,537
2041,4609,01/01/2025,86
2042,1357,01/01/2025,200
2043,2444,01/01/2025,586
2044,1146,01/01/2025,13
2045,721,01/01/2025,93
2046,2758,01/01/2025,530
2047,3067,01/01/2025,126
2048,1400,01/01/2025,196
2049,3969,01/01/2025,42
2050,439,01/01/2025,581
2051,3769,01/01/2025,216
2052,579,01/01/2025,166
2053,2484,01/01/2025,90
2054,4294,01/01/2025,291
2055,4232,01/01/2025,465
2056,3396,01/01/2025,472
2057,2301,01/01/2025,44
2058,3981,01/01/2025,489
2059,4273,01/01/2025,515
2060,885,01/01/2025,100
2061,798,01/01/2025,277
2062,4823,01/01/2025,469
2063,4708,01/01/2025,35
2064,4786,01/01/2025,194
2065,942,01/01/2025,392
2066,4176,01/01/2025,547
2067,2940,01/01/2025,244
2068,2177,01/01/2025,473
2069,1023,01/01/2025,158
2070,1094,01/01/2025,415
2071,719,01/01/2025,553
2072,201,01/01/2025,573
2073,4108,01/01/2025,113
2074,3037,01/01/2025,83
2075,4014,01/01/2025,226
2076,3551,01/01/2025,583
2077,315,01/01/2025,584
2078,1044,01/01/2025,121
2079,2712,01/01/2025,436
2080,356,01/01/2025,541
2081,595,01/01/2025,472
2082,958,01/01/2025,54
2083,561,01/01/2025,123
2084,4761,01/01/2025,307
2085,2900,01/01/2025,409
2086,4429,01/01/2025,379
2087,3982,01/01/2025,390
2088,94,01/01/2025,510
2089,3742,01/01/2025,356
2090,877,01/01/2025,91
2091,1098,01/01/2025,585
2092,1274,01/01/2025,473
2093,482,01/01/2025,306
2094,3141,01/01/2025,168
2095,2037,01/01/2025,572
2096,3695,01/01/2025,439
2097,4490,01/01/2025,344
2098,3132,01/01/2025,505
2099,328,01/01/2025,34
2100,3838,01/01/2025,31
2101,309,01/01/2025,505
2102,482,01/01/2025,248
2103,3079,01/01/2025,461
2104,1157,01/01/2025,192
2105,2549,01/01/2025,356
2106,4130,01/01/2025,599
2107,3134,01/01/2025,480
2108,3288,01/01/2025,363
2109,535,01/01/2025,254
2110,1927,01/01/2025,187
2111,2397,01/01/2025,571
2112,1344,01/01/2025,75
2113,4555,01/01/2025,184
2114,2568,01/01/2025,260
2115,53,01/01/2025,66
2116,2096,01/01/2025,308
2117,1138,01/01/2025,183
2118,1231,01/01/2025,158
2119,177,01/01/2025,545
2120,1817,01/01/2025,423
2121,4080,01/01/2025,426
2122,4909,01/01/2025,434
2123,3201,01/01/2025,1
2124,816,01/01/2025,46
2125,3763,01/01/2025,202
2126,2735,01/01/2025,84
2127,1421,01/01/2025,279
2128,761,01/01/2025,429
2129,4571,01/01/2025,568
2130,584,01/01/2025,41
2131,2466,01/01/2025,318
2132,4741,01/01/2025,175
2133,2519,01/01/2025,264
2134,2382,01/01/2025,225
2135,4178,01/01/2025,176
2136,1298,01/01/2025,439
2137,4171,01/01/2025,104
2138,1741,01/01/2025,113
2139,2819,01/01/2025,363
2140,4346,01/01/2025,17
2141,2003,01/01/2025,578
2142,2996,01/01/2025,64
2143,1902,01/01/2025,192
2144,3597,01/01/2025,181
2145,2123,01/01/2025,400
2146,4384,01/01/2025,236
2147,4796,01/01/2025,520
2148,4731,01/01/2025,590
2149,2701,01/01/2025,166
2150,2086,01/01/2025,592
2151,2057,01/01/2025,163
2152,2709,01/01/2025,249
2153,1704,01/01/2025,584
2154,3096,01/01/2025,310
2155,3281,01/01/2025,444
2156,4595,01/01/2025,245
2157,396,01/01/2025,441
2158,3859,01/01/2025,440
2159,2096,01/01/2025,339
2160,1704,01/01/2025,294
2161,4907,01/01/2025,428
2162,4512,01/01/2025,322
2163,3785,01/01/2025,42
2164,2954,01/01/2025,64
2165,310,01/01/2025,156
2166,3878,01/01/2025,460
2167,2386,01/01/2025,337
2168,4112,01/01/2025,511
2169,2456,01/01/2025,249
2170,2345,01/01/2025,583
2171,4108,01/01/2025,61
2172,2777,01/01/2025,348
2173,4162,01/01/2025,553
2174,1049,01/01/2025,288
2175,1819,01/01/2025,493
2176,4926,01/01/2025,286
2177,1151,01/01/2025,364
2178,3712,01/01/2025,272
2179,4683,01/01/2025,378
2180,1982,01/01/2025,217
2181,2349,01/01/2025,161
2182,400,01/01/2025,326
2183,1368,01/01/2025,552
2184,25,01/01/2025,442
2185,213,01/01/2025,83
2186,4447,01/01/2025,290
2187,183,01/01/2025,130
2188,2376,01/01/2025,242
2189,2902,01/01/2025,31
2190,3332,01/01/2025,583
2191,1968,01/01/2025,53
2192,1226,01/01/2025,517
2193,488,01/01/2025,377
2194,3308,01/01/2025,188
2195,805,01/01/2025,460
2196,3203,01/01/2025,503
2197,2709,01/01/2025,268
2198,3778,01/01/2025,72
2199,1866,01/01/2025,164
2200,1195,01/01/2025,290
2201,729,01/01/2025,433
2202,1209,01/01/2025,236
2203,3889,01/01/2025,19
2204,632,01/01/2025,220
2205,2570,01/01/2025,133
2206,1097,01/01/2025,27
2207,3723,01/01/2025,52
2208,2096,01/01/2025,296
2209,4496,01/01/2025,507
2210,477,01/01/2025,222
2211,756,01/01/2025,399
2212,936,01/01/2025,150
2213,1426,01/01/2025,183
2214,1011,01/01/2025,582
2215,3859,01/01/2025,579
2216,3628,01/01/2025,26
2217,3696,01/01/2025,558
2218,3813,01/01/2025,552
2219,3305,01/01/2025,147
2220,1423,01/01/2025,446
2221,411,01/01/2025,295
2222,2392,01/01/2025,501
2223,2410,01/01/2025,77
2224,101,01/01/2025,436
2225,3088,01/01/2025,349
2226,3171,01/01/2025,541
2227,4434,01/01/2025,380
2228,1800,01/01/2025,351
2229,2716,01/01/2025,234
2230,1690,01/01/2025,35
2231,2453,01/01/2025,31
2232,2585,01/01/2025,398
2233,3604,01/01/2025,526
2234,4648,01/01/2025,227
2235,1692,01/01/2025,66
2236,3948,01/01/2025,348
2237,3967,01/01/2025,403
2238,2191,01/01/2025,244
2239,1885,01/01/2025,583
2240,2591,01/01/2025,407
2241,3190,01/01/2025,516
2242,4929,01/01/2025,19
2243,1609,01/01/2025,29
2244,3786,01/01/2025,87
2245,1297,01/01/2025,472
2246,4036,01/01/2025,519
2247,3025,01/01/2025,453
2248,2306,01/01/2025,178
2249,2806,01/01/2025,565
2250,3672,01/01/2025,177
2251,873,01/01/2025,373
2252,1439,01/01/2025,48
2253,4537,01/01/2025,423
2254,4501,01/01/2025,588
2255,3318,01/01/2025,182
2256,131,01/01/2025,324
2257,3558,01/01/2025,575
2258,1470,01/01/2025,165
2259,4796,01/01/2025,22
2260,2344,01/01/2025,220
2261,1715,01/01/2025,558
2262,1270,01/01/2025,509
2263,791,01/01/2025,92
2264,1005,01/01/2025,385
2265,3035,01/01/2025,143
2266,4428,01/01/2025,116
2267,2055,01/01/2025,328
2268,4444,01/01/2025,459
2269,945,01/01/2025,233
2270,4303,01/01/2025,466
2271,4508,01/01/2025,94
2272,3926,01/01/2025,373
2273,3127,01/01/2025,236
2274,4298,01/01/2025,22
2275,1221,01/01/2025,306
2276,2728,01/01/2025,96
2277,4342,01/01/2025,70
2278,972,01/01/2025,153
2279,1699,01/01/2025,442
2280,3512,01/01/2025,39
2281,486,01/01/2025,86
2282,3892,01/01/2025,555
2283,4524,01/01/2025,146
2284,631,01/01/2025,166
2285,2809,01/01/2025,488
2286,3679,01/01/2025,173
2287,3114,01/01/2025,179
2288,1963,01/01/2025,370
2289,2401,01/01/2025,314
2290,817,01/01/2025,509
2291,1380,01/01/2025,198
2292,810,01/01/2025,77
2293,1810,01/01/2025,40
2294,4730,01/01/2025,370
2295,979,01/01/2025,143
2296,3866,01/01/2025,173
2297,2482,01/01/2025,477
2298,1922,01/01/2025,242
2299,4198,01/01/2025,383
2300,1552,01/01/2025,391
2301,3249,01/01/2025,493
2302,2497,01/01/2025,186
2303,1083,01/01/2025,420
2304,4341,01/01/2025,339
2305,1415,01/01/2025,379
2306,1528,01/01/2025,448
2307,1430,01/01/2025,88
2308,1991,01/01/2025,580
2309,2890,01/01/2025,110
2310,2743,01/01/2025,356
2311,63,01/01/2025,554
2312,498,01/01/2025,18
2313,2373,01/01/2025,435
2314,2205,01/01/2025,472
2315,1460,01/01/2025,283
2316,111,01/01/2025,348
2317,1677,01/01/2025,135
2318,1599,01/01/2025,244
2319,3524,01/01/2025,582
2320,37,01/01/2025,66
2321,3902,01/01/2025,403
2322,4526,01/01/2025,231
2323,3168,01/01/2025,423
2324,1428,01/01/2025,86
2325,444,01/01/2025,19
2326,1598,01/01/2025,598
2327,1935,01/01/2025,365
2328,3579,01/01/2025,332
2329,4661,01/01/2025,585
2330,4813,01/01/2025,367
2331,2570,01/01/2025,329
2332,312,01/01/2025,167
2333,1678,01/01/2025,153
2334,4014,01/01/2025,525
2335,1144,01/01/2025,267
2336,169,01/01/2025,383
2337,2756,01/01/2025,464
2338,336,01/01/2025,110
2339,2559,01/01/2025,362
2340,2643,01/01/2025,349
2341,698,01/01/2025,199
2342,2317,01/01/2025,102
2343,2863,01/01/2025,385
2344,2718,01/01/2025,545
2345,1343,01/01/2025,523
2346,1564,01/01/2025,215
2347,1583,01/01/2025,34
2348,703,01/01/2025,41
2349,2234,01/01/2025,274
2350,4963,01/01/2025,127
2351,1564,01/01/2025,458
2352,3796,01/01/2025,78
2353,1646,01/01/2025,372
2354,4244,01/01/2025,576
2355,2004,01/01/2025,270
2356,3753,01/01/2025,72
2357,1412,01/01/2025,454
2358,2800,01/01/2025,101
2359,3680,01/01/2025,340
2360,4776,01/01/2025,490
2361,3634,01/01/2025,577
2362,3112,01/01/2025,338
2363,4284,01/01/2025,418
2364,1378,01/01/2025,357
2365,4722,01/01/2025,167
2366,2704,01/01/2025,206
2367,3491,01/01/2025,402
2368,2357,01/01/2025,383
2369,4749,01/01/2025,131
2370,817,01/01/2025,465
2371,145,01/01/2025,347
2372,1134,01/01/2025,561
2373,3519,01/01/2025,414
2374,2854,01/01/2025,133
2375,732,01/01/2025,555
2376,1488,01/01/2025,423
2377,808,01/01/2025,296
2378,558,01/01/2025,565
2379,1146,01/01/2025,548
2380,4251,01/01/2025,368
2381,827,01/01/2025,175
2382,2436,01/01/2025,377
2383,547,01/01/2025,352
2384,2922,01/01/2025,53
2385,3745,01/01/2025,342
2386,3724,01/01/2025,569
2387,3930,01/01/2025,438
2388,4153,01/01/2025,393
2389,1295,01/01/2025,374
2390,1718,01/01/2025,180
2391,1831,01/01/2025,178
2392,4403,01/01/2025,24
2393,1362,01/01/2025,546
2394,1166,01/01/2025,476
2395,4372,01/01/2025,122
2396,711,01/01/2025,394
2397,2608,01/01/2025,86
2398,2720,01/01/2025,418
2399,2556,01/01/2025,10
2400,3296,01/01/2025,283
2401,3919,01/01/2025,169
2402,4509,01/01/2025,168
2403,1398,01/01/2025,90
2404,4973,01/01/2025,438
2405,1154,01/01/2025,211
2406,1876,01/01/2025,105
2407,2351,01/01/2025,399
2408,801,01/01/2025,562
2409,2406,01/01/2025,67
2410,1340,01/01/2025,575
2411,830,01/01/2025,442
2412,1367,01/01/2025,350
2413,2793,01/01/2025,459
2414,284,01/01/2025,492
2415,3923,01/01/2025,134
2416,2835,01/01/2025,138
2417,4677,01/01/2025,332
2418,3968,01/01/2025,237
2419,971,01/01/2025,144
2420,3579,01/01/2025,430
2421,3664,01/01/2025,226
2422,2623,01/01/2025,207
2423,2371,01/01/2025,148
2424,3019,01/01/2025,591
2425,2926,01/01/2025,336
2426,3631,01/01/2025,573
2427,2599,01/01/2025,273
2428,1162,01/01/2025,505
2429,1447,01/01/2025,552
2430,3203,01/01/2025,126
2431,1486,01/01/2025,311
2432,716,01/01/2025,342
2433,3879,01/01/2025,269
2434,4925,01/01/2025,135
2435,4093,01/01/2025,558
2436,1649,01/01/2025,597
2437,1576,01/01/2025,514
2438,1441,01/01/2025,490
2439,261,01/01/2025,2
2440,301,01/01/2025,373
2441,3201,01/01/2025,450
2442,145,01/01/2025,349
2443,893,01/01/2025,421
2444,3827,01/01/2025,576
2445,2696,01/01/2025,516
2446,2528,01/01/2025,30
2447,3767,01/01/2025,434
2448,3248,01/01/2025,188
2449,4339,01/01/2025,257
2450,4426,01/01/2025,372
2451,3141,01/01/2025,29
2452,2110,01/01/2025,457
2453,1235,01/01/2025,255
2454,2393,01/01/2025,106
2455,1298,01/01/2025,346
2456,646,01/01/2025,463
2457,3809,01/01/2025,411
2458,4305,01/01/2025,25
2459,4643,01/01/2025,391
2460,2259,01/01/2025,368
2461,1210,01/01/2025,148
2462,2479,01/01/2025,471
2463,813,01/01/2025,418
2464,4919,01/01/2025,149
2465,3843,01/01/2025,514
2466,2740,01/01/2025,513
2467,2582,01/01/2025,541
2468,3241,01/01/2025,75
2469,3320,01/01/2025,102
2470,1429,01/01/2025,69
2471,325,01/01/2025,201
2472,1777,01/01/2025,167
2473,2419,01/01/2025,96
2474,4967,01/01/2025,402
2475,438,01/01/2025,414
2476,3223,01/01/2025,190
2477,790,01/01/2025,142
2478,4887,01/01/2025,382
2479,4416,01/01/2025,180
2480,41,01/01/2025,455
2481,1756,01/01/2025,466
2482,4682,01/01/2025,286
2483,1323,01/01/2025,217
2484,3702,01/01/2025,223
2485,1617,01/01/2025,105
2486,3814,01/01/2025,210
2487,3053,01/01/2025,557
2488,2571,01/01/2025,43
2489,3864,01/01/2025,344
2490,2479,01/01/2025,191
2491,2963,01/01/2025,84
2492,4290,01/01/2025,520
2493,1906,01/01/2025,593
2494,2063,01/01/2025,332
2495,2275,01/01/2025,177
2496,902,01/01/2025,591
2497,1765,01/01/2025,481
2498,890,01/01/2025,587
2499,1301,01/01/2025,383
2500,4778,01/01/2025,299
2501,1898,01/01/2025,43
2502,3139,01/01/2025,20
2503,2444,01/01/2025,190
2504,4559,01/01/2025,121
2505,3300,01/01/2025,362
2506,1223,01/01/2025,489
2507,925,01/01/2025,429
2508,533,01/01/2025,116
2509,2673,01/01/2025,285
2510,1932,01/01/2025,562
2511,2194,01/01/2025,240
2512,2731,01/01/2025,327
2513,761,01/01/2025,520
2514,3827,01/01/2025,509
2515,2563,01/01/2025,243
2516,223,01/01/2025,271
2517,1721,01/01/2025,7
2518,4125,01/01/2025,372
2519,2392,01/01/2025,273
2520,2526,01/01/2025,18
2521,1121,01/01/2025,276
2522,2821,01/01/2025,144
2523,293,01/01/2025,251
2524,888,01/01/2025,262
2525,3372,01/01/2025,353
2526,2709,01/01/2025,457
2527,453,01/01/2025,556
2528,481,01/01/2025,176
2529,3391,01/01/2025,282
2530,2696,01/01/2025,471
2531,4716,01/01/2025,189
2532,1770,01/01/2025,69
2533,4822,01/01/2025,333
2534,4400,01/01/2025,335
2535,1916,01/01/2025,336
2536,2192,01/01/2025,434
2537,2096,01/01/2025,10
2538,1382,01/01/2025,405
2539,1006,01/01/2025,406
2540,1133,01/01/2025,570
2541,309,01/01/2025,318
2542,2733,01/01/2025,417
2543,831,01/01/2025,339
2544,2016,01/01/2025,116
2545,1356,01/01/2025,178
2546,199,01/01/2025,236
2547,2193,01/01/2025,374
2548,596,01/01/2025,210
2549,3264,01/01/2025,541
2550,1959,01/01/2025,304
2551,1842,01/01/2025,276
2552,842,01/01/2025,405
2553,1064,01/01/2025,223
2554,2587,01/01/2025,457
2555,2632,01/01/2025,69
2556,2816,01/01/2025,164
2557,965,01/01/2025,358
2558,3260,01/01/2025,577
2559,2597,01/01/2025,565
2560,824,01/01/2025,392
2561,3402,01/01/2025,329
2562,1633,01/01/2025,309
2563,1697,01/01/2025,276
2564,1443,01/01/2025,425
2565,2566,01/01/2025,173
2566,3677,01/01/2025,261
2567,909,01/01/2025,348
2568,817,01/01/2025,424
2569,1558,01/01/2025,146
2570,435,01/01/2025,293
2571,1170,01/01/2025,446
2572,2132,01/01/2025,210
2573,1071,01/01/2025,391
2574,4294,01/01/2025,199
2575,1954,01/01/2025,283
2576,3009,01/01/2025,50
2577,4328,01/01/2025,277
2578,3572,01/01/2025,577
2579,4213,01/01/2025,457
2580,4894,01/01/2025,549
2581,2613,01/01/2025,426
2582,1275,01/01/2025,356
2583,1437,01/01/2025,71
2584,1087,01/01/2025,292
2585,299,01/01/2025,5
2586,4691,01/01/2025,598
2587,786,01/01/2025,141
2588,2269,01/01/2025,75
2589,617,01/01/2025,159
2590,2101,01/01/2025,272
2591,4340,01/01/2025,207
2592,491,01/01/2025,301
2593,725,01/01/2025,94
2594,4768,01/01/2025,298
2595,3529,01/01/2025,491
2596,3177,01/01/2025,309
2597,4771,01/01/2025,514
2598,1247,01/01/2025,7
2599,1611,01/01/2025,431
2600,2603,01/01/2025,595
2601,2897,01/01/2025,173
2602,4159,01/01/2025,182
2603,3362,01/01/2025,405
2604,1113,01/01/2025,342
2605,3699,01/01/2025,251
2606,3107,01/01/2025,407
2607,4051,01/01/2025,66
2608,3342,01/01/2025,445
2609,2999,01/01/2025,275
2610,1380,01/01/2025,11
2611,4232,01/01/2025,277
2612,44,01/01/2025,171
2613,4764,01/01/2025,17
2614,2114,01/01/2025,441
2615,574,01/01/2025,303
2616,477,01/01/2025,414
2617,2805,01/01/2025,359
2618,4691,01/01/2025,302
2619,855,01/01/2025,194
2620,1058,01/01/2025,397
2621,3492,01/01/2025,91
2622,2660,01/01/2025,340
2623,206,01/01/2025,503
2624,107,01/01/2025,383
2625,3268,01/01/2025,41
2626,797,01/01/2025,83
2627,2866,01/01/2025,45
2628,3540,01/01/2025,476
2629,3829,01/01/2025,254
2630,676,01/01/2025,416
2631,1943,01/01/2025,22
2632,262,01/01/2025,29
2633,3474,01/01/2025,175
2634,339,01/01/2025,395
2635,4237,01/01/2025,559
2636,3644,01/01/2025,548
2637,4446,01/01/2025,584
2638,1707,01/01/2025,6
2639,675,01/01/2025,515
2640,3317,01/01/2025,98
2641,2696,01/01/2025,432
2642,3090,01/01/2025,11
2643,2290,01/01/2025,243
2644,3172,01/01/2025,214
2645,2698,01/01/2025,23
2646,1960,01/01/2025,451
2647,1539,01/01/2025,118
2648,1744,01/01/2025,306
2649,3768,01/01/2025,308
2650,3881,01/01/2025,533
2651,1421,01/01/2025,359
2652,1573,01/01/2025,339
2653,2567,01/01/2025,360
2654,120,01/01/2025,34
2655,4973,01/01/2025,547
2656,4493,01/01/2025,344
2657,2584,01/01/2025,156
2658,872,01/01/2025,516
2659,1463,01/01/2025,333
2660,438,01/01/2025,200
2661,1546,01/01/2025,280
2662,2926,01/01/2025,505
2663,4324,01/01/2025,563
2664,4830,01/01/2025,237
2665,4497,01/01/2025,506
2666,4677,01/01/2025,424
2667,2767,01/01/2025,4
2668,3192,01/01/2025,10
2669,853,01/01/2025,528
2670,4426,01/01/2025,88
2671,4845,01/01/2025,450
2672,3854,01/01/2025,183
2673,628,01/01/2025,332
2674,453,01/01/2025,515
2675,2565,01/01/2025,341
2676,4998,01/01/2025,152
2677,3674,01/01/2025,578
2678,1139,01/01/2025,73
2679,4805,01/01/2025,478
2680,3507,01/01/2025,65
2681,2869,01/01/2025,293
2682,4187,01/01/2025,386
2683,2246,01/01/2025,494
2684,312,01/01/2025,159
2685,1207,01/01/2025,197
2686,1891,01/01/2025,0
2687,1670,01/01/2025,532
2688,4994,01/01/2025,393
2689,2289,01/01/2025,118
2690,517,01/01/2025,167
2691,1353,01/01/2025,106
2692,2450,01/01/2025,455
2693,167,01/01/2025,35
2694,537,01/01/2025,141
2695,2198,01/01/2025,131
2696,2745,01/01/2025,104
2697,1938,01/01/2025,347
2698,2153,01/01/2025,439
2699,4693,01/01/2025,284
2700,2476,01/01/2025,414
2701,1748,01/01/2025,292
2702,200,01/01/2025,497
2703,3870,01/01/2025,276
2704,490,01/01/2025,375
2705,598,01/01/2025,280
2706,4365,01/01/2025,586
2707,334,01/01/2025,31
2708,2247,01/01/2025,353
2709,3425,01/01/2025,402
2710,1945,01/01/2025,482
2711,4563,01/01/2025,64
2712,3399,01/01/2025,24
2713,3905,01/01/2025,420
2714,4784,01/01/2025,129
2715,3192,01/01/2025,366
2716,1060,01/01/2025,346
2717,1780,01/01/2025,105
2718,3974,01/01/2025,160
2719,2139,01/01/2025,261
2720,4526,01/01/2025,499
2721,4523,01/01/2025,183
2722,298,01/01/2025,161
2723,2799,01/01/2025,498
2724,4654,01/01/2025,109
2725,3230,01/01/2025,375
2726,2325,01/01/2025,42
2727,865,01/01/2025,546
2728,4596,01/01/2025,488
2729,1700,01/01/2025,376
2730,3784,01/01/2025,309
2731,939,01/01/2025,214
2732,338,01/01/2025,566
2733,714,01/01/2025,553
2734,3895,01/01/2025,195
2735,3406,01/01/2025,421
2736,299,01/01/2025,598
2737,4912,01/01/2025,342
2738,4371,01/01/2025,345
2739,272,01/01/2025,591
2740,545,01/01/2025,108
2741,1587,01/01/2025,195
2742,340,01/01/2025,335
2743,3455,01/01/2025,105
2744,4447,01/01/2025,595
2745,2799,01/01/2025,481
2746,399,01/01/2025,104
2747,1366,01/01/2025,307
2748,4246,01/01/2025,62
2749,1761,01/01/2025,44
2750,768,01/01/2025,564
2751,338,01/01/2025,208
2752,1249,01/01/2025,333
2753,842,01/01/2025,70
2754,2173,01/01/2025,141
2755,4834,01/01/2025,107
2756,2294,01/01/2025,572
2757,4519,01/01/2025,362
2758,2285,01/01/2025,453
2759,810,01/01/2025,44
2760,4311,01/01/2025,233
2761,4690,01/01/2025,155
2762,1826,01/01/2025,188
2763,676,01/01/2025,467
2764,4924,01/01/2025,358
2765,2994,01/01/2025,222
2766,1842,01/01/2025,339
2767,3408,01/01/2025,164
2768,2934,01/01/2025,448
2769,832,01/01/2025,251
2770,4430,01/01/2025,93
2771,212,01/01/2025,385
2772,398,01/01/2025,341
2773,4429,01/01/2025,39
2774,340,01/01/2025,580
2775,1995,01/01/2025,321
2776,2235,01/01/2025,513
2777,2056,01/01/2025,450
2778,3751,01/01/2025,75
2779,1483,01/01/2025,38
2780,2078,01/01/2025,563
2781,4575,01/01/2025,208
2782,2067,01/01/2025,516
2783,874,01/01/2025,492
2784,536,01/01/2025,515
2785,4639,01/01/2025,239
2786,4629,01/01/2025,563
2787,2811,01/01/2025,234
2788,1592,01/01/2025,402
2789,4295,01/01/2025,251
2790,2814,01/01/2025,590
2791,3788,01/01/2025,147
2792,304,01/01/2025,256
2793,2080,01/01/2025,116
2794,3224,01/01/2025,41
2795,1054,01/01/2025,23
2796,1147,01/01/2025,331
2797,4802,01/01/2025,248
2798,172,01/01/2025,556
2799,4576,01/01/2025,217
2800,4498,01/01/2025,182
2801,4562,01/01/2025,444
2802,2174,01/01/2025,238
2803,3351,01/01/2025,332
2804,3845,01/01/2025,132
2805,2863,01/01/2025,127
2806,2043,01/01/2025,564
2807,627,01/01/2025,413
2808,3701,01/01/2025,107
2809,2961,01/01/2025,47
2810,3984,01/01/2025,61
2811,4770,01/01/2025,461
2812,4108,01/01/2025,166
2813,4520,01/01/2025,197
2814,433,01/01/2025,267
2815,1398,01/01/2025,95
2816,4572,01/01/2025,7
2817,1206,01/01/2025,556
2818,559,01/01/2025,133
2819,3329,01/01/2025,374
2820,2855,01/01/2025,282
2821,4581,01/01/2025,178
2822,1113,01/01/2025,196
2823,102,01/01/2025,69
2824,4135,01/01/2025,93
2825,233,01/01/2025,67
2826,2489,01/01/2025,130
2827,4295,01/01/2025,273
2828,3564,01/01/2025,67
2829,4690,01/01/2025,516
2830,3218,01/01/2025,48
2831,2945,01/01/2025,71
2832,92,01/01/2025,217
2833,2627,01/01/2025,85
2834,4704,01/01/2025,23
2835,1258,01/01/2025,288
2836,3899,01/01/2025,534
2837,1790,01/01/2025,33
2838,1771,01/01/2025,25
2839,1054,01/01/2025,405
2840,3320,01/01/2025,510
2841,2043,01/01/2025,373
2842,1421,01/01/2025,565
2843,859,01/01/2025,97
2844,36,01/01/2025,235
2845,4083,01/01/2025,514
2846,3247,01/01/2025,348
2847,876,01/01/2025,158
2848,3507,01/01/2025,107
2849,637,01/01/2025,200
2850,4271,01/01/2025,340
2851,923,01/01/2025,222
2852,4393,01/01/2025,581
2853,1997,01/01/2025,291
2854,4862,01/01/2025,407
2855,4006,01/01/2025,256
2856,813,01/01/2025,487
2857,3365,01/01/2025,496
2858,2013,01/01/2025,163
2859,1748,01/01/2025,372
2860,1253,01/01/2025,324
2861,3812,01/01/2025,486
2862,1481,01/01/2025,488
2863,1569,01/01/2025,560
2864,1942,01/01/2025,475
2865,4133,01/01/2025,465
2866,1975,01/01/2025,200
2867,885,01/01/2025,503
2868,2964,01/01/2025,448
2869,4317,01/01/2025,101
2870,795,01/01/2025,374
2871,332,01/01/2025,219
2872,2253,01/01/2025,470
2873,1910,01/01/2025,403
2874,4325,01/01/2025,132
2875,1733,01/01/2025,514
2876,1940,01/01/2025,160
2877,4898,01/01/2025,153
2878,1634,01/01/2025,343
2879,2246,01/01/2025,182
2880,3232,01/01/2025,373
2881,4216,01/01/2025,460
2882,4604,01/01/2025,378
2883,3830,01/01/2025,308
2884,2185,01/01/2025,553
2885,1821,01/01/2025,126
2886,177,01/01/2025,84
2887,1850,01/01/2025,7
2888,4637,01/01/2025,265
2889,2598,01/01/2025,388
2890,613,01/01/2025,371
2891,2731,01/01/2025,539
2892,2454,01/01/2025,153
2893,2050,01/01/2025,527
2894,4254,01/01/2025,38
2895,3583,01/01/2025,7
2896,3703,01/01/2025,367
2897,2430,01/01/2025,355
2898,3149,01/01/2025,85
2899,2236,01/01/2025,393
2900,4093,01/01/2025,471
2901,4946,01/01/2025,357
2902,954,01/01/2025,139
2903,4335,01/01/2025,565
2904,4064,01/01/2025,38
2905,1103,01/01/2025,376
2906,954,01/01/2025,27
2907,333,01/01/2025,155
2908,3476,01/01/2025,247
2909,3067,01/01/2025,508
2910,3679,01/01/2025,166
2911,4681,01/01/2025,580
2912,615,01/01/2025,184
2913,1501,01/01/2025,422
2914,510,01/01/2025,60
2915,3062,01/01/2025,436
2916,3831,01/01/2025,53
2917,1571,01/01/2025,22
2918,3250,01/01/2025,219
2919,957,01/01/2025,143
2920,908,01/01/2025,490
2921,3180,01/01/2025,189
2922,3234,01/01/2025,18
2923,221,01/01/2025,55
2924,3509,01/01/2025,191
2925,464,01/01/2025,254
2926,849,01/01/2025,420
2927,4515,01/01/2025,72
2928,3953,01/01/2025,195
2929,4526,01/01/2025,29
2930,3795,01/01/2025,407
2931,2702,01/01/2025,417
2932,3924,01/01/2025,123
2933,4186,01/01/2025,81
2934,4243,01/01/2025,225
2935,2516,01/01/2025,99
2936,2162,01/01/2025,239
2937,1267,01/01/2025,41
2938,2899,01/01/2025,581
2939,1137,01/01/2025,455
2940,4851,01/01/2025,474
2941,432,01/01/2025,6
2942,3515,01/01/2025,43
2943,2251,01/01/2025,348
2944,2776,01/01/2025,182
2945,537,01/01/2025,479
2946,3910,01/01/2025,271
2947,4163,01/01/2025,454
2948,657,01/01/2025,166
2949,1387,01/01/2025,530
2950,1340,01/01/2025,498
2951,2116,01/01/2025,357
2952,1167,01/01/2025,284
2953,1046,01/01/2025,200
2954,3255,01/01/2025,135
2955,423,01/01/2025,351
2956,3867,01/01/2025,520
2957,3771,01/01/2025,432
2958,4466,01/01/2025,165
2959,4720,01/01/2025,340
2960,1282,01/01/2025,29
2961,1783,01/01/2025,276
2962,3615,01/01/2025,56
2963,281,01/01/2025,269
2964,2193,01/01/2025,439
2965,4513,01/01/2025,227
2966,2201,01/01/2025,208
2967,3077,01/01/2025,586
2968,3072,01/01/2025,138
2969,484,01/01/2025,425
2970,674,01/01/2025,14
2971,2078,01/01/2025,203
2972,4993,01/01/2025,562
2973,4094,01/01/2025,421
2974,125,01/01/2025,392
2975,194,01/01/2025,123
2976,3250,01/01/2025,294
2977,2290,01/01/2025,597
2978,2508,01/01/2025,590
2979,741,01/01/2025,345
2980,2260,01/01/2025,146
2981,2342,01/01/2025,176
2982,1684,01/01/2025,119
2983,1157,01/01/2025,587
2984,4106,01/01/2025,390
2985,4002,01/01/2025,8
2986,4747,01/01/2025,349
2987,2003,01/01/2025,93
2988,4933,01/01/2025,444
2989,274,01/01/2025,7
2990,4292,01/01/2025,482
2991,304,01/01/2025,335
2992,2367,01/01/2025,43
2993,4769,01/01/2025,35
2994,499,01/01/2025,71
2995,3782,01/01/2025,166
2996,1984,01/01/2025,240
2997,1352,01/01/2025,455
2998,4552,01/01/2025,280
2999,403,01/01/2025,250
3000,3816,01/01/2025,299
3001,3392,01/01/2025,81
3002,4285,01/01/2025,556
3003,4727,01/01/2025,141
3004,4526,01/01/2025,200
3005,3457,01/01/2025,539
3006,4311,01/01/2025,50
3007,3624,01/01/2025,138
3008,55,01/01/2025,494
3009,4965,01/01/2025,400
3010,1241,01/01/2025,104
3011,2618,01/01/2025,459
3012,3129,01/01/2025,261
3013,3576,01/01/2025,145
3014,4039,01/01/2025,530
3015,2191,01/01/2025,18
3016,1424,01/01/2025,362
3017,502,01/01/2025,293
3018,1565,01/01/2025,98
3019,4408,01/01/2025,124
3020,2256,01/01/2025,155
3021,3733,01/01/2025,82
3022,233,01/01/2025,545
3023,3877,01/01/2025,338
3024,4032,01/01/2025,512
3025,4015,01/01/2025,276
3026,2815,01/01/2025,445
3027,4291,01/01/2025,107
3028,2605,01/01/2025,562
3029,215,01/01/2025,333
3030,2763,01/01/2025,412
3031,2548,01/01/2025,52
3032,648,01/01/2025,144
3033,4525,01/01/2025,292
3034,3301,01/01/2025,277
3035,4072,01/01/2025,242
3036,4893,01/01/2025,323
3037,3514,01/01/2025,523
3038,4402,01/01/2025,389
3039,136,01/01/2025,491
3040,3538,01/01/2025,569
3041,4285,01/01/2025,375
3042,1063,01/01/2025,256
3043,2945,01/01/2025,380
3044,2178,01/01/2025,551
3045,2275,01/01/2025,586
3046,1075,01/01/2025,127
3047,2770,01/01/2025,281
3048,4613,01/01/2025,350
3049,288,01/01/2025,328
3050,2282,01/01/2025,555
3051,951,01/01/2025,42
3052,1759,01/01/2025,316
3053,1680,01/01/2025,236
3054,3245,01/01/2025,592
3055,2221,01/01/2025,480
3056,2855,01/01/2025,447
3057,2914,01/01/2025,20
3058,1542,01/01/2025,370
3059,3371,01/01/2025,587
3060,4750,01/01/2025,474
3061,924,01/01/2025,176
3062,4503,01/01/2025,597
3063,1535,01/01/2025,380
3064,2602,01/01/2025,181
3065,2339,01/01/2025,558
3066,2329,01/01/2025,241
3067,4258,01/01/2025,506
3068,3326,01/01/2025,457
3069,2135,01/01/2025,115
3070,1852,01/01/2025,92
3071,3705,01/01/2025,438
3072,2935,01/01/2025,252
3073,1529,01/01/2025,373
3074,465,01/01/2025,254
3075,1790,01/01/2025,15
3076,1117,01/01/2025,92
3077,4474,01/01/2025,499
3078,2181,01/01/2025,157
3079,2230,01/01/2025,140
3080,4709,01/01/2025,596
3081,354,01/01/2025,26
3082,3706,01/01/2025,244
3083,4792,01/01/2025,429
3084,1277,01/01/2025,153
3085,4590,01/01/2025,465
3086,2860,01/01/2025,243
3087,1438,01/01/2025,205
3088,952,01/01/2025,366
3089,1166,01/01/2025,194
3090,2330,01/01/2025,565
3091,170,01/01/2025,462
3092,4045,01/01/2025,525
3093,3948,01/01/2025,261
3094,3552,01/01/2025,387
3095,3378,01/01/2025,83
3096,3033,01/01/2025,66
3097,4225,01/01/2025,265
3098,3404,01/01/2025,568
3099,3882,01/01/2025,63
3100,4553,01/01/2025,333
3101,1155,01/01/2025,411
3102,3793,01/01/2025,46
3103,4184,01/01/2025,472
3104,4920,01/01/2025,523
3105,4882,01/01/2025,307
3106,3567,01/01/2025,506
3107,3384,01/01/2025,201
3108,59,01/01/2025,198
3109,4655,01/01/2025,383
3110,2421,01/01/2025,93
3111,356,01/01/2025,532
3112,355,01/01/2025,139
3113,3662,01/01/2025,531
3114,3213,01/01/2025,478
3115,2469,01/01/2025,307
3116,1147,01/01/2025,365
3117,2815,01/01/2025,559
3118,2636,01/01/2025,181
3119,2546,01/01/2025,170
3120,3185,01/01/2025,564
3121,3345,01/01/2025,490
3122,1189,01/01/2025,425
3123,3209,01/01/2025,379
3124,4640,01/01/2025,40
3125,1295,01/01/2025,361
3126,2319,01/01/2025,220
3127,2399,01/01/2025,513
3128,3956,01/01/2025,418
3129,1540,01/01/2025,141
3130,2787,01/01/2025,225
3131,122,01/01/2025,23
3132,3416,01/01/2025,45
3133,3351,01/01/2025,304
3134,3046,01/01/2025,190
3135,2831,01/01/2025,183
3136,3083,01/01/2025,215
3137,2819,01/01/2025,284
3138,104,01/01/2025,257
3139,3744,01/01/2025,457
3140,4983,01/01/2025,212
3141,1637,01/01/2025,287
3142,2459,01/01/2025,358
3143,3558,01/01/2025,332
3144,930,01/01/2025,49
3145,507,01/01/2025,193
3146,3204,01/01/2025,588
3147,1369,01/01/2025,523
3148,4443,01/01/2025,225
3149,2246,01/01/2025,240
3150,3625,01/01/2025,320
3151,1975,01/01/2025,271
3152,627,01/01/2025,135
3153,4432,01/01/2025,238
3154,892,01/01/2025,204
3155,3965,01/01/2025,164
3156,1600,01/01/2025,559
3157,4933,01/01/2025,295
3158,3930,01/01/2025,379
3159,4101,01/01/2025,15
3160,3178,01/01/2025,333
3161,1909,01/01/2025,224
3162,3845,01/01/2025,457
3163,1155,01/01/2025,16
3164,1016,01/01/2025,518
3165,1337,01/01/2025,129
3166,2215,01/01/2025,573
3167,2896,01/01/2025,454
3168,4780,01/01/2025,489
3169,3632,01/01/2025,551
3170,2038,01/01/2025,267
3171,1239,01/01/2025,532
3172,1385,01/01/2025,590
3173,831,01/01/2025,72
3174,4417,01/01/2025,373
3175,3742,01/01/2025,425
3176,2196,01/01/2025,580
3177,4459,01/01/2025,327
3178,1089,01/01/2025,239
3179,3797,01/01/2025,446
3180,1408,01/01/2025,54
3181,1957,01/01/2025,528
3182,4420,01/01/2025,597
3183,3674,01/01/2025,146
3184,3866,01/01/2025,355
3185,2021,01/01/2025,218
3186,3305,01/01/2025,192
3187,594,01/01/2025,580
3188,3335,01/01/2025,65
3189,1450,01/01/2025,542
3190,3449,01/01/2025,194
3191,4898,01/01/2025,5
3192,1096,01/01/2025,279
3193,1155,01/01/2025,328
3194,2797,01/01/2025,62
3195,2748,01/01/2025,333
3196,16,01/01/2025,349
3197,3904,01/01/2025,229
3198,3982,01/01/2025,400
3199,710,01/01/2025,299
3200,4166,01/01/2025,374
3201,3352,01/01/2025,68
3202,974,01/01/2025,208
3203,4589,01/01/2025,449
3204,2833,01/01/2025,90
3205,1073,01/01/2025,45
3206,1984,01/01/2025,109
3207,589,01/01/2025,566
3208,1666,01/01/2025,65
3209,1975,01/01/2025,128
3210,3097,01/01/2025,457
3211,2803,01/01/2025,584
3212,527,01/01/2025,557
3213,2967,01/01/2025,115
3214,4715,01/01/2025,356
3215,3421,01/01/2025,287
3216,4734,01/01/2025,89
3217,2072,01/01/2025,432
3218,760,01/01/2025,208
3219,3138,01/01/2025,539
3220,4341,01/01/2025,52
3221,2193,01/01/2025,586
3222,2979,01/01/2025,254
3223,3003,01/01/2025,483
3224,695,01/01/2025,379
3225,3331,01/01/2025,339
3226,75,01/01/2025,154
3227,1350,01/01/2025,401
3228,3949,01/01/2025,271
3229,4212,01/01/2025,280
3230,1481,01/01/2025,45
3231,1794,01/01/2025,540
3232,4350,01/01/2025,549
3233,3836,01/01/2025,394
3234,1955,01/01/2025,323
3235,369,01/01/2025,214
3236,2662,01/01/2025,246
3237,4869,01/01/2025,343
3238,3294,01/01/2025,560
3239,4774,01/01/2025,111
3240,1354,01/01/2025,479
3241,1175,01/01/2025,126
3242,4910,01/01/2025,372
3243,1385,01/01/2025,379
3244,4127,01/01/2025,151
3245,1588,01/01/2025,20
3246,2213,01/01/2025,228
3247,4372,01/01/2025,437
3248,2502,01/01/2025,451
3249,1827,01/01/2025,469
3250,3384,01/01/2025,277
3251,3782,01/01/2025,442
3252,4448,01/01/2025,372
3253,4589,01/01/2025,550
3254,759,01/01/2025,596
3255,4268,01/01/2025,585
3256,3089,01/01/2025,376
3257,609,01/01/2025,295
3258,2823,01/01/2025,524
3259,4894,01/01/2025,286
3260,4100,01/01/2025,444
3261,4947,01/01/2025,207
3262,4742,01/01/2025,470
3263,3683,01/01/2025,350
3264,3654,01/01/2025,409
3265,2651,01/01/2025,439
3266,3599,01/01/2025,321
3267,54,01/01/2025,125
3268,4747,01/01/2025,528
3269,1702,01/01/2025,19
3270,4083,01/01/2025,204
3271,2888,01/01/2025,195
3272,1755,01/01/2025,342
3273,634,01/01/2025,54
3274,1234,01/01/2025,324
3275,4085,01/01/2025,144
3276,3185,01/01/2025,264
3277,4101,01/01/2025,121
3278,1507,01/01/2025,55
3279,3463,01/01/2025,370
3280,2740,01/01/2025,7
3281,2338,01/01/2025,288
3282,3199,01/01/2025,475
3283,3949,01/01/2025,163
3284,144,01/01/2025,360
3285,2536,01/01/2025,109
3286,52,01/01/2025,237
3287,2135,01/01/2025,457
3288,4878,01/01/2025,507
3289,4140,01/01/2025,494
3290,4203,01/01/2025,548
3291,4749,01/01/2025,180
3292,2300,01/01/2025,465
3293,1911,01/01/2025,236
3294,4000,01/01/2025,118
3295,1111,01/01/2025,431
3296,4694,01/01/2025,498
3297,4465,01/01/2025,5
3298,2742,01/01/2025,226
3299,3261,01/01/2025,136
3300,3388,01/01/2025,310
3301,4804,01/01/2025,194
3302,4864,01/01/2025,486
3303,3883,01/01/2025,341
3304,4449,01/01/2025,28
3305,1212,01/01/2025,446
3306,1689,01/01/2025,418
3307,4271,01/01/2025,196
3308,111,01/01/2025,155
3309,4646,01/01/2025,338
3310,2205,01/01/2025,583
3311,1862,01/01/2025,35
3312,4224,01/01/2025,72
3313,1601,01/01/2025,60
3314,2779,01/01/2025,391
3315,2791,01/01/2025,48
3316,1000,01/01/2025,439
3317,1378,01/01/2025,275
3318,3813,01/01/2025,55
3319,3758,01/01/2025,56
3320,4552,01/01/2025,87
3321,3867,01/01/2025,482
3322,3567,01/01/2025,399
3323,3065,01/01/2025,160
3324,141,01/01/2025,430
3325,2569,01/01/2025,197
3326,398,01/01/2025,187
3327,1030,01/01/2025,251
3328,3698,01/01/2025,339
3329,1274,01/01/2025,487
3330,547,01/01/2025,215
3331,3585,01/01/2025,130
3332,3709,01/01/2025,147
3333,925,01/01/2025,23
3334,367,01/01/2025,554
3335,3367,01/01/2025,465
3336,328,01/01/2025,342
3337,479,01/01/2025,63
3338,2570,01/01/2025,496
3339,570,01/01/2025,217
3340,4416,01/01/2025,106
3341,3509,01/01/2025,139
3342,4288,01/01/2025,31
3343,2498,01/01/2025,252
3344,3346,01/01/2025,505
3345,2557,01/01/2025,14
3346,1157,01/01/2025,60
3347,2636,01/01/2025,408
3348,3401,01/01/2025,400
3349,1004,01/01/2025,527
3350,2725,01/01/2025,330
3351,2252,01/01/2025,59
3352,2805,01/01/2025,403
3353,3204,01/01/2025,432
3354,3705,01/01/2025,184
3355,1525,01/01/2025,272
3356,1486,01/01/2025,554
3357,3548,01/01/2025,80
3358,2342,01/01/2025,335
3359,4911,01/01/2025,461
3360,658,01/01/2025,316
3361,3938,01/01/2025,403
3362,2502,01/01/2025,329
3363,4281,01/01/2025,365
3364,1562,01/01/2025,250
3365,2274,01/01/2025,13
3366,4562,01/01/2025,429
3367,2493,01/01/2025,33
3368,589,01/01/2025,395
3369,4710,01/01/2025,335
3370,85,01/01/2025,597
3371,2863,01/01/2025,542
3372,1741,01/01/2025,9
3373,2655,01/01/2025,56
3374,2180,01/01/2025,276
3375,3825,01/01/2025,295
3376,4797,01/01/2025,78
3377,3332,01/01/2025,130
3378,3426,01/01/2025,28
3379,2156,01/01/2025,54
3380,279,01/01/2025,371
3381,4248,01/01/2025,489
3382,894,01/01/2025,568
3383,4090,01/01/2025,411
3384,1439,01/01/2025,192
3385,4920,01/01/2025,355
3386,970,01/01/2025,170
3387,2680,01/01/2025,53
3388,698,01/01/2025,435
3389,3657,01/01/2025,110
3390,2101,01/01/2025,216
3391,2340,01/01/2025,251
3392,3794,01/01/2025,282
3393,600,01/01/2025,43
3394,4085,01/01/2025,564
3395,693,01/01/2025,73
3396,2472,01/01/2025,293
3397,152,01/01/2025,201
3398,3342,01/01/2025,192
3399,4545,01/01/2025,338
3400,2327,01/01/2025,111
3401,3482,01/01/2025,24
3402,2395,01/01/2025,307
3403,2960,01/01/2025,360
3404,41,01/01/2025,280
3405,2087,01/01/2025,466
3406,3623,01/01/2025,50
3407,2994,01/01/2025,279
3408,669,01/01/2025,44
3409,3256,01/01/2025,38
3410,3157,01/01/2025,107
3411,2306,01/01/2025,279
3412,75,01/01/2025,274
3413,3182,01/01/2025,192
3414,3787,01/01/2025,485
3415,1745,01/01/2025,111
3416,2259,01/01/2025,387
3417,987,01/01/2025,498
3418,4567,01/01/2025,258
3419,1972,01/01/2025,521
3420,4665,01/01/2025,378
3421,1518,01/01/2025,533
3422,177,01/01/2025,368
3423,4513,01/01/2025,71
3424,2072,01/01/2025,536
3425,1448,01/01/2025,28
3426,2670,01/01/2025,538
3427,2380,01/01/2025,75
3428,3401,01/01/2025,124
3429,4338,01/01/2025,352
3430,4993,01/01/2025,483
3431,3613,01/01/2025,371
3432,3783,01/01/2025,410
3433,309,01/01/2025,586
3434,2564,01/01/2025,99
3435,4910,01/01/2025,554
3436,3726,01/01/2025,128
3437,2565,01/01/2025,516
3438,3918,01/01/2025,320
3439,4589,01/01/2025,535
3440,2605,01/01/2025,513
3441,3560,01/01/2025,508
3442,3817,01/01/2025,430
3443,3274,01/01/2025,559
3444,1810,01/01/2025,456
3445,1404,01/01/2025,137
3446,2649,01/01/2025,489
3447,4843,01/01/2025,112
3448,2631,01/01/2025,272
3449,3276,01/01/2025,510
3450,3766,01/01/2025,547
3451,2114,01/01/2025,527
3452,1116,01/01/2025,308
3453,3753,01/01/2025,368
3454,314,01/01/2025,328
3455,4437,01/01/2025,359
3456,574,01/01/2025,333
3457,83,01/01/2025,335
3458,1235,01/01/2025,200
3459,1498,01/01/2025,60
3460,2073,01/01/2025,82
3461,1965,01/01/2025,233
3462,1352,01/01/2025,125
3463,4809,01/01/2025,494
3464,1941,01/01/2025,116
3465,1403,01/01/2025,129
3466,2539,01/01/2025,336
3467,2022,01/01/2025,25
3468,2025,01/01/2025,550
3469,1708,01/01/2025,198
3470,1974,01/01/2025,577
3471,349,01/01/2025,287
3472,813,01/01/2025,30
3473,3853,01/01/2025,131
3474,414,01/01/2025,158
3475,926,01/01/2025,275
3476,664,01/01/2025,191
3477,3685,01/01/2025,63
3478,4871,01/01/2025,43
3479,2183,01/01/2025,39
3480,3484,01/01/2025,578
3481,4599,01/01/2025,64
3482,1104,01/01/2025,592
3483,2642,01/01/2025,491
3484,1666,01/01/2025,506
3485,3463,01/01/2025,245
3486,4440,01/01/2025,493
3487,1796,01/01/2025,100
3488,3612,01/01/2025,120
3489,4018,01/01/2025,28
3490,2588,01/01/2025,332
3491,3795,01/01/2025,258
3492,2218,01/01/2025,137
3493,3362,01/01/2025,105
3494,925,01/01/2025,198
3495,3173,01/01/2025,569
3496,4698,01/01/2025,477
3497,1439,01/01/2025,487
3498,4688,01/01/2025,243
3499,4779,01/01/2025,544
3500,4087,01/01/2025,299
3501,1520,01/01/2025,129
3502,3079,01/01/2025,468
3503,2595,01/01/2025,452
3504,3202,01/01/2025,368
3505,2239,01/01/2025,525
3506,2284,01/01/2025,502
3507,3229,01/01/2025,64
3508,4696,01/01/2025,528
3509,1879,01/01/2025,47
3510,2806,01/01/2025,130
3511,845,01/01/2025,472
3512,3572,01/01/2025,497
3513,124,01/01/2025,247
3514,1469,01/01/2025,265
3515,2344,01/01/2025,52
3516,4365,01/01/2025,364
3517,4017,01/01/2025,529
3518,2337,01/01/2025,346
3519,4650,01/01/2025,155
3520,889,01/01/2025,314
3521,3661,01/01/2025,189
3522,4952,01/01/2025,70
3523,1468,01/01/2025,580
3524,423,01/01/2025,235
3525,4537,01/01/2025,364
3526,30,01/01/2025,352
3527,3773,01/01/2025,272
3528,790,01/01/2025,480
3529,3205,01/01/2025,516
3530,2546,01/01/2025,155
3531,3652,01/01/2025,396
3532,1731,01/01/2025,145
3533,3782,01/01/2025,136
3534,3101,01/01/2025,518
3535,2911,01/01/2025,10
3536,3380,01/01/2025,62
3537,4480,01/01/2025,19
3538,3127,01/01/2025,16
3539,4726,01/01/2025,254
3540,3038,01/01/2025,2
3541,3992,01/01/2025,162
3542,4550,01/01/2025,358
3543,1830,01/01/2025,244
3544,583,01/01/2025,401
3545,2535,01/01/2025,496
3546,3077,01/01/2025,197
3547,4391,01/01/2025,539
3548,48,01/01/2025,583
3549,139,01/01/2025,67
3550,1537,01/01/2025,434
3551,4575,01/01/2025,354
3552,1652,01/01/2025,14
3553,3973,01/01/2025,275
3554,3448,01/01/2025,311
3555,2557,01/01/2025,561
3556,1449,01/01/2025,486
3557,3531,01/01/2025,155
3558,3348,01/01/2025,598
3559,4495,01/01/2025,530
3560,653,01/01/2025,169
3561,4591,01/01/2025,582
3562,4387,01/01/2025,379
3563,3278,01/01/2025,92
3564,357,01/01/2025,532
3565,4377,01/01/2025,238
3566,4485,01/01/2025,131
3567,1067,01/01/2025,3
3568,928,01/01/2025,28
3569,3253,01/01/2025,349
3570,3612,01/01/2025,321
3571,2324,01/01/2025,243
3572,2859,01/01/2025,368
3573,2563,01/01/2025,500
3574,2618,01/01/2025,162
3575,312,01/01/2025,319
3576,745,01/01/2025,453
3577,1552,01/01/2025,343
3578,1020,01/01/2025,342
3579,4855,01/01/2025,86
3580,1521,01/01/2025,4
3581,4465,01/01/2025,223
3582,4563,01/01/2025,513
3583,4516,01/01/2025,71
3584,880,01/01/2025,392
3585,3325,01/01/2025,123
3586,4291,01/01/2025,162
3587,801,01/01/2025,351
3588,2390,01/01/2025,273
3589,3078,01/01/2025,528
3590,1793,01/01/2025,205
3591,3464,01/01/2025,71
3592,3826,01/01/2025,225
3593,2225,01/01/2025,141
3594,4962,01/01/2025,390
3595,4421,01/01/2025,152
3596,2957,01/01/2025,128
3597,1990,01/01/2025,274
3598,1999,01/01/2025,99
3599,3553,01/01/2025,159
3600,1737,01/01/2025,379
3601,663,01/01/2025,171
3602,1661,01/01/2025,491
3603,355,01/01/2025,518
3604,2921,01/01/2025,481
3605,3918,01/01/2025,507
3606,3089,01/01/2025,107
3607,2731,01/01/2025,214
3608,1249,01/01/2025,521
3609,1550,01/01/2025,73
3610,2945,01/01/2025,8
3611,2139,01/01/2025,47
3612,592,01/01/2025,42
3613,1371,01/01/2025,412
3614,2150,01/01/2025,186
3615,957,01/01/2025,451
3616,346,01/01/2025,181
3617,2361,01/01/2025,586
3618,2370,01/01/2025,348
3619,1583,01/01/2025,442
3620,298,01/01/2025,350
3621,3553,01/01/2025,201
3622,2260,01/01/2025,147
3623,391,01/01/2025,170
3624,438,01/01/2025,390
3625,3662,01/01/2025,70
3626,505,01/01/2025,62
3627,2580,01/01/2025,436
3628,3534,01/01/2025,536
3629,2709,01/01/2025,416
3630,4533,01/01/2025,110
3631,332,01/01/2025,242
3632,4016,01/01/2025,429
3633,2125,01/01/2025,305
3634,4976,01/01/2025,72
3635,1151,01/01/2025,430
3636,1679,01/01/2025,278
3637,3536,01/01/2025,420
3638,3314,01/01/2025,556
3639,3431,01/01/2025,93
3640,1221,01/01/2025,314
3641,1171,01/01/2025,8
3642,4650,01/01/2025,589
3643,1624,01/01/2025,255
3644,4504,01/01/2025,173
3645,124,01/01/2025,344
3646,1783,01/01/2025,361
3647,4071,01/01/2025,7
3648,667,01/01/2025,453
3649,2537,01/01/2025,502
3650,2306,01/01/2025,25
3651,3812,01/01/2025,83
3652,3568,01/01/2025,315
3653,4781,01/01/2025,528
3654,1761,01/01/2025,508
3655,2184,01/01/2025,67
3656,2678,01/01/2025,107
3657,2102,01/01/2025,15
3658,3312,01/01/2025,79
3659,3783,01/01/2025,431
3660,2982,01/01/2025,305
3661,1413,01/01/2025,424
3662,4045,01/01/2025,591
3663,125,01/01/2025,141
3664,772,01/01/2025,371
3665,4858,01/01/2025,593
3666,987,01/01/2025,428
3667,2245,01/01/2025,443
3668,3193,01/01/2025,435
3669,1914,01/01/2025,249
3670,1363,01/01/2025,339
3671,100,01/01/2025,241
3672,4400,01/01/2025,374
3673,3614,01/01/2025,19
3674,4762,01/01/2025,7
3675,3290,01/01/2025,113
3676,1686,01/01/2025,566
3677,3700,01/01/2025,206
3678,3782,01/01/2025,153
3679,4929,01/01/2025,9
3680,148,01/01/2025,214
3681,2333,01/01/2025,568
3682,3416,01/01/2025,190
3683,4218,01/01/2025,122
3684,2513,01/01/2025,354
3685,3748,01/01/2025,72
3686,4888,01/01/2025,591
3687,1653,01/01/2025,488
3688,2405,01/01/2025,258
3689,235,01/01/2025,258
3690,3378,01/01/2025,23
3691,1619,01/01/2025,222
3692,2651,01/01/2025,98
3693,2322,01/01/2025,44
3694,1411,01/01/2025,329
3695,2652,01/01/2025,434
3696,2185,01/01/2025,34
3697,1272,01/01/2025,570
3698,496,01/01/2025,294
3699,1190,01/01/2025,449
3700,1863,01/01/2025,514
3701,3047,01/01/2025,119
3702,3577,01/01/2025,141
3703,309,01/01/2025,329
3704,454,01/01/2025,1
3705,2337,01/01/2025,384
3706,2815,01/01/2025,122
3707,319,01/01/2025,268
3708,3208,01/01/2025,14
3709,274,01/01/2025,249
3710,885,01/01/2025,585
3711,95,01/01/2025,165
3712,4756,01/01/2025,150
3713,4110,01/01/2025,527
3714,1521,01/01/2025,277
3715,2376,01/01/2025,236
3716,2884,01/01/2025,551
3717,2479,01/01/2025,351
3718,3860,01/01/2025,529
3719,4273,01/01/2025,536
3720,2773,01/01/2025,192
3721,1413,01/01/2025,283
3722,3018,01/01/2025,414
3723,493,01/01/2025,99
3724,4063,01/01/2025,113
3725,248,01/01/2025,177
3726,3931,01/01/2025,9
3727,492,01/01/2025,46
3728,3602,01/01/2025,330
3729,1680,01/01/2025,179
3730,4538,01/01/2025,428
3731,1134,01/01/2025,226
3732,2039,01/01/2025,390
3733,2594,01/01/2025,435
3734,4732,01/01/2025,109
3735,3050,01/01/2025,378
3736,1030,01/01/2025,327
3737,4332,01/01/2025,296
3738,2256,01/01/2025,233
3739,4894,01/01/2025,56
3740,2534,01/01/2025,271
3741,935,01/01/2025,115
3742,3810,01/01/2025,105
3743,3016,01/01/2025,29
3744,1679,01/01/2025,187
3745,3261,01/01/2025,584
3746,142,01/01/2025,590
3747,2886,01/01/2025,351
3748,1487,01/01/2025,525
3749,2339,01/01/2025,22
3750,1369,01/01/2025,264
3751,1096,01/01/2025,481
3752,2327,01/01/2025,50
3753,3909,01/01/2025,528
3754,4071,01/01/2025,181
3755,4210,01/01/2025,339
3756,1286,01/01/2025,359
3757,4857,01/01/2025,158
3758,3672,01/01/2025,100
3759,4766,01/01/2025,22
3760,2387,01/01/2025,134
3761,4396,01/01/2025,578
3762,421,01/01/2025,165
3763,2784,01/01/2025,389
3764,641,01/01/2025,62
3765,2843,01/01/2025,71
3766,1788,01/01/2025,419
3767,2588,01/01/2025,264
3768,2506,01/01/2025,119
3769,2281,01/01/2025,287
3770,2289,01/01/2025,527
3771,577,01/01/2025,171
3772,1446,01/01/2025,281
3773,2608,01/01/2025,138
3774,2147,01/01/2025,493
3775,2881,01/01/2025,211
3776,4366,01/01/2025,208
3777,4899,01/01/2025,174
3778,1777,01/01/2025,182
3779,1900,01/01/2025,253
3780,4281,01/01/2025,87
3781,1725,01/01/2025,553
3782,229,01/01/2025,388
3783,2936,01/01/2025,88
3784,3917,01/01/2025,193
3785,3560,01/01/2025,552
3786,3182,01/01/2025,511
3787,1378,01/01/2025,131
3788,3454,01/01/2025,576
3789,107,01/01/2025,397
3790,1117,01/01/2025,524
3791,1321,01/01/2025,389
3792,4288,01/01/2025,262
3793,4247,01/01/2025,451
3794,234,01/01/2025,339
3795,1038,01/01/2025,133
3796,1009,01/01/2025,24
3797,2343,01/01/2025,422
3798,3160,01/01/2025,299
3799,2486,01/01/2025,359
3800,273,01/01/2025,230
3801,4034,01/01/2025,236
3802,2765,01/01/2025,475
3803,3391,01/01/2025,135
3804,678,01/01/2025,293
3805,4873,01/01/2025,471
3806,2988,01/01/2025,356
3807,499,01/01/2025,38
3808,2698,01/01/2025,453
3809,1232,01/01/2025,218
3810,4308,01/01/2025,22
3811,902,01/01/2025,221
3812,3096,01/01/2025,72
3813,3924,01/01/2025,554
3814,2850,01/01/2025,449
3815,4215,01/01/2025,19
3816,838,01/01/2025,254
3817,2261,01/01/2025,323
3818,3780,01/01/2025,494
3819,607,01/01/2025,223
3820,3167,01/01/2025,49
3821,3740,01/01/2025,180
3822,3787,01/01/2025,472
3823,2500,01/01/2025,489
3824,4910,01/01/2025,511
3825,865,01/01/2025,518
3826,3825,01/01/2025,34
3827,42,01/01/2025,111
3828,4140,01/01/2025,348
3829,831,01/01/2025,464
3830,885,01/01/2025,457
3831,444,01/01/2025,344
3832,1985,01/01/2025,98
3833,1292,01/01/2025,485
3834,942,01/01/2025,380
3835,3196,01/01/2025,302
3836,314,01/01/2025,204
3837,2421,01/01/2025,190
3838,591,01/01/2025,416
3839,2303,01/01/2025,532
3840,1085,01/01/2025,39
3841,235,01/01/2025,378
3842,2762,01/01/2025,417
3843,858,01/01/2025,490
3844,47,01/01/2025,415
3845,847,01/01/2025,257
3846,1724,01/01/2025,263
3847,2317,01/01/2025,306
3848,625,01/01/2025,497
3849,2534,01/01/2025,397
3850,151,01/01/2025,473
3851,951,01/01/2025,66
3852,625,01/01/2025,428
3853,1530,01/01/2025,318
3854,407,01/01/2025,458
3855,4350,01/01/2025,291
3856,1993,01/01/2025,292
3857,4297,01/01/2025,329
3858,3476,01/01/2025,275
3859,456,01/01/2025,16
3860,3183,01/01/2025,566
3861,3962,01/01/2025,390
3862,4153,01/01/2025,341
3863,2881,01/01/2025,305
3864,484,01/01/2025,11
3865,491,01/01/2025,164
3866,4691,01/01/2025,440
3867,2906,01/01/2025,289
3868,4745,01/01/2025,245
3869,632,01/01/2025,596
3870,4606,01/01/2025,375
3871,2795,01/01/2025,577
3872,3417,01/01/2025,333
3873,4282,01/01/2025,444
3874,1566,01/01/2025,18
3875,4997,01/01/2025,562
3876,2675,01/01/2025,460
3877,3395,01/01/2025,328
3878,4214,01/01/2025,586
3879,4708,01/01/2025,235
3880,951,01/01/2025,554
3881,3550,01/01/2025,5
3882,2878,01/01/2025,488
3883,4950,01/01/2025,90
3884,4787,01/01/2025,139
3885,2072,01/01/2025,554
3886,812,01/01/2025,492
3887,943,01/01/2025,598
3888,1463,01/01/2025,238
3889,4880,01/01/2025,214
3890,2883,01/01/2025,273
3891,4688,01/01/2025,104
3892,2378,01/01/2025,15
3893,4024,01/01/2025,425
3894,2833,01/01/2025,48
3895,4555,01/01/2025,179
3896,1522,01/01/2025,381
3897,3880,01/01/2025,330
3898,736,01/01/2025,295
3899,534,01/01/2025,594
3900,464,01/01/2025,387
3901,3450,01/01/2025,274
3902,612,01/01/2025,277
3903,2364,01/01/2025,534
3904,4584,01/01/2025,333
3905,3485,01/01/2025,554
3906,1077,01/01/2025,265
3907,364,01/01/2025,410
3908,974,01/01/2025,242
3909,2503,01/01/2025,34
3910,3688,01/01/2025,537
3911,891,01/01/2025,67
3912,292,01/01/2025,254
3913,2409,01/01/2025,376
3914,1431,01/01/2025,548
3915,5,01/01/2025,433
3916,3861,01/01/2025,433
3917,1908,01/01/2025,159
3918,1522,01/01/2025,442
3919,3644,01/01/2025,340
3920,3699,01/01/2025,501
3921,3749,01/01/2025,528
3922,1852,01/01/2025,259
3923,193,01/01/2025,309
3924,4373,01/01/2025,471
3925,457,01/01/2025,465
3926,3995,01/01/2025,553
3927,345,01/01/2025,490
3928,3314,01/01/2025,308
3929,3768,01/01/2025,472
3930,4278,01/01/2025,379
3931,305,01/01/2025,223
3932,3949,01/01/2025,532
3933,4188,01/01/2025,301
3934,3575,01/01/2025,144
3935,3457,01/01/2025,324
3936,1475,01/01/2025,202
3937,3906,01/01/2025,570
3938,1991,01/01/2025,476
3939,4160,01/01/2025,104
3940,536,01/01/2025,320
3941,253,01/01/2025,107
3942,4526,01/01/2025,388
3943,2618,01/01/2025,347
3944,2958,01/01/2025,387
3945,275,01/01/2025,384
3946,3810,01/01/2025,582
3947,4753,01/01/2025,152
3948,3305,01/01/2025,211
3949,1811,01/01/2025,231
3950,4531,01/01/2025,50
3951,4839,01/01/2025,38
3952,3163,01/01/2025,513
3953,4105,01/01/2025,399
3954,2156,01/01/2025,382
3955,2031,01/01/2025,556
3956,1536,01/01/2025,177
3957,2904,01/01/2025,441
3958,774,01/01/2025,501
3959,1486,01/01/2025,534
3960,384,01/01/2025,293
3961,3053,01/01/2025,30
3962,4654,01/01/2025,440
3963,55,01/01/2025,494
3964,3689,01/01/2025,546
3965,1794,01/01/2025,135
3966,662,01/01/2025,439
3967,941,01/01/2025,479
3968,50,01/01/2025,48
3969,4523,01/01/2025,227
3970,4823,01/01/2025,211
3971,1749,01/01/2025,529
3972,2846,01/01/2025,260
3973,1183,01/01/2025,203
3974,2639,01/01/2025,50
3975,1420,01/01/2025,250
3976,3124,01/01/2025,512
3977,509,01/01/2025,285
3978,479,01/01/2025,185
3979,3565,01/01/2025,484
3980,3956,01/01/2025,509
3981,3484,01/01/2025,526
3982,168,01/01/2025,86
3983,4371,01/01/2025,539
3984,3795,01/01/2025,35
3985,2898,01/01/2025,404
3986,2218,01/01/2025,221
3987,2937,01/01/2025,121
3988,4302,01/01/2025,12
3989,3578,01/01/2025,516
3990,291,01/01/2025,383
3991,4714,01/01/2025,317
3992,1894,01/01/2025,374
3993,1275,01/01/2025,456
3994,3081,01/01/2025,361
3995,3784,01/01/2025,511
3996,2745,01/01/2025,489
3997,898,01/01/2025,433
3998,668,01/01/2025,291
3999,3630,01/01/2025,277
4000,1791,01/01/2025,299
4001,4055,01/01/2025,471
4002,3340,01/01/2025,420
4003,936,01/01/2025,0
4004,1109,01/01/2025,185
4005,1742,01/01/2025,412
4006,2455,01/01/2025,564
4007,2007,01/01/2025,573
4008,3077,01/01/2025,410
4009,608,01/01/2025,185
4010,4908,01/01/2025,214
4011,3954,01/01/2025,476
4012,2261,01/01/2025,1
4013,3811,01/01/2025,258
4014,4257,01/01/2025,572
4015,407,01/01/2025,216
4016,4874,01/01/2025,579
4017,3944,01/01/2025,563
4018,2813,01/01/2025,250
4019,2794,01/01/2025,415
4020,53,01/01/2025,177
4021,1269,01/01/2025,422
4022,3738,01/01/2025,2
4023,2855,01/01/2025,596
4024,2754,01/01/2025,130
4025,2939,01/01/2025,112
4026,3322,01/01/2025,347
4027,3470,01/01/2025,445
4028,2652,01/01/2025,518
4029,3569,01/01/2025,234
4030,2356,01/01/2025,210
4031,4808,01/01/2025,165
4032,2455,01/01/2025,332
4033,1509,01/01/2025,123
4034,880,01/01/2025,350
4035,190,01/01/2025,486
4036,4690,01/01/2025,109
4037,3860,01/01/2025,312
4038,1006,01/01/2025,245
4039,4440,01/01/2025,419
4040,3541,01/01/2025,46
4041,291,01/01/2025,471
4042,3189,01/01/2025,309
4043,1483,01/01/2025,421
4044,4596,01/01/2025,445
4045,294,01/01/2025,306
4046,3698,01/01/2025,103
4047,949,01/01/2025,259
4048,3471,01/01/2025,423
4049,4278,01/01/2025,484
4050,3242,01/01/2025,382
4051,993,01/01/2025,477
4052,3914,01/01/2025,316
4053,3584,01/01/2025,199
4054,1548,01/01/2025,189
4055,11,01/01/2025,595
4056,4568,01/01/2025,217
4057,4576,01/01/2025,219
4058,911,01/01/2025,247
4059,4619,01/01/2025,458
4060,1532,01/01/2025,515
4061,4674,01/01/2025,103
4062,1697,01/01/2025,83
4063,4804,01/01/2025,420
4064,3275,01/01/2025,3
4065,3328,01/01/2025,461
4066,1458,01/01/2025,231
4067,4632,01/01/2025,430
4068,1310,01/01/2025,180
4069,3010,01/01/2025,383
4070,2878,01/01/2025,84
4071,1139,01/01/2025,259
4072,2538,01/01/2025,330
4073,3182,01/01/2025,486
4074,1027,01/01/2025,207
4075,1808,01/01/2025,430
4076,2891,01/01/2025,166
4077,999,01/01/2025,199
4078,4464,01/01/2025,431
4079,3750,01/01/2025,39
4080,1598,01/01/2025,8
4081,167,01/01/2025,370
4082,514,01/01/2025,42
4083,123,01/01/2025,23
4084,4565,01/01/2025,595
4085,4261,01/01/2025,570
4086,4843,01/01/2025,261
4087,4852,01/01/2025,591
4088,647,01/01/2025,521
4089,4761,01/01/2025,100
4090,1846,01/01/2025,330
4091,2625,01/01/2025,259
4092,2115,01/01/2025,382
4093,2833,01/01/2025,598
4094,3558,01/01/2025,578
4095,45,01/01/2025,228
4096,3513,01/01/2025,107
4097,3186,01/01/2025,197
4098,3894,01/01/2025,358
4099,2500,01/01/2025,543
4100,968,01/01/2025,131
4101,804,01/01/2025,416
4102,2306,01/01/2025,476
4103,2468,01/01/2025,463
4104,1667,01/01/2025,410
4105,3454,01/01/2025,270
4106,4511,01/01/2025,231
4107,2116,01/01/2025,529
4108,3655,01/01/2025,536
4109,3861,01/01/2025,593
4110,2524,01/01/2025,126
4111,1681,01/01/2025,446
4112,3337,01/01/2025,60
4113,1001,01/01/2025,485
4114,1998,01/01/2025,279
4115,963,01/01/2025,258
4116,271,01/01/2025,458
4117,898,01/01/2025,357
4118,496,01/01/2025,305
4119,1327,01/01/2025,501
4120,2128,01/01/2025,161
4121,2852,01/01/2025,28
4122,721,01/01/2025,132
4123,2305,01/01/2025,116
4124,1594,01/01/2025,202
4125,2407,01/01/2025,511
4126,2214,01/01/2025,534
4127,2538,01/01/2025,80
4128,2833,01/01/2025,184
4129,877,01/01/2025,187
4130,4932,01/01/2025,418
4131,3806,01/01/2025,137
4132,2953,01/01/2025,106
4133,4160,01/01/2025,594
4134,1369,01/01/2025,518
4135,4736,01/01/2025,534
4136,3994,01/01/2025,64
4137,879,01/01/2025,299
4138,3212,01/01/2025,141
4139,2686,01/01/2025,313
4140,3500,01/01/2025,85
4141,4779,01/01/2025,130
4142,3163,01/01/2025,535
4143,2579,01/01/2025,52
4144,2517,01/01/2025,329
4145,1418,01/01/2025,519
4146,648,01/01/2025,590
4147,2816,01/01/2025,500
4148,129,01/01/2025,483
4149,4619,01/01/2025,494
4150,4767,01/01/2025,260
4151,3194,01/01/2025,565
4152,978,01/01/2025,0
4153,2865,01/01/2025,484
4154,4452,01/01/2025,29
4155,1083,01/01/2025,166
4156,1737,01/01/2025,310
4157,1746,01/01/2025,447
4158,1533,01/01/2025,539
4159,4526,01/01/2025,362
4160,4447,01/01/2025,531
4161,2383,01/01/2025,333
4162,4439,01/01/2025,482
4163,3368,01/01/2025,572
4164,3569,01/01/2025,388
4165,2101,01/01/2025,425
4166,2854,01/01/2025,496
4167,2743,01/01/2025,427
4168,1156,01/01/2025,374
4169,926,01/01/2025,462
4170,1024,01/01/2025,327
4171,1675,01/01/2025,115
4172,3439,01/01/2025,391
4173,2612,01/01/2025,516
4174,1234,01/01/2025,335
4175,4335,01/01/2025,12
4176,473,01/01/2025,519
4177,2487,01/01/2025,227
4178,196,01/01/2025,461
4179,3307,01/01/2025,113
4180,2266,01/01/2025,148
4181,672,01/01/2025,209
4182,3723,01/01/2025,135
4183,2585,01/01/2025,531
4184,840,01/01/2025,24
4185,860,01/01/2025,590
4186,2565,01/01/2025,535
4187,912,01/01/2025,122
4188,20,01/01/2025,514
4189,351,01/01/2025,547
4190,3853,01/01/2025,29
4191,2238,01/01/2025,31
4192,1759,01/01/2025,464
4193,4427,01/01/2025,314
4194,3350,01/01/2025,29
4195,368,01/01/2025,305
4196,1399,01/01/2025,327
4197,1468,01/01/2025,46
4198,1445,01/01/2025,368
4199,296,01/01/2025,175
4200,1388,01/01/2025,260
4201,4165,01/01/2025,326
4202,1252,01/01/2025,155
4203,415,01/01/2025,504
4204,4429,01/01/2025,321
4205,4022,01/01/2025,151
4206,2601,01/01/2025,574
4207,4484,01/01/2025,216
4208,1118,01/01/2025,237
4209,4625,01/01/2025,274
4210,1045,01/01/2025,300
4211,1341,01/01/2025,328
4212,2394,01/01/2025,502
4213,4592,01/01/2025,258
4214,4879,01/01/2025,194
4215,331,01/01/2025,55
4216,1715,01/01/2025,183
4217,4008,01/01/2025,398
4218,93,01/01/2025,355
4219,3440,01/01/2025,401
4220,4065,01/01/2025,570
4221,1489,01/01/2025,177
4222,3122,01/01/2025,86
4223,2587,01/01/2025,399
4224,3768,01/01/2025,430
4225,327,01/01/2025,502
4226,1883,01/01/2025,419
4227,1296,01/01/2025,241
4228,1964,01/01/2025,550
4229,1111,01/01/2025,481
4230,1846,01/01/2025,518
4231,3817,01/01/2025,372
4232,3049,01/01/2025,55
4233,3533,01/01/2025,170
4234,988,01/01/2025,60
4235,772,01/01/2025,31
4236,1691,01/01/2025,591
4237,445,01/01/2025,87
4238,1290,01/01/2025,339
4239,1379,01/01/2025,568
4240,1725,01/01/2025,468
4241,2297,01/01/2025,231
4242,3765,01/01/2025,553
4243,3992,01/01/2025,12
4244,214,01/01/2025,518
4245,202,01/01/2025,388
4246,3492,01/01/2025,139
4247,4052,01/01/2025,572
4248,1711,01/01/2025,399
4249,770,01/01/2025,92
4250,309,01/01/2025,372
4251,2855,01/01/2025,413
4252,263,01/01/2025,94
4253,3211,01/01/2025,598
4254,254,01/01/2025,65
4255,4136,01/01/2025,241
4256,967,01/01/2025,516
4257,3365,01/01/2025,288
4258,1216,01/01/2025,411
4259,2304,01/01/2025,298
4260,4617,01/01/2025,457
4261,3948,01/01/2025,231
4262,4888,01/01/2025,452
4263,3083,01/01/2025,8
4264,4684,01/01/2025,239
4265,1266,01/01/2025,147
4266,4890,01/01/2025,89
4267,1093,01/01/2025,233
4268,4230,01/01/2025,568
4269,1701,01/01/2025,595
4270,23,01/01/2025,577
4271,648,01/01/2025,82
4272,350,01/01/2025,283
4273,1546,01/01/2025,241
4274,767,01/01/2025,248
4275,4473,01/01/2025,131
4276,2574,01/01/2025,304
4277,3283,01/01/2025,57
4278,2023,01/01/2025,572
4279,3310,01/01/2025,50
4280,201,01/01/2025,530
4281,3555,01/01/2025,95
4282,1431,01/01/2025,28
4283,4182,01/01/2025,81
4284,3947,01/01/2025,402
4285,877,01/01/2025,182
4286,2498,01/01/2025,175
4287,3707,01/01/2025,544
4288,2121,01/01/2025,443
4289,2528,01/01/2025,466
4290,4980,01/01/2025,287
4291,262,01/01/2025,269
4292,3034,01/01/2025,177
4293,4090,01/01/2025,65
4294,2919,01/01/2025,174
4295,3509,01/01/2025,168
4296,3774,01/01/2025,152
4297,4907,01/01/2025,150
4298,2707,01/01/2025,170
4299,4884,01/01/2025,48
4300,1002,01/01/2025,60
4301,4421,01/01/2025,201
4302,2482,01/01/2025,274
4303,2252,01/01/2025,189
4304,1590,01/01/2025,139
4305,4586,01/01/2025,249
4306,3999,01/01/2025,160
4307,3764,01/01/2025,192
4308,1088,01/01/2025,208
4309,4467,01/01/2025,62
4310,1788,01/01/2025,198
4311,3650,01/01/2025,127
4312,4334,01/01/2025,321
4313,2150,01/01/2025,461
4314,4354,01/01/2025,134
4315,2207,01/01/2025,482
4316,657,01/01/2025,515
4317,4055,01/01/2025,264
4318,1978,01/01/2025,418
4319,3350,01/01/2025,425
4320,1471,01/01/2025,468
4321,3784,01/01/2025,119
4322,4944,01/01/2025,524
4323,2856,01/01/2025,246
4324,4291,01/01/2025,246
4325,4179,01/01/2025,339
4326,3755,01/01/2025,206
4327,2490,01/01/2025,548
4328,3543,01/01/2025,193
4329,1600,01/01/2025,477
4330,1296,01/01/2025,219
4331,4952,01/01/2025,41
4332,2947,01/01/2025,186
4333,1390,01/01/2025,428
4334,707,01/01/2025,300
4335,3098,01/01/2025,455
4336,3165,01/01/2025,321
4337,3601,01/01/2025,528
4338,2662,01/01/2025,434
4339,2079,01/01/2025,147
4340,2493,01/01/2025,103
4341,3879,01/01/2025,422
4342,1695,01/01/2025,239
4343,1327,01/01/2025,340
4344,2092,01/01/2025,536
4345,67,01/01/2025,586
4346,2169,01/01/2025,171
4347,4566,01/01/2025,578
4348,3471,01/01/2025,361
4349,3648,01/01/2025,201
4350,4251,01/01/2025,254
4351,1151,01/01/2025,343
4352,2081,01/01/2025,118
4353,1927,01/01/2025,444
4354,3470,01/01/2025,474
4355,1860,01/01/2025,349
4356,487,01/01/2025,448
4357,289,01/01/2025,460
4358,2933,01/01/2025,89
4359,118,01/01/2025,333
4360,230,01/01/2025,34
4361,455,01/01/2025,569
4362,3661,01/01/2025,352
4363,4397,01/01/2025,11
4364,792,01/01/2025,329
4365,1500,01/01/2025,39
4366,180,01/01/2025,157
4367,2060,01/01/2025,575
4368,678,01/01/2025,535
4369,106,01/01/2025,111
4370,4022,01/01/2025,498
4371,1695,01/01/2025,574
4372,4400,01/01/2025,401
4373,2702,01/01/2025,360
4374,3221,01/01/2025,483
4375,4702,01/01/2025,315
4376,1029,01/01/2025,523
4377,2671,01/01/2025,425
4378,1025,01/01/2025,445
4379,3864,01/01/2025,447
4380,2552,01/01/2025,535
4381,3924,01/01/2025,418
4382,1356,01/01/2025,342
4383,1007,01/01/2025,371
4384,1566,01/01/2025,165
4385,2508,01/01/2025,336
4386,1302,01/01/2025,546
4387,1008,01/01/2025,132
4388,4232,01/01/2025,57
4389,4620,01/01/2025,55
4390,786,01/01/2025,300
4391,3406,01/01/2025,111
4392,412,01/01/2025,489
4393,8,01/01/2025,506
4394,4391,01/01/2025,289
4395,2175,01/01/2025,52
4396,3005,01/01/2025,276
4397,3888,01/01/2025,33
4398,1792,01/01/2025,557
4399,3953,01/01/2025,132
4400,4161,01/01/2025,310
4401,3092,01/01/2025,493
4402,3334,01/01/2025,273
4403,33,01/01/2025,379
4404,436,01/01/2025,458
4405,3927,01/01/2025,498
4406,1288,01/01/2025,250
4407,3471,01/01/2025,48
4408,2586,01/01/2025,317
4409,1913,01/01/2025,559
4410,1064,01/01/2025,386
4411,3342,01/01/2025,530
4412,4657,01/01/2025,175
4413,322,01/01/2025,165
4414,2340,01/01/2025,466
4415,2016,01/01/2025,214
4416,4707,01/01/2025,480
4417,410,01/01/2025,12
4418,4287,01/01/2025,447
4419,3889,01/01/2025,515
4420,76,01/01/2025,301
4421,4308,01/01/2025,522
4422,1582,01/01/2025,539
4423,3123,01/01/2025,349
4424,4603,01/01/2025,440
4425,1520,01/01/2025,395
4426,4496,01/01/2025,526
4427,2758,01/01/2025,334
4428,1778,01/01/2025,21
4429,4240,01/01/2025,182
4430,1747,01/01/2025,187
4431,4470,01/01/2025,167
4432,2240,01/01/2025,25
4433,1750,01/01/2025,252
4434,3108,01/01/2025,562
4435,2361,01/01/2025,144
4436,1415,01/01/2025,484
4437,1266,01/01/2025,352
4438,3166,01/01/2025,186
4439,2721,01/01/2025,35
4440,2038,01/01/2025,520
4441,2325,01/01/2025,514
4442,3701,01/01/2025,526
4443,2292,01/01/2025,529
4444,3056,01/01/2025,517
4445,3419,01/01/2025,260
4446,1869,01/01/2025,138
4447,3674,01/01/2025,451
4448,1458,01/01/2025,277
4449,2397,01/01/2025,206
4450,58,01/01/2025,410
4451,2301,01/01/2025,400
4452,1088,01/01/2025,123
4453,1141,01/01/2025,448
4454,2120,01/01/2025,106
4455,2425,01/01/2025,180
4456,4045,01/01/2025,292
4457,1385,01/01/2025,201
4458,2081,01/01/2025,22
4459,117,01/01/2025,595
4460,4519,01/01/2025,92
4461,4415,01/01/2025,416
4462,4280,01/01/2025,23
4463,683,01/01/2025,155
4464,2180,01/01/2025,227
4465,1511,01/01/2025,157
4466,926,01/01/2025,28
4467,3079,01/01/2025,436
4468,65,01/01/2025,184
4469,2607,01/01/2025,323
4470,3317,01/01/2025,280
4471,2507,01/01/2025,180
4472,1047,01/01/2025,140
4473,778,01/01/2025,505
4474,483,01/01/2025,354
4475,949,01/01/2025,180
4476,1729,01/01/2025,99
4477,1173,01/01/2025,86
4478,2701,01/01/2025,77
4479,4398,01/01/2025,429
4480,3916,01/01/2025,421
4481,1670,01/01/2025,329
4482,88,01/01/2025,446
4483,4034,01/01/2025,524
4484,167,01/01/2025,109
4485,1741,01/01/2025,471
4486,363,01/01/2025,494
4487,4156,01/01/2025,42
4488,2985,01/01/2025,7
4489,3039,01/01/2025,564
4490,391,01/01/2025,109
4491,196,01/01/2025,318
4492,3645,01/01/2025,522
4493,1216,01/01/2025,40
4494,1530,01/01/2025,537
4495,3769,01/01/2025,303
4496,281,01/01/2025,61
4497,4369,01/01/2025,128
4498,4301,01/01/2025,300
4499,4763,01/01/2025,587
4500,2640,01/01/2025,299
4501,734,01/01/2025,564
4502,816,01/01/2025,201
4503,3812,01/01/2025,113
4504,932,01/01/2025,295
4505,4310,01/01/2025,468
4506,2553,01/01/2025,314
4507,1202,01/01/2025,515
4508,540,01/01/2025,121
4509,4988,01/01/2025,30
4510,2443,01/01/2025,8
4511,2794,01/01/2025,275
4512,3078,01/01/2025,228
4513,3482,01/01/2025,149
4514,3615,01/01/2025,32
4515,2944,01/01/2025,486
4516,2572,01/01/2025,0
4517,1828,01/01/2025,195
4518,255,01/01/2025,420
4519,2881,01/01/2025,599
4520,3584,01/01/2025,407
4521,4479,01/01/2025,176
4522,2438,01/01/2025,525
4523,3374,01/01/2025,182
4524,898,01/01/2025,169
4525,3209,01/01/2025,442
4526,744,01/01/2025,236
4527,2016,01/01/2025,299
4528,2623,01/01/2025,258
4529,2944,01/01/2025,34
4530,4375,01/01/2025,383
4531,4783,01/01/2025,14
4532,4540,01/01/2025,297
4533,3616,01/01/2025,109
4534,1811,01/01/2025,262
4535,3620,01/01/2025,417
4536,1136,01/01/2025,501
4537,751,01/01/2025,102
4538,3194,01/01/2025,215
4539,3288,01/01/2025,339
4540,3769,01/01/2025,409
4541,765,01/01/2025,220
4542,16,01/01/2025,399
4543,131,01/01/2025,53
4544,62,01/01/2025,185
4545,1783,01/01/2025,194
4546,2850,01/01/2025,426
4547,3144,01/01/2025,341
4548,1852,01/01/2025,343
4549,3801,01/01/2025,482
4550,4434,01/01/2025,42
4551,259,01/01/2025,464
4552,3986,01/01/2025,391
4553,1975,01/01/2025,457
4554,724,01/01/2025,404
4555,4817,01/01/2025,580
4556,2686,01/01/2025,153
4557,3465,01/01/2025,41
4558,451,01/01/2025,319
4559,4255,01/01/2025,69
4560,1389,01/01/2025,101
4561,3009,01/01/2025,438
4562,2504,01/01/2025,380
4563,146,01/01/2025,417
4564,1502,01/01/2025,261
4565,3110,01/01/2025,171
4566,1704,01/01/2025,449
4567,974,01/01/2025,302
4568,4786,01/01/2025,432
4569,2384,01/01/2025,228
4570,3104,01/01/2025,127
4571,2405,01/01/2025,488
4572,2705,01/01/2025,149
4573,1895,01/01/2025,507
4574,4165,01/01/2025,508
4575,971,01/01/2025,234
4576,1593,01/01/2025,360
4577,3805,01/01/2025,431
4578,4772,01/01/2025,537
4579,817,01/01/2025,416
4580,2368,01/01/2025,154
4581,4675,01/01/2025,112
4582,2492,01/01/2025,149
4583,3927,01/01/2025,565
4584,3495,01/01/2025,267
4585,3710,01/01/2025,71
4586,484,01/01/2025,423
4587,1567,01/01/2025,280
4588,4767,01/01/2025,24
4589,2855,01/01/2025,234
4590,3296,01/01/2025,375
4591,3969,01/01/2025,416
4592,122,01/01/2025,407
4593,1165,01/01/2025,436
4594,2847,01/01/2025,102
4595,2949,01/01/2025,170
4596,1469,01/01/2025,159
4597,3606,01/01/2025,507
4598,4674,01/01/2025,443
4599,2870,01/01/2025,505
4600,2862,01/01/2025,46
4601,1561,01/01/2025,516
4602,785,01/01/2025,430
4603,738,01/01/2025,226
4604,784,01/01/2025,223
4605,168,01/01/2025,269
4606,1725,01/01/2025,483
4607,1388,01/01/2025,447
4608,4982,01/01/2025,437
4609,688,01/01/2025,552
4610,4115,01/01/2025,297
4611,1906,01/01/2025,488
4612,3420,01/01/2025,452
4613,839,01/01/2025,260
4614,3449,01/01/2025,354
4615,1639,01/01/2025,197
4616,2510,01/01/2025,163
4617,1586,01/01/2025,255
4618,2165,01/01/2025,588
4619,712,01/01/2025,312
4620,1260,01/01/2025,449
4621,434,01/01/2025,570
4622,3587,01/01/2025,299
4623,4731,01/01/2025,51
4624,3287,01/01/2025,427
4625,4134,01/01/2025,124
4626,443,01/01/2025,539
4627,3296,01/01/2025,523
4628,4667,01/01/2025,21
4629,3143,01/01/2025,295
4630,1278,01/01/2025,442
4631,3903,01/01/2025,92
4632,4076,01/01/2025,581
4633,4280,01/01/2025,359
4634,4032,01/01/2025,313
4635,2841,01/01/2025,480
4636,3307,01/01/2025,362
4637,4855,01/01/2025,352
4638,2366,01/01/2025,287
4639,2633,01/01/2025,297
4640,1432,01/01/2025,261
4641,830,01/01/2025,149
4642,2554,01/01/2025,111
4643,1604,01/01/2025,596
4644,85,01/01/2025,271
4645,606,01/01/2025,292
4646,3365,01/01/2025,262
4647,839,01/01/2025,151
4648,2595,01/01/2025,461
4649,1276,01/01/2025,351
4650,206,01/01/2025,261
4651,225,01/01/2025,33
4652,1201,01/01/2025,12
4653,97,01/01/2025,444
4654,969,01/01/2025,435
4655,1106,01/01/2025,192
4656,2396,01/01/2025,372
4657,2980,01/01/2025,423
4658,190,01/01/2025,396
4659,2989,01/01/2025,13
4660,3116,01/01/2025,101
4661,3165,01/01/2025,549
4662,2890,01/01/2025,579
4663,547,01/01/2025,434
4664,534,01/01/2025,336
4665,3555,01/01/2025,537
4666,490,01/01/2025,267
4667,2294,01/01/2025,268
4668,1303,01/01/2025,219
4669,3922,01/01/2025,21
4670,2548,01/01/2025,183
4671,3363,01/01/2025,41
4672,4605,01/01/2025,436
4673,2818,01/01/2025,197
4674,4016,01/01/2025,199
4675,2937,01/01/2025,7
4676,2386,01/01/2025,213
4677,897,01/01/2025,162
4678,1898,01/01/2025,308
4679,893,01/01/2025,394
4680,4060,01/01/2025,581
4681,2145,01/01/2025,577
4682,362,01/01/2025,581
4683,387,01/01/2025,301
4684,1668,01/01/2025,507
4685,3847,01/01/2025,14
4686,286,01/01/2025,28
4687,1914,01/01/2025,287
4688,2310,01/01/2025,10
4689,2893,01/01/2025,198
4690,1098,01/01/2025,78
4691,4642,01/01/2025,462
4692,4760,01/01/2025,459
4693,4678,01/01/2025,486
4694,3128,01/01/2025,333
4695,3336,01/01/2025,258
4696,1536,01/01/2025,361
4697,4153,01/01/2025,119
4698,616,01/01/2025,294
4699,3875,01/01/2025,490
4700,3143,01/01/2025,153
4701,175,01/01/2025,364
4702,4298,01/01/2025,401
4703,54,01/01/2025,571
4704,4540,01/01/2025,514
4705,1527,01/01/2025,496
4706,1284,01/01/2025,390
4707,3623,01/01/2025,527
4708,613,01/01/2025,393
4709,540,01/01/2025,255
4710,790,01/01/2025,419
4711,3680,01/01/2025,552
4712,3307,01/01/2025,342
4713,84,01/01/2025,559
4714,1611,01/01/2025,596
4715,3265,01/01/2025,242
4716,2319,01/01/2025,310
4717,3323,01/01/2025,124
4718,3015,01/01/2025,91
4719,576,01/01/2025,455
4720,766,01/01/2025,148
4721,3856,01/01/2025,542
4722,2897,01/01/2025,96
4723,2503,01/01/2025,471
4724,218,01/01/2025,495
4725,797,01/01/2025,182
4726,4049,01/01/2025,275
4727,4743,01/01/2025,408
4728,2009,01/01/2025,438
4729,3886,01/01/2025,54
4730,4136,01/01/2025,171
4731,761,01/01/2025,265
4732,664,01/01/2025,64
4733,754,01/01/2025,572
4734,4870,01/01/2025,528
4735,1017,01/01/2025,425
4736,3269,01/01/2025,232
4737,4271,01/01/2025,507
4738,2575,01/01/2025,179
4739,2831,01/01/2025,43
4740,2516,01/01/2025,446
4741,3528,01/01/2025,308
4742,3485,01/01/2025,280
4743,1605,01/01/2025,514
4744,4810,01/01/2025,250
4745,4817,01/01/2025,212
4746,3744,01/01/2025,310
4747,3477,01/01/2025,305
4748,1847,01/01/2025,475
4749,1738,01/01/2025,368
4750,3602,01/01/2025,92
4751,4102,01/01/2025,351
4752,2420,01/01/2025,347
4753,3401,01/01/2025,175
4754,1642,01/01/2025,501
4755,1356,01/01/2025,550
4756,328,01/01/2025,0
4757,2663,01/01/2025,377
4758,805,01/01/2025,487
4759,4797,01/01/2025,210
4760,1042,01/01/2025,244
4761,1748,01/01/2025,551
4762,1632,01/01/2025,70
4763,2909,01/01/2025,346
4764,1687,01/01/2025,382
4765,3790,01/01/2025,54
4766,3805,01/01/2025,111
4767,4829,01/01/2025,405
4768,3484,01/01/2025,139
4769,938,01/01/2025,300
4770,4922,01/01/2025,34
4771,661,01/01/2025,409
4772,3824,01/01/2025,123
4773,21,01/01/2025,517
4774,3376,01/01/2025,345
4775,225,01/01/2025,207
4776,4803,01/01/2025,299
4777,856,01/01/2025,497
4778,3069,01/01/2025,303
4779,2702,01/01/2025,197
4780,1199,01/01/2025,263
4781,1582,01/01/2025,249
4782,1616,01/01/2025,231
4783,1495,01/01/2025,110
4784,1694,01/01/2025,289
4785,2062,01/01/2025,165
4786,1879,01/01/2025,212
4787,4046,01/01/2025,418
4788,2391,01/01/2025,158
4789,284,01/01/2025,207
4790,817,01/01/2025,552
4791,4516,01/01/2025,30
4792,2413,01/01/2025,506
4793,1880,01/01/2025,101
4794,1108,01/01/2025,83
4795,3023,01/01/2025,139
4796,4578,01/01/2025,424
4797,48,01/01/2025,543
4798,4098,01/01/2025,74
4799,279,01/01/2025,452
4800,4565,01/01/2025,407
4801,3302,01/01/2025,522
4802,4345,01/01/2025,567
4803,4873,01/01/2025,280
4804,646,01/01/2025,99
4805,4638,01/01/2025,39
4806,3437,01/01/2025,109
4807,4332,01/01/2025,332
4808,3137,01/01/2025,76
4809,214,01/01/2025,40
4810,456,01/01/2025,11
4811,3517,01/01/2025,588
4812,316,01/01/2025,543
4813,4213,01/01/2025,281
4814,4640,01/01/2025,20
4815,3361,01/01/2025,577
4816,4502,01/01/2025,249
4817,2040,01/01/2025,88
4818,1628,01/01/2025,406
4819,4090,01/01/2025,280
4820,3779,01/01/2025,563
4821,2980,01/01/2025,63
4822,4073,01/01/2025,225
4823,291,01/01/2025,511
4824,3378,01/01/2025,218
4825,2192,01/01/2025,420
4826,824,01/01/2025,381
4827,1156,01/01/2025,273
4828,898,01/01/2025,598
4829,4030,01/01/2025,41
4830,1988,01/01/2025,116
4831,3667,01/01/2025,256
4832,4536,01/01/2025,246
4833,292,01/01/2025,224
4834,4995,01/01/2025,137
4835,2180,01/01/2025,289
4836,3936,01/01/2025,305
4837,1318,01/01/2025,308
4838,4060,01/01/2025,380
4839,4145,01/01/2025,11
4840,1851,01/01/2025,163
4841,4932,01/01/2025,118
4842,4195,01/01/2025,282
4843,4240,01/01/2025,392
4844,4563,01/01/2025,107
4845,42,01/01/2025,537
4846,845,01/01/2025,365
4847,2693,01/01/2025,207
4848,1261,01/01/2025,250
4849,1031,01/01/2025,10
4850,540,01/01/2025,598
4851,1905,01/01/2025,492
4852,3118,01/01/2025,295
4853,2464,01/01/2025,259
4854,3315,01/01/2025,297
4855,2851,01/01/2025,51
4856,4886,01/01/2025,459
4857,4251,01/01/2025,361
4858,1836,01/01/2025,208
4859,2340,01/01/2025,255
4860,4906,01/01/2025,323
4861,3433,01/01/2025,71
4862,1781,01/01/2025,481
4863,4359,01/01/2025,38
4864,788,01/01/2025,82
4865,4449,01/01/2025,312
4866,1466,01/01/2025,212
4867,762,01/01/2025,144
4868,3417,01/01/2025,107
4869,3668,01/01/2025,485
4870,3003,01/01/2025,172
4871,467,01/01/2025,170
4872,554,01/01/2025,172
4873,4484,01/01/2025,339
4874,2805,01/01/2025,555
4875,3240,01/01/2025,275
4876,1002,01/01/2025,73
4877,2378,01/01/2025,149
4878,4898,01/01/2025,250
4879,4905,01/01/2025,169
4880,4594,01/01/2025,355
4881,3951,01/01/2025,301
4882,2909,01/01/2025,142
4883,1241,01/01/2025,280
4884,1020,01/01/2025,139
4885,2246,01/01/2025,123
4886,1116,01/01/2025,399
4887,3747,01/01/2025,387
4888,1819,01/01/2025,564
4889,2517,01/01/2025,77
4890,3666,01/01/2025,556
4891,3809,01/01/2025,357
4892,3634,01/01/2025,479
4893,463,01/01/2025,530
4894,2782,01/01/2025,534
4895,3603,01/01/2025,516
4896,3005,01/01/2025,143
4897,2825,01/01/2025,20
4898,4377,01/01/2025,301
4899,4428,01/01/2025,164
4900,3435,01/01/2025,512
4901,2771,01/01/2025,223
4902,2915,01/01/2025,477
4903,2871,01/01/2025,167
4904,4305,01/01/2025,263
4905,2618,01/01/2025,400
4906,3980,01/01/2025,322
4907,640,01/01/2025,593
4908,1359,01/01/2025,69
4909,1653,01/01/2025,9
4910,1995,01/01/2025,269
4911,3610,01/01/2025,323
4912,3814,01/01/2025,213
4913,2383,01/01/2025,251
4914,283,01/01/2025,116
4915,3126,01/01/2025,273
4916,1950,01/01/2025,536
4917,2222,01/01/2025,19
4918,3590,01/01/2025,222
4919,4331,01/01/2025,536
4920,3180,01/01/2025,444
4921,2405,01/01/2025,128
4922,203,01/01/2025,210
4923,3076,01/01/2025,356
4924,93,01/01/2025,280
4925,1007,01/01/2025,525
4926,3009,01/01/2025,313
4927,1174,01/01/2025,73
4928,4398,01/01/2025,506
4929,1968,01/01/2025,377
4930,2877,01/01/2025,562
4931,636,01/01/2025,209
4932,1351,01/01/2025,118
4933,3518,01/01/2025,312
4934,723,01/01/2025,283
4935,3259,01/01/2025,522
4936,1396,01/01/2025,400
4937,2144,01/01/2025,568
4938,2695,01/01/2025,44
4939,2976,01/01/2025,588
4940,2881,01/01/2025,382
4941,2423,01/01/2025,270
4942,1329,01/01/2025,466
4943,3351,01/01/2025,488
4944,1082,01/01/2025,150
4945,2903,01/01/2025,482
4946,2832,01/01/2025,400
4947,1149,01/01/2025,556
4948,3611,01/01/2025,86
4949,2152,01/01/2025,213
4950,309,01/01/2025,157
4951,3475,01/01/2025,467
4952,1403,01/01/2025,247
4953,422,01/01/2025,490
4954,3394,01/01/2025,558
4955,3690,01/01/2025,571
4956,420,01/01/2025,550
4957,746,01/01/2025,156
4958,4413,01/01/2025,93
4959,2218,01/01/2025,213
4960,1112,01/01/2025,290
4961,4556,01/01/2025,328
4962,4553,01/01/2025,131
4963,1341,01/01/2025,348
4964,12,01/01/2025,100
4965,65,01/01/2025,200
4966,4345,01/01/2025,164
4967,1656,01/01/2025,74
4968,1002,01/01/2025,496
4969,2378,01/01/2025,528
4970,3454,01/01/2025,414
4971,2958,01/01/2025,541
4972,3247,01/01/2025,233
4973,3914,01/01/2025,493
4974,2572,01/01/2025,54
4975,4150,01/01/2025,427
4976,524,01/01/2025,31
4977,3102,01/01/2025,76
4978,4907,01/01/2025,559
4979,3048,01/01/2025,289
4980,3816,01/01/2025,96
4981,2810,01/01/2025,300
4982,4713,01/01/2025,23
4983,1365,01/01/2025,343
4984,1062,01/01/2025,207
4985,3363,01/01/2025,231
4986,916,01/01/2025,502
4987,1691,01/01/2025,388
4988,4720,01/01/2025,481
4989,3871,01/01/2025,466
4990,1113,01/01/2025,152
4991,1653,01/01/2025,69
4992,3959,01/01/2025,473
4993,4899,01/01/2025,385
4994,3354,01/01/2025,270
4995,4041,01/01/2025,133
4996,2516,01/01/2025,443
4997,3328,01/01/2025,529
4998,4147,01/01/2025,591
4999,18,01/01/2025,50
5000,4940,01/01/2025,299
5001,3243,01/01/2025,345
5002,1641,01/01/2025,475
5003,2493,01/01/2025,219
5004,4238,01/01/2025,351
5005,3275,01/01/2025,533
5006,2177,01/01/2025,43
5007,4222,01/01/2025,298
5008,4257,01/01/2025,544
5009,2092,01/01/2025,195
5010,3789,01/01/2025,40
5011,1116,01/01/2025,455
5012,2522,01/01/2025,288
5013,1331,01/01/2025,526
5014,1510,01/01/2025,572
5015,46,01/01/2025,167
5016,1696,01/01/2025,104
5017,2548,01/01/2025,378
5018,292,01/01/2025,468
5019,3893,01/01/2025,193
5020,4958,01/01/2025,190
5021,130,01/01/2025,274
5022,3117,01/01/2025,85
5023,3341,01/01/2025,243
5024,3810,01/01/2025,439
5025,1710,01/01/2025,421
5026,2158,01/01/2025,507
5027,3995,01/01/2025,465
5028,4753,01/01/2025,536
5029,1685,01/01/2025,343
5030,403,01/01/2025,111
5031,836,01/01/2025,280
5032,4223,01/01/2025,479
5033,3882,01/01/2025,36
5034,3246,01/01/2025,415
5035,1164,01/01/2025,322
5036,4294,01/01/2025,59
5037,1128,01/01/2025,264
5038,4932,01/01/2025,299
5039,1632,01/01/2025,83
5040,2795,01/01/2025,471
5041,2,01/01/2025,568
5042,1518,01/01/2025,49
5043,3035,01/01/2025,583
5044,2019,01/01/2025,190
5045,1548,01/01/2025,333
5046,1729,01/01/2025,21
5047,3034,01/01/2025,203
5048,2965,01/01/2025,99
5049,3745,01/01/2025,90
5050,2453,01/01/2025,272
5051,4277,01/01/2025,349
5052,2556,01/01/2025,30
5053,1203,01/01/2025,50
5054,688,01/01/2025,208
5055,227,01/01/2025,531
5056,4910,01/01/2025,15
5057,3489,01/01/2025,101
5058,4909,01/01/2025,340
5059,2236,01/01/2025,595
5060,2380,01/01/2025,178
5061,1429,01/01/2025,417
5062,1910,01/01/2025,80
5063,116,01/01/2025,67
5064,3434,01/01/2025,250
5065,3231,01/01/2025,140
5066,2211,01/01/2025,350
5067,3668,01/01/2025,267
5068,2610,01/01/2025,496
5069,3492,01/01/2025,191
5070,2558,01/01/2025,468
5071,3250,01/01/2025,399
5072,1474,01/01/2025,372
5073,332,01/01/2025,451
5074,2101,01/01/2025,14
5075,1293,01/01/2025,536
5076,3855,01/01/2025,161
5077,2637,01/01/2025,35
5078,977,01/01/2025,261
5079,4881,01/01/2025,505
5080,653,01/01/2025,283
5081,3593,01/01/2025,101
5082,1071,01/01/2025,140
5083,1889,01/01/2025,72
5084,1341,01/01/2025,177
5085,3919,01/01/2025,509
5086,4636,01/01/2025,508
5087,1756,01/01/2025,240
5088,37,01/01/2025,235
5089,1228,01/01/2025,403
5090,4029,01/01/2025,199
5091,1959,01/01/2025,77
5092,2666,01/01/2025,332
5093,3835,01/01/2025,4
5094,1696,01/01/2025,28
5095,3448,01/01/2025,232
5096,4844,01/01/2025,86
5097,1421,01/01/2025,374
5098,1895,01/01/2025,261
5099,4930,01/01/2025,205
5100,774,01/01/2025,227
5101,1947,01/01/2025,86
5102,394,01/01/2025,205
5103,2281,01/01/2025,399
5104,1048,01/01/2025,125
5105,1988,01/01/2025,183
5106,4675,01/01/2025,43
5107,3515,01/01/2025,392
5108,3595,01/01/2025,162
5109,3615,01/01/2025,578
5110,4023,01/01/2025,47
5111,2009,01/01/2025,2
5112,1853,01/01/2025,580
5113,132,01/01/2025,42
5114,2975,01/01/2025,585
5115,3464,01/01/2025,172
5116,3062,01/01/2025,41
5117,669,01/01/2025,326
5118,2228,01/01/2025,176
5119,3954,01/01/2025,281
5120,1986,01/01/2025,402
5121,2979,01/01/2025,61
5122,2178,01/01/2025,69
5123,2945,01/01/2025,497
5124,429,01/01/2025,423
5125,820,01/01/2025,597
5126,4789,01/01/2025,463
5127,459,01/01/2025,62
5128,4657,01/01/2025,161
5129,1874,01/01/2025,357
5130,2387,01/01/2025,504
5131,1720,01/01/2025,442
5132,4369,01/01/2025,441
5133,2347,01/01/2025,266
5134,122,01/01/2025,328
5135,1316,01/01/2025,22
5136,478,01/01/2025,526
5137,2984,01/01/2025,305
5138,878,01/01/2025,441
5139,161,01/01/2025,410
5140,4235,01/01/2025,424
5141,155,01/01/2025,26
5142,3337,01/01/2025,501
5143,3739,01/01/2025,132
5144,1652,01/01/2025,64
5145,3321,01/01/2025,92
5146,3940,01/01/2025,454
5147,2604,01/01/2025,51
5148,381,01/01/2025,546
5149,4679,01/01/2025,196
5150,4980,01/01/2025,242
5151,254,01/01/2025,5
5152,2430,01/01/2025,313
5153,2314,01/01/2025,271
5154,2713,01/01/2025,40
5155,3353,01/01/2025,38
5156,3665,01/01/2025,311
5157,684,01/01/2025,350
5158,2418,01/01/2025,580
5159,467,01/01/2025,72
5160,2716,01/01/2025,239
5161,2952,01/01/2025,179
5162,332,01/01/2025,156
5163,3877,01/01/2025,597
5164,3824,01/01/2025,404
5165,3093,01/01/2025,414
5166,662,01/01/2025,64
5167,3736,01/01/2025,16
5168,3158,01/01/2025,289
5169,2931,01/01/2025,463
5170,3547,01/01/2025,483
5171,2796,01/01/2025,239
5172,2247,01/01/2025,1
5173,3793,01/01/2025,337
5174,293,01/01/2025,85
5175,298,01/01/2025,73
5176,3113,01/01/2025,98
5177,3135,01/01/2025,520
5178,3392,01/01/2025,12
5179,4922,01/01/2025,314
5180,4567,01/01/2025,434
5181,3329,01/01/2025,133
5182,4464,01/01/2025,478
5183,1017,01/01/2025,391
5184,687,01/01/2025,266
5185,880,01/01/2025,105
5186,3648,01/01/2025,510
5187,610,01/01/2025,508
5188,3106,01/01/2025,163
5189,3885,01/01/2025,221
5190,1624,01/01/2025,498
5191,3650,01/01/2025,354
5192,4981,01/01/2025,305
5193,875,01/01/2025,578
5194,4496,01/01/2025,579
5195,3198,01/01/2025,63
5196,4230,01/01/2025,378
5197,1102,01/01/2025,100
5198,3747,01/01/2025,453
5199,1472,01/01/2025,65
5200,1564,01/01/2025,211
5201,2656,01/01/2025,282
5202,1326,01/01/2025,177
5203,2331,01/01/2025,75
5204,2402,01/01/2025,481
5205,3652,01/01/2025,401
5206,171,01/01/2025,113
5207,742,01/01/2025,237
5208,2080,01/01/2025,10
5209,1614,01/01/2025,200
5210,2433,01/01/2025,403
5211,2421,01/01/2025,252
5212,777,01/01/2025,314
5213,4358,01/01/2025,309
5214,1289,01/01/2025,373
5215,4127,01/01/2025,437
5216,3030,01/01/2025,134
5217,4566,01/01/2025,282
5218,552,01/01/2025,296
5219,2488,01/01/2025,63
5220,289,01/01/2025,577
5221,2132,01/01/2025,546
5222,1280,01/01/2025,332
5223,4741,01/01/2025,398
5224,1456,01/01/2025,63
5225,41,01/01/2025,521
5226,1476,01/01/2025,26
5227,2972,01/01/2025,175
5228,3225,01/01/2025,123
5229,4695,01/01/2025,294
5230,2402,01/01/2025,534
5231,2098,01/01/2025,316
5232,2726,01/01/2025,527
5233,2556,01/01/2025,15
5234,2059,01/01/2025,507
5235,4055,01/01/2025,430
5236,1210,01/01/2025,73
5237,4968,01/01/2025,192
5238,3480,01/01/2025,339
5239,2083,01/01/2025,512
5240,3387,01/01/2025,77
5241,430,01/01/2025,365
5242,2352,01/01/2025,380
5243,1998,01/01/2025,439
5244,705,01/01/2025,272
5245,1161,01/01/2025,189
5246,1715,01/01/2025,480
5247,700,01/01/2025,359
5248,4512,01/01/2025,363
5249,428,01/01/2025,363
5250,2999,01/01/2025,173
5251,889,01/01/2025,579
5252,1669,01/01/2025,463
5253,4509,01/01/2025,223
5254,4828,01/01/2025,262
5255,4784,01/01/2025,109
5256,134,01/01/2025,508
5257,4924,01/01/2025,228
5258,4196,01/01/2025,261
5259,4486,01/01/2025,205
5260,4600,01/01/2025,79
5261,4242,01/01/2025,234
5262,3910,01/01/2025,327
5263,3399,01/01/2025,518
5264,1140,01/01/2025,254
5265,1773,01/01/2025,420
5266,4652,01/01/2025,505
5267,3206,01/01/2025,67
5268,2898,01/01/2025,559
5269,4754,01/01/2025,26
5270,1373,01/01/2025,3
5271,4979,01/01/2025,184
5272,4082,01/01/2025,355
5273,377,01/01/2025,26
5274,2614,01/01/2025,495
5275,1460,01/01/2025,207
5276,190,01/01/2025,357
5277,3335,01/01/2025,71
5278,1070,01/01/2025,179
5279,4765,01/01/2025,277
5280,3811,01/01/2025,240
5281,1175,01/01/2025,12
5282,4697,01/01/2025,499
5283,85,01/01/2025,441
5284,1318,01/01/2025,551
5285,277,01/01/2025,426
5286,2396,01/01/2025,192
5287,3850,01/01/2025,570
5288,475,01/01/2025,249
5289,2641,01/01/2025,372
5290,1299,01/01/2025,93
5291,516,01/01/2025,71
5292,1439,01/01/2025,485
5293,1329,01/01/2025,457
5294,2684,01/01/2025,148
5295,3139,01/01/2025,6
5296,1698,01/01/2025,299
5297,4631,01/01/2025,135
5298,4914,01/01/2025,199
5299,79,01/01/2025,79
5300,4614,01/01/2025,85
5301,11,01/01/2025,237
5302,2991,01/01/2025,553
5303,916,01/01/2025,146
5304,2596,01/01/2025,236
5305,2293,01/01/2025,142
5306,1149,01/01/2025,183
5307,3049,01/01/2025,153
5308,673,01/01/2025,513
5309,4097,01/01/2025,512
5310,3400,01/01/2025,61
5311,1396,01/01/2025,164
5312,2953,01/01/2025,408
5313,4546,01/01/2025,434
5314,360,01/01/2025,206
5315,4116,01/01/2025,576
5316,4279,01/01/2025,222
5317,1639,01/01/2025,489
5318,2715,01/01/2025,117
5319,476,01/01/2025,481
5320,3451,01/01/2025,435
5321,736,01/01/2025,329
5322,1458,01/01/2025,357
5323,831,01/01/2025,67
5324,2874,01/01/2025,358
5325,1275,01/01/2025,387
5326,3966,01/01/2025,37
5327,3541,01/01/2025,81
5328,1771,01/01/2025,106
5329,4391,01/01/2025,366
5330,3590,01/01/2025,190
5331,4976,01/01/2025,164
5332,1213,01/01/2025,266
5333,689,01/01/2025,461
5334,3874,01/01/2025,36
5335,2354,01/01/2025,386
5336,3158,01/01/2025,495
5337,3247,01/01/2025,294
5338,1369,01/01/2025,151
5339,1515,01/01/2025,30
5340,2185,01/01/2025,89
5341,553,01/01/2025,132
5342,4816,01/01/2025,82
5343,3794,01/01/2025,206
5344,2260,01/01/2025,388
5345,4857,01/01/2025,276
5346,1921,01/01/2025,250
5347,1971,01/01/2025,408
5348,2656,01/01/2025,511
5349,1873,01/01/2025,44
5350,2180,01/01/2025,63
5351,782,01/01/2025,154
5352,3548,01/01/2025,260
5353,2737,01/01/2025,559
5354,4115,01/01/2025,177
5355,3715,01/01/2025,455
5356,2320,01/01/2025,280
5357,734,01/01/2025,485
5358,3527,01/01/2025,351
5359,3319,01/01/2025,372
5360,3246,01/01/2025,139
5361,3411,01/01/2025,555
5362,3688,01/01/2025,307
5363,4445,01/01/2025,520
5364,1220,01/01/2025,523
5365,2630,01/01/2025,444
5366,2733,01/01/2025,463
5367,2230,01/01/2025,134
5368,2925,01/01/2025,473
5369,188,01/01/2025,378
5370,4534,01/01/2025,75
5371,3712,01/01/2025,585
5372,3255,01/01/2025,483
5373,1023,01/01/2025,593
5374,912,01/01/2025,538
5375,1331,01/01/2025,436
5376,2749,01/01/2025,322
5377,2153,01/01/2025,302
5378,3838,01/01/2025,138
5379,4816,01/01/2025,175
5380,510,01/01/2025,262
5381,4611,01/01/2025,351
5382,4194,01/01/2025,596
5383,2378,01/01/2025,157
5384,4293,01/01/2025,83
5385,2645,01/01/2025,534
5386,701,01/01/2025,578
5387,4232,01/01/2025,406
5388,2283,01/01/2025,535
5389,1370,01/01/2025,482
5390,623,01/01/2025,187
5391,1088,01/01/2025,500
5392,2414,01/01/2025,375
5393,1790,01/01/2025,216
5394,3270,01/01/2025,68
5395,3194,01/01/2025,583
5396,623,01/01/2025,502
5397,4205,01/01/2025,433
5398,2070,01/01/2025,179
5399,1261,01/01/2025,395
5400,2103,01/01/2025,424
5401,3100,01/01/2025,502
5402,4046,01/01/2025,184
5403,1230,01/01/2025,470
5404,4431,01/01/2025,357
5405,1814,01/01/2025,480
5406,1617,01/01/2025,321
5407,1362,01/01/2025,171
5408,3619,01/01/2025,16
5409,715,01/01/2025,115
5410,3574,01/01/2025,296
5411,3603,01/01/2025,534
5412,1407,01/01/2025,555
5413,243,01/01/2025,473
5414,4110,01/01/2025,553
5415,4654,01/01/2025,204
5416,354,01/01/2025,445
5417,3455,01/01/2025,192
5418,1960,01/01/2025,131
5419,2581,01/01/2025,493
5420,1949,01/01/2025,126
5421,3021,01/01/2025,29
5422,1054,01/01/2025,594
5423,177,01/01/2025,511
5424,3978,01/01/2025,100
5425,2547,01/01/2025,417
5426,1155,01/01/2025,36
5427,2679,01/01/2025,179
5428,2437,01/01/2025,63
5429,408,01/01/2025,412
5430,4495,01/01/2025,442
5431,157,01/01/2025,167
5432,978,01/01/2025,229
5433,1137,01/01/2025,111
5434,3329,01/01/2025,550
5435,4209,01/01/2025,569
5436,995,01/01/2025,262
5437,3615,01/01/2025,398
5438,4454,01/01/2025,498
5439,1981,01/01/2025,260
5440,353,01/01/2025,18
5441,3376,01/01/2025,269
5442,1686,01/01/2025,404
5443,3895,01/01/2025,206
5444,1528,01/01/2025,135
5445,3890,01/01/2025,6
5446,345,01/01/2025,193
5447,4127,01/01/2025,478
5448,4952,01/01/2025,558
5449,843,01/01/2025,155
5450,271,01/01/2025,17
5451,112,01/01/2025,168
5452,1023,01/01/2025,598
5453,461,01/01/2025,392
5454,2894,01/01/2025,591
5455,1464,01/01/2025,57
5456,711,01/01/2025,289
5457,4878,01/01/2025,45
5458,4097,01/01/2025,116
5459,1304,01/01/2025,18
5460,3897,01/01/2025,388
5461,711,01/01/2025,166
5462,1619,01/01/2025,583
5463,1811,01/01/2025,241
5464,1707,01/01/2025,253
5465,3225,01/01/2025,102
5466,466,01/01/2025,175
5467,2353,01/01/2025,346
5468,2059,01/01/2025,76
5469,4572,01/01/2025,275
5470,1605,01/01/2025,233
5471,162,01/01/2025,410
5472,4971,01/01/2025,55
5473,4489,01/01/2025,596
5474,736,01/01/2025,527
5475,3265,01/01/2025,279
5476,981,01/01/2025,343
5477,4443,01/01/2025,545
5478,3984,01/01/2025,526
5479,3727,01/01/2025,195
5480,924,01/01/2025,313
5481,3482,01/01/2025,373
5482,114,01/01/2025,162
5483,1691,01/01/2025,530
5484,858,01/01/2025,223
5485,4493,01/01/2025,294
5486,4572,01/01/2025,89
5487,4422,01/01/2025,552
5488,3401,01/01/2025,321
5489,3161,01/01/2025,81
5490,1043,01/01/2025,55
5491,2655,01/01/2025,131
5492,235,01/01/2025,1
5493,3894,01/01/2025,562
5494,3278,01/01/2025,434
5495,2752,01/01/2025,226
5496,583,01/01/2025,447
5497,1929,01/01/2025,13
5498,2834,01/01/2025,425
5499,3076,01/01/2025,71
5500,4014,01/01/2025,299
5501,1357,01/01/2025,74
5502,2812,01/01/2025,14
5503,4017,01/01/2025,105
5504,3518,01/01/2025,453
5505,4195,01/01/2025,580
5506,2999,01/01/2025,60
5507,2062,01/01/2025,91
5508,1387,01/01/2025,359
5509,3709,01/01/2025,76
5510,2888,01/01/2025,106
5511,12,01/01/2025,61
5512,2524,01/01/2025,487
5513,1759,01/01/2025,543
5514,2076,01/01/2025,425
5515,2638,01/01/2025,74
5516,3363,01/01/2025,218
5517,1527,01/01/2025,199
5518,1935,01/01/2025,204
5519,4659,01/01/2025,5
5520,3088,01/01/2025,438
5521,708,01/01/2025,32
5522,1552,01/01/2025,206
5523,3812,01/01/2025,589
5524,3288,01/01/2025,185
5525,2158,01/01/2025,359
5526,2464,01/01/2025,383
5527,1935,01/01/2025,543
5528,171,01/01/2025,188
5529,936,01/01/2025,298
5530,4071,01/01/2025,115
5531,1829,01/01/2025,169
5532,2178,01/01/2025,590
5533,869,01/01/2025,595
5534,622,01/01/2025,499
5535,2085,01/01/2025,517
5536,1636,01/01/2025,230
5537,2952,01/01/2025,434
5538,4520,01/01/2025,389
5539,859,01/01/2025,510
5540,4945,01/01/2025,459
5541,3961,01/01/2025,77
5542,1093,01/01/2025,184
5543,236,01/01/2025,487
5544,2641,01/01/2025,479
5545,4259,01/01/2025,390
5546,2019,01/01/2025,415
5547,4707,01/01/2025,433
5548,286,01/01/2025,505
5549,382,01/01/2025,296
5550,409,01/01/2025,317
5551,1859,01/01/2025,72
5552,508,01/01/2025,515
5553,2379,01/01/2025,469
5554,4740,01/01/2025,497
5555,1017,01/01/2025,176
5556,1722,01/01/2025,479
5557,1270,01/01/2025,70
5558,1068,01/01/2025,324
5559,4716,01/01/2025,586
5560,3783,01/01/2025,241
5561,3141,01/01/2025,124
5562,1199,01/01/2025,104
5563,1367,01/01/2025,205
5564,4128,01/01/2025,393
5565,4903,01/01/2025,310
5566,4670,01/01/2025,597
5567,701,01/01/2025,409
5568,1431,01/01/2025,147
5569,522,01/01/2025,527
5570,1584,01/01/2025,254
5571,314,01/01/2025,135
5572,2477,01/01/2025,266
5573,2005,01/01/2025,240
5574,2734,01/01/2025,322
5575,1746,01/01/2025,181
5576,2183,01/01/2025,243
5577,579,01/01/2025,241
5578,1251,01/01/2025,221
5579,4543,01/01/2025,131
5580,760,01/01/2025,476
5581,3904,01/01/2025,251
5582,3766,01/01/2025,323
5583,4976,01/01/2025,249
5584,2222,01/01/2025,374
5585,3737,01/01/2025,477
5586,866,01/01/2025,283
5587,1789,01/01/2025,317
5588,1992,01/01/2025,568
5589,650,01/01/2025,160
5590,3053,01/01/2025,308
5591,4234,01/01/2025,393
5592,2670,01/01/2025,179
5593,3576,01/01/2025,59
5594,289,01/01/2025,592
5595,4881,01/01/2025,464
5596,4472,01/01/2025,115
5597,432,01/01/2025,342
5598,4559,01/01/2025,296
5599,3500,01/01/2025,486
5600,4900,01/01/2025,108
5601,3875,01/01/2025,341
5602,4581,01/01/2025,391
5603,3367,01/01/2025,23
5604,1150,01/01/2025,150
5605,2288,01/01/2025,547
5606,433,01/01/2025,534
5607,1531,01/01/2025,2
5608,1205,01/01/2025,470
5609,773,01/01/2025,471
5610,1852,01/01/2025,287
5611,2297,01/01/2025,24
5612,4717,01/01/2025,363
5613,2937,01/01/2025,506
5614,3454,01/01/2025,461
5615,2166,01/01/2025,567
5616,949,01/01/2025,156
5617,299,01/01/2025,225
5618,3058,01/01/2025,145
5619,1366,01/01/2025,194
5620,2326,01/01/2025,378
5621,872,01/01/2025,93
5622,4628,01/01/2025,390
5623,636,01/01/2025,89
5624,880,01/01/2025,108
5625,4276,01/01/2025,366
5626,2783,01/01/2025,71
5627,2363,01/01/2025,169
5628,2574,01/01/2025,259
5629,4279,01/01/2025,35
5630,4499,01/01/2025,217
5631,2755,01/01/2025,492
5632,2539,01/01/2025,568
5633,1910,01/01/2025,40
5634,136,01/01/2025,3
5635,2351,01/01/2025,284
5636,2840,01/01/2025,69
5637,1700,01/01/2025,495
5638,1947,01/01/2025,292
5639,3762,01/01/2025,50
5640,630,01/01/2025,275
5641,4647,01/01/2025,176
5642,2091,01/01/2025,14
5643,2264,01/01/2025,545
5644,2738,01/01/2025,567
5645,116,01/01/2025,61
5646,3293,01/01/2025,382
5647,2789,01/01/2025,210
5648,2918,01/01/2025,215
5649,3882,01/01/2025,223
5650,4877,01/01/2025,566
5651,2537,01/01/2025,172
5652,1171,01/01/2025,287
5653,3135,01/01/2025,401
5654,2539,01/01/2025,487
5655,3108,01/01/2025,486
5656,1087,01/01/2025,240
5657,2231,01/01/2025,555
5658,2615,01/01/2025,46
5659,434,01/01/2025,258
5660,1658,01/01/2025,434
5661,2998,01/01/2025,297
5662,2190,01/01/2025,556
5663,2404,01/01/2025,18
5664,2715,01/01/2025,246
5665,2953,01/01/2025,169
5666,3996,01/01/2025,507
5667,1863,01/01/2025,296
5668,3984,01/01/2025,148
5669,4021,01/01/2025,24
5670,3476,01/01/2025,372
5671,2764,01/01/2025,420
5672,486,01/01/2025,581
5673,3087,01/01/2025,95
5674,2249,01/01/2025,304
5675,4517,01/01/2025,541
5676,1026,01/01/2025,20
5677,2115,01/01/2025,254
5678,960,01/01/2025,366
5679,3639,01/01/2025,253
5680,3077,01/01/2025,88
5681,1035,01/01/2025,11
5682,3437,01/01/2025,98
5683,2520,01/01/2025,174
5684,2487,01/01/2025,247
5685,3361,01/01/2025,214
5686,2936,01/01/2025,541
5687,659,01/01/2025,195
5688,4898,01/01/2025,328
5689,305,01/01/2025,227
5690,2240,01/01/2025,347
5691,945,01/01/2025,17
5692,1603,01/01/2025,581
5693,4,01/01/2025,385
5694,3901,01/01/2025,523
5695,3971,01/01/2025,287
5696,4494,01/01/2025,210
5697,3317,01/01/2025,463
5698,861,01/01/2025,527
5699,4666,01/01/2025,547
5700,4849,01/01/2025,379
5701,4010,01/01/2025,6
5702,1867,01/01/2025,501
5703,4111,01/01/2025,450
5704,4488,01/01/2025,449
5705,4934,01/01/2025,467
5706,4670,01/01/2025,379
5707,788,01/01/2025,299
5708,4323,01/01/2025,199
5709,2921,01/01/2025,302
5710,477,01/01/2025,514
5711,869,01/01/2025,374
5712,933,01/01/2025,17
5713,949,01/01/2025,370
5714,1153,01/01/2025,541
5715,4123,01/01/2025,461
5716,1175,01/01/2025,101
5717,4195,01/01/2025,4
5718,2764,01/01/2025,27
5719,3899,01/01/2025,35
5720,2377,01/01/2025,113
5721,3684,01/01/2025,382
5722,1706,01/01/2025,423
5723,4571,01/01/2025,29
5724,2890,01/01/2025,387
5725,1467,01/01/2025,231
5726,3915,01/01/2025,348
5727,2180,01/01/2025,494
5728,3074,01/01/2025,415
5729,4993,01/01/2025,341
5730,4407,01/01/2025,435
5731,947,01/01/2025,465
5732,1929,01/01/2025,108
5733,572,01/01/2025,19
5734,4639,01/01/2025,17
5735,1773,01/01/2025,298
5736,4192,01/01/2025,495
5737,3211,01/01/2025,177
5738,4050,01/01/2025,93
5739,1186,01/01/2025,329
5740,3964,01/01/2025,24
5741,805,01/01/2025,450
5742,2702,01/01/2025,128
5743,817,01/01/2025,593
5744,4038,01/01/2025,595
5745,693,01/01/2025,365
5746,2926,01/01/2025,180
5747,2225,01/01/2025,467
5748,2646,01/01/2025,131
5749,3925,01/01/2025,191
5750,916,01/01/2025,158
5751,3984,01/01/2025,127
5752,1893,01/01/2025,345
5753,4642,01/01/2025,70
5754,4552,01/01/2025,422
5755,931,01/01/2025,419
5756,4962,01/01/2025,541
5757,2525,01/01/2025,301
5758,4209,01/01/2025,302
5759,3600,01/01/2025,410
5760,2660,01/01/2025,249
5761,192,01/01/2025,137
5762,1156,01/01/2025,356
5763,4253,01/01/2025,258
5764,3776,01/01/2025,149
5765,4632,01/01/2025,501
5766,1228,01/01/2025,159
5767,4357,01/01/2025,396
5768,4441,01/01/2025,373
5769,4213,01/01/2025,114
5770,645,01/01/2025,420
5771,3737,01/01/2025,523
5772,941,01/01/2025,268
5773,3213,01/01/2025,449
5774,3812,01/01/2025,252
5775,3463,01/01/2025,81
5776,2061,01/01/2025,387
5777,1617,01/01/2025,314
5778,3886,01/01/2025,461
5779,1509,01/01/2025,387
5780,2458,01/01/2025,462
5781,2836,01/01/2025,12
5782,3592,01/01/2025,135
5783,2912,01/01/2025,585
5784,3438,01/01/2025,376
5785,3078,01/01/2025,473
5786,2858,01/01/2025,217
5787,4358,01/01/2025,475
5788,4145,01/01/2025,174
5789,3304,01/01/2025,4
5790,3468,01/01/2025,314
5791,1980,01/01/2025,549
5792,4202,01/01/2025,531
5793,937,01/01/2025,595
5794,1750,01/01/2025,53
5795,662,01/01/2025,374
5796,1206,01/01/2025,48
5797,4371,01/01/2025,451
5798,1374,01/01/2025,401
5799,53,01/01/2025,266
5800,1225,01/01/2025,181
5801,210,01/01/2025,182
5802,2071,01/01/2025,513
5803,4517,01/01/2025,591
5804,1680,01/01/2025,98
5805,1012,01/01/2025,103
5806,1541,01/01/2025,452
5807,4879,01/01/2025,339
5808,1424,01/01/2025,519
5809,753,01/01/2025,217
5810,1868,01/01/2025,360
5811,1783,01/01/2025,253
5812,909,01/01/2025,476
5813,2730,01/01/2025,46
5814,1367,01/01/2025,588
5815,3125,01/01/2025,463
5816,2042,01/01/2025,492
5817,1042,01/01/2025,32
5818,1005,01/01/2025,439
5819,739,01/01/2025,193
5820,1241,01/01/2025,408
5821,884,01/01/2025,255
5822,3612,01/01/2025,214
5823,3828,01/01/2025,43
5824,162,01/01/2025,460
5825,569,01/01/2025,215
5826,1444,01/01/2025,33
5827,629,01/01/2025,37
5828,4296,01/01/2025,560
5829,3561,01/01/2025,392
5830,3301,01/01/2025,283
5831,35,01/01/2025,28
5832,3876,01/01/2025,420
5833,4335,01/01/2025,444
5834,3586,01/01/2025,521
5835,2375,01/01/2025,71
5836,4282,01/01/2025,142
5837,1604,01/01/2025,479
5838,823,01/01/2025,596
5839,3342,01/01/2025,360
5840,3306,01/01/2025,251
5841,1578,01/01/2025,577
5842,433,01/01/2025,93
5843,3673,01/01/2025,325
5844,1177,01/01/2025,382
5845,4408,01/01/2025,535
5846,3811,01/01/2025,133
5847,4471,01/01/2025,162
5848,1045,01/01/2025,64
5849,4472,01/01/2025,170
5850,1382,01/01/2025,240
5851,1676,01/01/2025,313
5852,605,01/01/2025,77
5853,4449,01/01/2025,299
5854,3808,01/01/2025,283
5855,1033,01/01/2025,360
5856,3079,01/01/2025,335
5857,3066,01/01/2025,384
5858,1902,01/01/2025,474
5859,4043,01/01/2025,341
5860,4400,01/01/2025,264
5861,4721,01/01/2025,306
5862,1105,01/01/2025,453
5863,1955,01/01/2025,582
5864,3348,01/01/2025,547
5865,4757,01/01/2025,584
5866,4372,01/01/2025,271
5867,2076,01/01/2025,429
5868,914,01/01/2025,463
5869,3077,01/01/2025,11
5870,131,01/01/2025,209
5871,3886,01/01/2025,461
5872,2474,01/01/2025,103
5873,1651,01/01/2025,404
5874,4435,01/01/2025,240
5875,1039,01/01/2025,380
5876,2925,01/01/2025,351
5877,1006,01/01/2025,59
5878,768,01/01/2025,123
5879,4154,01/01/2025,84
5880,1439,01/01/2025,588
5881,3964,01/01/2025,223
5882,3811,01/01/2025,591
5883,1472,01/01/2025,536
5884,423,01/01/2025,576
5885,4924,01/01/2025,508
5886,26,01/01/2025,135
5887,3227,01/01/2025,208
5888,4684,01/01/2025,536
5889,3212,01/01/2025,38
5890,90,01/01/2025,370
5891,3249,01/01/2025,578
5892,1039,01/01/2025,84
5893,4327,01/01/2025,563
5894,1179,01/01/2025,492
5895,4090,01/01/2025,404
5896,399,01/01/2025,167
5897,1419,01/01/2025,514
5898,743,01/01/2025,365
5899,2282,01/01/2025,286
5900,1764,01/01/2025,134
5901,1711,01/01/2025,431
5902,4164,01/01/2025,221
5903,32,01/01/2025,561
5904,1324,01/01/2025,503
5905,190,01/01/2025,468
5906,2951,01/01/2025,230
5907,1028,01/01/2025,460
5908,91,01/01/2025,421
5909,3298,01/01/2025,253
5910,1000,01/01/2025,141
5911,4475,01/01/2025,173
5912,1372,01/01/2025,285
5913,1276,01/01/2025,502
5914,2260,01/01/2025,306
5915,2798,01/01/2025,432
5916,2489,01/01/2025,110
5917,4045,01/01/2025,6
5918,3548,01/01/2025,42
5919,2544,01/01/2025,345
5920,2463,01/01/2025,195
5921,3757,01/01/2025,537
5922,1447,01/01/2025,308
5923,4380,01/01/2025,485
5924,3343,01/01/2025,503
5925,3876,01/01/2025,235
5926,1025,01/01/2025,301
5927,883,01/01/2025,488
5928,648,01/01/2025,82
5929,3644,01/01/2025,397
5930,4897,01/01/2025,334
5931,2810,01/01/2025,182
5932,1199,01/01/2025,264
5933,4476,01/01/2025,378
5934,3501,01/01/2025,489
5935,637,01/01/2025,510
5936,2323,01/01/2025,395
5937,1967,01/01/2025,317
5938,650,01/01/2025,296
5939,4020,01/01/2025,188
5940,3152,01/01/2025,3
5941,2324,01/01/2025,382
5942,4170,01/01/2025,305
5943,1520,01/01/2025,458
5944,1538,01/01/2025,544
5945,4158,01/01/2025,456
5946,1414,01/01/2025,570
5947,2510,01/01/2025,216
5948,1927,01/01/2025,250
5949,3766,01/01/2025,532
5950,2428,01/01/2025,445
5951,1583,01/01/2025,490
5952,1937,01/01/2025,83
5953,2248,01/01/2025,417
5954,3943,01/01/2025,487
5955,2670,01/01/2025,506
5956,4547,01/01/2025,131
5957,2166,01/01/2025,431
5958,55,01/01/2025,565
5959,552,01/01/2025,176
5960,3647,01/01/2025,40
5961,4736,01/01/2025,254
5962,3971,01/01/2025,91
5963,4653,01/01/2025,3
5964,3985,01/01/2025,19
5965,1588,01/01/2025,477
5966,3495,01/01/2025,223
5967,4783,01/01/2025,326
5968,3231,01/01/2025,355
5969,1425,01/01/2025,188
5970,4093,01/01/2025,441
5971,4303,01/01/2025,291
5972,1560,01/01/2025,404
5973,699,01/01/2025,253
5974,218,01/01/2025,128
5975,1452,01/01/2025,560
5976,3341,01/01/2025,415
5977,2835,01/01/2025,10
5978,1196,01/01/2025,5
5979,3177,01/01/2025,33
5980,3699,01/01/2025,324
5981,4136,01/01/2025,588
5982,3800,01/01/2025,190
5983,2982,01/01/2025,284
5984,4604,01/01/2025,510
5985,3328,01/01/2025,126
5986,113,01/01/2025,253
5987,4400,01/01/2025,142
5988,1883,01/01/2025,194
5989,4390,01/01/2025,449
5990,3429,01/01/2025,180
5991,1867,01/01/2025,422
5992,2479,01/01/2025,338
5993,286,01/01/2025,113
5994,398,01/01/2025,47
5995,166,01/01/2025,223
5996,3217,01/01/2025,267
5997,1124,01/01/2025,297
5998,1607,01/01/2025,364
5999,1851,01/01/2025,236
6000,216,01/01/2025,299
6001,2437,01/01/2025,348
6002,4926,01/01/2025,526
6003,4774,01/01/2025,98
6004,1124,01/01/2025,90
6005,3826,01/01/2025,187
6006,3511,01/01/2025,598
6007,3297,01/01/2025,127
6008,2921,01/01/2025,70
6009,4990,01/01/2025,123
6010,1593,01/01/2025,117
6011,3257,01/01/2025,225
6012,3913,01/01/2025,259
6013,516,01/01/2025,10
6014,2657,01/01/2025,404
6015,4192,01/01/2025,182
6016,3202,01/01/2025,446
6017,2308,01/01/2025,23
6018,4799,01/01/2025,524
6019,2389,01/01/2025,589
6020,763,01/01/2025,540
6021,1357,01/01/2025,510
6022,2784,01/01/2025,335
6023,1178,01/01/2025,529
6024,2545,01/01/2025,195
6025,3076,01/01/2025,502
6026,3415,01/01/2025,234
6027,1307,01/01/2025,356
6028,3469,01/01/2025,497
6029,2738,01/01/2025,301
6030,78,01/01/2025,163
6031,2644,01/01/2025,64
6032,4353,01/01/2025,559
6033,1858,01/01/2025,68
6034,3129,01/01/2025,57
6035,108,01/01/2025,441
6036,4703,01/01/2025,134
6037,2661,01/01/2025,300
6038,813,01/01/2025,530
6039,4803,01/01/2025,445
6040,2419,01/01/2025,107
6041,2376,01/01/2025,446
6042,556,01/01/2025,359
6043,4318,01/01/2025,306
6044,4804,01/01/2025,383
6045,2920,01/01/2025,9
6046,4423,01/01/2025,406
6047,143,01/01/2025,543
6048,1433,01/01/2025,181
6049,2411,01/01/2025,431
6050,4754,01/01/2025,547
6051,2425,01/01/2025,439
6052,2859,01/01/2025,284
6053,4810,01/01/2025,383
6054,1436,01/01/2025,118
6055,3753,01/01/2025,129
6056,4484,01/01/2025,305
6057,2744,01/01/2025,183
6058,967,01/01/2025,131
6059,2500,01/01/2025,310
6060,1790,01/01/2025,559
6061,4653,01/01/2025,279
6062,241,01/01/2025,346
6063,3985,01/01/2025,234
6064,2449,01/01/2025,299
6065,1023,01/01/2025,130
6066,2287,01/01/2025,554
6067,607,01/01/2025,298
6068,876,01/01/2025,454
6069,1702,01/01/2025,328
6070,4304,01/01/2025,283
6071,3446,01/01/2025,445
6072,4385,01/01/2025,235
6073,467,01/01/2025,360
6074,836,01/01/2025,51
6075,1634,01/01/2025,152
6076,53,01/01/2025,329
6077,2131,01/01/2025,567
6078,2218,01/01/2025,365
6079,3818,01/01/2025,233
6080,3877,01/01/2025,119
6081,47,01/01/2025,195
6082,1223,01/01/2025,240
6083,192,01/01/2025,433
6084,2728,01/01/2025,445
6085,4160,01/01/2025,498
6086,1512,01/01/2025,509
6087,4012,01/01/2025,144
6088,4495,01/01/2025,417
6089,3738,01/01/2025,236
6090,1209,01/01/2025,12
6091,4231,01/01/2025,174
6092,3398,01/01/2025,20
6093,396,01/01/2025,221
6094,658,01/01/2025,557
6095,401,01/01/2025,547
6096,7,01/01/2025,411
6097,1521,01/01/2025,246
6098,224,01/01/2025,78
6099,3346,01/01/2025,125
6100,3805,01/01/2025,598
6101,1476,01/01/2025,428
6102,4153,01/01/2025,317
6103,409,01/01/2025,14
6104,591,01/01/2025,212
6105,4987,01/01/2025,228
6106,307,01/01/2025,460
6107,3361,01/01/2025,209
6108,4779,01/01/2025,257
6109,1513,01/01/2025,183
6110,4969,01/01/2025,593
6111,3885,01/01/2025,87
6112,2276,01/01/2025,75
6113,4821,01/01/2025,200
6114,332,01/01/2025,267
6115,1384,01/01/2025,477
6116,1348,01/01/2025,41
6117,3825,01/01/2025,467
6118,2459,01/01/2025,332
6119,2104,01/01/2025,44
6120,818,01/01/2025,41
6121,283,01/01/2025,336
6122,1615,01/01/2025,42
6123,1291,01/01/2025,26
6124,4684,01/01/2025,293
6125,2235,01/01/2025,43
6126,828,01/01/2025,150
6127,2502,01/01/2025,194
6128,3406,01/01/2025,489
6129,2109,01/01/2025,360
6130,323,01/01/2025,409
6131,84,01/01/2025,516
6132,1462,01/01/2025,93
6133,1322,01/01/2025,274
6134,1152,01/01/2025,179
6135,4238,01/01/2025,204
6136,1620,01/01/2025,239
6137,689,01/01/2025,204
6138,2392,01/01/2025,273
6139,3835,01/01/2025,141
6140,3981,01/01/2025,587
6141,2616,01/01/2025,207
6142,860,01/01/2025,378
6143,1567,01/01/2025,329
6144,3750,01/01/2025,320
6145,328,01/01/2025,456
6146,1945,01/01/2025,255
6147,2971,01/01/2025,234
6148,4390,01/01/2025,45
6149,3178,01/01/2025,334
6150,2716,01/01/2025,567
6151,4385,01/01/2025,571
6152,1391,01/01/2025,164
6153,3171,01/01/2025,450
6154,2033,01/01/2025,376
6155,2321,01/01/2025,244
6156,3395,01/01/2025,577
6157,4606,01/01/2025,49
6158,2688,01/01/2025,319
6159,2127,01/01/2025,308
6160,1506,01/01/2025,236
6161,2788,01/01/2025,233
6162,375,01/01/2025,14
6163,66,01/01/2025,284
6164,3527,01/01/2025,284
6165,1815,01/01/2025,483
6166,4733,01/01/2025,27
6167,3589,01/01/2025,131
6168,3613,01/01/2025,459
6169,4200,01/01/2025,490
6170,2651,01/01/2025,521
6171,146,01/01/2025,384
6172,826,01/01/2025,490
6173,4577,01/01/2025,215
6174,1512,01/01/2025,423
6175,3990,01/01/2025,179
6176,393,01/01/2025,438
6177,1205,01/01/2025,30
6178,2550,01/01/2025,187
6179,3637,01/01/2025,121
6180,4708,01/01/2025,78
6181,4777,01/01/2025,243
6182,3298,01/01/2025,100
6183,3517,01/01/2025,552
6184,3047,01/01/2025,210
6185,4237,01/01/2025,569
6186,2238,01/01/2025,258
6187,3517,01/01/2025,557
6188,3644,01/01/2025,134
6189,1809,01/01/2025,367
6190,1666,01/01/2025,351
6191,3649,01/01/2025,545
6192,3652,01/01/2025,476
6193,4316,01/01/2025,599
6194,729,01/01/2025,73
6195,454,01/01/2025,232
6196,89,01/01/2025,380
6197,1863,01/01/2025,142
6198,4055,01/01/2025,554
6199,1190,01/01/2025,326
6200,4523,01/01/2025,209
6201,3287,01/01/2025,3
6202,4818,01/01/2025,148
6203,2912,01/01/2025,307
6204,1362,01/01/2025,494
6205,4443,01/01/2025,466
6206,4470,01/01/2025,459
6207,2838,01/01/2025,360
6208,566,01/01/2025,14
6209,2737,01/01/2025,584
6210,2032,01/01/2025,115
6211,2212,01/01/2025,142
6212,2149,01/01/2025,414
6213,425,01/01/2025,26
6214,4828,01/01/2025,100
6215,4445,01/01/2025,357
6216,192,01/01/2025,498
6217,1244,01/01/2025,367
6218,957,01/01/2025,166
6219,4274,01/01/2025,451
6220,326,01/01/2025,238
6221,1954,01/01/2025,115
6222,425,01/01/2025,401
6223,4562,01/01/2025,275
6224,351,01/01/2025,579
6225,2505,01/01/2025,27
6226,2747,01/01/2025,365
6227,3114,01/01/2025,582
6228,3734,01/01/2025,450
6229,87,01/01/2025,511
6230,253,01/01/2025,351
6231,4147,01/01/2025,204
6232,1663,01/01/2025,435
6233,2207,01/01/2025,436
6234,4248,01/01/2025,490
6235,3789,01/01/2025,448
6236,4668,01/01/2025,425
6237,2921,01/01/2025,434
6238,2089,01/01/2025,288
6239,703,01/01/2025,526
6240,2348,01/01/2025,450
6241,1452,01/01/2025,278
6242,2716,01/01/2025,166
6243,3203,01/01/2025,542
6244,4180,01/01/2025,117
6245,2458,01/01/2025,518
6246,2501,01/01/2025,356
6247,1203,01/01/2025,105
6248,1991,01/01/2025,51
6249,102,01/01/2025,122
6250,710,01/01/2025,172
6251,517,01/01/2025,34
6252,498,01/01/2025,149
6253,3875,01/01/2025,259
6254,169,01/01/2025,372
6255,2532,01/01/2025,587
6256,1966,01/01/2025,261
6257,4906,01/01/2025,22
6258,4881,01/01/2025,99
6259,339,01/01/2025,388
6260,132,01/01/2025,287
6261,4866,01/01/2025,189
6262,803,01/01/2025,480
6263,3899,01/01/2025,432
6264,3876,01/01/2025,375
6265,1066,01/01/2025,66
6266,2405,01/01/2025,450
6267,822,01/01/2025,214
6268,3608,01/01/2025,433
6269,4317,01/01/2025,186
6270,2141,01/01/2025,462
6271,525,01/01/2025,157
6272,4009,01/01/2025,46
6273,4657,01/01/2025,462
6274,1559,01/01/2025,275
6275,2339,01/01/2025,404
6276,1267,01/01/2025,290
6277,668,01/01/2025,371
6278,2078,01/01/2025,177
6279,2277,01/01/2025,310
6280,849,01/01/2025,217
6281,1811,01/01/2025,469
6282,726,01/01/2025,274
6283,737,01/01/2025,173
6284,4333,01/01/2025,517
6285,3341,01/01/2025,380
6286,4230,01/01/2025,553
6287,1178,01/01/2025,442
6288,3319,01/01/2025,344
6289,4898,01/01/2025,494
6290,2269,01/01/2025,450
6291,2638,01/01/2025,358
6292,4961,01/01/2025,381
6293,1338,01/01/2025,276
6294,1598,01/01/2025,507
6295,4612,01/01/2025,272
6296,81,01/01/2025,165
6297,1641,01/01/2025,382
6298,1051,01/01/2025,176
6299,908,01/01/2025,335
6300,3523,01/01/2025,384
6301,1105,01/01/2025,107
6302,2374,01/01/2025,588
6303,3612,01/01/2025,124
6304,4263,01/01/2025,586
6305,1491,01/01/2025,271
6306,705,01/01/2025,184
6307,4580,01/01/2025,254
6308,3037,01/01/2025,66
6309,4619,01/01/2025,443
6310,3931,01/01/2025,469
6311,1562,01/01/2025,90
6312,1536,01/01/2025,551
6313,2359,01/01/2025,68
6314,4345,01/01/2025,256
6315,2443,01/01/2025,21
6316,1942,01/01/2025,403
6317,1857,01/01/2025,68
6318,4135,01/01/2025,311
6319,3919,01/01/2025,282
6320,889,01/01/2025,88
6321,2344,01/01/2025,594
6322,1218,01/01/2025,398
6323,1603,01/01/2025,49
6324,4551,01/01/2025,18
6325,1160,01/01/2025,227
6326,2563,01/01/2025,518
6327,3366,01/01/2025,256
6328,644,01/01/2025,347
6329,1563,01/01/2025,548
6330,2734,01/01/2025,330
6331,4774,01/01/2025,193
6332,3715,01/01/2025,164
6333,1728,01/01/2025,476
6334,284,01/01/2025,542
6335,2264,01/01/2025,529
6336,1321,01/01/2025,559
6337,3445,01/01/2025,199
6338,4207,01/01/2025,304
6339,4140,01/01/2025,233
6340,2464,01/01/2025,98
6341,422,01/01/2025,403
6342,3629,01/01/2025,106
6343,3445,01/01/2025,243
6344,4261,01/01/2025,425
6345,3831,01/01/2025,304
6346,1317,01/01/2025,499
6347,4465,01/01/2025,88
6348,4536,01/01/2025,335
6349,3190,01/01/2025,74
6350,120,01/01/2025,124
6351,2509,01/01/2025,479
6352,1152,01/01/2025,46
6353,4259,01/01/2025,143
6354,480,01/01/2025,455
6355,510,01/01/2025,529
6356,1666,01/01/2025,301
6357,560,01/01/2025,439
6358,3598,01/01/2025,479
6359,323,01/01/2025,126
6360,2513,01/01/2025,328
6361,4000,01/01/2025,136
6362,2619,01/01/2025,350
6363,2938,01/01/2025,98
6364,1124,01/01/2025,463
6365,2456,01/01/2025,40
6366,3389,01/01/2025,447
6367,1473,01/01/2025,314
6368,408,01/01/2025,244
6369,4873,01/01/2025,325
6370,964,01/01/2025,128
6371,4091,01/01/2025,480
6372,2086,01/01/2025,402
6373,4638,01/01/2025,98
6374,3781,01/01/2025,240
6375,2129,01/01/2025,48
6376,3234,01/01/2025,92
6377,3824,01/01/2025,447
6378,3199,01/01/2025,416
6379,4571,01/01/2025,410
6380,1011,01/01/2025,594
6381,4489,01/01/2025,553
6382,1408,01/01/2025,146
6383,3474,01/01/2025,598
6384,3182,01/01/2025,546
6385,60,01/01/2025,119
6386,1759,01/01/2025,231
6387,707,01/01/2025,495
6388,4266,01/01/2025,180
6389,1428,01/01/2025,5
6390,2347,01/01/2025,9
6391,2554,01/01/2025,426
6392,3804,01/01/2025,524
6393,4873,01/01/2025,316
6394,2228,01/01/2025,375
6395,835,01/01/2025,216
6396,1609,01/01/2025,342
6397,1491,01/01/2025,33
6398,3069,01/01/2025,26
6399,356,01/01/2025,33
6400,1187,01/01/2025,471
6401,974,01/01/2025,266
6402,1018,01/01/2025,519
6403,2581,01/01/2025,459
6404,4429,01/01/2025,325
6405,2960,01/01/2025,79
6406,1883,01/01/2025,485
6407,2717,01/01/2025,577
6408,3900,01/01/2025,165
6409,2883,01/01/2025,274
6410,536,01/01/2025,39
6411,1836,01/01/2025,428
6412,434,01/01/2025,22
6413,2526,01/01/2025,447
6414,3680,01/01/2025,419
6415,594,01/01/2025,7
6416,3036,01/01/2025,457
6417,3187,01/01/2025,29
6418,4037,01/01/2025,181
6419,3895,01/01/2025,266
6420,1894,01/01/2025,226
6421,1481,01/01/2025,208
6422,2541,01/01/2025,76
6423,4891,01/01/2025,444
6424,1205,01/01/2025,476
6425,1557,01/01/2025,68
6426,4000,01/01/2025,218
6427,4610,01/01/2025,299
6428,4894,01/01/2025,284
6429,2005,01/01/2025,356
6430,304,01/01/2025,288
6431,3317,01/01/2025,375
6432,4041,01/01/2025,335
6433,4919,01/01/2025,218
6434,4928,01/01/2025,472
6435,1334,01/01/2025,390
6436,1483,01/01/2025,579
6437,1622,01/01/2025,99
6438,2867,01/01/2025,36
6439,121,01/01/2025,54
6440,1760,01/01/2025,433
6441,1920,01/01/2025,592
6442,2994,01/01/2025,307
6443,4642,01/01/2025,35
6444,1520,01/01/2025,292
6445,2816,01/01/2025,303
6446,758,01/01/2025,483
6447,1520,01/01/2025,180
6448,2114,01/01/2025,571
6449,2029,01/01/2025,203
6450,4338,01/01/2025,292
6451,4237,01/01/2025,154
6452,3732,01/01/2025,375
6453,1816,01/01/2025,1
6454,3911,01/01/2025,307
6455,3147,01/01/2025,287
6456,753,01/01/2025,148
6457,631,01/01/2025,121
6458,4145,01/01/2025,108
6459,2742,01/01/2025,288
6460,2513,01/01/2025,516
6461,1761,01/01/2025,138
6462,2151,01/01/2025,574
6463,3261,01/01/2025,311
6464,4200,01/01/2025,328
6465,1472,01/01/2025,299
6466,4725,01/01/2025,559
6467,2911,01/01/2025,48
6468,161,01/01/2025,317
6469,2713,01/01/2025,65
6470,1030,01/01/2025,234
6471,2509,01/01/2025,118
6472,2397,01/01/2025,41
6473,2673,01/01/2025,207
6474,3013,01/01/2025,530
6475,300,01/01/2025,361
6476,3685,01/01/2025,53
6477,4705,01/01/2025,440
6478,4073,01/01/2025,156
6479,2010,01/01/2025,269
6480,2466,01/01/2025,437
6481,1448,01/01/2025,535
6482,345,01/01/2025,148
6483,3340,01/01/2025,31
6484,2558,01/01/2025,388
6485,466,01/01/2025,496
6486,453,01/01/2025,467
6487,1334,01/01/2025,2
6488,748,01/01/2025,521
6489,2746,01/01/2025,485
6490,1735,01/01/2025,599
6491,3531,01/01/2025,259
6492,105,01/01/2025,337
6493,194,01/01/2025,451
6494,2340,01/01/2025,162
6495,2048,01/01/2025,85
6496,4031,01/01/2025,210
6497,952,01/01/2025,206
6498,490,01/01/2025,330
6499,4444,01/01/2025,382
6500,919,01/01/2025,299
6501,1965,01/01/2025,509
6502,1907,01/01/2025,155
6503,115,01/01/2025,259
6504,4019,01/01/2025,55
6505,536,01/01/2025,427
6506,3346,01/01/2025,480
6507,4010,01/01/2025,356
6508,1026,01/01/2025,338
6509,4711,01/01/2025,418
6510,1788,01/01/2025,124
6511,951,01/01/2025,284
6512,1720,01/01/2025,297
6513,4358,01/01/2025,537
6514,4079,01/01/2025,245
6515,3015,01/01/2025,354
6516,3182,01/01/2025,495
6517,4332,01/01/2025,250
6518,2154,01/01/2025,558
6519,1019,01/01/2025,98
6520,1388,01/01/2025,456
6521,4234,01/01/2025,382
6522,912,01/01/2025,409
6523,4540,01/01/2025,579
6524,741,01/01/2025,19
6525,1145,01/01/2025,416
6526,1891,01/01/2025,373
6527,1539,01/01/2025,9
6528,1911,01/01/2025,58
6529,519,01/01/2025,585
6530,2448,01/01/2025,255
6531,236,01/01/2025,79
6532,1658,01/01/2025,98
6533,901,01/01/2025,310
6534,1978,01/01/2025,459
6535,2687,01/01/2025,355
6536,2360,01/01/2025,443
6537,3806,01/01/2025,136
6538,1042,01/01/2025,389
6539,2094,01/01/2025,405
6540,2199,01/01/2025,533
6541,609,01/01/2025,357
6542,4664,01/01/2025,576
6543,4333,01/01/2025,588
6544,4844,01/01/2025,149
6545,2993,01/01/2025,495
6546,4557,01/01/2025,432
6547,1584,01/01/2025,89
6548,2527,01/01/2025,239
6549,2184,01/01/2025,18
6550,3158,01/01/2025,321
6551,3399,01/01/2025,242
6552,2779,01/01/2025,14
6553,4767,01/01/2025,4
6554,2644,01/01/2025,420
6555,2217,01/01/2025,183
6556,876,01/01/2025,539
6557,4949,01/01/2025,147
6558,208,01/01/2025,343
6559,3550,01/01/2025,191
6560,280,01/01/2025,285
6561,2802,01/01/2025,559
6562,1821,01/01/2025,556
6563,1216,01/01/2025,569
6564,2014,01/01/2025,387
6565,1553,01/01/2025,505
6566,3730,01/01/2025,322
6567,277,01/01/2025,593
6568,3143,01/01/2025,152
6569,1070,01/01/2025,545
6570,2430,01/01/2025,53
6571,91,01/01/2025,409
6572,3397,01/01/2025,144
6573,2980,01/01/2025,276
6574,3710,01/01/2025,501
6575,1406,01/01/2025,257
6576,361,01/01/2025,144
6577,1869,01/01/2025,134
6578,3270,01/01/2025,165
6579,1060,01/01/2025,374
6580,3363,01/01/2025,49
6581,2746,01/01/2025,188
6582,572,01/01/2025,277
6583,2452,01/01/2025,19
6584,3512,01/01/2025,543
6585,619,01/01/2025,215
6586,1835,01/01/2025,513
6587,4027,01/01/2025,337
6588,1815,01/01/2025,32
6589,181,01/01/2025,145
6590,2457,01/01/2025,83
6591,3633,01/01/2025,181
6592,3294,01/01/2025,314
6593,3766,01/01/2025,531
6594,922,01/01/2025,146
6595,4326,01/01/2025,294
6596,2249,01/01/2025,504
6597,4305,01/01/2025,388
6598,1671,01/01/2025,300
6599,1668,01/01/2025,264
6600,4947,01/01/2025,426
6601,2080,01/01/2025,70
6602,1731,01/01/2025,467
6603,456,01/01/2025,230
6604,304,01/01/2025,99
6605,756,01/01/2025,594
6606,2295,01/01/2025,6
6607,229,01/01/2025,132
6608,3071,01/01/2025,426
6609,4205,01/01/2025,294
6610,2546,01/01/2025,51
6611,1209,01/01/2025,288
6612,2077,01/01/2025,389
6613,3666,01/01/2025,331
6614,1412,01/01/2025,232
6615,2615,01/01/2025,101
6616,1185,01/01/2025,134
6617,4447,01/01/2025,508
6618,3262,01/01/2025,520
6619,3904,01/01/2025,469
6620,4153,01/01/2025,14
6621,4127,01/01/2025,476
6622,3180,01/01/2025,341
6623,295,01/01/2025,131
6624,2689,01/01/2025,200
6625,3850,01/01/2025,82
6626,4296,01/01/2025,438
6627,2072,01/01/2025,510
6628,223,01/01/2025,475
6629,2719,01/01/2025,371
6630,3023,01/01/2025,215
6631,2145,01/01/2025,549
6632,4368,01/01/2025,37
6633,2775,01/01/2025,68
6634,3905,01/01/2025,25
6635,3157,01/01/2025,148
6636,4681,01/01/2025,525
6637,164,01/01/2025,334
6638,1313,01/01/2025,204
6639,369,01/01/2025,120
6640,253,01/01/2025,514
6641,3552,01/01/2025,474
6642,3618,01/01/2025,19
6643,3976,01/01/2025,6
6644,162,01/01/2025,255
6645,721,01/01/2025,113
6646,876,01/01/2025,43
6647,4506,01/01/2025,379
6648,3888,01/01/2025,441
6649,4387,01/01/2025,535
6650,1892,01/01/2025,380
6651,2985,01/01/2025,383
6652,3112,01/01/2025,292
6653,2731,01/01/2025,134
6654,3347,01/01/2025,201
6655,751,01/01/2025,560
6656,4583,01/01/2025,512
6657,4802,01/01/2025,269
6658,884,01/01/2025,451
6659,1772,01/01/2025,442
6660,217,01/01/2025,575
6661,3130,01/01/2025,392
6662,4241,01/01/2025,218
6663,4326,01/01/2025,295
6664,2695,01/01/2025,272
6665,3669,01/01/2025,121
6666,1425,01/01/2025,531
6667,4848,01/01/2025,31
6668,3740,01/01/2025,100
6669,167,01/01/2025,317
6670,2927,01/01/2025,445
6671,1851,01/01/2025,551
6672,2297,01/01/2025,517
6673,708,01/01/2025,576
6674,4550,01/01/2025,569
6675,2914,01/01/2025,455
6676,1145,01/01/2025,595
6677,690,01/01/2025,573
6678,4530,01/01/2025,470
6679,493,01/01/2025,50
6680,1757,01/01/2025,533
6681,2087,01/01/2025,274
6682,2594,01/01/2025,284
6683,2969,01/01/2025,418
6684,4046,01/01/2025,303
6685,2462,01/01/2025,351
6686,3711,01/01/2025,466
6687,552,01/01/2025,32
6688,197,01/01/2025,583
6689,2963,01/01/2025,193
6690,2146,01/01/2025,123
6691,3669,01/01/2025,549
6692,3697,01/01/2025,166
6693,3430,01/01/2025,252
6694,4222,01/01/2025,366
6695,2866,01/01/2025,60
6696,396,01/01/2025,238
6697,4564,01/01/2025,540
6698,3505,01/01/2025,182
6699,2714,01/01/2025,563
6700,3642,01/01/2025,493
6701,2458,01/01/2025,71
6702,4480,01/01/2025,264
6703,1753,01/01/2025,210
6704,2916,01/01/2025,435
6705,150,01/01/2025,299
6706,4561,01/01/2025,569
6707,3170,01/01/2025,490
6708,2987,01/01/2025,105
6709,3083,01/01/2025,392
6710,4894,01/01/2025,360
6711,3383,01/01/2025,61
6712,2153,01/01/2025,10
6713,3953,01/01/2025,186
6714,3417,01/01/2025,195
6715,2680,01/01/2025,340
6716,2244,01/01/2025,430
6717,3645,01/01/2025,283
6718,1358,01/01/2025,361
6719,2796,01/01/2025,579
6720,3372,01/01/2025,595
6721,62,01/01/2025,8
6722,781,01/01/2025,516
6723,2208,01/01/2025,55
6724,3657,01/01/2025,217
6725,4160,01/01/2025,212
6726,4145,01/01/2025,584
6727,4693,01/01/2025,482
6728,3427,01/01/2025,586
6729,4635,01/01/2025,383
6730,735,01/01/2025,208
6731,4560,01/01/2025,225
6732,1766,01/01/2025,170
6733,1866,01/01/2025,140
6734,4,01/01/2025,173
6735,4119,01/01/2025,250
6736,4474,01/01/2025,535
6737,1675,01/01/2025,125
6738,753,01/01/2025,228
6739,969,01/01/2025,60
6740,396,01/01/2025,449
6741,593,01/01/2025,270
6742,409,01/01/2025,258
6743,61,01/01/2025,201
6744,2751,01/01/2025,135
6745,2196,01/01/2025,300
6746,4211,01/01/2025,182
6747,3302,01/01/2025,33
6748,2928,01/01/2025,294
6749,1969,01/01/2025,558
6750,4187,01/01/2025,186
6751,4250,01/01/2025,323
6752,1168,01/01/2025,149
6753,2179,01/01/2025,298
6754,4524,01/01/2025,68
6755,9,01/01/2025,404
6756,1715,01/01/2025,276
6757,4372,01/01/2025,391
6758,3169,01/01/2025,439
6759,2401,01/01/2025,419
6760,3297,01/01/2025,132
6761,3328,01/01/2025,118
6762,2664,01/01/2025,218
6763,2341,01/01/2025,359
6764,2935,01/01/2025,108
6765,3141,01/01/2025,81
6766,1208,01/01/2025,90
6767,3771,01/01/2025,31
6768,3165,01/01/2025,46
6769,2029,01/01/2025,251
6770,1095,01/01/2025,91
6771,3214,01/01/2025,76
6772,522,01/01/2025,373
6773,4932,01/01/2025,529
6774,2518,01/01/2025,157
6775,3825,01/01/2025,462
6776,4555,01/01/2025,538
6777,370,01/01/2025,220
6778,4432,01/01/2025,366
6779,3873,01/01/2025,341
6780,954,01/01/2025,487
6781,2376,01/01/2025,503
6782,4944,01/01/2025,265
6783,2445,01/01/2025,512
6784,869,01/01/2025,233
6785,4632,01/01/2025,467
6786,4854,01/01/2025,363
6787,1503,01/01/2025,390
6788,1646,01/01/2025,377
6789,4591,01/01/2025,419
6790,3225,01/01/2025,409
6791,2484,01/01/2025,256
6792,2953,01/01/2025,423
6793,3241,01/01/2025,394
6794,3355,01/01/2025,460
6795,3797,01/01/2025,294
6796,4965,01/01/2025,422
6797,1685,01/01/2025,13
6798,3563,01/01/2025,452
6799,4456,01/01/2025,443
6800,3861,01/01/2025,355
6801,2693,01/01/2025,368
6802,2570,01/01/2025,476
6803,3354,01/01/2025,210
6804,4747,01/01/2025,123
6805,1269,01/01/2025,109
6806,533,01/01/2025,141
6807,792,01/01/2025,464
6808,2283,01/01/2025,183
6809,1218,01/01/2025,408
6810,694,01/01/2025,537
6811,1470,01/01/2025,101
6812,4599,01/01/2025,578
6813,4678,01/01/2025,62
6814,3049,01/01/2025,591
6815,134,01/01/2025,330
6816,455,01/01/2025,79
6817,3398,01/01/2025,48
6818,238,01/01/2025,130
6819,1256,01/01/2025,58
6820,4520,01/01/2025,320
6821,1658,01/01/2025,490
6822,435,01/01/2025,568
6823,2779,01/01/2025,62
6824,1268,01/01/2025,293
6825,4088,01/01/2025,496
6826,3401,01/01/2025,230
6827,3045,01/01/2025,341
6828,4580,01/01/2025,69
6829,3088,01/01/2025,555
6830,560,01/01/2025,359
6831,2508,01/01/2025,51
6832,4228,01/01/2025,418
6833,3461,01/01/2025,512
6834,4566,01/01/2025,135
6835,863,01/01/2025,512
6836,156,01/01/2025,40
6837,3226,01/01/2025,338
6838,1976,01/01/2025,204
6839,1913,01/01/2025,333
6840,3549,01/01/2025,335
6841,514,01/01/2025,450
6842,2706,01/01/2025,31
6843,2810,01/01/2025,92
6844,3429,01/01/2025,88
6845,2237,01/01/2025,311
6846,452,01/01/2025,126
6847,332,01/01/2025,525
6848,784,01/01/2025,284
6849,4330,01/01/2025,469
6850,2074,01/01/2025,432
6851,1362,01/01/2025,193
6852,326,01/01/2025,486
6853,3999,01/01/2025,424
6854,3930,01/01/2025,465
6855,4147,01/01/2025,286
6856,732,01/01/2025,81
6857,2942,01/01/2025,344
6858,150,01/01/2025,53
6859,4206,01/01/2025,262
6860,3305,01/01/2025,124
6861,3095,01/01/2025,294
6862,2049,01/01/2025,254
6863,4300,01/01/2025,27
6864,3475,01/01/2025,480
6865,2866,01/01/2025,203
6866,3519,01/01/2025,43
6867,2132,01/01/2025,359
6868,3626,01/01/2025,35
6869,1822,01/01/2025,548
6870,2134,01/01/2025,183
6871,4008,01/01/2025,292
6872,3147,01/01/2025,299
6873,2615,01/01/2025,207
6874,2088,01/01/2025,118
6875,3740,01/01/2025,385
6876,4093,01/01/2025,232
6877,4373,01/01/2025,274
6878,4848,01/01/2025,373
6879,1181,01/01/2025,404
6880,2279,01/01/2025,215
6881,4210,01/01/2025,122
6882,4121,01/01/2025,204
6883,578,01/01/2025,38
6884,4179,01/01/2025,250
6885,2349,01/01/2025,520
6886,4886,01/01/2025,69
6887,4236,01/01/2025,372
6888,3847,01/01/2025,23
6889,4181,01/01/2025,241
6890,1939,01/01/2025,54
6891,1288,01/01/2025,509
6892,1107,01/01/2025,75
6893,3171,01/01/2025,584
6894,243,01/01/2025,566
6895,2036,01/01/2025,537
6896,2967,01/01/2025,547
6897,3839,01/01/2025,394
6898,817,01/01/2025,336
6899,3611,01/01/2025,159
6900,1062,01/01/2025,73
6901,1761,01/01/2025,333
6902,1248,01/01/2025,592
6903,597,01/01/2025,195
6904,3420,01/01/2025,596
6905,4023,01/01/2025,115
6906,2644,01/01/2025,505
6907,3623,01/01/2025,366
6908,578,01/01/2025,61
6909,1776,01/01/2025,580
6910,352,01/01/2025,406
6911,1369,01/01/2025,313
6912,206,01/01/2025,30
6913,1101,01/01/2025,476
6914,2411,01/01/2025,55
6915,2088,01/01/2025,275
6916,316,01/01/2025,496
6917,4614,01/01/2025,507
6918,4695,01/01/2025,568
6919,2761,01/01/2025,215
6920,442,01/01/2025,55
6921,93,01/01/2025,377
6922,2195,01/01/2025,197
6923,4554,01/01/2025,550
6924,3767,01/01/2025,365
6925,3005,01/01/2025,494
6926,1851,01/01/2025,165
6927,920,01/01/2025,566
6928,3987,01/01/2025,379
6929,4450,01/01/2025,473
6930,4091,01/01/2025,107
6931,601,01/01/2025,462
6932,4587,01/01/2025,488
6933,4939,01/01/2025,330
6934,901,01/01/2025,51
6935,1648,01/01/2025,380
6936,3073,01/01/2025,161
6937,849,01/01/2025,348
6938,2595,01/01/2025,529
6939,2819,01/01/2025,273
6940,4266,01/01/2025,554
6941,4585,01/01/2025,193
6942,2900,01/01/2025,237
6943,707,01/01/2025,551
6944,466,01/01/2025,164
6945,3763,01/01/2025,114
6946,3832,01/01/2025,58
6947,51,01/01/2025,557
6948,1354,01/01/2025,360
6949,3651,01/01/2025,407
6950,2023,01/01/2025,404
6951,4018,01/01/2025,149
6952,815,01/01/2025,391
6953,2327,01/01/2025,169
6954,4519,01/01/2025,523
6955,1207,01/01/2025,199
6956,3254,01/01/2025,0
6957,4112,01/01/2025,53
6958,2072,01/01/2025,250
6959,3649,01/01/2025,90
6960,1235,01/01/2025,248
6961,2203,01/01/2025,532
6962,4502,01/01/2025,485
6963,3992,01/01/2025,344
6964,3830,01/01/2025,404
6965,932,01/01/2025,365
6966,4712,01/01/2025,570
6967,1803,01/01/2025,598
6968,918,01/01/2025,351
6969,686,01/01/2025,460
6970,1527,01/01/2025,317
6971,3578,01/01/2025,419
6972,115,01/01/2025,309
6973,1646,01/01/2025,417
6974,1095,01/01/2025,365
6975,1151,01/01/2025,447
6976,4587,01/01/2025,210
6977,510,01/01/2025,348
6978,4124,01/01/2025,114
6979,2568,01/01/2025,246
6980,3764,01/01/2025,369
6981,1399,01/01/2025,30
6982,724,01/01/2025,580
6983,1086,01/01/2025,434
6984,282,01/01/2025,271
6985,4789,01/01/2025,371
6986,4878,01/01/2025,285
6987,3285,01/01/2025,445
6988,1432,01/01/2025,500
6989,2072,01/01/2025,497
6990,4383,01/01/2025,395
6991,4276,01/01/2025,269
6992,4281,01/01/2025,486
6993,4258,01/01/2025,353
6994,1185,01/01/2025,455
6995,3597,01/01/2025,475
6996,4465,01/01/2025,249
6997,2018,01/01/2025,432
6998,2369,01/01/2025,148
6999,2814,01/01/2025,153
7000,2180,01/01/2025,299
7001,949,01/01/2025,499
7002,1683,01/01/2025,32
7003,4580,01/01/2025,382
7004,2342,01/01/2025,423
7005,1620,01/01/2025,360
7006,4165,01/01/2025,551
7007,1319,01/01/2025,375
7008,3067,01/01/2025,506
7009,593,01/01/2025,155
7010,2109,01/01/2025,10
7011,213,01/01/2025,15
7012,3968,01/01/2025,450
7013,4656,01/01/2025,333
7014,1670,01/01/2025,323
7015,929,01/01/2025,48
7016,640,01/01/2025,56
7017,4144,01/01/2025,120
7018,3990,01/01/2025,93
7019,4272,01/01/2025,46
7020,4673,01/01/2025,9
7021,3273,01/01/2025,17
7022,678,01/01/2025,73
7023,603,01/01/2025,338
7024,3256,01/01/2025,200
7025,4599,01/01/2025,208
7026,3616,01/01/2025,373
7027,3960,01/01/2025,285
7028,2798,01/01/2025,183
7029,888,01/01/2025,320
7030,618,01/01/2025,63
7031,2350,01/01/2025,264
7032,1726,01/01/2025,177
7033,2412,01/01/2025,63
7034,3642,01/01/2025,566
7035,901,01/01/2025,334
7036,1427,01/01/2025,74
7037,2021,01/01/2025,151
7038,2138,01/01/2025,480
7039,1157,01/01/2025,337
7040,4540,01/01/2025,38
7041,2679,01/01/2025,537
7042,4245,01/01/2025,277
7043,4826,01/01/2025,73
7044,4745,01/01/2025,279
7045,4142,01/01/2025,528
7046,2508,01/01/2025,331
7047,4327,01/01/2025,288
7048,4064,01/01/2025,466
7049,1954,01/01/2025,284
7050,922,01/01/2025,576
7051,476,01/01/2025,261
7052,1780,01/01/2025,414
7053,4278,01/01/2025,18
7054,1428,01/01/2025,65
7055,1270,01/01/2025,306
7056,3916,01/01/2025,307
7057,4897,01/01/2025,329
7058,956,01/01/2025,163
7059,1953,01/01/2025,80
7060,3915,01/01/2025,192
7061,970,01/01/2025,347
7062,4039,01/01/2025,494
7063,1461,01/01/2025,442
7064,1085,01/01/2025,424
7065,4821,01/01/2025,174
7066,3816,01/01/2025,110
7067,343,01/01/2025,445
7068,1832,01/01/2025,334
7069,2734,01/01/2025,233
7070,3904,01/01/2025,306
7071,2485,01/01/2025,107
7072,336,01/01/2025,268
7073,2335,01/01/2025,306
7074,3775,01/01/2025,324
7075,230,01/01/2025,262
7076,4502,01/01/2025,192
7077,189,01/01/2025,340
7078,4288,01/01/2025,15
7079,4383,01/01/2025,237
7080,1032,01/01/2025,477
7081,1781,01/01/2025,277
7082,3095,01/01/2025,118
7083,2286,01/01/2025,231
7084,2409,01/01/2025,486
7085,2538,01/01/2025,91
7086,1128,01/01/2025,574
7087,2714,01/01/2025,540
7088,3594,01/01/2025,587
7089,4462,01/01/2025,213
7090,2399,01/01/2025,445
7091,313,01/01/2025,51
7092,1326,01/01/2025,335
7093,3748,01/01/2025,170
7094,1166,01/01/2025,512
7095,2828,01/01/2025,561
7096,55,01/01/2025,554
7097,686,01/01/2025,249
7098,698,01/01/2025,335
7099,329,01/01/2025,65
7100,4370,01/01/2025,123
7101,2697,01/01/2025,256
7102,4953,01/01/2025,365
7103,3467,01/01/2025,355
7104,4217,01/01/2025,506
7105,3407,01/01/2025,511
7106,3082,01/01/2025,497
7107,1130,01/01/2025,429
7108,2462,01/01/2025,437
7109,1736,01/01/2025,236
7110,241,01/01/2025,54
7111,2024,01/01/2025,490
7112,972,01/01/2025,194
7113,2567,01/01/2025,547
7114,2428,01/01/2025,83
7115,4855,01/01/2025,38
7116,2905,01/01/2025,218
7117,2082,01/01/2025,372
7118,4629,01/01/2025,445
7119,53,01/01/2025,452
7120,3788,01/01/2025,418
7121,337,01/01/2025,201
7122,1174,01/01/2025,332
7123,301,01/01/2025,165
7124,3724,01/01/2025,157
7125,4607,01/01/2025,540
7126,2410,01/01/2025,302
7127,1673,01/01/2025,143
7128,2451,01/01/2025,242
7129,4536,01/01/2025,485
7130,3096,01/01/2025,104
7131,1409,01/01/2025,421
7132,2311,01/01/2025,479
7133,785,01/01/2025,233
7134,3027,01/01/2025,189
7135,3449,01/01/2025,131
7136,1504,01/01/2025,461
7137,3872,01/01/2025,27
7138,2175,01/01/2025,422
7139,3945,01/01/2025,580
7140,1669,01/01/2025,9
7141,3181,01/01/2025,390
7142,3775,01/01/2025,468
7143,1353,01/01/2025,427
7144,4806,01/01/2025,328
7145,872,01/01/2025,290
7146,2726,01/01/2025,183
7147,4001,01/01/2025,123
7148,1508,01/01/2025,494
7149,8,01/01/2025,398
7150,3878,01/01/2025,116
7151,1602,01/01/2025,523
7152,3062,01/01/2025,426
7153,1987,01/01/2025,316
7154,4842,01/01/2025,213
7155,1428,01/01/2025,478
7156,3312,01/01/2025,233
7157,895,01/01/2025,301
7158,4297,01/01/2025,382
7159,410,01/01/2025,136
7160,578,01/01/2025,61
7161,846,01/01/2025,16
7162,2771,01/01/2025,441
7163,1294,01/01/2025,10
7164,4640,01/01/2025,534
7165,3919,01/01/2025,3
7166,754,01/01/2025,117
7167,1282,01/01/2025,354
7168,868,01/01/2025,499
7169,1566,01/01/2025,575
7170,1212,01/01/2025,328
7171,2088,01/01/2025,283
7172,3352,01/01/2025,593
7173,4002,01/01/2025,181
7174,3793,01/01/2025,150
7175,3398,01/01/2025,45
7176,1264,01/01/2025,550
7177,3574,01/01/2025,261
7178,802,01/01/2025,431
7179,3543,01/01/2025,445
7180,4292,01/01/2025,529
7181,2583,01/01/2025,136
7182,3250,01/01/2025,514
7183,2409,01/01/2025,355
7184,1239,01/01/2025,153
7185,1825,01/01/2025,239
7186,1139,01/01/2025,373
7187,470,01/01/2025,313
7188,1190,01/01/2025,285
7189,3005,01/01/2025,234
7190,1264,01/01/2025,3
7191,2921,01/01/2025,32
7192,1615,01/01/2025,540
7193,391,01/01/2025,174
7194,307,01/01/2025,238
7195,2408,01/01/2025,274
7196,509,01/01/2025,131
7197,1925,01/01/2025,378
7198,2258,01/01/2025,454
7199,4474,01/01/2025,323
7200,1559,01/01/2025,361
7201,2552,01/01/2025,115
7202,4025,01/01/2025,370
7203,861,01/01/2025,534
7204,3458,01/01/2025,455
7205,784,01/01/2025,244
7206,730,01/01/2025,234
7207,4248,01/01/2025,193
7208,1453,01/01/2025,467
7209,1003,01/01/2025,128
7210,2813,01/01/2025,107
7211,4615,01/01/2025,268
7212,3081,01/01/2025,311
7213,3886,01/01/2025,206
7214,4919,01/01/2025,24
7215,40,01/01/2025,589
7216,2647,01/01/2025,406
7217,4654,01/01/2025,113
7218,1631,01/01/2025,386
7219,275,01/01/2025,336
7220,3745,01/01/2025,290
7221,603,01/01/2025,585
7222,2214,01/01/2025,111
7223,2336,01/01/2025,291
7224,2554,01/01/2025,25
7225,1231,01/01/2025,414
7226,2395,01/01/2025,452
7227,4054,01/01/2025,243
7228,2803,01/01/2025,548
7229,4436,01/01/2025,46
7230,365,01/01/2025,521
7231,4489,01/01/2025,103
7232,3127,01/01/2025,153
7233,1458,01/01/2025,263
7234,2712,01/01/2025,373
7235,510,01/01/2025,395
7236,3612,01/01/2025,497
7237,4289,01/01/2025,35
7238,3027,01/01/2025,286
7239,3285,01/01/2025,579
7240,3104,01/01/2025,543
7241,3849,01/01/2025,420
7242,4203,01/01/2025,451
7243,1772,01/01/2025,405
7244,470,01/01/2025,566
7245,1576,01/01/2025,232
7246,2966,01/01/2025,162
7247,4543,01/01/2025,529
7248,1075,01/01/2025,251
7249,3181,01/01/2025,413
7250,3906,01/01/2025,48
7251,4205,01/01/2025,478
7252,2558,01/01/2025,577
7253,4831,01/01/2025,210
7254,229,01/01/2025,385
7255,2812,01/01/2025,262
7256,2756,01/01/2025,214
7257,360,01/01/2025,125
7258,713,01/01/2025,353
7259,1658,01/01/2025,253
7260,3762,01/01/2025,448
7261,1483,01/01/2025,264
7262,4250,01/01/2025,163
7263,440,01/01/2025,220
7264,4584,01/01/2025,102
7265,1453,01/01/2025,515
7266,3054,01/01/2025,338
7267,1617,01/01/2025,540
7268,711,01/01/2025,405
7269,479,01/01/2025,237
7270,4379,01/01/2025,306
7271,226,01/01/2025,169
7272,720,01/01/2025,220
7273,2503,01/01/2025,384
7274,647,01/01/2025,29
7275,481,01/01/2025,105
7276,3887,01/01/2025,123
7277,632,01/01/2025,350
7278,210,01/01/2025,547
7279,2857,01/01/2025,61
7280,100,01/01/2025,491
7281,94,01/01/2025,55
7282,4420,01/01/2025,322
7283,2855,01/01/2025,242
7284,3226,01/01/2025,39
7285,3438,01/01/2025,582
7286,281,01/01/2025,507
7287,4838,01/01/2025,574
7288,4297,01/01/2025,134
7289,2134,01/01/2025,135
7290,3090,01/01/2025,194
7291,4123,01/01/2025,25
7292,3797,01/01/2025,448
7293,4473,01/01/2025,375
7294,1497,01/01/2025,153
7295,4755,01/01/2025,139
7296,3718,01/01/2025,452
7297,1769,01/01/2025,262
7298,1929,01/01/2025,13
7299,3015,01/01/2025,513
7300,870,01/01/2025,168
7301,2004,01/01/2025,558
7302,3723,01/01/2025,27
7303,4878,01/01/2025,382
7304,2864,01/01/2025,235
7305,2588,01/01/2025,576
7306,3133,01/01/2025,553
7307,4055,01/01/2025,150
7308,367,01/01/2025,12
7309,546,01/01/2025,358
7310,3350,01/01/2025,486
7311,4355,01/01/2025,90
7312,2759,01/01/2025,400
7313,155,01/01/2025,259
7314,3568,01/01/2025,335
7315,3176,01/01/2025,572
7316,3605,01/01/2025,233
7317,1852,01/01/2025,453
7318,4263,01/01/2025,485
7319,2717,01/01/2025,348
7320,4547,01/01/2025,542
7321,4347,01/01/2025,544
7322,446,01/01/2025,83
7323,2326,01/01/2025,131
7324,553,01/01/2025,537
7325,439,01/01/2025,54
7326,670,01/01/2025,182
7327,2434,01/01/2025,444
7328,1621,01/01/2025,290
7329,2961,01/01/2025,232
7330,2619,01/01/2025,567
7331,4427,01/01/2025,568
7332,3605,01/01/2025,8
7333,4544,01/01/2025,322
7334,3672,01/01/2025,195
7335,3142,01/01/2025,258
7336,237,01/01/2025,69
7337,1912,01/01/2025,276
7338,185,01/01/2025,370
7339,4475,01/01/2025,363
7340,4869,01/01/2025,574
7341,1646,01/01/2025,170
7342,2689,01/01/2025,492
7343,2946,01/01/2025,322
7344,898,01/01/2025,119
7345,2027,01/01/2025,414
7346,644,01/01/2025,333
7347,4721,01/01/2025,524
7348,2129,01/01/2025,132
7349,2163,01/01/2025,567
7350,4082,01/01/2025,513
7351,4421,01/01/2025,49
7352,4580,01/01/2025,206
7353,112,01/01/2025,25
7354,3355,01/01/2025,409
7355,2399,01/01/2025,459
7356,1833,01/01/2025,575
7357,91,01/01/2025,164
7358,1140,01/01/2025,183
7359,3978,01/01/2025,78
7360,1085,01/01/2025,6
7361,4167,01/01/2025,314
7362,2066,01/01/2025,255
7363,3157,01/01/2025,487
7364,1297,01/01/2025,391
7365,2926,01/01/2025,52
7366,4290,01/01/2025,399
7367,2400,01/01/2025,257
7368,2378,01/01/2025,562
7369,3113,01/01/2025,469
7370,2163,01/01/2025,63
7371,701,01/01/2025,456
7372,1771,01/01/2025,113
7373,178,01/01/2025,581
7374,3271,01/01/2025,301
7375,1265,01/01/2025,58
7376,50,01/01/2025,105
7377,3581,01/01/2025,441
7378,16,01/01/2025,580
7379,1769,01/01/2025,454
7380,386,01/01/2025,86
7381,4719,01/01/2025,192
7382,2210,01/01/2025,175
7383,189,01/01/2025,75
7384,3498,01/01/2025,536
7385,2985,01/01/2025,525
7386,310,01/01/2025,304
7387,3875,01/01/2025,148
7388,864,01/01/2025,61
7389,3198,01/01/2025,37
7390,1967,01/01/2025,513
7391,3527,01/01/2025,129
7392,3421,01/01/2025,531
7393,518,01/01/2025,434
7394,2607,01/01/2025,287
7395,3468,01/01/2025,285
7396,3744,01/01/2025,518
7397,2262,01/01/2025,368
7398,1606,01/01/2025,442
7399,4745,01/01/2025,104
7400,3081,01/01/2025,113
7401,4252,01/01/2025,430
7402,512,01/01/2025,505
7403,4460,01/01/2025,306
7404,3971,01/01/2025,448
7405,3593,01/01/2025,363
7406,128,01/01/2025,56
7407,4352,01/01/2025,238
7408,3929,01/01/2025,181
7409,3489,01/01/2025,142
7410,3936,01/01/2025,66
7411,3505,01/01/2025,320
7412,3798,01/01/2025,59
7413,647,01/01/2025,595
7414,365,01/01/2025,127
7415,1635,01/01/2025,571
7416,3316,01/01/2025,565
7417,4854,01/01/2025,66
7418,3033,01/01/2025,271
7419,740,01/01/2025,71
7420,691,01/01/2025,378
7421,4725,01/01/2025,544
7422,2800,01/01/2025,234
7423,4706,01/01/2025,75
7424,3219,01/01/2025,528
7425,264,01/01/2025,6
7426,1184,01/01/2025,346
7427,280,01/01/2025,565
7428,135,01/01/2025,176
7429,1956,01/01/2025,321
7430,1827,01/01/2025,281
7431,4056,01/01/2025,20
7432,3648,01/01/2025,12
7433,4929,01/01/2025,81
7434,3601,01/01/2025,290
7435,1646,01/01/2025,64
7436,2088,01/01/2025,274
7437,2147,01/01/2025,405
7438,302,01/01/2025,215
7439,1239,01/01/2025,332
7440,3312,01/01/2025,26
7441,538,01/01/2025,154
7442,2117,01/01/2025,177
7443,2592,01/01/2025,89
7444,2558,01/01/2025,468
7445,477,01/01/2025,97
7446,2053,01/01/2025,408
7447,1885,01/01/2025,390
7448,536,01/01/2025,347
7449,3809,01/01/2025,86
7450,2819,01/01/2025,393
7451,2734,01/01/2025,582
7452,1861,01/01/2025,201
7453,712,01/01/2025,395
7454,4805,01/01/2025,582
7455,1046,01/01/2025,128
7456,3645,01/01/2025,121
7457,4835,01/01/2025,365
7458,92,01/01/2025,346
7459,3334,01/01/2025,422
7460,4805,01/01/2025,361
7461,2769,01/01/2025,297
7462,4322,01/01/2025,310
7463,683,01/01/2025,333
7464,1457,01/01/2025,37
7465,2547,01/01/2025,62
7466,1396,01/01/2025,403
7467,4594,01/01/2025,67
7468,2330,01/01/2025,56
7469,202,01/01/2025,534
7470,820,01/01/2025,158
7471,3390,01/01/2025,212
7472,1224,01/01/2025,87
7473,3813,01/01/2025,95
7474,1274,01/01/2025,33
7475,3669,01/01/2025,511
7476,3083,01/01/2025,266
7477,1885,01/01/2025,365
7478,4114,01/01/2025,547
7479,595,01/01/2025,576
7480,4815,01/01/2025,312
7481,1061,01/01/2025,544
7482,1381,01/01/2025,346
7483,575,01/01/2025,504
7484,689,01/01/2025,78
7485,2609,01/01/2025,7
7486,340,01/01/2025,549
7487,3627,01/01/2025,270
7488,1164,01/01/2025,414
7489,3366,01/01/2025,132
7490,3193,01/01/2025,599
7491,1082,01/01/2025,259
7492,4963,01/01/2025,115
7493,720,01/01/2025,253
7494,3333,01/01/2025,370
7495,4493,01/01/2025,353
7496,1161,01/01/2025,294
7497,1665,01/01/2025,552
7498,2245,01/01/2025,33
7499,2734,01/01/2025,584
7500,407,01/01/2025,299
7501,2847,01/01/2025,129
7502,1000,01/01/2025,441
7503,1262,01/01/2025,432
7504,3101,01/01/2025,524
7505,2741,01/01/2025,539
7506,2534,01/01/2025,393
7507,4871,01/01/2025,491
7508,1011,01/01/2025,244
7509,312,01/01/2025,597
7510,4029,01/01/2025,137
7511,2711,01/01/2025,202
7512,4524,01/01/2025,14
7513,2024,01/01/2025,538
7514,4317,01/01/2025,280
7515,658,01/01/2025,145
7516,114,01/01/2025,316
7517,497,01/01/2025,376
7518,2417,01/01/2025,497
7519,1385,01/01/2025,501
7520,351,01/01/2025,305
7521,862,01/01/2025,78
7522,2861,01/01/2025,84
7523,149,01/01/2025,458
7524,863,01/01/2025,60
7525,2567,01/01/2025,153
7526,1981,01/01/2025,197
7527,2957,01/01/2025,150
7528,64,01/01/2025,313
7529,12,01/01/2025,12
7530,1509,01/01/2025,373
7531,538,01/01/2025,308
7532,2062,01/01/2025,407
7533,1306,01/01/2025,458
7534,1898,01/01/2025,311
7535,4145,01/01/2025,358
7536,819,01/01/2025,513
7537,3210,01/01/2025,124
7538,4200,01/01/2025,311
7539,2925,01/01/2025,174
7540,3784,01/01/2025,454
7541,1956,01/01/2025,289
7542,3912,01/01/2025,472
7543,4925,01/01/2025,537
7544,702,01/01/2025,240
7545,3863,01/01/2025,218
7546,2229,01/01/2025,126
7547,2214,01/01/2025,139
7548,2089,01/01/2025,364
7549,1068,01/01/2025,224
7550,4333,01/01/2025,24
7551,1939,01/01/2025,430
7552,4541,01/01/2025,400
7553,1205,01/01/2025,344
7554,1926,01/01/2025,381
7555,1295,01/01/2025,573
7556,4598,01/01/2025,563
7557,4839,01/01/2025,121
7558,634,01/01/2025,459
7559,2649,01/01/2025,453
7560,560,01/01/2025,417
7561,109,01/01/2025,480
7562,4668,01/01/2025,588
7563,4353,01/01/2025,273
7564,2996,01/01/2025,196
7565,2059,01/01/2025,571
7566,3311,01/01/2025,469
7567,1919,01/01/2025,216
7568,666,01/01/2025,137
7569,102,01/01/2025,510
7570,2299,01/01/2025,484
7571,4840,01/01/2025,390
7572,1243,01/01/2025,60
7573,521,01/01/2025,378
7574,1471,01/01/2025,452
7575,1579,01/01/2025,27
7576,4169,01/01/2025,576
7577,2278,01/01/2025,301
7578,4795,01/01/2025,316
7579,1526,01/01/2025,186
7580,3671,01/01/2025,571
7581,123,01/01/2025,201
7582,4685,01/01/2025,575
7583,2949,01/01/2025,61
7584,1516,01/01/2025,20
7585,3825,01/01/2025,556
7586,4429,01/01/2025,259
7587,3698,01/01/2025,114
7588,3768,01/01/2025,95
7589,2847,01/01/2025,299
7590,1002,01/01/2025,178
7591,1978,01/01/2025,468
7592,109,01/01/2025,135
7593,2300,01/01/2025,598
7594,856,01/01/2025,384
7595,1103,01/01/2025,125
7596,501,01/01/2025,399
7597,3147,01/01/2025,48
7598,3285,01/01/2025,388
7599,1310,01/01/2025,7
7600,252,01/01/2025,475
7601,1777,01/01/2025,104
7602,3004,01/01/2025,272
7603,929,01/01/2025,121
7604,3107,01/01/2025,182
7605,151,01/01/2025,342
7606,4281,01/01/2025,117
7607,1086,01/01/2025,178
7608,40,01/01/2025,50
7609,2003,01/01/2025,121
7610,181,01/01/2025,202
7611,3261,01/01/2025,376
7612,1391,01/01/2025,379
7613,2102,01/01/2025,257
7614,4045,01/01/2025,463
7615,4974,01/01/2025,434
7616,1729,01/01/2025,195
7617,648,01/01/2025,528
7618,3375,01/01/2025,236
7619,2561,01/01/2025,153
7620,1629,01/01/2025,138
7621,2168,01/01/2025,181
7622,377,01/01/2025,327
7623,2852,01/01/2025,43
7624,1383,01/01/2025,227
7625,2791,01/01/2025,321
7626,2065,01/01/2025,31
7627,3758,01/01/2025,522
7628,1449,01/01/2025,96
7629,942,01/01/2025,530
7630,4302,01/01/2025,100
7631,514,01/01/2025,236
7632,1447,01/01/2025,426
7633,144,01/01/2025,416
7634,1155,01/01/2025,63
7635,4400,01/01/2025,6
7636,1118,01/01/2025,6
7637,4848,01/01/2025,115
7638,3232,01/01/2025,579
7639,3281,01/01/2025,535
7640,830,01/01/2025,197
7641,3240,01/01/2025,585
7642,4964,01/01/2025,367
7643,2122,01/01/2025,123
7644,213,01/01/2025,536
7645,2891,01/01/2025,297
7646,871,01/01/2025,64
7647,93,01/01/2025,82
7648,3322,01/01/2025,470
7649,2113,01/01/2025,66
7650,3135,01/01/2025,496
7651,4950,01/01/2025,103
7652,2562,01/01/2025,586
7653,1498,01/01/2025,303
7654,976,01/01/2025,554
7655,2121,01/01/2025,386
7656,4044,01/01/2025,285
7657,2055,01/01/2025,486
7658,3814,01/01/2025,10
7659,4742,01/01/2025,580
7660,4379,01/01/2025,469
7661,3803,01/01/2025,259
7662,2048,01/01/2025,138
7663,2008,01/01/2025,346
7664,409,01/01/2025,254
7665,1819,01/01/2025,223
7666,4221,01/01/2025,115
7667,2067,01/01/2025,451
7668,1996,01/01/2025,420
7669,1304,01/01/2025,248
7670,2197,01/01/2025,93
7671,3099,01/01/2025,427
7672,819,01/01/2025,31
7673,1964,01/01/2025,239
7674,3307,01/01/2025,32
7675,3286,01/01/2025,251
7676,1067,01/01/2025,138
7677,1894,01/01/2025,317
7678,600,01/01/2025,503
7679,252,01/01/2025,559
7680,2135,01/01/2025,211
7681,4089,01/01/2025,229
7682,4544,01/01/2025,139
7683,4429,01/01/2025,265
7684,5000,01/01/2025,96
7685,697,01/01/2025,490
7686,4749,01/01/2025,435
7687,2383,01/01/2025,308
7688,882,01/01/2025,276
7689,1727,01/01/2025,14
7690,2398,01/01/2025,9
7691,3350,01/01/2025,525
7692,2666,01/01/2025,590
7693,2697,01/01/2025,414
7694,4763,01/01/2025,359
7695,1201,01/01/2025,238
7696,1965,01/01/2025,483
7697,4369,01/01/2025,353
7698,4808,01/01/2025,294
7699,4766,01/01/2025,560
7700,4925,01/01/2025,522
7701,2329,01/01/2025,219
7702,2290,01/01/2025,518
7703,4714,01/01/2025,187
7704,1557,01/01/2025,266
7705,628,01/01/2025,467
7706,2422,01/01/2025,235
7707,96,01/01/2025,32
7708,4022,01/01/2025,37
7709,3048,01/01/2025,317
7710,3309,01/01/2025,74
7711,3058,01/01/2025,480
7712,3448,01/01/2025,25
7713,2789,01/01/2025,473
7714,4164,01/01/2025,406
7715,1940,01/01/2025,497
7716,3117,01/01/2025,32
7717,2942,01/01/2025,446
7718,4513,01/01/2025,260
7719,3643,01/01/2025,200
7720,885,01/01/2025,41
7721,2404,01/01/2025,565
7722,1218,01/01/2025,338
7723,4190,01/01/2025,572
7724,93,01/01/2025,452
7725,4098,01/01/2025,328
7726,675,01/01/2025,325
7727,3247,01/01/2025,195
7728,226,01/01/2025,25
7729,2438,01/01/2025,481
7730,4301,01/01/2025,210
7731,620,01/01/2025,101
7732,630,01/01/2025,439
7733,3877,01/01/2025,225
7734,4117,01/01/2025,97
7735,218,01/01/2025,124
7736,3350,01/01/2025,452
7737,3751,01/01/2025,282
7738,2635,01/01/2025,289
7739,3174,01/01/2025,379
7740,4983,01/01/2025,195
7741,833,01/01/2025,514
7742,938,01/01/2025,315
7743,3915,01/01/2025,308
7744,1571,01/01/2025,223
7745,1030,01/01/2025,399
7746,1788,01/01/2025,486
7747,4245,01/01/2025,471
7748,3793,01/01/2025,586
7749,4375,01/01/2025,417
7750,199,01/01/2025,103
7751,3292,01/01/2025,299
7752,2832,01/01/2025,58
7753,1814,01/01/2025,254
7754,4085,01/01/2025,413
7755,3999,01/01/2025,156
7756,2117,01/01/2025,352
7757,2154,01/01/2025,251
7758,4322,01/01/2025,400
7759,1710,01/01/2025,513
7760,1732,01/01/2025,400
7761,3589,01/01/2025,212
7762,1948,01/01/2025,309
7763,3049,01/01/2025,220
7764,4060,01/01/2025,263
7765,132,01/01/2025,58
7766,2331,01/01/2025,169
7767,1413,01/01/2025,312
7768,3005,01/01/2025,589
7769,2679,01/01/2025,367
7770,705,01/01/2025,28
7771,4365,01/01/2025,523
7772,869,01/01/2025,326
7773,133,01/01/2025,71
7774,3598,01/01/2025,136
7775,1006,01/01/2025,591
7776,3601,01/01/2025,401
7777,2680,01/01/2025,491
7778,1403,01/01/2025,148
7779,1755,01/01/2025,411
7780,4402,01/01/2025,456
7781,829,01/01/2025,579
7782,1791,01/01/2025,181
7783,3784,01/01/2025,69
7784,1211,01/01/2025,1
7785,2612,01/01/2025,314
7786,1348,01/01/2025,229
7787,1036,01/01/2025,197
7788,4295,01/01/2025,427
7789,2296,01/01/2025,379
7790,3506,01/01/2025,505
7791,3205,01/01/2025,158
7792,2074,01/01/2025,324
7793,2172,01/01/2025,314
7794,3481,01/01/2025,164
7795,215,01/01/2025,380
7796,1244,01/01/2025,551
7797,1732,01/01/2025,316
7798,3131,01/01/2025,274
7799,2705,01/01/2025,159
7800,3910,01/01/2025,236
7801,1383,01/01/2025,473
7802,1709,01/01/2025,226
7803,1887,01/01/2025,243
7804,4702,01/01/2025,539
7805,2688,01/01/2025,64
7806,3209,01/01/2025,354
7807,4549,01/01/2025,499
7808,1366,01/01/2025,334
7809,62,01/01/2025,565
7810,4705,01/01/2025,330
7811,3594,01/01/2025,406
7812,1327,01/01/2025,441
7813,3172,01/01/2025,389
7814,2819,01/01/2025,115
7815,918,01/01/2025,275
7816,4059,01/01/2025,101
7817,4943,01/01/2025,116
7818,58,01/01/2025,125
7819,3694,01/01/2025,564
7820,3056,01/01/2025,312
7821,4431,01/01/2025,431
7822,3305,01/01/2025,258
7823,1340,01/01/2025,8
7824,3308,01/01/2025,218
7825,3719,01/01/2025,423
7826,3518,01/01/2025,11
7827,1369,01/01/2025,22
7828,4349,01/01/2025,417
7829,2133,01/01/2025,55
7830,423,01/01/2025,106
7831,2469,01/01/2025,119
7832,4006,01/01/2025,490
7833,1355,01/01/2025,115
7834,1395,01/01/2025,482
7835,850,01/01/2025,102
7836,2595,01/01/2025,17
7837,119,01/01/2025,188
7838,4634,01/01/2025,156
7839,3820,01/01/2025,468
7840,1524,01/01/2025,53
7841,2671,01/01/2025,415
7842,2810,01/01/2025,313
7843,148,01/01/2025,548
7844,3904,01/01/2025,405
7845,4772,01/01/2025,420
7846,1393,01/01/2025,361
7847,1504,01/01/2025,587
7848,3396,01/01/2025,341
7849,905,01/01/2025,553
7850,2364,01/01/2025,169
7851,2330,01/01/2025,263
7852,2841,01/01/2025,495
7853,848,01/01/2025,247
7854,4033,01/01/2025,385
7855,1012,01/01/2025,564
7856,4572,01/01/2025,504
7857,2679,01/01/2025,538
7858,1448,01/01/2025,175
7859,112,01/01/2025,497
7860,1193,01/01/2025,453
7861,1696,01/01/2025,554
7862,2422,01/01/2025,148
7863,817,01/01/2025,523
7864,1020,01/01/2025,419
7865,3773,01/01/2025,317
7866,4114,01/01/2025,570
7867,4321,01/01/2025,220
7868,2329,01/01/2025,469
7869,1045,01/01/2025,578
7870,1602,01/01/2025,485
7871,4829,01/01/2025,591
7872,2500,01/01/2025,542
7873,3200,01/01/2025,78
7874,2125,01/01/2025,37
7875,925,01/01/2025,582
7876,4267,01/01/2025,363
7877,33,01/01/2025,112
7878,939,01/01/2025,568
7879,2517,01/01/2025,261
7880,2148,01/01/2025,341
7881,175,01/01/2025,327
7882,4281,01/01/2025,73
7883,4161,01/01/2025,313
7884,4315,01/01/2025,71
7885,4016,01/01/2025,256
7886,69,01/01/2025,218
7887,1902,01/01/2025,164
7888,2383,01/01/2025,422
7889,3276,01/01/2025,565
7890,2141,01/01/2025,382
7891,1945,01/01/2025,563
7892,1561,01/01/2025,590
7893,1553,01/01/2025,330
7894,3414,01/01/2025,269
7895,4360,01/01/2025,232
7896,3609,01/01/2025,52
7897,323,01/01/2025,540
7898,371,01/01/2025,364
7899,3292,01/01/2025,258
7900,1060,01/01/2025,574
7901,1308,01/01/2025,199
7902,3947,01/01/2025,242
7903,2254,01/01/2025,368
7904,2065,01/01/2025,397
7905,4686,01/01/2025,332
7906,625,01/01/2025,212
7907,2429,01/01/2025,70
7908,1422,01/01/2025,89
7909,2369,01/01/2025,269
7910,1078,01/01/2025,420
7911,580,01/01/2025,79
7912,3796,01/01/2025,48
7913,1001,01/01/2025,491
7914,1017,01/01/2025,176
7915,4299,01/01/2025,90
7916,76,01/01/2025,591
7917,854,01/01/2025,147
7918,4255,01/01/2025,170
7919,1010,01/01/2025,226
7920,4431,01/01/2025,351
7921,3652,01/01/2025,541
7922,2989,01/01/2025,500
7923,4181,01/01/2025,259
7924,1701,01/01/2025,210
7925,10,01/01/2025,587
7926,1931,01/01/2025,597
7927,3994,01/01/2025,25
7928,4546,01/01/2025,449
7929,1536,01/01/2025,557
7930,1325,01/01/2025,398
7931,1603,01/01/2025,268
7932,4578,01/01/2025,316
7933,1001,01/01/2025,381
7934,2112,01/01/2025,514
7935,1652,01/01/2025,312
7936,1015,01/01/2025,373
7937,2497,01/01/2025,425
7938,2551,01/01/2025,31
7939,1857,01/01/2025,564
7940,1271,01/01/2025,457
7941,1440,01/01/2025,471
7942,4430,01/01/2025,571
7943,2354,01/01/2025,540
7944,3260,01/01/2025,272
7945,3661,01/01/2025,440
7946,3868,01/01/2025,264
7947,4800,01/01/2025,591
7948,1635,01/01/2025,450
7949,3419,01/01/2025,363
7950,3891,01/01/2025,427
7951,3131,01/01/2025,231
7952,1179,01/01/2025,50
7953,334,01/01/2025,236
7954,1568,01/01/2025,533
7955,4507,01/01/2025,217
7956,286,01/01/2025,230
7957,3646,01/01/2025,300
7958,2354,01/01/2025,96
7959,3872,01/01/2025,506
7960,3595,01/01/2025,474
7961,1839,01/01/2025,564
7962,1345,01/01/2025,169
7963,1425,01/01/2025,393
7964,510,01/01/2025,487
7965,947,01/01/2025,228
7966,4298,01/01/2025,95
7967,1259,01/01/2025,536
7968,90,01/01/2025,376
7969,2309,01/01/2025,268
7970,4268,01/01/2025,224
7971,3166,01/01/2025,194
7972,3725,01/01/2025,288
7973,3950,01/01/2025,96
7974,878,01/01/2025,589
7975,2796,01/01/2025,87
7976,4499,01/01/2025,21
7977,4246,01/01/2025,585
7978,3501,01/01/2025,146
7979,4185,01/01/2025,281
7980,472,01/01/2025,158
7981,3341,01/01/2025,309
7982,771,01/01/2025,422
7983,4002,01/01/2025,459
7984,1566,01/01/2025,324
7985,2340,01/01/2025,379
7986,2121,01/01/2025,578
7987,4346,01/01/2025,252
7988,925,01/01/2025,2
7989,3437,01/01/2025,78
7990,3806,01/01/2025,8
7991,49,01/01/2025,86
7992,2587,01/01/2025,271
7993,992,01/01/2025,453
7994,2225,01/01/2025,316
7995,4324,01/01/2025,174
7996,4347,01/01/2025,573
7997,4923,01/01/2025,51
7998,1148,01/01/2025,176
7999,2596,01/01/2025,598
8000,1614,01/01/2025,299
8001,2218,01/01/2025,77
8002,2221,01/01/2025,551
8003,715,01/01/2025,570
8004,3551,01/01/2025,225
8005,4927,01/01/2025,270
8006,3731,01/01/2025,527
8007,1352,01/01/2025,286
8008,35,01/01/2025,240
8009,2026,01/01/2025,22
8010,2409,01/01/2025,59
8011,2003,01/01/2025,88
8012,2864,01/01/2025,91
8013,4599,01/01/2025,94
8014,995,01/01/2025,149
8015,1741,01/01/2025,299
8016,2604,01/01/2025,528
8017,1183,01/01/2025,263
8018,2921,01/01/2025,173
8019,4362,01/01/2025,49
8020,911,01/01/2025,112
8021,1972,01/01/2025,293
8022,3568,01/01/2025,257
8023,4212,01/01/2025,466
8024,4619,01/01/2025,378
8025,4793,01/01/2025,508
8026,2267,01/01/2025,155
8027,3039,01/01/2025,124
8028,1697,01/01/2025,131
8029,2874,01/01/2025,1
8030,755,01/01/2025,112
8031,3006,01/01/2025,39
8032,457,01/01/2025,216
8033,4836,01/01/2025,210
8034,2654,01/01/2025,583
8035,3643,01/01/2025,196
8036,780,01/01/2025,343
8037,4834,01/01/2025,572
8038,983,01/01/2025,64
8039,4179,01/01/2025,142
8040,2150,01/01/2025,576
8041,360,01/01/2025,3
8042,1465,01/01/2025,158
8043,2080,01/01/2025,467
8044,819,01/01/2025,7
8045,1342,01/01/2025,535
8046,1566,01/01/2025,466
8047,441,01/01/2025,590
8048,2533,01/01/2025,410
8049,2553,01/01/2025,303
8050,1262,01/01/2025,211
8051,1465,01/01/2025,75
8052,3772,01/01/2025,216
8053,2017,01/01/2025,452
8054,2629,01/01/2025,223
8055,4862,01/01/2025,189
8056,2492,01/01/2025,250
8057,3126,01/01/2025,19
8058,4156,01/01/2025,157
8059,352,01/01/2025,432
8060,507,01/01/2025,414
8061,306,01/01/2025,477
8062,2865,01/01/2025,103
8063,3809,01/01/2025,510
8064,3399,01/01/2025,67
8065,2448,01/01/2025,211
8066,3004,01/01/2025,24
8067,3325,01/01/2025,234
8068,1274,01/01/2025,271
8069,3478,01/01/2025,356
8070,1214,01/01/2025,396
8071,229,01/01/2025,17
8072,1403,01/01/2025,370
8073,200,01/01/2025,47
8074,3056,01/01/2025,11
8075,3330,01/01/2025,527
8076,219,01/01/2025,454
8077,2706,01/01/2025,180
8078,2492,01/01/2025,211
8079,1011,01/01/2025,117
8080,1058,01/01/2025,331
8081,1127,01/01/2025,460
8082,2713,01/01/2025,463
8083,4935,01/01/2025,423
8084,4628,01/01/2025,584
8085,4711,01/01/2025,526
8086,2654,01/01/2025,217
8087,2124,01/01/2025,299
8088,1468,01/01/2025,165
8089,1733,01/01/2025,355
8090,3168,01/01/2025,300
8091,2413,01/01/2025,220
8092,2380,01/01/2025,511
8093,3788,01/01/2025,49
8094,474,01/01/2025,516
8095,4661,01/01/2025,446
8096,2764,01/01/2025,378
8097,1090,01/01/2025,590
8098,3706,01/01/2025,151
8099,1508,01/01/2025,362
8100,820,01/01/2025,542
8101,146,01/01/2025,198
8102,1923,01/01/2025,149
8103,3435,01/01/2025,502
8104,3024,01/01/2025,588
8105,2499,01/01/2025,65
8106,1282,01/01/2025,49
8107,1363,01/01/2025,376
8108,1934,01/01/2025,28
8109,1519,01/01/2025,523
8110,3390,01/01/2025,396
8111,1362,01/01/2025,79
8112,3790,01/01/2025,579
8113,1406,01/01/2025,549
8114,3940,01/01/2025,518
8115,2470,01/01/2025,519
8116,1711,01/01/2025,175
8117,599,01/01/2025,346
8118,603,01/01/2025,300
8119,4188,01/01/2025,33
8120,993,01/01/2025,49
8121,1588,01/01/2025,316
8122,4870,01/01/2025,436
8123,1006,01/01/2025,197
8124,4704,01/01/2025,279
8125,621,01/01/2025,295
8126,4536,01/01/2025,182
8127,1384,01/01/2025,92
8128,2872,01/01/2025,180
8129,2067,01/01/2025,14
8130,3267,01/01/2025,596
8131,2587,01/01/2025,484
8132,1284,01/01/2025,99
8133,4338,01/01/2025,463
8134,151,01/01/2025,478
8135,4526,01/01/2025,108
8136,2543,01/01/2025,78
8137,762,01/01/2025,315
8138,2428,01/01/2025,147
8139,259,01/01/2025,382
8140,2317,01/01/2025,473
8141,2055,01/01/2025,220
8142,606,01/01/2025,427
8143,144,01/01/2025,484
8144,3450,01/01/2025,128
8145,1533,01/01/2025,287
8146,666,01/01/2025,524
8147,4622,01/01/2025,301
8148,4648,01/01/2025,587
8149,233,01/01/2025,430
8150,1542,01/01/2025,21
8151,724,01/01/2025,49
8152,2996,01/01/2025,564
8153,3513,01/01/2025,87
8154,245,01/01/2025,354
8155,2514,01/01/2025,547
8156,2429,01/01/2025,130
8157,987,01/01/2025,238
8158,1033,01/01/2025,445
8159,3218,01/01/2025,94
8160,4119,01/01/2025,107
8161,1452,01/01/2025,339
8162,1927,01/01/2025,422
8163,3808,01/01/2025,147
8164,2872,01/01/2025,509
8165,70,01/01/2025,548
8166,2993,01/01/2025,591
8167,1275,01/01/2025,536
8168,2925,01/01/2025,101
8169,2328,01/01/2025,583
8170,2236,01/01/2025,318
8171,2260,01/01/2025,5
8172,2728,01/01/2025,425
8173,3393,01/01/2025,66
8174,1328,01/01/2025,433
8175,955,01/01/2025,578
8176,1267,01/01/2025,425
8177,3796,01/01/2025,274
8178,3462,01/01/2025,590
8179,4584,01/01/2025,229
8180,2878,01/01/2025,257
8181,4022,01/01/2025,127
8182,194,01/01/2025,582
8183,2289,01/01/2025,397
8184,3056,01/01/2025,559
8185,193,01/01/2025,530
8186,1566,01/01/2025,200
8187,185,01/01/2025,21
8188,504,01/01/2025,104
8189,3307,01/01/2025,532
8190,835,01/01/2025,337
8191,1252,01/01/2025,157
8192,1397,01/01/2025,546
8193,2222,01/01/2025,525
8194,4529,01/01/2025,342
8195,3906,01/01/2025,289
8196,2909,01/01/2025,531
8197,1899,01/01/2025,359
8198,585,01/01/2025,142
8199,3540,01/01/2025,36
8200,583,01/01/2025,350
8201,1217,01/01/2025,228
8202,1268,01/01/2025,151
8203,1818,01/01/2025,46
8204,3609,01/01/2025,205
8205,2477,01/01/2025,25
8206,4309,01/01/2025,338
8207,3693,01/01/2025,426
8208,2820,01/01/2025,411
8209,4773,01/01/2025,583
8210,4432,01/01/2025,280
8211,1269,01/01/2025,181
8212,3949,01/01/2025,236
8213,3724,01/01/2025,25
8214,3698,01/01/2025,462
8215,4332,01/01/2025,328
8216,1219,01/01/2025,243
8217,1029,01/01/2025,116
8218,3847,01/01/2025,281
8219,4618,01/01/2025,577
8220,2815,01/01/2025,3
8221,3787,01/01/2025,553
8222,2438,01/01/2025,155
8223,4093,01/01/2025,320
8224,2948,01/01/2025,88
8225,4368,01/01/2025,105
8226,2362,01/01/2025,83
8227,653,01/01/2025,225
8228,3066,01/01/2025,476
8229,423,01/01/2025,337
8230,1761,01/01/2025,99
8231,1161,01/01/2025,163
8232,3733,01/01/2025,337
8233,1179,01/01/2025,256
8234,1196,01/01/2025,472
8235,1808,01/01/2025,105
8236,1025,01/01/2025,439
8237,2530,01/01/2025,473
8238,2860,01/01/2025,340
8239,150,01/01/2025,411
8240,3605,01/01/2025,271
8241,4188,01/01/2025,74
8242,2942,01/01/2025,114
8243,105,01/01/2025,430
8244,932,01/01/2025,473
8245,340,01/01/2025,90
8246,2228,01/01/2025,200
8247,4766,01/01/2025,473
8248,1383,01/01/2025,299
8249,1410,01/01/2025,391
8250,4638,01/01/2025,87
8251,1860,01/01/2025,228
8252,1795,01/01/2025,22
8253,484,01/01/2025,452
8254,590,01/01/2025,373
8255,963,01/01/2025,324
8256,1575,01/01/2025,205
8257,3768,01/01/2025,349
8258,1315,01/01/2025,316
8259,258,01/01/2025,23
8260,2687,01/01/2025,542
8261,1049,01/01/2025,45
8262,712,01/01/2025,321
8263,3178,01/01/2025,555
8264,4143,01/01/2025,234
8265,4562,01/01/2025,576
8266,1983,01/01/2025,507
8267,1824,01/01/2025,330
8268,1625,01/01/2025,450
8269,1143,01/01/2025,483
8270,3717,01/01/2025,113
8271,2950,01/01/2025,216
8272,2654,01/01/2025,368
8273,3032,01/01/2025,130
8274,899,01/01/2025,179
8275,1459,01/01/2025,554
8276,82,01/01/2025,234
8277,2854,01/01/2025,357
8278,189,01/01/2025,505
8279,4721,01/01/2025,402
8280,1609,01/01/2025,184
8281,3913,01/01/2025,69
8282,4045,01/01/2025,350
8283,2021,01/01/2025,0
8284,2189,01/01/2025,415
8285,4207,01/01/2025,169
8286,4538,01/01/2025,502
8287,366,01/01/2025,377
8288,2843,01/01/2025,467
8289,2987,01/01/2025,144
8290,715,01/01/2025,443
8291,3294,01/01/2025,96
8292,3136,01/01/2025,212
8293,3885,01/01/2025,196
8294,1273,01/01/2025,424
8295,2346,01/01/2025,589
8296,967,01/01/2025,49
8297,4745,01/01/2025,418
8298,3238,01/01/2025,134
8299,3133,01/01/2025,481
8300,1297,01/01/2025,20
8301,2040,01/01/2025,419
8302,4961,01/01/2025,61
8303,2410,01/01/2025,120
8304,2871,01/01/2025,40
8305,2903,01/01/2025,461
8306,590,01/01/2025,101
8307,160,01/01/2025,432
8308,2968,01/01/2025,345
8309,778,01/01/2025,171
8310,1239,01/01/2025,475
8311,3117,01/01/2025,528
8312,2924,01/01/2025,28
8313,1358,01/01/2025,327
8314,2506,01/01/2025,100
8315,1957,01/01/2025,68
8316,4944,01/01/2025,73
8317,4830,01/01/2025,450
8318,3842,01/01/2025,502
8319,549,01/01/2025,243
8320,4237,01/01/2025,495
8321,4908,01/01/2025,278
8322,1143,01/01/2025,544
8323,442,01/01/2025,5
8324,3311,01/01/2025,460
8325,1616,01/01/2025,447
8326,2986,01/01/2025,133
8327,2388,01/01/2025,12
8328,3030,01/01/2025,483
8329,2634,01/01/2025,64
8330,3507,01/01/2025,461
8331,20,01/01/2025,161
8332,375,01/01/2025,23
8333,3416,01/01/2025,354
8334,2054,01/01/2025,94
8335,836,01/01/2025,426
8336,3398,01/01/2025,54
8337,2271,01/01/2025,20
8338,1209,01/01/2025,584
8339,4136,01/01/2025,455
8340,2697,01/01/2025,18
8341,2922,01/01/2025,276
8342,1990,01/01/2025,448
8343,3906,01/01/2025,309
8344,1108,01/01/2025,385
8345,2892,01/01/2025,95
8346,3612,01/01/2025,145
8347,187,01/01/2025,133
8348,3987,01/01/2025,18
8349,685,01/01/2025,575
8350,4155,01/01/2025,523
8351,3170,01/01/2025,594
8352,2366,01/01/2025,3
8353,4555,01/01/2025,14
8354,3095,01/01/2025,568
8355,1125,01/01/2025,369
8356,668,01/01/2025,112
8357,405,01/01/2025,435
8358,4871,01/01/2025,103
8359,434,01/01/2025,178
8360,271,01/01/2025,423
8361,24,01/01/2025,49
8362,2692,01/01/2025,597
8363,1485,01/01/2025,98
8364,577,01/01/2025,55
8365,1326,01/01/2025,252
8366,3806,01/01/2025,361
8367,2670,01/01/2025,538
8368,3503,01/01/2025,70
8369,1739,01/01/2025,88
8370,1271,01/01/2025,367
8371,1563,01/01/2025,30
8372,2854,01/01/2025,473
8373,3902,01/01/2025,409
8374,922,01/01/2025,569
8375,3432,01/01/2025,269
8376,1373,01/01/2025,26
8377,850,01/01/2025,479
8378,1658,01/01/2025,49
8379,1275,01/01/2025,526
8380,924,01/01/2025,596
8381,1378,01/01/2025,305
8382,4692,01/01/2025,510
8383,897,01/01/2025,250
8384,2785,01/01/2025,6
8385,4574,01/01/2025,429
8386,2125,01/01/2025,436
8387,3480,01/01/2025,190
8388,4539,01/01/2025,329
8389,1004,01/01/2025,173
8390,1624,01/01/2025,333
8391,437,01/01/2025,421
8392,4274,01/01/2025,521
8393,4894,01/01/2025,105
8394,33,01/01/2025,31
8395,1199,01/01/2025,305
8396,2736,01/01/2025,6
8397,1117,01/01/2025,22
8398,2079,01/01/2025,568
8399,1832,01/01/2025,63
8400,785,01/01/2025,484
8401,3206,01/01/2025,353
8402,1056,01/01/2025,537
8403,3388,01/01/2025,247
8404,1480,01/01/2025,432
8405,607,01/01/2025,356
8406,2066,01/01/2025,105
8407,1597,01/01/2025,122
8408,4497,01/01/2025,201
8409,4552,01/01/2025,469
8410,720,01/01/2025,482
8411,3206,01/01/2025,493
8412,2371,01/01/2025,215
8413,845,01/01/2025,218
8414,4311,01/01/2025,266
8415,754,01/01/2025,81
8416,714,01/01/2025,12
8417,1889,01/01/2025,311
8418,266,01/01/2025,506
8419,1933,01/01/2025,270
8420,4802,01/01/2025,214
8421,321,01/01/2025,495
8422,2179,01/01/2025,91
8423,1679,01/01/2025,249
8424,3132,01/01/2025,560
8425,2183,01/01/2025,170
8426,2940,01/01/2025,485
8427,2878,01/01/2025,401
8428,2724,01/01/2025,90
8429,4300,01/01/2025,82
8430,1173,01/01/2025,390
8431,565,01/01/2025,128
8432,3641,01/01/2025,246
8433,1168,01/01/2025,507
8434,3483,01/01/2025,143
8435,4215,01/01/2025,305
8436,1644,01/01/2025,201
8437,2490,01/01/2025,582
8438,932,01/01/2025,577
8439,2525,01/01/2025,416
8440,115,01/01/2025,22
8441,2790,01/01/2025,440
8442,3418,01/01/2025,142
8443,2772,01/01/2025,171
8444,4267,01/01/2025,69
8445,4855,01/01/2025,9
8446,4979,01/01/2025,298
8447,2776,01/01/2025,451
8448,155,01/01/2025,39
8449,99,01/01/2025,459
8450,1779,01/01/2025,533
8451,3008,01/01/2025,340
8452,2605,01/01/2025,222
8453,4146,01/01/2025,530
8454,3049,01/01/2025,599
8455,3101,01/01/2025,463
8456,4568,01/01/2025,551
8457,4784,01/01/2025,219
8458,1242,01/01/2025,252
8459,1480,01/01/2025,306
8460,1489,01/01/2025,469
8461,2716,01/01/2025,155
8462,1576,01/01/2025,499
8463,1008,01/01/2025,599
8464,4989,01/01/2025,144
8465,406,01/01/2025,220
8466,3244,01/01/2025,506
8467,4326,01/01/2025,161
8468,4489,01/01/2025,435
8469,1716,01/01/2025,81
8470,1330,01/01/2025,324
8471,1355,01/01/2025,111
8472,4313,01/01/2025,258
8473,964,01/01/2025,475
8474,1428,01/01/2025,229
8475,1430,01/01/2025,480
8476,2605,01/01/2025,198
8477,175,01/01/2025,592
8478,2536,01/01/2025,412
8479,137,01/01/2025,304
8480,485,01/01/2025,429
8481,3378,01/01/2025,122
8482,253,01/01/2025,29
8483,3503,01/01/2025,77
8484,2586,01/01/2025,154
8485,3163,01/01/2025,282
8486,3866,01/01/2025,113
8487,2121,01/01/2025,304
8488,4772,01/01/2025,509
8489,4541,01/01/2025,252
8490,4524,01/01/2025,218
8491,163,01/01/2025,256
8492,1342,01/01/2025,504
8493,4912,01/01/2025,411
8494,257,01/01/2025,371
8495,4994,01/01/2025,527
8496,4941,01/01/2025,185
8497,218,01/01/2025,313
8498,3442,01/01/2025,516
8499,277,01/01/2025,366
8500,3449,01/01/2025,299
8501,804,01/01/2025,498
8502,2639,01/01/2025,348
8503,3032,01/01/2025,586
8504,4860,01/01/2025,92
8505,3731,01/01/2025,396
8506,1485,01/01/2025,547
8507,1432,01/01/2025,599
8508,2335,01/01/2025,315
8509,1045,01/01/2025,509
8510,1034,01/01/2025,565
8511,2753,01/01/2025,158
8512,4919,01/01/2025,115
8513,2988,01/01/2025,167
8514,2489,01/01/2025,200
8515,899,01/01/2025,452
8516,141,01/01/2025,370
8517,2925,01/01/2025,208
8518,4474,01/01/2025,504
8519,2641,01/01/2025,464
8520,3064,01/01/2025,545
8521,1991,01/01/2025,524
8522,4033,01/01/2025,132
8523,1961,01/01/2025,5
8524,3539,01/01/2025,287
8525,2928,01/01/2025,345
8526,3087,01/01/2025,300
8527,2731,01/01/2025,155
8528,1966,01/01/2025,427
8529,2169,01/01/2025,419
8530,2178,01/01/2025,336
8531,1231,01/01/2025,33
8532,4929,01/01/2025,396
8533,1195,01/01/2025,37
8534,522,01/01/2025,20
8535,1959,01/01/2025,340
8536,3459,01/01/2025,200
8537,1021,01/01/2025,248
8538,4336,01/01/2025,443
8539,1688,01/01/2025,82
8540,1278,01/01/2025,177
8541,197,01/01/2025,159
8542,179,01/01/2025,348
8543,3099,01/01/2025,161
8544,2970,01/01/2025,68
8545,2631,01/01/2025,473
8546,753,01/01/2025,105
8547,2673,01/01/2025,485
8548,716,01/01/2025,517
8549,4251,01/01/2025,117
8550,1337,01/01/2025,560
8551,2663,01/01/2025,74
8552,1392,01/01/2025,597
8553,1545,01/01/2025,476
8554,635,01/01/2025,174
8555,3283,01/01/2025,417
8556,2270,01/01/2025,471
8557,774,01/01/2025,447
8558,380,01/01/2025,395
8559,4191,01/01/2025,152
8560,3260,01/01/2025,44
8561,476,01/01/2025,502
8562,4223,01/01/2025,179
8563,833,01/01/2025,541
8564,2358,01/01/2025,28
8565,1837,01/01/2025,412
8566,3714,01/01/2025,380
8567,4821,01/01/2025,136
8568,4743,01/01/2025,337
8569,4702,01/01/2025,118
8570,2224,01/01/2025,436
8571,70,01/01/2025,46
8572,4201,01/01/2025,398
8573,4722,01/01/2025,210
8574,3910,01/01/2025,86
8575,2875,01/01/2025,415
8576,921,01/01/2025,515
8577,2114,01/01/2025,205
8578,4573,01/01/2025,561
8579,993,01/01/2025,47
8580,3885,01/01/2025,57
8581,451,01/01/2025,439
8582,3140,01/01/2025,348
8583,1242,01/01/2025,9
8584,766,01/01/2025,156
8585,1854,01/01/2025,586
8586,4744,01/01/2025,67
8587,510,01/01/2025,440
8588,1462,01/01/2025,414
8589,707,01/01/2025,256
8590,2276,01/01/2025,476
8591,4522,01/01/2025,144
8592,2738,01/01/2025,321
8593,1833,01/01/2025,274
8594,3185,01/01/2025,141
8595,946,01/01/2025,486
8596,3537,01/01/2025,217
8597,4246,01/01/2025,393
8598,1405,01/01/2025,529
8599,4724,01/01/2025,194
8600,4445,01/01/2025,399
8601,3517,01/01/2025,541
8602,1400,01/01/2025,507
8603,3350,01/01/2025,105
8604,855,01/01/2025,393
8605,659,01/01/2025,181
8606,2961,01/01/2025,110
8607,3673,01/01/2025,584
8608,3384,01/01/2025,460
8609,3598,01/01/2025,194
8610,2640,01/01/2025,470
8611,3168,01/01/2025,20
8612,2774,01/01/2025,26
8613,4900,01/01/2025,591
8614,4620,01/01/2025,23
8615,3374,01/01/2025,292
8616,3569,01/01/2025,342
8617,3867,01/01/2025,500
8618,436,01/01/2025,46
8619,699,01/01/2025,477
8620,4860,01/01/2025,277
8621,852,01/01/2025,347
8622,2274,01/01/2025,324
8623,2700,01/01/2025,99
8624,3974,01/01/2025,208
8625,2838,01/01/2025,589
8626,2620,01/01/2025,36
8627,3399,01/01/2025,518
8628,3842,01/01/2025,409
8629,3522,01/01/2025,447
8630,2606,01/01/2025,476
8631,2222,01/01/2025,311
8632,1806,01/01/2025,209
8633,114,01/01/2025,231
8634,1244,01/01/2025,429
8635,4306,01/01/2025,98
8636,3592,01/01/2025,309
8637,689,01/01/2025,46
8638,364,01/01/2025,142
8639,3715,01/01/2025,107
8640,730,01/01/2025,163
8641,2726,01/01/2025,595
8642,3790,01/01/2025,66
8643,3807,01/01/2025,3
8644,102,01/01/2025,185
8645,2636,01/01/2025,475
8646,486,01/01/2025,504
8647,2743,01/01/2025,94
8648,2154,01/01/2025,162
8649,2449,01/01/2025,303
8650,4731,01/01/2025,287
8651,4259,01/01/2025,597
8652,1432,01/01/2025,379
8653,3047,01/01/2025,487
8654,2572,01/01/2025,295
8655,1791,01/01/2025,316
8656,1124,01/01/2025,311
8657,729,01/01/2025,188
8658,1701,01/01/2025,227
8659,1359,01/01/2025,353
8660,3152,01/01/2025,584
8661,4852,01/01/2025,148
8662,603,01/01/2025,298
8663,4398,01/01/2025,69
8664,1658,01/01/2025,525
8665,1352,01/01/2025,159
8666,4494,01/01/2025,124
8667,2784,01/01/2025,491
8668,2227,01/01/2025,491
8669,2299,01/01/2025,31
8670,1123,01/01/2025,330
8671,1722,01/01/2025,79
8672,3459,01/01/2025,12
8673,2788,01/01/2025,43
8674,3628,01/01/2025,413
8675,382,01/01/2025,84
8676,3710,01/01/2025,434
8677,1851,01/01/2025,378
8678,587,01/01/2025,578
8679,4022,01/01/2025,163
8680,672,01/01/2025,369
8681,905,01/01/2025,348
8682,2054,01/01/2025,190
8683,3065,01/01/2025,348
8684,803,01/01/2025,246
8685,791,01/01/2025,210
8686,243,01/01/2025,488
8687,2127,01/01/2025,89
8688,2827,01/01/2025,244
8689,777,01/01/2025,354
8690,4352,01/01/2025,206
8691,1720,01/01/2025,240
8692,221,01/01/2025,147
8693,4583,01/01/2025,445
8694,3543,01/01/2025,157
8695,3807,01/01/2025,108
8696,3913,01/01/2025,39
8697,2388,01/01/2025,337
8698,4041,01/01/2025,280
8699,3665,01/01/2025,93
8700,3752,01/01/2025,106
8701,289,01/01/2025,323
8702,2996,01/01/2025,516
8703,2599,01/01/2025,211
8704,3178,01/01/2025,56
8705,790,01/01/2025,103
8706,1093,01/01/2025,57
8707,1218,01/01/2025,34
8708,1447,01/01/2025,190
8709,2608,01/01/2025,274
8710,2587,01/01/2025,588
8711,765,01/01/2025,424
8712,1526,01/01/2025,436
8713,2544,01/01/2025,180
8714,3652,01/01/2025,373
8715,946,01/01/2025,219
8716,4800,01/01/2025,436
8717,536,01/01/2025,510
8718,3419,01/01/2025,218
8719,2152,01/01/2025,63
8720,898,01/01/2025,209
8721,3107,01/01/2025,364
8722,2750,01/01/2025,266
8723,1464,01/01/2025,584
8724,4964,01/01/2025,135
8725,2693,01/01/2025,74
8726,3892,01/01/2025,161
8727,4972,01/01/2025,81
8728,1611,01/01/2025,501
8729,1310,01/01/2025,582
8730,1493,01/01/2025,399
8731,1435,01/01/2025,441
8732,1303,01/01/2025,155
8733,1927,01/01/2025,91
8734,4581,01/01/2025,37
8735,2157,01/01/2025,38
8736,1906,01/01/2025,131
8737,1054,01/01/2025,103
8738,3594,01/01/2025,465
8739,4364,01/01/2025,20
8740,4430,01/01/2025,21
8741,1567,01/01/2025,31
8742,2952,01/01/2025,524
8743,1663,01/01/2025,62
8744,4978,01/01/2025,252
8745,1561,01/01/2025,499
8746,758,01/01/2025,310
8747,436,01/01/2025,42
8748,1633,01/01/2025,496
8749,3324,01/01/2025,244
8750,4033,01/01/2025,337
8751,3998,01/01/2025,305
8752,1768,01/01/2025,452
8753,1146,01/01/2025,64
8754,1981,01/01/2025,193
8755,1331,01/01/2025,359
8756,1884,01/01/2025,27
8757,179,01/01/2025,318
8758,205,01/01/2025,579
8759,2339,01/01/2025,156
8760,810,01/01/2025,0
8761,4225,01/01/2025,180
8762,1460,01/01/2025,395
8763,2603,01/01/2025,2
8764,3511,01/01/2025,525
8765,557,01/01/2025,310
8766,747,01/01/2025,403
8767,2218,01/01/2025,438
8768,4185,01/01/2025,341
8769,626,01/01/2025,19
8770,3088,01/01/2025,106
8771,232,01/01/2025,220
8772,372,01/01/2025,89
8773,3698,01/01/2025,153
8774,1804,01/01/2025,81
8775,191,01/01/2025,363
8776,3495,01/01/2025,234
8777,1330,01/01/2025,523
8778,1814,01/01/2025,172
8779,2695,01/01/2025,424
8780,2562,01/01/2025,103
8781,3457,01/01/2025,199
8782,531,01/01/2025,388
8783,1437,01/01/2025,583
8784,461,01/01/2025,386
8785,3056,01/01/2025,52
8786,370,01/01/2025,409
8787,4771,01/01/2025,443
8788,3309,01/01/2025,314
8789,4851,01/01/2025,87
8790,3754,01/01/2025,447
8791,1426,01/01/2025,273
8792,4415,01/01/2025,457
8793,3203,01/01/2025,14
8794,4982,01/01/2025,116
8795,2193,01/01/2025,459
8796,2550,01/01/2025,481
8797,2705,01/01/2025,31
8798,230,01/01/2025,275
8799,499,01/01/2025,449
8800,270,01/01/2025,588
8801,3645,01/01/2025,579
8802,3908,01/01/2025,39
8803,4493,01/01/2025,405
8804,694,01/01/2025,433
8805,2817,01/01/2025,478
8806,46,01/01/2025,273
8807,340,01/01/2025,423
8808,1757,01/01/2025,106
8809,1559,01/01/2025,59
8810,3762,01/01/2025,344
8811,4089,01/01/2025,373
8812,2400,01/01/2025,366
8813,2434,01/01/2025,400
8814,4425,01/01/2025,150
8815,3983,01/01/2025,413
8816,4762,01/01/2025,360
8817,2800,01/01/2025,530
8818,4577,01/01/2025,319
8819,3906,01/01/2025,244
8820,4621,01/01/2025,29
8821,4496,01/01/2025,36
8822,1317,01/01/2025,207
8823,1830,01/01/2025,555
8824,1227,01/01/2025,531
8825,1735,01/01/2025,410
8826,2466,01/01/2025,149
8827,4395,01/01/2025,481
8828,1451,01/01/2025,418
8829,129,01/01/2025,376
8830,4917,01/01/2025,329
8831,2018,01/01/2025,356
8832,2086,01/01/2025,69
8833,1247,01/01/2025,484
8834,3456,01/01/2025,315
8835,3700,01/01/2025,12
8836,314,01/01/2025,27
8837,439,01/01/2025,284
8838,3994,01/01/2025,281
8839,3152,01/01/2025,180
8840,2209,01/01/2025,267
8841,3579,01/01/2025,358
8842,4719,01/01/2025,46
8843,4665,01/01/2025,86
8844,2213,01/01/2025,9
8845,771,01/01/2025,177
8846,3588,01/01/2025,110
8847,577,01/01/2025,150
8848,1009,01/01/2025,408
8849,3715,01/01/2025,127
8850,1369,01/01/2025,545
8851,1036,01/01/2025,65
8852,2139,01/01/2025,213
8853,470,01/01/2025,394
8854,4586,01/01/2025,372
8855,449,01/01/2025,456
8856,502,01/01/2025,345
8857,2419,01/01/2025,426
8858,4697,01/01/2025,291
8859,4425,01/01/2025,175
8860,2349,01/01/2025,125
8861,3267,01/01/2025,450
8862,4665,01/01/2025,7
8863,2294,01/01/2025,34
8864,1272,01/01/2025,275
8865,4601,01/01/2025,368
8866,829,01/01/2025,207
8867,3126,01/01/2025,375
8868,2068,01/01/2025,530
8869,2668,01/01/2025,97
8870,2616,01/01/2025,153
8871,1644,01/01/2025,473
8872,3075,01/01/2025,553
8873,2184,01/01/2025,483
8874,501,01/01/2025,74
8875,4076,01/01/2025,576
8876,4127,01/01/2025,137
8877,173,01/01/2025,214
8878,4908,01/01/2025,343
8879,720,01/01/2025,153
8880,980,01/01/2025,21
8881,2067,01/01/2025,352
8882,173,01/01/2025,384
8883,4773,01/01/2025,355
8884,4368,01/01/2025,49
8885,639,01/01/2025,20
8886,182,01/01/2025,62
8887,3226,01/01/2025,400
8888,2599,01/01/2025,326
8889,1933,01/01/2025,163
8890,925,01/01/2025,54
8891,3219,01/01/2025,256
8892,1202,01/01/2025,260
8893,4365,01/01/2025,254
8894,928,01/01/2025,211
8895,3757,01/01/2025,518
8896,3570,01/01/2025,440
8897,3909,01/01/2025,62
8898,641,01/01/2025,217
8899,4093,01/01/2025,441
8900,1138,01/01/2025,228
8901,2778,01/01/2025,372
8902,2968,01/01/2025,347
8903,3277,01/01/2025,423
8904,2867,01/01/2025,339
8905,75,01/01/2025,288
8906,1156,01/01/2025,112
8907,3736,01/01/2025,574
8908,769,01/01/2025,7
8909,3413,01/01/2025,150
8910,1711,01/01/2025,457
8911,4926,01/01/2025,498
8912,701,01/01/2025,522
8913,1168,01/01/2025,586
8914,269,01/01/2025,183
8915,1412,01/01/2025,523
8916,3238,01/01/2025,185
8917,3927,01/01/2025,95
8918,32,01/01/2025,112
8919,2241,01/01/2025,314
8920,1099,01/01/2025,529
8921,4351,01/01/2025,301
8922,2130,01/01/2025,399
8923,2538,01/01/2025,431
8924,4056,01/01/2025,308
8925,4459,01/01/2025,81
8926,669,01/01/2025,161
8927,1897,01/01/2025,3
8928,4871,01/01/2025,277
8929,3644,01/01/2025,67
8930,2128,01/01/2025,253
8931,4216,01/01/2025,45
8932,3522,01/01/2025,156
8933,3325,01/01/2025,433
8934,1186,01/01/2025,427
8935,3946,01/01/2025,368
8936,4861,01/01/2025,328
8937,2633,01/01/2025,82
8938,1484,01/01/2025,361
8939,1071,01/01/2025,83
8940,2700,01/01/2025,458
8941,57,01/01/2025,429
8942,28,01/01/2025,12
8943,2241,01/01/2025,255
8944,4585,01/01/2025,518
8945,124,01/01/2025,280
8946,1110,01/01/2025,177
8947,1589,01/01/2025,133
8948,42,01/01/2025,50
8949,1016,01/01/2025,50
8950,3234,01/01/2025,571
8951,4704,01/01/2025,68
8952,1772,01/01/2025,366
8953,3837,01/01/2025,567
8954,1806,01/01/2025,74
8955,2941,01/01/2025,280
8956,4133,01/01/2025,113
8957,3290,01/01/2025,278
8958,1966,01/01/2025,273
8959,4481,01/01/2025,57
8960,1926,01/01/2025,435
8961,965,01/01/2025,538
8962,2523,01/01/2025,32
8963,2625,01/01/2025,215
8964,2551,01/01/2025,127
8965,1654,01/01/2025,324
8966,4105,01/01/2025,243
8967,2071,01/01/2025,310
8968,4592,01/01/2025,328
8969,4635,01/01/2025,217
8970,544,01/01/2025,142
8971,3041,01/01/2025,479
8972,4199,01/01/2025,352
8973,1585,01/01/2025,198
8974,2022,01/01/2025,519
8975,2914,01/01/2025,299
8976,2582,01/01/2025,211
8977,2023,01/01/2025,451
8978,4624,01/01/2025,276
8979,4382,01/01/2025,447
8980,3793,01/01/2025,501
8981,4513,01/01/2025,371
8982,3310,01/01/2025,483
8983,3602,01/01/2025,159
8984,21,01/01/2025,370
8985,2037,01/01/2025,21
8986,2270,01/01/2025,549
8987,3404,01/01/2025,480
8988,2197,01/01/2025,449
8989,397,01/01/2025,555
8990,645,01/01/2025,81
8991,1722,01/01/2025,567
8992,23,01/01/2025,110
8993,404,01/01/2025,50
8994,3018,01/01/2025,490
8995,3157,01/01/2025,147
8996,1445,01/01/2025,77
8997,3426,01/01/2025,125
8998,812,01/01/2025,9
8999,1717,01/01/2025,557
9000,599,01/01/2025,299
9001,2959,01/01/2025,205
9002,2468,01/01/2025,132
9003,676,01/01/2025,37
9004,4159,01/01/2025,232
9005,4069,01/01/2025,324
9006,356,01/01/2025,3
9007,3100,01/01/2025,327
9008,2542,01/01/2025,483
9009,3342,01/01/2025,144
9010,4670,01/01/2025,440
9011,1827,01/01/2025,259
9012,4665,01/01/2025,388
9013,3681,01/01/2025,246
9014,3089,01/01/2025,531
9015,3720,01/01/2025,216
9016,2655,01/01/2025,515
9017,3425,01/01/2025,169
9018,4732,01/01/2025,215
9019,4077,01/01/2025,598
9020,3715,01/01/2025,208
9021,1907,01/01/2025,460
9022,4997,01/01/2025,462
9023,1496,01/01/2025,101
9024,4993,01/01/2025,163
9025,2247,01/01/2025,308
9026,2827,01/01/2025,8
9027,4673,01/01/2025,219
9028,1295,01/01/2025,188
9029,2722,01/01/2025,226
9030,3775,01/01/2025,104
9031,2161,01/01/2025,298
9032,905,01/01/2025,124
9033,3555,01/01/2025,157
9034,688,01/01/2025,364
9035,4172,01/01/2025,339
9036,2833,01/01/2025,306
9037,1598,01/01/2025,400
9038,4530,01/01/2025,171
9039,4403,01/01/2025,230
9040,2267,01/01/2025,550
9041,2059,01/01/2025,7
9042,2116,01/01/2025,554
9043,1424,01/01/2025,250
9044,503,01/01/2025,340
9045,2498,01/01/2025,446
9046,4999,01/01/2025,239
9047,3759,01/01/2025,279
9048,2858,01/01/2025,451
9049,47,01/01/2025,224
9050,4062,01/01/2025,297
9051,780,01/01/2025,284
9052,3544,01/01/2025,529
9053,1947,01/01/2025,238
9054,2592,01/01/2025,306
9055,739,01/01/2025,422
9056,3146,01/01/2025,322
9057,4764,01/01/2025,389
9058,2199,01/01/2025,275
9059,334,01/01/2025,280
9060,4460,01/01/2025,116
9061,3727,01/01/2025,484
9062,4159,01/01/2025,240
9063,3788,01/01/2025,210
9064,1278,01/01/2025,240
9065,4189,01/01/2025,484
9066,1055,01/01/2025,415
9067,3552,01/01/2025,151
9068,1640,01/01/2025,137
9069,3683,01/01/2025,492
9070,4658,01/01/2025,523
9071,508,01/01/2025,412
9072,4858,01/01/2025,570
9073,4781,01/01/2025,522
9074,2329,01/01/2025,504
9075,2964,01/01/2025,83
9076,1750,01/01/2025,557
9077,1678,01/01/2025,165
9078,2522,01/01/2025,130
9079,2528,01/01/2025,539
9080,979,01/01/2025,399
9081,4793,01/01/2025,251
9082,1676,01/01/2025,568
9083,1026,01/01/2025,550
9084,421,01/01/2025,478
9085,2960,01/01/2025,51
9086,1281,01/01/2025,551
9087,2636,01/01/2025,331
9088,1973,01/01/2025,423
9089,2076,01/01/2025,589
9090,3975,01/01/2025,498
9091,3764,01/01/2025,52
9092,1212,01/01/2025,297
9093,947,01/01/2025,290
9094,3147,01/01/2025,127
9095,1940,01/01/2025,414
9096,4443,01/01/2025,192
9097,3563,01/01/2025,594
9098,4777,01/01/2025,149
9099,1066,01/01/2025,584
9100,504,01/01/2025,350
9101,1882,01/01/2025,2
9102,4793,01/01/2025,296
9103,2262,01/01/2025,20
9104,1271,01/01/2025,430
9105,3256,01/01/2025,10
9106,1907,01/01/2025,316
9107,295,01/01/2025,111
9108,1198,01/01/2025,94
9109,2562,01/01/2025,93
9110,2784,01/01/2025,195
9111,4339,01/01/2025,594
9112,808,01/01/2025,496
9113,1474,01/01/2025,395
9114,4284,01/01/2025,49
9115,292,01/01/2025,372
9116,1292,01/01/2025,433
9117,1582,01/01/2025,213
9118,2380,01/01/2025,305
9119,2542,01/01/2025,529
9120,3725,01/01/2025,481
9121,2594,01/01/2025,238
9122,2143,01/01/2025,8
9123,3348,01/01/2025,221
9124,2836,01/01/2025,216
9125,2430,01/01/2025,516
9126,316,01/01/2025,113
9127,4861,01/01/2025,80
9128,1762,01/01/2025,573
9129,2161,01/01/2025,363
9130,3763,01/01/2025,411
9131,4359,01/01/2025,532
9132,3610,01/01/2025,146
9133,425,01/01/2025,577
9134,3321,01/01/2025,284
9135,2887,01/01/2025,551
9136,1900,01/01/2025,509
9137,1751,01/01/2025,362
9138,4853,01/01/2025,59
9139,2278,01/01/2025,182
9140,2378,01/01/2025,412
9141,490,01/01/2025,67
9142,3387,01/01/2025,96
9143,3130,01/01/2025,84
9144,697,01/01/2025,290
9145,3848,01/01/2025,165
9146,117,01/01/2025,465
9147,4427,01/01/2025,382
9148,2105,01/01/2025,321
9149,4138,01/01/2025,151
9150,1037,01/01/2025,510
9151,1334,01/01/2025,285
9152,1597,01/01/2025,580
9153,1193,01/01/2025,533
9154,4777,01/01/2025,128
9155,2616,01/01/2025,64
9156,2154,01/01/2025,341
9157,4154,01/01/2025,152
9158,3450,01/01/2025,162
9159,845,01/01/2025,432
9160,3262,01/01/2025,126
9161,1198,01/01/2025,505
9162,3250,01/01/2025,195
9163,228,01/01/2025,182
9164,954,01/01/2025,214
9165,4397,01/01/2025,515
9166,3256,01/01/2025,400
9167,1742,01/01/2025,184
9168,4149,01/01/2025,342
9169,721,01/01/2025,191
9170,1297,01/01/2025,473
9171,2474,01/01/2025,470
9172,1630,01/01/2025,281
9173,3996,01/01/2025,81
9174,4444,01/01/2025,91
9175,1675,01/01/2025,255
9176,3334,01/01/2025,70
9177,1285,01/01/2025,52
9178,136,01/01/2025,397
9179,4360,01/01/2025,288
9180,2430,01/01/2025,71
9181,796,01/01/2025,28
9182,3517,01/01/2025,508
9183,2729,01/01/2025,12
9184,3463,01/01/2025,137
9185,4215,01/01/2025,61
9186,2390,01/01/2025,224
9187,4406,01/01/2025,255
9188,2397,01/01/2025,424
9189,4763,01/01/2025,180
9190,1625,01/01/2025,40
9191,3341,01/01/2025,142
9192,3621,01/01/2025,240
9193,221,01/01/2025,113
9194,2680,01/01/2025,443
9195,3696,01/01/2025,143
9196,2682,01/01/2025,384
9197,3353,01/01/2025,537
9198,258,01/01/2025,233
9199,113,01/01/2025,285
9200,4729,01/01/2025,476
9201,1105,01/01/2025,68
9202,3681,01/01/2025,76
9203,13,01/01/2025,339
9204,122,01/01/2025,239
9205,1343,01/01/2025,306
9206,4262,01/01/2025,573
9207,904,01/01/2025,234
9208,4282,01/01/2025,171
9209,3846,01/01/2025,66
9210,3470,01/01/2025,599
9211,1264,01/01/2025,444
9212,551,01/01/2025,88
9213,2791,01/01/2025,231
9214,2507,01/01/2025,24
9215,2529,01/01/2025,307
9216,2501,01/01/2025,549
9217,3472,01/01/2025,30
9218,2262,01/01/2025,126
9219,2543,01/01/2025,394
9220,1292,01/01/2025,558
9221,3029,01/01/2025,397
9222,1928,01/01/2025,245
9223,1818,01/01/2025,538
9224,4839,01/01/2025,532
9225,3408,01/01/2025,584
9226,74,01/01/2025,165
9227,863,01/01/2025,592
9228,2197,01/01/2025,485
9229,924,01/01/2025,464
9230,1181,01/01/2025,38
9231,161,01/01/2025,557
9232,4877,01/01/2025,547
9233,1952,01/01/2025,511
9234,4059,01/01/2025,375
9235,120,01/01/2025,278
9236,3880,01/01/2025,331
9237,1825,01/01/2025,230
9238,2698,01/01/2025,157
9239,1914,01/01/2025,534
9240,894,01/01/2025,244
9241,2516,01/01/2025,580
9242,1711,01/01/2025,524
9243,2443,01/01/2025,541
9244,3966,01/01/2025,189
9245,1097,01/01/2025,365
9246,331,01/01/2025,288
9247,2328,01/01/2025,443
9248,159,01/01/2025,573
9249,790,01/01/2025,424
9250,1308,01/01/2025,588
9251,3353,01/01/2025,346
9252,1759,01/01/2025,528
9253,3714,01/01/2025,562
9254,2688,01/01/2025,578
9255,3507,01/01/2025,362
9256,4829,01/01/2025,443
9257,3693,01/01/2025,163
9258,3564,01/01/2025,180
9259,356,01/01/2025,339
9260,4496,01/01/2025,560
9261,1461,01/01/2025,500
9262,3087,01/01/2025,594
9263,2849,01/01/2025,529
9264,3037,01/01/2025,364
9265,1486,01/01/2025,548
9266,3846,01/01/2025,462
9267,1938,01/01/2025,561
9268,1132,01/01/2025,124
9269,2840,01/01/2025,209
9270,3039,01/01/2025,127
9271,3012,01/01/2025,425
9272,4297,01/01/2025,47
9273,3773,01/01/2025,373
9274,4870,01/01/2025,212
9275,3842,01/01/2025,522
9276,2121,01/01/2025,523
9277,331,01/01/2025,295
9278,332,01/01/2025,80
9279,3168,01/01/2025,174
9280,4178,01/01/2025,287
9281,3589,01/01/2025,147
9282,4975,01/01/2025,416
9283,1259,01/01/2025,460
9284,2558,01/01/2025,295
9285,1011,01/01/2025,594
9286,4427,01/01/2025,11
9287,1961,01/01/2025,558
9288,4684,01/01/2025,50
9289,3460,01/01/2025,94
9290,4884,01/01/2025,222
9291,3497,01/01/2025,254
9292,3993,01/01/2025,590
9293,680,01/01/2025,487
9294,4798,01/01/2025,3
9295,1692,01/01/2025,57
9296,3090,01/01/2025,393
9297,2746,01/01/2025,328
9298,4103,01/01/2025,71
9299,1741,01/01/2025,564
9300,1016,01/01/2025,240
9301,3183,01/01/2025,80
9302,2450,01/01/2025,461
9303,2030,01/01/2025,39
9304,2883,01/01/2025,482
9305,1135,01/01/2025,574
9306,4246,01/01/2025,446
9307,2244,01/01/2025,345
9308,4349,01/01/2025,43
9309,358,01/01/2025,212
9310,661,01/01/2025,184
9311,2988,01/01/2025,254
9312,2818,01/01/2025,551
9313,2251,01/01/2025,244
9314,3148,01/01/2025,549
9315,3823,01/01/2025,485
9316,2133,01/01/2025,410
9317,3717,01/01/2025,425
9318,2892,01/01/2025,114
9319,4656,01/01/2025,129
9320,2779,01/01/2025,325
9321,288,01/01/2025,66
9322,297,01/01/2025,534
9323,305,01/01/2025,560
9324,3884,01/01/2025,318
9325,704,01/01/2025,59
9326,3849,01/01/2025,597
9327,571,01/01/2025,174
9328,1541,01/01/2025,146
9329,818,01/01/2025,411
9330,2739,01/01/2025,251
9331,4261,01/01/2025,130
9332,148,01/01/2025,116
9333,4988,01/01/2025,33
9334,3155,01/01/2025,483
9335,3121,01/01/2025,503
9336,3644,01/01/2025,318
9337,376,01/01/2025,313
9338,4263,01/01/2025,155
9339,2209,01/01/2025,197
9340,4210,01/01/2025,136
9341,2581,01/01/2025,485
9342,3717,01/01/2025,207
9343,3510,01/01/2025,230
9344,1529,01/01/2025,13
9345,1902,01/01/2025,413
9346,3699,01/01/2025,375
9347,3132,01/01/2025,185
9348,3569,01/01/2025,322
9349,4297,01/01/2025,508
9350,3662,01/01/2025,412
9351,4740,01/01/2025,94
9352,1148,01/01/2025,80
9353,1075,01/01/2025,562
9354,2219,01/01/2025,78
9355,2226,01/01/2025,597
9356,2647,01/01/2025,194
9357,272,01/01/2025,520
9358,300,01/01/2025,230
9359,4873,01/01/2025,244
9360,178,01/01/2025,182
9361,2471,01/01/2025,126
9362,152,01/01/2025,580
9363,3851,01/01/2025,66
9364,3949,01/01/2025,23
9365,825,01/01/2025,251
9366,1995,01/01/2025,552
9367,4223,01/01/2025,141
9368,1206,01/01/2025,498
9369,4842,01/01/2025,168
9370,776,01/01/2025,513
9371,3473,01/01/2025,521
9372,1528,01/01/2025,333
9373,2604,01/01/2025,376
9374,4089,01/01/2025,187
9375,893,01/01/2025,551
9376,3410,01/01/2025,319
9377,521,01/01/2025,418
9378,3475,01/01/2025,33
9379,4831,01/01/2025,122
9380,520,01/01/2025,156
9381,805,01/01/2025,316
9382,522,01/01/2025,365
9383,708,01/01/2025,542
9384,2443,01/01/2025,92
9385,3123,01/01/2025,19
9386,1823,01/01/2025,16
9387,2989,01/01/2025,89
9388,3852,01/01/2025,364
9389,2331,01/01/2025,54
9390,2681,01/01/2025,592
9391,1621,01/01/2025,339
9392,1419,01/01/2025,312
9393,442,01/01/2025,21
9394,134,01/01/2025,107
9395,755,01/01/2025,345
9396,1203,01/01/2025,461
9397,4384,01/01/2025,360
9398,1688,01/01/2025,567
9399,4934,01/01/2025,573
9400,3023,01/01/2025,183
9401,1604,01/01/2025,413
9402,119,01/01/2025,141
9403,2164,01/01/2025,277
9404,36,01/01/2025,553
9405,52,01/01/2025,205
9406,729,01/01/2025,203
9407,4794,01/01/2025,12
9408,2713,01/01/2025,237
9409,74,01/01/2025,548
9410,2738,01/01/2025,182
9411,3960,01/01/2025,310
9412,1638,01/01/2025,199
9413,1474,01/01/2025,266
9414,340,01/01/2025,447
9415,4656,01/01/2025,221
9416,3474,01/01/2025,122
9417,4114,01/01/2025,415
9418,4187,01/01/2025,36
9419,3366,01/01/2025,300
9420,4591,01/01/2025,342
9421,126,01/01/2025,408
9422,3456,01/01/2025,251
9423,567,01/01/2025,519
9424,2289,01/01/2025,74
9425,3644,01/01/2025,455
9426,4228,01/01/2025,53
9427,47,01/01/2025,553
9428,995,01/01/2025,170
9429,500,01/01/2025,173
9430,2403,01/01/2025,191
9431,3909,01/01/2025,222
9432,3152,01/01/2025,154
9433,1121,01/01/2025,309
9434,419,01/01/2025,397
9435,2266,01/01/2025,317
9436,4261,01/01/2025,386
9437,1717,01/01/2025,208
9438,4064,01/01/2025,350
9439,2781,01/01/2025,335
9440,785,01/01/2025,97
9441,3928,01/01/2025,292
9442,1047,01/01/2025,29
9443,3332,01/01/2025,477
9444,1588,01/01/2025,342
9445,3153,01/01/2025,176
9446,568,01/01/2025,366
9447,3322,01/01/2025,198
9448,945,01/01/2025,27
9449,2651,01/01/2025,472
9450,4787,01/01/2025,261
9451,3189,01/01/2025,25
9452,2387,01/01/2025,119
9453,4683,01/01/2025,562
9454,4181,01/01/2025,555
9455,759,01/01/2025,304
9456,4092,01/01/2025,359
9457,4737,01/01/2025,246
9458,2674,01/01/2025,374
9459,4805,01/01/2025,95
9460,132,01/01/2025,321
9461,1714,01/01/2025,380
9462,3598,01/01/2025,456
9463,4777,01/01/2025,590
9464,2562,01/01/2025,318
9465,4176,01/01/2025,298
9466,3852,01/01/2025,111
9467,2271,01/01/2025,531
9468,441,01/01/2025,569
9469,4094,01/01/2025,581
9470,2943,01/01/2025,183
9471,444,01/01/2025,381
9472,2496,01/01/2025,184
9473,2671,01/01/2025,354
9474,3076,01/01/2025,90
9475,776,01/01/2025,491
9476,3834,01/01/2025,318
9477,4593,01/01/2025,375
9478,113,01/01/2025,360
9479,4460,01/01/2025,7
9480,625,01/01/2025,197
9481,4964,01/01/2025,157
9482,4668,01/01/2025,245
9483,2801,01/01/2025,95
9484,931,01/01/2025,360
9485,4705,01/01/2025,185
9486,1659,01/01/2025,430
9487,4086,01/01/2025,284
9488,4985,01/01/2025,513
9489,1801,01/01/2025,246
9490,3589,01/01/2025,267
9491,3465,01/01/2025,131
9492,4014,01/01/2025,484
9493,3662,01/01/2025,532
9494,1427,01/01/2025,158
9495,1202,01/01/2025,66
9496,1152,01/01/2025,476
9497,1731,01/01/2025,459
9498,1942,01/01/2025,574
9499,2297,01/01/2025,597
9500,859,01/01/2025,299
9501,73,01/01/2025,548
9502,3158,01/01/2025,76
9503,4001,01/01/2025,34
9504,76,01/01/2025,88
9505,4285,01/01/2025,332
9506,3260,01/01/2025,297
9507,4232,01/01/2025,58
9508,125,01/01/2025,570
9509,4930,01/01/2025,111
9510,569,01/01/2025,335
9511,2364,01/01/2025,91
9512,1578,01/01/2025,217
9513,2235,01/01/2025,151
9514,4934,01/01/2025,31
9515,3766,01/01/2025,218
9516,276,01/01/2025,145
9517,1254,01/01/2025,430
9518,4706,01/01/2025,314
9519,1679,01/01/2025,50
9520,719,01/01/2025,150
9521,723,01/01/2025,305
9522,1764,01/01/2025,486
9523,3226,01/01/2025,290
9524,2547,01/01/2025,43
9525,1770,01/01/2025,512
9526,3343,01/01/2025,492
9527,3619,01/01/2025,81
9528,2707,01/01/2025,310
9529,2935,01/01/2025,261
9530,2749,01/01/2025,89
9531,2966,01/01/2025,167
9532,2450,01/01/2025,573
9533,4332,01/01/2025,416
9534,2664,01/01/2025,557
9535,577,01/01/2025,118
9536,3714,01/01/2025,121
9537,1571,01/01/2025,94
9538,4652,01/01/2025,142
9539,1010,01/01/2025,417
9540,976,01/01/2025,425
9541,3629,01/01/2025,7
9542,1083,01/01/2025,188
9543,2436,01/01/2025,39
9544,3307,01/01/2025,7
9545,1695,01/01/2025,551
9546,263,01/01/2025,253
9547,4274,01/01/2025,268
9548,1743,01/01/2025,137
9549,4634,01/01/2025,388
9550,4382,01/01/2025,311
9551,1727,01/01/2025,206
9552,1183,01/01/2025,454
9553,1373,01/01/2025,369
9554,3691,01/01/2025,174
9555,2332,01/01/2025,438
9556,1752,01/01/2025,278
9557,270,01/01/2025,447
9558,3928,01/01/2025,504
9559,3604,01/01/2025,62
9560,634,01/01/2025,163
9561,3248,01/01/2025,195
9562,1389,01/01/2025,459
9563,4923,01/01/2025,33
9564,4805,01/01/2025,289
9565,4981,01/01/2025,74
9566,409,01/01/2025,570
9567,4525,01/01/2025,29
9568,2678,01/01/2025,589
9569,4106,01/01/2025,595
9570,1179,01/01/2025,335
9571,3696,01/01/2025,579
9572,1567,01/01/2025,445
9573,4994,01/01/2025,128
9574,3056,01/01/2025,371
9575,3172,01/01/2025,194
9576,3648,01/01/2025,4
9577,4425,01/01/2025,6
9578,298,01/01/2025,79
9579,273,01/01/2025,146
9580,1253,01/01/2025,437
9581,2527,01/01/2025,332
9582,2605,01/01/2025,389
9583,2428,01/01/2025,246
9584,1,01/01/2025,175
9585,3742,01/01/2025,504
9586,1854,01/01/2025,272
9587,819,01/01/2025,235
9588,401,01/01/2025,176
9589,494,01/01/2025,319
9590,974,01/01/2025,217
9591,811,01/01/2025,304
9592,4617,01/01/2025,515
9593,4182,01/01/2025,515
9594,381,01/01/2025,171
9595,1033,01/01/2025,598
9596,3246,01/01/2025,435
9597,4549,01/01/2025,563
9598,2329,01/01/2025,32
9599,619,01/01/2025,28
9600,1705,01/01/2025,405
9601,3413,01/01/2025,258
9602,2450,01/01/2025,336
9603,52,01/01/2025,390
9604,1087,01/01/2025,596
9605,2912,01/01/2025,598
9606,2275,01/01/2025,429
9607,2447,01/01/2025,44
9608,4377,01/01/2025,365
9609,3893,01/01/2025,18
9610,3267,01/01/2025,284
9611,4095,01/01/2025,521
9612,4719,01/01/2025,188
9613,320,01/01/2025,424
9614,4868,01/01/2025,170
9615,4697,01/01/2025,200
9616,1725,01/01/2025,402
9617,2337,01/01/2025,536
9618,885,01/01/2025,326
9619,3664,01/01/2025,268
9620,4124,01/01/2025,535
9621,1984,01/01/2025,263
9622,572,01/01/2025,142
9623,27,01/01/2025,81
9624,2722,01/01/2025,444
9625,4530,01/01/2025,388
9626,3755,01/01/2025,562
9627,2490,01/01/2025,123
9628,3448,01/01/2025,395
9629,1821,01/01/2025,206
9630,4027,01/01/2025,362
9631,406,01/01/2025,446
9632,4044,01/01/2025,102
9633,2040,01/01/2025,356
9634,221,01/01/2025,504
9635,3902,01/01/2025,238
9636,1955,01/01/2025,456
9637,876,01/01/2025,485
9638,382,01/01/2025,427
9639,4314,01/01/2025,317
9640,1242,01/01/2025,135
9641,151,01/01/2025,301
9642,2895,01/01/2025,494
9643,2429,01/01/2025,55
9644,3760,01/01/2025,254
9645,1835,01/01/2025,583
9646,1725,01/01/2025,431
9647,2525,01/01/2025,428
9648,4100,01/01/2025,186
9649,266,01/01/2025,253
9650,4347,01/01/2025,232
9651,3765,01/01/2025,558
9652,1575,01/01/2025,170
9653,3865,01/01/2025,183
9654,172,01/01/2025,4
9655,2315,01/01/2025,431
9656,3313,01/01/2025,53
9657,610,01/01/2025,547
9658,2060,01/01/2025,180
9659,2963,01/01/2025,589
9660,1679,01/01/2025,150
9661,2712,01/01/2025,167
9662,4869,01/01/2025,498
9663,1155,01/01/2025,485
9664,1579,01/01/2025,411
9665,4099,01/01/2025,585
9666,3825,01/01/2025,595
9667,4770,01/01/2025,564
9668,399,01/01/2025,56
9669,1511,01/01/2025,50
9670,418,01/01/2025,112
9671,4387,01/01/2025,193
9672,525,01/01/2025,60
9673,3152,01/01/2025,88
9674,1548,01/01/2025,516
9675,3571,01/01/2025,246
9676,1414,01/01/2025,438
9677,4397,01/01/2025,38
9678,4781,01/01/2025,568
9679,2714,01/01/2025,351
9680,2714,01/01/2025,267
9681,1383,01/01/2025,558
9682,168,01/01/2025,549
9683,3478,01/01/2025,62
9684,4959,01/01/2025,105
9685,3012,01/01/2025,385
9686,3517,01/01/2025,264
9687,3938,01/01/2025,214
9688,2005,01/01/2025,243
9689,2415,01/01/2025,257
9690,2269,01/01/2025,329
9691,231,01/01/2025,20
9692,1292,01/01/2025,48
9693,783,01/01/2025,268
9694,4255,01/01/2025,531
9695,2649,01/01/2025,264
9696,1402,01/01/2025,299
9697,2746,01/01/2025,64
9698,1617,01/01/2025,481
9699,440,01/01/2025,225
9700,1627,01/01/2025,568
9701,4918,01/01/2025,186
9702,2448,01/01/2025,353
9703,763,01/01/2025,77
9704,1813,01/01/2025,589
9705,4458,01/01/2025,581
9706,4502,01/01/2025,287
9707,3806,01/01/2025,312
9708,405,01/01/2025,274
9709,1471,01/01/2025,511
9710,1261,01/01/2025,78
9711,2381,01/01/2025,95
9712,4646,01/01/2025,426
9713,1198,01/01/2025,172
9714,654,01/01/2025,483
9715,1777,01/01/2025,52
9716,3006,01/01/2025,345
9717,2707,01/01/2025,371
9718,693,01/01/2025,448
9719,2017,01/01/2025,269
9720,3550,01/01/2025,425
9721,4928,01/01/2025,377
9722,1780,01/01/2025,246
9723,3966,01/01/2025,456
9724,2172,01/01/2025,546
9725,1245,01/01/2025,97
9726,4516,01/01/2025,303
9727,56,01/01/2025,375
9728,3304,01/01/2025,300
9729,3232,01/01/2025,551
9730,3369,01/01/2025,93
9731,2448,01/01/2025,350
9732,197,01/01/2025,35
9733,886,01/01/2025,506
9734,3619,01/01/2025,499
9735,4894,01/01/2025,84
9736,16,01/01/2025,15
9737,12,01/01/2025,101
9738,4484,01/01/2025,188
9739,194,01/01/2025,276
9740,2797,01/01/2025,231
9741,2373,01/01/2025,112
9742,3676,01/01/2025,512
9743,1580,01/01/2025,50
9744,1375,01/01/2025,331
9745,3510,01/01/2025,275
9746,4132,01/01/2025,8
9747,1174,01/01/2025,94
9748,1612,01/01/2025,38
9749,4899,01/01/2025,340
9750,1412,01/01/2025,417
9751,3968,01/01/2025,124
9752,3074,01/01/2025,197
9753,2577,01/01/2025,399
9754,3561,01/01/2025,461
9755,3651,01/01/2025,520
9756,866,01/01/2025,429
9757,1847,01/01/2025,348
9758,880,01/01/2025,465
9759,1964,01/01/2025,563
9760,3881,01/01/2025,545
9761,3529,01/01/2025,502
9762,4064,01/01/2025,510
9763,3842,01/01/2025,585
9764,1570,01/01/2025,189
9765,2776,01/01/2025,188
9766,633,01/01/2025,151
9767,2896,01/01/2025,87
9768,880,01/01/2025,238
9769,3818,01/01/2025,126
9770,2947,01/01/2025,375
9771,4414,01/01/2025,101
9772,2649,01/01/2025,430
9773,3551,01/01/2025,102
9774,1978,01/01/2025,124
9775,314,01/01/2025,235
9776,2421,01/01/2025,28
9777,2040,01/01/2025,499
9778,3894,01/01/2025,70
9779,2389,01/01/2025,371
9780,3074,01/01/2025,129
9781,2958,01/01/2025,392
9782,3651,01/01/2025,218
9783,4051,01/01/2025,205
9784,3648,01/01/2025,58
9785,4641,01/01/2025,316
9786,3769,01/01/2025,310
9787,330,01/01/2025,339
9788,857,01/01/2025,303
9789,1164,01/01/2025,89
9790,529,01/01/2025,284
9791,1675,01/01/2025,481
9792,1839,01/01/2025,136
9793,613,01/01/2025,350
9794,2340,01/01/2025,69
9795,4273,01/01/2025,448
9796,48,01/01/2025,139
9797,4767,01/01/2025,113
9798,3527,01/01/2025,392
9799,3465,01/01/2025,101
9800,317,01/01/2025,532
9801,4683,01/01/2025,198
9802,1459,01/01/2025,37
9803,3313,01/01/2025,244
9804,4489,01/01/2025,236
9805,4693,01/01/2025,409
9806,1421,01/01/2025,53
9807,1855,01/01/2025,435
9808,4249,01/01/2025,116
9809,661,01/01/2025,526
9810,757,01/01/2025,50
9811,30,01/01/2025,453
9812,272,01/01/2025,14
9813,3180,01/01/2025,152
9814,1797,01/01/2025,401
9815,854,01/01/2025,533
9816,2212,01/01/2025,515
9817,1939,01/01/2025,125
9818,2000,01/01/2025,129
9819,1963,01/01/2025,73
9820,2153,01/01/2025,15
9821,2661,01/01/2025,278
9822,2944,01/01/2025,419
9823,1059,01/01/2025,414
9824,1782,01/01/2025,496
9825,1520,01/01/2025,550
9826,529,01/01/2025,276
9827,4887,01/01/2025,384
9828,3762,01/01/2025,79
9829,1725,01/01/2025,360
9830,2573,01/01/2025,51
9831,415,01/01/2025,562
9832,3113,01/01/2025,408
9833,3760,01/01/2025,369
9834,1444,01/01/2025,322
9835,4514,01/01/2025,488
9836,4103,01/01/2025,478
9837,3003,01/01/2025,158
9838,3520,01/01/2025,290
9839,1837,01/01/2025,158
9840,524,01/01/2025,496
9841,421,01/01/2025,597
9842,4895,01/01/2025,227
9843,918,01/01/2025,412
9844,2603,01/01/2025,61
9845,1022,01/01/2025,334
9846,571,01/01/2025,231
9847,400,01/01/2025,591
9848,971,01/01/2025,405
9849,3407,01/01/2025,579
9850,1089,01/01/2025,281
9851,3894,01/01/2025,64
9852,1729,01/01/2025,280
9853,2700,01/01/2025,190
9854,1298,01/01/2025,87
9855,4193,01/01/2025,392
9856,4478,01/01/2025,436
9857,3692,01/01/2025,476
9858,3052,01/01/2025,231
9859,2041,01/01/2025,33
9860,3983,01/01/2025,518
9861,2482,01/01/2025,13
9862,3247,01/01/2025,528
9863,1347,01/01/2025,154
9864,222,01/01/2025,213
9865,2233,01/01/2025,559
9866,3177,01/01/2025,376
9867,4446,01/01/2025,530
9868,163,01/01/2025,518
9869,3453,01/01/2025,419
9870,2830,01/01/2025,595
9871,604,01/01/2025,114
9872,4656,01/01/2025,566
9873,4705,01/01/2025,598
9874,3960,01/01/2025,438
9875,3905,01/01/2025,476
9876,1885,01/01/2025,487
9877,3642,01/01/2025,339
9878,4607,01/01/2025,433
9879,1971,01/01/2025,296
9880,913,01/01/2025,107
9881,64,01/01/2025,252
9882,856,01/01/2025,145
9883,1133,01/01/2025,174
9884,1534,01/01/2025,155
9885,1656,01/01/2025,8
9886,459,01/01/2025,163
9887,3890,01/01/2025,553
9888,4977,01/01/2025,548
9889,1745,01/01/2025,339
9890,2379,01/01/2025,561
9891,3220,01/01/2025,30
9892,73,01/01/2025,14
9893,2964,01/01/2025,163
9894,3458,01/01/2025,60
9895,2207,01/01/2025,399
9896,1106,01/01/2025,159
9897,3907,01/01/2025,536
9898,1710,01/01/2025,379
9899,440,01/01/2025,474
9900,1966,01/01/2025,392
9901,1402,01/01/2025,1
9902,1146,01/01/2025,195
9903,1605,01/01/2025,477
9904,3251,01/01/2025,458
9905,2148,01/01/2025,262
9906,4856,01/01/2025,115
9907,2893,01/01/2025,170
9908,3708,01/01/2025,491
9909,1438,01/01/2025,87
9910,2721,01/01/2025,250
9911,4662,01/01/2025,595
9912,4638,01/01/2025,582
9913,1111,01/01/2025,412
9914,3498,01/01/2025,0
9915,3410,01/01/2025,488
9916,550,01/01/2025,340
9917,2405,01/01/2025,229
9918,2707,01/01/2025,380
9919,911,01/01/2025,55
9920,1277,01/01/2025,344
9921,1474,01/01/2025,357
9922,2205,01/01/2025,165
9923,3414,01/01/2025,357
9924,1397,01/01/2025,436
9925,4891,01/01/2025,421
9926,757,01/01/2025,421
9927,1672,01/01/2025,300
9928,3485,01/01/2025,289
9929,2938,01/01/2025,375
9930,2037,01/01/2025,525
9931,3603,01/01/2025,463
9932,2858,01/01/2025,525
9933,2783,01/01/2025,133
9934,2130,01/01/2025,106
9935,2229,01/01/2025,584
9936,2854,01/01/2025,265
9937,1296,01/01/2025,104
9938,4529,01/01/2025,249
9939,1391,01/01/2025,317
9940,2943,01/01/2025,105
9941,586,01/01/2025,520
9942,2322,01/01/2025,330
9943,1653,01/01/2025,34
9944,4692,01/01/2025,123
9945,609,01/01/2025,419
9946,4636,01/01/2025,74
9947,4597,01/01/2025,241
9948,4890,01/01/2025,563
9949,3616,01/01/2025,491
9950,1760,01/01/2025,249
9951,3206,01/01/2025,63
9952,3612,01/01/2025,167
9953,1977,01/01/2025,69
9954,1656,01/01/2025,392
9955,2279,01/01/2025,416
9956,4541,01/01/2025,285
9957,4296,01/01/2025,47
9958,3794,01/01/2025,152
9959,1736,01/01/2025,296
9960,4388,01/01/2025,429
9961,563,01/01/2025,98
9962,3017,01/01/2025,130
9963,544,01/01/2025,535
9964,2275,01/01/2025,217
9965,1896,01/01/2025,49
9966,817,01/01/2025,77
9967,4570,01/01/2025,182
9968,639,01/01/2025,539
9969,1017,01/01/2025,468
9970,4175,01/01/2025,591
9971,1889,01/01/2025,315
9972,3260,01/01/2025,124
9973,2515,01/01/2025,59
9974,1939,01/01/2025,517
9975,1902,01/01/2025,506
9976,3265,01/01/2025,342
9977,4150,01/01/2025,184
9978,1781,01/01/2025,41
9979,3534,01/01/2025,490
9980,1655,01/01/2025,410
9981,391,01/01/2025,250
9982,3254,01/01/2025,195
9983,2191,01/01/2025,401
9984,723,01/01/2025,289
9985,3662,01/01/2025,322
9986,942,01/01/2025,248
9987,4643,01/01/2025,446
9988,17,01/01/2025,520
9989,1390,01/01/2025,325
9990,213,01/01/2025,63
9991,1652,01/01/2025,64
9992,609,01/01/2025,146
9993,32,01/01/2025,450
9994,4156,01/01/2025,534
9995,4065,01/01/2025,525
9996,2907,01/01/2025,22
9997,3089,01/01/2025,41
9998,4353,01/01/2025,424
9999,1649,01/01/2025,219
10000,1668,01/01/2025,299
10001,2118,01/01/2025,481
10002,262,01/01/2025,577
10003,2008,01/01/2025,178
10004,1800,01/01/2025,276
10005,3467,01/01/2025,192
10006,859,01/01/2025,41
10007,2404,01/01/2025,292
10008,1936,01/01/2025,172
10009,2361,01/01/2025,252
10010,1540,01/01/2025,100
10011,4648,01/01/2025,146
10012,4691,01/01/2025,582
10013,4958,01/01/2025,484
10014,3517,01/01/2025,353
10015,4197,01/01/2025,490
10016,4797,01/01/2025,370
10017,2202,01/01/2025,108
10018,3151,01/01/2025,22
10019,1821,01/01/2025,325
10020,3262,01/01/2025,216
10021,2981,01/01/2025,304
10022,3312,01/01/2025,209
10023,2114,01/01/2025,93
10024,3247,01/01/2025,24
10025,4812,01/01/2025,543
10026,974,01/01/2025,245
10027,1040,01/01/2025,323
10028,3780,01/01/2025,276
10029,1016,01/01/2025,78
10030,1374,01/01/2025,179
10031,2963,01/01/2025,213
10032,2859,01/01/2025,83
10033,507,01/01/2025,423
10034,3978,01/01/2025,136
10035,2374,01/01/2025,331
10036,4070,01/01/2025,530
10037,997,01/01/2025,358
10038,4693,01/01/2025,334
10039,1168,01/01/2025,490
10040,455,01/01/2025,428
10041,4382,01/01/2025,95
10042,2243,01/01/2025,497
10043,4180,01/01/2025,583
10044,3455,01/01/2025,95
10045,880,01/01/2025,21
10046,3868,01/01/2025,117
10047,4108,01/01/2025,440
10048,4864,01/01/2025,1
10049,3194,01/01/2025,321
10050,2914,01/01/2025,58
10051,2981,01/01/2025,145
10052,3397,01/01/2025,52
10053,9,01/01/2025,488
10054,2209,01/01/2025,132
10055,1874,01/01/2025,125
10056,364,01/01/2025,563
10057,1851,01/01/2025,291
10058,591,01/01/2025,388
10059,4642,01/01/2025,381
10060,600,01/01/2025,412
10061,620,01/01/2025,168
10062,689,01/01/2025,573
10063,1522,01/01/2025,301
10064,1552,01/01/2025,322
10065,3100,01/01/2025,204
10066,2296,01/01/2025,433
10067,4455,01/01/2025,127
10068,746,01/01/2025,423
10069,3841,01/01/2025,370
10070,4428,01/01/2025,408
10071,433,01/01/2025,57
10072,1459,01/01/2025,445
10073,3591,01/01/2025,483
10074,3958,01/01/2025,314
10075,3412,01/01/2025,251
10076,4860,01/01/2025,64
10077,775,01/01/2025,114
10078,3153,01/01/2025,501
10079,4254,01/01/2025,508
10080,4927,01/01/2025,409
10081,2854,01/01/2025,49
10082,1638,01/01/2025,548
10083,4250,01/01/2025,442
10084,4399,01/01/2025,78
10085,931,01/01/2025,342
10086,1458,01/01/2025,583
10087,1876,01/01/2025,143
10088,4546,01/01/2025,586
10089,4998,01/01/2025,164
10090,2903,01/01/2025,430
10091,3903,01/01/2025,230
10092,4270,01/01/2025,183
10093,1186,01/01/2025,436
10094,248,01/01/2025,454
10095,3844,01/01/2025,251
10096,3810,01/01/2025,59
10097,1182,01/01/2025,493
10098,551,01/01/2025,10
10099,536,01/01/2025,337
10100,3950,01/01/2025,101
10101,346,01/01/2025,149
10102,2430,01/01/2025,173
10103,3143,01/01/2025,401
10104,1031,01/01/2025,433
10105,3911,01/01/2025,372
10106,3759,01/01/2025,457
10107,3236,01/01/2025,513
10108,1889,01/01/2025,89
10109,867,01/01/2025,207
10110,1081,01/01/2025,245
10111,4916,01/01/2025,214
10112,1529,01/01/2025,133
10113,4256,01/01/2025,496
10114,3032,01/01/2025,218
10115,4629,01/01/2025,152
10116,818,01/01/2025,131
10117,2062,01/01/2025,291
10118,999,01/01/2025,562
10119,4326,01/01/2025,472
10120,2742,01/01/2025,445
10121,232,01/01/2025,243
10122,4187,01/01/2025,409
10123,2945,01/01/2025,539
10124,949,01/01/2025,88
10125,1176,01/01/2025,564
10126,4669,01/01/2025,111
10127,3839,01/01/2025,457
10128,1720,01/01/2025,130
10129,1254,01/01/2025,117
10130,80,01/01/2025,404
10131,4081,01/01/2025,459
10132,2768,01/01/2025,79
10133,851,01/01/2025,544
10134,1138,01/01/2025,412
10135,1056,01/01/2025,135
10136,1061,01/01/2025,592
10137,2322,01/01/2025,232
10138,2485,01/01/2025,524
10139,2458,01/01/2025,488
10140,2710,01/01/2025,308
10141,2039,01/01/2025,125
10142,1797,01/01/2025,112
10143,1888,01/01/2025,470
10144,3450,01/01/2025,235
10145,3822,01/01/2025,355
10146,488,01/01/2025,134
10147,4791,01/01/2025,99
10148,1842,01/01/2025,518
10149,2833,01/01/2025,428
10150,1548,01/01/2025,525
10151,3568,01/01/2025,249
10152,4152,01/01/2025,293
10153,1893,01/01/2025,158
10154,3437,01/01/2025,250
10155,3831,01/01/2025,505
10156,2432,01/01/2025,451
10157,1921,01/01/2025,83
10158,4268,01/01/2025,249
10159,1790,01/01/2025,250
10160,3246,01/01/2025,15
10161,1145,01/01/2025,306
10162,4508,01/01/2025,401
10163,303,01/01/2025,400
10164,1480,01/01/2025,358
10165,3847,01/01/2025,233
10166,2292,01/01/2025,248
10167,4627,01/01/2025,284
10168,1331,01/01/2025,554
10169,2117,01/01/2025,541
10170,1633,01/01/2025,478
10171,3405,01/01/2025,547
10172,70,01/01/2025,407
10173,942,01/01/2025,180
10174,1994,01/01/2025,292
10175,2876,01/01/2025,591
10176,2635,01/01/2025,463
10177,2347,01/01/2025,160
10178,1170,01/01/2025,66
10179,4990,01/01/2025,456
10180,4510,01/01/2025,74
10181,4047,01/01/2025,249
10182,4463,01/01/2025,463
10183,3884,01/01/2025,81
10184,2233,01/01/2025,399
10185,1209,01/01/2025,536
10186,376,01/01/2025,555
10187,3352,01/01/2025,43
10188,3384,01/01/2025,155
10189,1795,01/01/2025,73
10190,2703,01/01/2025,162
10191,1581,01/01/2025,29
10192,4705,01/01/2025,12
10193,3821,01/01/2025,341
10194,4441,01/01/2025,121
10195,1644,01/01/2025,355
10196,4173,01/01/2025,594
10197,4873,01/01/2025,360
10198,277,01/01/2025,312
10199,878,01/01/2025,407
10200,2991,01/01/2025,564
10201,747,01/01/2025,420
10202,3706,01/01/2025,214
10203,1081,01/01/2025,266
10204,4480,01/01/2025,385
10205,610,01/01/2025,494
10206,4489,01/01/2025,223
10207,941,01/01/2025,336
10208,1985,01/01/2025,578
10209,1337,01/01/2025,402
10210,2961,01/01/2025,377
10211,3834,01/01/2025,418
10212,3916,01/01/2025,10
10213,1885,01/01/2025,180
10214,4452,01/01/2025,106
10215,182,01/01/2025,422
10216,3279,01/01/2025,377
10217,96,01/01/2025,466
10218,3255,01/01/2025,149
10219,740,01/01/2025,221
10220,1509,01/01/2025,17
10221,4315,01/01/2025,511
10222,2661,01/01/2025,127
10223,2830,01/01/2025,578
10224,4006,01/01/2025,119
10225,1475,01/01/2025,183
10226,4303,01/01/2025,583
10227,4831,01/01/2025,211
10228,4133,01/01/2025,557
10229,606,01/01/2025,176
10230,3102,01/01/2025,186
10231,4191,01/01/2025,291
10232,1740,01/01/2025,430
10233,1764,01/01/2025,546
10234,3311,01/01/2025,450
10235,660,01/01/2025,91
10236,2941,01/01/2025,420
10237,3339,01/01/2025,298
10238,2400,01/01/2025,505
10239,3873,01/01/2025,346
10240,3706,01/01/2025,307
10241,3080,01/01/2025,347
10242,1135,01/01/2025,584
10243,3170,01/01/2025,121
10244,1866,01/01/2025,68
10245,2883,01/01/2025,379
10246,2629,01/01/2025,136
10247,486,01/01/2025,403
10248,3652,01/01/2025,441
10249,2575,01/01/2025,305
10250,3522,01/01/2025,306
10251,3287,01/01/2025,37
10252,1431,01/01/2025,43
10253,4346,01/01/2025,352
10254,878,01/01/2025,560
10255,536,01/01/2025,326
10256,3399,01/01/2025,7
10257,907,01/01/2025,409
10258,2330,01/01/2025,74
10259,3102,01/01/2025,53
10260,851,01/01/2025,498
10261,2713,01/01/2025,273
10262,3793,01/01/2025,349
10263,104,01/01/2025,85
10264,2569,01/01/2025,87
10265,2947,01/01/2025,324
10266,2275,01/01/2025,259
10267,3225,01/01/2025,373
10268,584,01/01/2025,70
10269,3194,01/01/2025,276
10270,1945,01/01/2025,398
10271,2669,01/01/2025,563
10272,323,01/01/2025,584
10273,4406,01/01/2025,487
10274,4273,01/01/2025,371
10275,2664,01/01/2025,594
10276,1843,01/01/2025,274
10277,3576,01/01/2025,503
10278,4079,01/01/2025,138
10279,2057,01/01/2025,132
10280,2394,01/01/2025,305
10281,3111,01/01/2025,519
10282,1508,01/01/2025,19
10283,3830,01/01/2025,260
10284,2077,01/01/2025,194
10285,3925,01/01/2025,194
10286,4750,01/01/2025,96
10287,3951,01/01/2025,275
10288,4120,01/01/2025,161
10289,4071,01/01/2025,418
10290,3707,01/01/2025,172
10291,3058,01/01/2025,242
10292,715,01/01/2025,66
10293,4471,01/01/2025,389
10294,2010,01/01/2025,24
10295,462,01/01/2025,245
10296,1204,01/01/2025,228
10297,3679,01/01/2025,11
10298,1975,01/01/2025,0
10299,4637,01/01/2025,85
10300,2496,01/01/2025,264
10301,3936,01/01/2025,175
10302,4513,01/01/2025,71
10303,403,01/01/2025,540
10304,855,01/01/2025,56
10305,4523,01/01/2025,231
10306,2282,01/01/2025,208
10307,4285,01/01/2025,40
10308,870,01/01/2025,196
10309,1753,01/01/2025,132
10310,2833,01/01/2025,95
10311,235,01/01/2025,401
10312,2002,01/01/2025,175
10313,1392,01/01/2025,408
10314,2654,01/01/2025,156
10315,4202,01/01/2025,77
10316,3544,01/01/2025,156
10317,2058,01/01/2025,239
10318,2737,01/01/2025,429
10319,4000,01/01/2025,378
10320,2386,01/01/2025,361
10321,1173,01/01/2025,73
10322,1519,01/01/2025,368
10323,3991,01/01/2025,152
10324,1966,01/01/2025,344
10325,3709,01/01/2025,409
10326,365,01/01/2025,511
10327,406,01/01/2025,191
10328,4504,01/01/2025,440
10329,1463,01/01/2025,9
10330,4750,01/01/2025,131
10331,2570,01/01/2025,586
10332,1546,01/01/2025,525
10333,4612,01/01/2025,134
10334,2731,01/01/2025,521
10335,4797,01/01/2025,66
10336,4137,01/01/2025,539
10337,2981,01/01/2025,48
10338,3061,01/01/2025,398
10339,491,01/01/2025,332
10340,4496,01/01/2025,544
10341,30,01/01/2025,207
10342,316,01/01/2025,347
10343,4876,01/01/2025,552
10344,2556,01/01/2025,189
10345,1095,01/01/2025,525
10346,2547,01/01/2025,553
10347,3793,01/01/2025,341
10348,3866,01/01/2025,302
10349,4955,01/01/2025,9
10350,674,01/01/2025,378
10351,2478,01/01/2025,30
10352,4917,01/01/2025,527
10353,2940,01/01/2025,317
10354,2709,01/01/2025,337
10355,2095,01/01/2025,363
10356,2893,01/01/2025,496
10357,3995,01/01/2025,353
10358,549,01/01/2025,584
10359,3156,01/01/2025,213
10360,723,01/01/2025,548
10361,3608,01/01/2025,245
10362,2779,01/01/2025,397
10363,3397,01/01/2025,461
10364,1359,01/01/2025,18
10365,3386,01/01/2025,368
10366,4363,01/01/2025,91
10367,1335,01/01/2025,547
10368,2075,01/01/2025,336
10369,2303,01/01/2025,471
10370,499,01/01/2025,590
10371,1992,01/01/2025,203
10372,1705,01/01/2025,138
10373,4306,01/01/2025,543
10374,420,01/01/2025,284
10375,1428,01/01/2025,391
10376,787,01/01/2025,397
10377,1533,01/01/2025,21
10378,4906,01/01/2025,95
10379,4384,01/01/2025,542
10380,2112,01/01/2025,475
10381,2170,01/01/2025,459
10382,2216,01/01/2025,354
10383,1860,01/01/2025,23
10384,3468,01/01/2025,334
10385,2545,01/01/2025,426
10386,4428,01/01/2025,190
10387,3690,01/01/2025,382
10388,1377,01/01/2025,222
10389,1815,01/01/2025,202
10390,3133,01/01/2025,554
10391,898,01/01/2025,479
10392,4885,01/01/2025,211
10393,2407,01/01/2025,248
10394,2827,01/01/2025,389
10395,4426,01/01/2025,285
10396,2146,01/01/2025,323
10397,939,01/01/2025,210
10398,2177,01/01/2025,376
10399,3993,01/01/2025,413
10400,1092,01/01/2025,115
10401,3055,01/01/2025,476
10402,2224,01/01/2025,530
10403,750,01/01/2025,86
10404,819,01/01/2025,225
10405,2111,01/01/2025,517
10406,1373,01/01/2025,345
10407,4120,01/01/2025,230
10408,2186,01/01/2025,50
10409,2880,01/01/2025,163
10410,563,01/01/2025,450
10411,1069,01/01/2025,228
10412,4869,01/01/2025,351
10413,428,01/01/2025,78
10414,3518,01/01/2025,410
10415,3145,01/01/2025,556
10416,4900,01/01/2025,302
10417,3133,01/01/2025,63
10418,3077,01/01/2025,457
10419,840,01/01/2025,545
10420,2973,01/01/2025,143
10421,468,01/01/2025,277
10422,1672,01/01/2025,263
10423,2604,01/01/2025,184
10424,4226,01/01/2025,443
10425,2810,01/01/2025,223
10426,4022,01/01/2025,568
10427,765,01/01/2025,413
10428,1820,01/01/2025,374
10429,279,01/01/2025,562
10430,668,01/01/2025,102
10431,4301,01/01/2025,475
10432,2847,01/01/2025,436
10433,303,01/01/2025,330
10434,2006,01/01/2025,78
10435,1909,01/01/2025,127
10436,4697,01/01/2025,256
10437,1453,01/01/2025,414
10438,2858,01/01/2025,440
10439,1846,01/01/2025,448
10440,2113,01/01/2025,490
10441,3614,01/01/2025,1
10442,3029,01/01/2025,97
10443,178,01/01/2025,351
10444,4006,01/01/2025,250
10445,4098,01/01/2025,275
10446,3235,01/01/2025,455
10447,2085,01/01/2025,593
10448,2960,01/01/2025,242
10449,444,01/01/2025,158
10450,4042,01/01/2025,374
10451,138,01/01/2025,463
10452,3643,01/01/2025,138
10453,1187,01/01/2025,91
10454,911,01/01/2025,174
10455,3726,01/01/2025,224
10456,58,01/01/2025,266
10457,4503,01/01/2025,331
10458,1515,01/01/2025,240
10459,12,01/01/2025,244
10460,3499,01/01/2025,377
10461,1863,01/01/2025,367
10462,716,01/01/2025,362
10463,224,01/01/2025,476
10464,3416,01/01/2025,124
10465,2292,01/01/2025,224
10466,234,01/01/2025,115
10467,3395,01/01/2025,106
10468,4286,01/01/2025,149
10469,4058,01/01/2025,281
10470,302,01/01/2025,242
10471,1819,01/01/2025,320
10472,1954,01/01/2025,246
10473,4620,01/01/2025,18
10474,3218,01/01/2025,208
10475,2591,01/01/2025,578
10476,2402,01/01/2025,434
10477,3463,01/01/2025,293
10478,424,01/01/2025,346
10479,3141,01/01/2025,462
10480,3454,01/01/2025,306
10481,3387,01/01/2025,182
10482,4662,01/01/2025,203
10483,1726,01/01/2025,406
10484,2090,01/01/2025,59
10485,2268,01/01/2025,428
10486,168,01/01/2025,304
10487,2214,01/01/2025,115
10488,2270,01/01/2025,29
10489,3441,01/01/2025,431
10490,2968,01/01/2025,347
10491,3717,01/01/2025,296
10492,721,01/01/2025,411
10493,2802,01/01/2025,173
10494,1259,01/01/2025,507
10495,1199,01/01/2025,590
10496,315,01/01/2025,526
10497,413,01/01/2025,469
10498,235,01/01/2025,439
10499,3731,01/01/2025,418
10500,303,01/01/2025,299
10501,4778,01/01/2025,592
10502,1956,01/01/2025,438
10503,3293,01/01/2025,557
10504,2241,01/01/2025,548
10505,4088,01/01/2025,354
10506,76,01/01/2025,64
10507,3814,01/01/2025,271
10508,4901,01/01/2025,579
10509,2750,01/01/2025,366
10510,2480,01/01/2025,597
10511,3614,01/01/2025,116
10512,191,01/01/2025,485
10513,1117,01/01/2025,491
10514,1432,01/01/2025,394
10515,3433,01/01/2025,213
10516,550,01/01/2025,431
10517,1767,01/01/2025,266
10518,4167,01/01/2025,169
10519,2740,01/01/2025,147
10520,83,01/01/2025,418
10521,2696,01/01/2025,241
10522,1531,01/01/2025,363
10523,2360,01/01/2025,92
10524,710,01/01/2025,20
10525,2595,01/01/2025,394
10526,852,01/01/2025,245
10527,379,01/01/2025,467
10528,1573,01/01/2025,146
10529,1089,01/01/2025,312
10530,139,01/01/2025,400
10531,2126,01/01/2025,583
10532,3201,01/01/2025,285
10533,16,01/01/2025,526
10534,1041,01/01/2025,288
10535,3044,01/01/2025,313
10536,564,01/01/2025,328
10537,685,01/01/2025,9
10538,4568,01/01/2025,241
10539,2026,01/01/2025,566
10540,725,01/01/2025,412
10541,3155,01/01/2025,376
10542,4747,01/01/2025,402
10543,609,01/01/2025,28
10544,685,01/01/2025,323
10545,4125,01/01/2025,52
10546,3832,01/01/2025,4
10547,3602,01/01/2025,123
10548,1587,01/01/2025,507
10549,2695,01/01/2025,51
10550,3767,01/01/2025,348
10551,623,01/01/2025,510
10552,1855,01/01/2025,434
10553,1528,01/01/2025,18
10554,1311,01/01/2025,255
10555,4960,01/01/2025,159
10556,946,01/01/2025,407
10557,4502,01/01/2025,356
10558,1910,01/01/2025,184
10559,4839,01/01/2025,260
10560,4589,01/01/2025,452
10561,3808,01/01/2025,53
10562,485,01/01/2025,124
10563,831,01/01/2025,286
10564,4273,01/01/2025,577
10565,4796,01/01/2025,438
10566,2397,01/01/2025,574
10567,1439,01/01/2025,412
10568,3009,01/01/2025,480
10569,3561,01/01/2025,460
10570,4817,01/01/2025,139
10571,3712,01/01/2025,157
10572,4430,01/01/2025,534
10573,1668,01/01/2025,360
10574,1142,01/01/2025,212
10575,1525,01/01/2025,46
10576,4028,01/01/2025,53
10577,2114,01/01/2025,427
10578,2959,01/01/2025,428
10579,3747,01/01/2025,500
10580,11,01/01/2025,72
10581,1619,01/01/2025,170
10582,1425,01/01/2025,417
10583,2354,01/01/2025,418
10584,4903,01/01/2025,479
10585,2798,01/01/2025,539
10586,1617,01/01/2025,308
10587,3711,01/01/2025,252
10588,249,01/01/2025,453
10589,2248,01/01/2025,219
10590,2426,01/01/2025,48
10591,681,01/01/2025,417
10592,2540,01/01/2025,170
10593,2562,01/01/2025,553
10594,1638,01/01/2025,96
10595,2036,01/01/2025,221
10596,3622,01/01/2025,322
10597,2108,01/01/2025,570
10598,1517,01/01/2025,247
10599,3842,01/01/2025,60
10600,2760,01/01/2025,28
10601,4964,01/01/2025,494
10602,4709,01/01/2025,480
10603,3246,01/01/2025,217
10604,867,01/01/2025,348
10605,2244,01/01/2025,373
10606,1401,01/01/2025,317
10607,2534,01/01/2025,311
10608,902,01/01/2025,237
10609,1871,01/01/2025,540
10610,3966,01/01/2025,505
10611,3860,01/01/2025,338
10612,1131,01/01/2025,319
10613,3773,01/01/2025,119
10614,4083,01/01/2025,290
10615,3861,01/01/2025,263
10616,4204,01/01/2025,123
10617,970,01/01/2025,211
10618,3557,01/01/2025,471
10619,530,01/01/2025,68
10620,2382,01/01/2025,215
10621,3019,01/01/2025,245
10622,1872,01/01/2025,420
10623,2087,01/01/2025,29
10624,1581,01/01/2025,185
10625,1275,01/01/2025,112
10626,2064,01/01/2025,412
10627,4314,01/01/2025,529
10628,2308,01/01/2025,591
10629,3670,01/01/2025,288
10630,2133,01/01/2025,405
10631,3543,01/01/2025,64
10632,2844,01/01/2025,520
10633,163,01/01/2025,546
10634,407,01/01/2025,598
10635,966,01/01/2025,28
10636,3452,01/01/2025,99
10637,899,01/01/2025,508
10638,2745,01/01/2025,576
10639,3307,01/01/2025,200
10640,2058,01/01/2025,221
10641,2038,01/01/2025,438
10642,2311,01/01/2025,206
10643,1678,01/01/2025,111
10644,1862,01/01/2025,448
10645,1341,01/01/2025,491
10646,3842,01/01/2025,82
10647,2866,01/01/2025,587
10648,2615,01/01/2025,142
10649,1918,01/01/2025,112
10650,2600,01/01/2025,467
10651,4479,01/01/2025,291
10652,4363,01/01/2025,121
10653,54,01/01/2025,70
10654,2831,01/01/2025,245
10655,4218,01/01/2025,464
10656,3980,01/01/2025,35
10657,1594,01/01/2025,556
10658,714,01/01/2025,178
10659,4209,01/01/2025,420
10660,3657,01/01/2025,288
10661,4400,01/01/2025,433
10662,3939,01/01/2025,480
10663,4221,01/01/2025,336
10664,3782,01/01/2025,474
10665,4417,01/01/2025,71
10666,4846,01/01/2025,238
10667,4948,01/01/2025,100
10668,3467,01/01/2025,31
10669,3691,01/01/2025,180
10670,2398,01/01/2025,471
10671,949,01/01/2025,286
10672,2371,01/01/2025,215
10673,873,01/01/2025,584
10674,3663,01/01/2025,254
10675,4288,01/01/2025,12
10676,4619,01/01/2025,244
10677,984,01/01/2025,403
10678,4974,01/01/2025,318
10679,419,01/01/2025,345
10680,2009,01/01/2025,92
10681,4038,01/01/2025,186
10682,2720,01/01/2025,375
10683,3792,01/01/2025,274
10684,4545,01/01/2025,352
10685,4420,01/01/2025,157
10686,3659,01/01/2025,216
10687,4097,01/01/2025,369
10688,1117,01/01/2025,318
10689,742,01/01/2025,251
10690,3540,01/01/2025,138
10691,2505,01/01/2025,251
10692,2843,01/01/2025,118
10693,4511,01/01/2025,355
10694,2506,01/01/2025,593
10695,3264,01/01/2025,202
10696,4850,01/01/2025,293
10697,1339,01/01/2025,434
10698,1270,01/01/2025,81
10699,3289,01/01/2025,303
10700,3596,01/01/2025,465
10701,4997,01/01/2025,266
10702,4821,01/01/2025,272
10703,1858,01/01/2025,21
10704,3193,01/01/2025,498
10705,3301,01/01/2025,166
10706,4842,01/01/2025,291
10707,717,01/01/2025,382
10708,284,01/01/2025,319
10709,3735,01/01/2025,584
10710,2147,01/01/2025,253
10711,1484,01/01/2025,547
10712,2884,01/01/2025,337
10713,1772,01/01/2025,581
10714,1480,01/01/2025,523
10715,3102,01/01/2025,345
10716,2552,01/01/2025,75
10717,1465,01/01/2025,310
10718,4383,01/01/2025,576
10719,445,01/01/2025,132
10720,1921,01/01/2025,88
10721,3623,01/01/2025,27
10722,2943,01/01/2025,10
10723,4281,01/01/2025,211
10724,3733,01/01/2025,157
10725,4286,01/01/2025,430
10726,2179,01/01/2025,100
10727,1962,01/01/2025,462
10728,3320,01/01/2025,343
10729,1221,01/01/2025,60
10730,1973,01/01/2025,566
10731,2386,01/01/2025,174
10732,2652,01/01/2025,576
10733,1821,01/01/2025,367
10734,678,01/01/2025,483
10735,265,01/01/2025,176
10736,3699,01/01/2025,39
10737,1402,01/01/2025,498
10738,869,01/01/2025,166
10739,4932,01/01/2025,486
10740,843,01/01/2025,405
10741,1180,01/01/2025,45
10742,1683,01/01/2025,519
10743,3083,01/01/2025,315
10744,4349,01/01/2025,4
10745,759,01/01/2025,443
10746,399,01/01/2025,175
10747,4400,01/01/2025,596
10748,8,01/01/2025,197
10749,200,01/01/2025,471
10750,4264,01/01/2025,401
10751,4464,01/01/2025,216
10752,2708,01/01/2025,27
10753,4103,01/01/2025,85
10754,4379,01/01/2025,555
10755,979,01/01/2025,459
10756,2549,01/01/2025,152
10757,62,01/01/2025,107
10758,724,01/01/2025,450
10759,3111,01/01/2025,439
10760,4540,01/01/2025,288
10761,1804,01/01/2025,47
10762,4308,01/01/2025,17
10763,3462,01/01/2025,447
10764,3251,01/01/2025,383
10765,2843,01/01/2025,366
10766,3074,01/01/2025,115
10767,3429,01/01/2025,233
10768,712,01/01/2025,462
10769,893,01/01/2025,100
10770,1875,01/01/2025,595
10771,4288,01/01/2025,538
10772,550,01/01/2025,418
10773,976,01/01/2025,38
10774,4066,01/01/2025,357
10775,2903,01/01/2025,490
10776,3143,01/01/2025,343
10777,3975,01/01/2025,262
10778,3120,01/01/2025,511
10779,4315,01/01/2025,225
10780,3842,01/01/2025,494
10781,3829,01/01/2025,582
10782,3525,01/01/2025,379
10783,2787,01/01/2025,23
10784,399,01/01/2025,464
10785,3995,01/01/2025,440
10786,4494,01/01/2025,248
10787,2235,01/01/2025,592
10788,4891,01/01/2025,284
10789,4513,01/01/2025,162
10790,1787,01/01/2025,269
10791,3059,01/01/2025,531
10792,1316,01/01/2025,44
10793,607,01/01/2025,309
10794,2688,01/01/2025,237
10795,230,01/01/2025,20
10796,3861,01/01/2025,26
10797,1177,01/01/2025,384
10798,1071,01/01/2025,454
10799,762,01/01/2025,442
10800,633,01/01/2025,559
10801,2855,01/01/2025,562
10802,418,01/01/2025,471
10803,2170,01/01/2025,50
10804,3332,01/01/2025,547
10805,317,01/01/2025,193
10806,4154,01/01/2025,85
10807,2421,01/01/2025,305
10808,1746,01/01/2025,235
10809,1382,01/01/2025,562
10810,40,01/01/2025,523
10811,3465,01/01/2025,100
10812,2408,01/01/2025,380
10813,1325,01/01/2025,318
10814,102,01/01/2025,363
10815,4825,01/01/2025,309
10816,4623,01/01/2025,516
10817,196,01/01/2025,315
10818,476,01/01/2025,380
10819,1492,01/01/2025,447
10820,2630,01/01/2025,427
10821,2023,01/01/2025,204
10822,3845,01/01/2025,323
10823,54,01/01/2025,488
10824,1697,01/01/2025,57
10825,855,01/01/2025,349
10826,100,01/01/2025,206
10827,2640,01/01/2025,38
10828,4565,01/01/2025,541
10829,4810,01/01/2025,557
10830,106,01/01/2025,311
10831,1700,01/01/2025,116
10832,1523,01/01/2025,71
10833,4133,01/01/2025,52
10834,3280,01/01/2025,149
10835,2929,01/01/2025,452
10836,103,01/01/2025,535
10837,4,01/01/2025,572
10838,4851,01/01/2025,474
10839,416,01/01/2025,14
10840,1480,01/01/2025,396
10841,418,01/01/2025,91
10842,3767,01/01/2025,256
10843,4895,01/01/2025,39
10844,2336,01/01/2025,92
10845,1143,01/01/2025,522
10846,3527,01/01/2025,297
10847,4616,01/01/2025,269
10848,505,01/01/2025,460
10849,348,01/01/2025,456
10850,4785,01/01/2025,104
10851,3301,01/01/2025,64
10852,716,01/01/2025,121
10853,1205,01/01/2025,371
10854,4079,01/01/2025,131
10855,993,01/01/2025,181
10856,628,01/01/2025,372
10857,1471,01/01/2025,553
10858,1953,01/01/2025,340
10859,144,01/01/2025,275
10860,3590,01/01/2025,496
10861,3260,01/01/2025,336
10862,1801,01/01/2025,334
10863,3224,01/01/2025,374
10864,1220,01/01/2025,16
10865,3988,01/01/2025,207
10866,161,01/01/2025,209
10867,1673,01/01/2025,343
10868,1846,01/01/2025,40
10869,2785,01/01/2025,482
10870,29,01/01/2025,419
10871,4401,01/01/2025,28
10872,1361,01/01/2025,400
10873,2138,01/01/2025,68
10874,4741,01/01/2025,468
10875,4122,01/01/2025,106
10876,1888,01/01/2025,469
10877,483,01/01/2025,296
10878,1812,01/01/2025,217
10879,2106,01/01/2025,401
10880,389,01/01/2025,377
10881,2544,01/01/2025,395
10882,3116,01/01/2025,387
10883,799,01/01/2025,168
10884,2405,01/01/2025,549
10885,3258,01/01/2025,388
10886,1489,01/01/2025,257
10887,474,01/01/2025,493
10888,3009,01/01/2025,496
10889,1055,01/01/2025,511
10890,4548,01/01/2025,253
10891,43,01/01/2025,429
10892,3739,01/01/2025,585
10893,517,01/01/2025,516
10894,3125,01/01/2025,297
10895,4639,01/01/2025,562
10896,2247,01/01/2025,90
10897,551,01/01/2025,428
10898,4543,01/01/2025,212
10899,2526,01/01/2025,344
10900,2697,01/01/2025,58
10901,3021,01/01/2025,101
10902,2997,01/01/2025,288
10903,4237,01/01/2025,236
10904,4511,01/01/2025,314
10905,332,01/01/2025,129
10906,245,01/01/2025,482
10907,2303,01/01/2025,281
10908,1392,01/01/2025,166
10909,2697,01/01/2025,333
10910,2651,01/01/2025,516
10911,1892,01/01/2025,421
10912,1267,01/01/2025,60
10913,3626,01/01/2025,493
10914,1472,01/01/2025,145
10915,3188,01/01/2025,372
10916,1989,01/01/2025,297
10917,4345,01/01/2025,227
10918,2881,01/01/2025,544
10919,4438,01/01/2025,565
10920,3057,01/01/2025,570
10921,4296,01/01/2025,294
10922,126,01/01/2025,457
10923,3744,01/01/2025,21
10924,4623,01/01/2025,97
10925,4883,01/01/2025,170
10926,2990,01/01/2025,7
10927,3193,01/01/2025,255
10928,4481,01/01/2025,508
10929,1186,01/01/2025,280
10930,2371,01/01/2025,594
10931,4144,01/01/2025,46
10932,2030,01/01/2025,306
10933,1951,01/01/2025,575
10934,741,01/01/2025,448
10935,411,01/01/2025,392
10936,4137,01/01/2025,269
10937,3006,01/01/2025,255
10938,3224,01/01/2025,456
10939,1290,01/01/2025,499
10940,2514,01/01/2025,528
10941,4903,01/01/2025,131
10942,899,01/01/2025,547
10943,4330,01/01/2025,510
10944,406,01/01/2025,364
10945,4321,01/01/2025,187
10946,4868,01/01/2025,91
10947,491,01/01/2025,129
10948,3907,01/01/2025,318
10949,1753,01/01/2025,236
10950,3973,01/01/2025,397
10951,4674,01/01/2025,540
10952,2859,01/01/2025,499
10953,4322,01/01/2025,13
10954,1146,01/01/2025,23
10955,4903,01/01/2025,23
10956,256,01/01/2025,112
10957,2109,01/01/2025,264
10958,413,01/01/2025,103
10959,3552,01/01/2025,451
10960,1906,01/01/2025,250
10961,4536,01/01/2025,360
10962,1129,01/01/2025,388
10963,1018,01/01/2025,586
10964,4704,01/01/2025,30
10965,1684,01/01/2025,333
10966,2961,01/01/2025,202
10967,1909,01/01/2025,267
10968,1948,01/01/2025,590
10969,4708,01/01/2025,387
10970,794,01/01/2025,398
10971,3398,01/01/2025,402
10972,4764,01/01/2025,193
10973,3886,01/01/2025,422
10974,777,01/01/2025,107
10975,345,01/01/2025,271
10976,3213,01/01/2025,313
10977,2707,01/01/2025,148
10978,4718,01/01/2025,49
10979,1286,01/01/2025,509
10980,4635,01/01/2025,200
10981,1057,01/01/2025,139
10982,1795,01/01/2025,181
10983,133,01/01/2025,553
10984,2341,01/01/2025,179
10985,2022,01/01/2025,431
10986,4791,01/01/2025,211
10987,798,01/01/2025,441
10988,2689,01/01/2025,12
10989,2667,01/01/2025,56
10990,2156,01/01/2025,334
10991,4358,01/01/2025,203
10992,1386,01/01/2025,195
10993,4793,01/01/2025,231
10994,4250,01/01/2025,196
10995,45,01/01/2025,502
10996,4294,01/01/2025,452
10997,2895,01/01/2025,482
10998,1245,01/01/2025,157
10999,4205,01/01/2025,231
11000,35,01/01/2025,299
11001,1186,01/01/2025,343
11002,2343,01/01/2025,164
11003,2983,01/01/2025,587
11004,220,01/01/2025,188
11005,1155,01/01/2025,301
11006,2015,01/01/2025,390
11007,2085,01/01/2025,168
11008,2531,01/01/2025,559
11009,1463,01/01/2025,138
11010,1580,01/01/2025,176
11011,2656,01/01/2025,394
11012,2720,01/01/2025,366
11013,4161,01/01/2025,534
11014,268,01/01/2025,300
11015,3158,01/01/2025,485
11016,2685,01/01/2025,386
11017,1189,01/01/2025,366
11018,2410,01/01/2025,520
11019,3241,01/01/2025,148
11020,854,01/01/2025,246
11021,1723,01/01/2025,243
11022,4177,01/01/2025,548
11023,2183,01/01/2025,424
11024,3649,01/01/2025,256
11025,4386,01/01/2025,407
11026,2321,01/01/2025,230
11027,24,01/01/2025,396
11028,2548,01/01/2025,252
11029,383,01/01/2025,65
11030,3007,01/01/2025,165
11031,3477,01/01/2025,47
11032,903,01/01/2025,247
11033,4655,01/01/2025,533
11034,4032,01/01/2025,441
11035,73,01/01/2025,451
11036,4318,01/01/2025,55
11037,3617,01/01/2025,214
11038,3540,01/01/2025,116
11039,2472,01/01/2025,336
11040,4717,01/01/2025,8
11041,2391,01/01/2025,70
11042,3395,01/01/2025,354
11043,1076,01/01/2025,465
11044,3077,01/01/2025,265
11045,299,01/01/2025,225
11046,657,01/01/2025,339
11047,3129,01/01/2025,508
11048,4357,01/01/2025,211
11049,711,01/01/2025,251
11050,2293,01/01/2025,4
11051,513,01/01/2025,127
11052,1386,01/01/2025,383
11053,1550,01/01/2025,372
11054,4891,01/01/2025,589
11055,4957,01/01/2025,514
11056,3252,01/01/2025,75
11057,4074,01/01/2025,150
11058,3713,01/01/2025,57
11059,960,01/01/2025,41
11060,3335,01/01/2025,231
11061,1309,01/01/2025,84
11062,3917,01/01/2025,149
11063,4628,01/01/2025,268
11064,418,01/01/2025,507
11065,196,01/01/2025,229
11066,3341,01/01/2025,6
11067,74,01/01/2025,503
11068,1122,01/01/2025,469
11069,3546,01/01/2025,377
11070,4663,01/01/2025,355
11071,4319,01/01/2025,570
11072,1976,01/01/2025,298
11073,1499,01/01/2025,200
11074,669,01/01/2025,209
11075,171,01/01/2025,10
11076,2211,01/01/2025,495
11077,2277,01/01/2025,318
11078,818,01/01/2025,174
11079,111,01/01/2025,17
11080,2478,01/01/2025,25
11081,3471,01/01/2025,554
11082,3048,01/01/2025,498
11083,4444,01/01/2025,287
11084,4047,01/01/2025,346
11085,2305,01/01/2025,183
11086,60,01/01/2025,547
11087,1821,01/01/2025,473
11088,1774,01/01/2025,345
11089,3721,01/01/2025,234
11090,2278,01/01/2025,405
11091,4999,01/01/2025,342
11092,2477,01/01/2025,560
11093,521,01/01/2025,474
11094,420,01/01/2025,110
11095,4325,01/01/2025,358
11096,722,01/01/2025,223
11097,3597,01/01/2025,234
11098,851,01/01/2025,70
11099,4531,01/01/2025,468
11100,4259,01/01/2025,27
11101,233,01/01/2025,373
11102,3066,01/01/2025,70
11103,3114,01/01/2025,120
11104,2228,01/01/2025,314
11105,1412,01/01/2025,352
11106,3592,01/01/2025,321
11107,3623,01/01/2025,372
11108,4586,01/01/2025,576
11109,3321,01/01/2025,326
11110,4277,01/01/2025,215
11111,1815,01/01/2025,99
11112,4215,01/01/2025,197
11113,3630,01/01/2025,123
11114,51,01/01/2025,332
11115,2183,01/01/2025,538
11116,1650,01/01/2025,283
11117,1743,01/01/2025,507
11118,2414,01/01/2025,323
11119,339,01/01/2025,294
11120,379,01/01/2025,16
11121,3619,01/01/2025,484
11122,1506,01/01/2025,124
11123,3377,01/01/2025,43
11124,1402,01/01/2025,572
11125,4855,01/01/2025,102
11126,766,01/01/2025,57
11127,688,01/01/2025,180
11128,4282,01/01/2025,482
11129,4433,01/01/2025,569
11130,1327,01/01/2025,114
11131,3877,01/01/2025,550
11132,1601,01/01/2025,286
11133,2838,01/01/2025,57
11134,839,01/01/2025,593
11135,3334,01/01/2025,371
11136,2553,01/01/2025,520
11137,3621,01/01/2025,498
11138,4720,01/01/2025,518
11139,2856,01/01/2025,142
11140,1327,01/01/2025,344
11141,521,01/01/2025,348
11142,4703,01/01/2025,20
11143,903,01/01/2025,271
11144,681,01/01/2025,144
11145,661,01/01/2025,333
11146,202,01/01/2025,499
11147,1294,01/01/2025,222
11148,2246,01/01/2025,138
11149,1655,01/01/2025,272
11150,2397,01/01/2025,212
11151,50,01/01/2025,571
11152,3791,01/01/2025,115
11153,1702,01/01/2025,551
11154,1313,01/01/2025,207
11155,278,01/01/2025,449
11156,4856,01/01/2025,50
11157,993,01/01/2025,517
11158,825,01/01/2025,54
11159,2338,01/01/2025,144
11160,1023,01/01/2025,573
11161,816,01/01/2025,189
11162,4248,01/01/2025,179
11163,4301,01/01/2025,128
11164,599,01/01/2025,561
11165,4375,01/01/2025,559
11166,1954,01/01/2025,198
11167,1397,01/01/2025,425
11168,1242,01/01/2025,8
11169,3108,01/01/2025,597
11170,1715,01/01/2025,536
11171,4645,01/01/2025,511
11172,364,01/01/2025,323
11173,715,01/01/2025,162
11174,4111,01/01/2025,271
11175,981,01/01/2025,252
11176,2807,01/01/2025,317
11177,555,01/01/2025,92
11178,369,01/01/2025,106
11179,3159,01/01/2025,275
11180,3340,01/01/2025,42
11181,1101,01/01/2025,394
11182,3046,01/01/2025,400
11183,4671,01/01/2025,15
11184,3491,01/01/2025,558
11185,1086,01/01/2025,270
11186,3300,01/01/2025,215
11187,1523,01/01/2025,241
11188,1398,01/01/2025,481
11189,2180,01/01/2025,121
11190,488,01/01/2025,86
11191,214,01/01/2025,50
11192,1398,01/01/2025,323
11193,2832,01/01/2025,399
11194,1151,01/01/2025,327
11195,577,01/01/2025,540
11196,3486,01/01/2025,541
11197,30,01/01/2025,354
11198,679,01/01/2025,166
11199,887,01/01/2025,539
11200,4259,01/01/2025,195
11201,2589,01/01/2025,223
11202,4208,01/01/2025,350
11203,431,01/01/2025,359
11204,4272,01/01/2025,323
11205,2638,01/01/2025,173
11206,2185,01/01/2025,447
11207,3959,01/01/2025,5
11208,1911,01/01/2025,22
11209,2646,01/01/2025,222
11210,842,01/01/2025,371
11211,1939,01/01/2025,157
11212,4758,01/01/2025,86
11213,1399,01/01/2025,336
11214,4240,01/01/2025,161
11215,4067,01/01/2025,82
11216,552,01/01/2025,109
11217,4168,01/01/2025,583
11218,660,01/01/2025,129
11219,3699,01/01/2025,598
11220,4567,01/01/2025,45
11221,2975,01/01/2025,221
11222,2111,01/01/2025,91
11223,1120,01/01/2025,79
11224,2909,01/01/2025,21
11225,2797,01/01/2025,461
11226,2663,01/01/2025,201
11227,738,01/01/2025,188
11228,4802,01/01/2025,361
11229,22,01/01/2025,561
11230,2177,01/01/2025,44
11231,202,01/01/2025,570
11232,646,01/01/2025,297
11233,502,01/01/2025,503
11234,2163,01/01/2025,303
11235,2558,01/01/2025,431
11236,2878,01/01/2025,528
11237,3270,01/01/2025,516
11238,3472,01/01/2025,545
11239,208,01/01/2025,285
11240,34,01/01/2025,480
11241,1159,01/01/2025,364
11242,899,01/01/2025,91
11243,2503,01/01/2025,529
11244,1686,01/01/2025,115
11245,1735,01/01/2025,157
11246,1780,01/01/2025,176
11247,4073,01/01/2025,108
11248,2910,01/01/2025,279
11249,1266,01/01/2025,5
11250,3207,01/01/2025,3
11251,4679,01/01/2025,116
11252,3407,01/01/2025,110
11253,3863,01/01/2025,321
11254,144,01/01/2025,183
11255,4952,01/01/2025,384
11256,125,01/01/2025,449
11257,421,01/01/2025,264
11258,4643,01/01/2025,17
11259,3431,01/01/2025,491
11260,4012,01/01/2025,597
11261,4878,01/01/2025,22
11262,199,01/01/2025,217
11263,4027,01/01/2025,409
11264,1156,01/01/2025,22
11265,4425,01/01/2025,54
11266,1167,01/01/2025,3
11267,53,01/01/2025,362
11268,2206,01/01/2025,123
11269,2704,01/01/2025,488
11270,1578,01/01/2025,233
11271,4773,01/01/2025,454
11272,1106,01/01/2025,276
11273,625,01/01/2025,474
11274,3975,01/01/2025,476
11275,4459,01/01/2025,243
11276,2079,01/01/2025,382
11277,1439,01/01/2025,403
11278,4861,01/01/2025,352
11279,4528,01/01/2025,97
11280,2401,01/01/2025,263
11281,3165,01/01/2025,53
11282,4446,01/01/2025,240
11283,144,01/01/2025,295
11284,3606,01/01/2025,75
11285,3310,01/01/2025,316
11286,765,01/01/2025,481
11287,3560,01/01/2025,97
11288,1820,01/01/2025,456
11289,691,01/01/2025,302
11290,3860,01/01/2025,451
11291,3511,01/01/2025,549
11292,1956,01/01/2025,381
11293,4923,01/01/2025,56
11294,1703,01/01/2025,157
11295,643,01/01/2025,263
11296,2412,01/01/2025,102
11297,4744,01/01/2025,146
11298,443,01/01/2025,578
11299,262,01/01/2025,339
11300,2076,01/01/2025,192
11301,4621,01/01/2025,215
11302,2046,01/01/2025,402
11303,3769,01/01/2025,41
11304,3365,01/01/2025,348
11305,1436,01/01/2025,492
11306,4886,01/01/2025,375
11307,2672,01/01/2025,64
11308,2878,01/01/2025,116
11309,3187,01/01/2025,132
11310,3817,01/01/2025,518
11311,1881,01/01/2025,200
11312,83,01/01/2025,461
11313,1519,01/01/2025,490
11314,3311,01/01/2025,351
11315,4986,01/01/2025,212
11316,3732,01/01/2025,503
11317,2460,01/01/2025,85
11318,2090,01/01/2025,189
11319,951,01/01/2025,234
11320,3612,01/01/2025,199
11321,1599,01/01/2025,246
11322,2301,01/01/2025,307
11323,1032,01/01/2025,233
11324,24,01/01/2025,128
11325,2868,01/01/2025,287
11326,2853,01/01/2025,590
11327,3400,01/01/2025,195
11328,108,01/01/2025,555
11329,3455,01/01/2025,472
11330,3552,01/01/2025,101
11331,2028,01/01/2025,579
11332,463,01/01/2025,328
11333,3258,01/01/2025,548
11334,3682,01/01/2025,488
11335,62,01/01/2025,270
11336,1015,01/01/2025,95
11337,2523,01/01/2025,136
11338,1721,01/01/2025,134
11339,1159,01/01/2025,388
11340,604,01/01/2025,532
11341,4091,01/01/2025,313
11342,1673,01/01/2025,164
11343,8,01/01/2025,238
11344,4715,01/01/2025,324
11345,820,01/01/2025,555
11346,496,01/01/2025,41
11347,2183,01/01/2025,421
11348,4480,01/01/2025,416
11349,2671,01/01/2025,103
11350,2682,01/01/2025,250
11351,2784,01/01/2025,397
11352,82,01/01/2025,302
11353,2949,01/01/2025,396
11354,4931,01/01/2025,9
11355,4638,01/01/2025,421
11356,4398,01/01/2025,329
11357,4621,01/01/2025,127
11358,2384,01/01/2025,293
11359,1588,01/01/2025,591
11360,1505,01/01/2025,115
11361,3914,01/01/2025,89
11362,868,01/01/2025,308
11363,921,01/01/2025,431
11364,759,01/01/2025,526
11365,1520,01/01/2025,115
11366,3635,01/01/2025,586
11367,4469,01/01/2025,446
11368,162,01/01/2025,167
11369,81,01/01/2025,458
11370,3613,01/01/2025,496
11371,1263,01/01/2025,7
11372,530,01/01/2025,115
11373,2087,01/01/2025,487
11374,4039,01/01/2025,478
11375,1156,01/01/2025,433
11376,4627,01/01/2025,58
11377,2168,01/01/2025,186
11378,3734,01/01/2025,385
11379,3132,01/01/2025,284
11380,3515,01/01/2025,425
11381,4638,01/01/2025,311
11382,3828,01/01/2025,503
11383,1568,01/01/2025,568
11384,1555,01/01/2025,568
11385,3910,01/01/2025,231
11386,1373,01/01/2025,202
11387,3116,01/01/2025,129
11388,4739,01/01/2025,432
11389,3519,01/01/2025,363
11390,4659,01/01/2025,453
11391,1943,01/01/2025,487
11392,1253,01/01/2025,493
11393,1157,01/01/2025,502
11394,1490,01/01/2025,213
11395,3300,01/01/2025,549
11396,3488,01/01/2025,345
11397,4799,01/01/2025,85
11398,4072,01/01/2025,331
11399,937,01/01/2025,497
11400,1517,01/01/2025,82
11401,3548,01/01/2025,535
11402,333,01/01/2025,577
11403,2414,01/01/2025,372
11404,3365,01/01/2025,112
11405,404,01/01/2025,459
11406,3028,01/01/2025,158
11407,1406,01/01/2025,568
11408,2734,01/01/2025,497
11409,2567,01/01/2025,596
11410,4452,01/01/2025,128
11411,1458,01/01/2025,293
11412,3381,01/01/2025,500
11413,4593,01/01/2025,336
11414,4894,01/01/2025,277
11415,4398,01/01/2025,334
11416,889,01/01/2025,422
11417,429,01/01/2025,93
11418,2938,01/01/2025,63
11419,4565,01/01/2025,277
11420,2984,01/01/2025,18
11421,4248,01/01/2025,245
11422,1073,01/01/2025,393
11423,2969,01/01/2025,523
11424,3091,01/01/2025,356
11425,3280,01/01/2025,282
11426,3673,01/01/2025,548
11427,430,01/01/2025,543
11428,4523,01/01/2025,362
11429,59,01/01/2025,11
11430,376,01/01/2025,250
11431,2011,01/01/2025,587
11432,1667,01/01/2025,69
11433,2736,01/01/2025,477
11434,3152,01/01/2025,24
11435,4568,01/01/2025,469
11436,4750,01/01/2025,229
11437,4866,01/01/2025,202
11438,2138,01/01/2025,576
11439,187,01/01/2025,451
11440,4092,01/01/2025,515
11441,498,01/01/2025,584
11442,318,01/01/2025,155
11443,1455,01/01/2025,277
11444,4896,01/01/2025,519
11445,415,01/01/2025,177
11446,1273,01/01/2025,106
11447,2316,01/01/2025,193
11448,1302,01/01/2025,44
11449,2548,01/01/2025,280
11450,1971,01/01/2025,310
11451,3961,01/01/2025,571
11452,3157,01/01/2025,96
11453,2671,01/01/2025,85
11454,4423,01/01/2025,544
11455,1610,01/01/2025,410
11456,1153,01/01/2025,241
11457,2323,01/01/2025,10
11458,4368,01/01/2025,431
11459,2471,01/01/2025,498
11460,2881,01/01/2025,495
11461,3167,01/01/2025,368
11462,456,01/01/2025,90
11463,943,01/01/2025,253
11464,1517,01/01/2025,177
11465,107,01/01/2025,342
11466,3616,01/01/2025,408
11467,4429,01/01/2025,153
11468,793,01/01/2025,547
11469,1780,01/01/2025,199
11470,3720,01/01/2025,413
11471,2942,01/01/2025,272
11472,4805,01/01/2025,233
11473,3826,01/01/2025,410
11474,1719,01/01/2025,305
11475,4693,01/01/2025,348
11476,182,01/01/2025,68
11477,1485,01/01/2025,8
11478,4537,01/01/2025,427
11479,1313,01/01/2025,159
11480,4470,01/01/2025,379
11481,3430,01/01/2025,127
11482,1090,01/01/2025,305
11483,4069,01/01/2025,275
11484,2426,01/01/2025,96
11485,2103,01/01/2025,95
11486,3387,01/01/2025,122
11487,1026,01/01/2025,547
11488,3991,01/01/2025,336
11489,1546,01/01/2025,91
11490,3837,01/01/2025,425
11491,657,01/01/2025,52
11492,824,01/01/2025,308
11493,4950,01/01/2025,554
11494,433,01/01/2025,20
11495,1821,01/01/2025,94
11496,4509,01/01/2025,98
11497,4044,01/01/2025,17
11498,1157,01/01/2025,304
11499,4368,01/01/2025,276
11500,1791,01/01/2025,299
11501,1234,01/01/2025,323
11502,356,01/01/2025,68
11503,542,01/01/2025,482
11504,2952,01/01/2025,411
11505,335,01/01/2025,517
11506,767,01/01/2025,343
11507,427,01/01/2025,329
11508,4066,01/01/2025,274
11509,1047,01/01/2025,19
11510,451,01/01/2025,272
11511,4595,01/01/2025,82
11512,2073,01/01/2025,515
11513,4892,01/01/2025,93
11514,1720,01/01/2025,504
11515,2710,01/01/2025,46
11516,3735,01/01/2025,420
11517,4452,01/01/2025,34
11518,3879,01/01/2025,45
11519,2676,01/01/2025,570
11520,1140,01/01/2025,300
11521,382,01/01/2025,566
11522,2460,01/01/2025,350
11523,1371,01/01/2025,79
11524,59,01/01/2025,137
11525,1249,01/01/2025,398
11526,2652,01/01/2025,512
11527,3442,01/01/2025,49
11528,4239,01/01/2025,408
11529,2066,01/01/2025,315
11530,131,01/01/2025,100
11531,4923,01/01/2025,147
11532,2015,01/01/2025,356
11533,3838,01/01/2025,404
11534,4059,01/01/2025,133
11535,4210,01/01/2025,276
11536,3734,01/01/2025,459
11537,792,01/01/2025,544
11538,2352,01/01/2025,499
11539,3833,01/01/2025,214
11540,3659,01/01/2025,524
11541,4272,01/01/2025,576
11542,529,01/01/2025,228
11543,3435,01/01/2025,117
11544,1022,01/01/2025,201
11545,1805,01/01/2025,1
11546,1672,01/01/2025,394
11547,2180,01/01/2025,382
11548,4992,01/01/2025,312
11549,4604,01/01/2025,414
11550,1061,01/01/2025,29
11551,3846,01/01/2025,340
11552,4005,01/01/2025,46
11553,4285,01/01/2025,347
11554,906,01/01/2025,291
11555,3285,01/01/2025,77
11556,3024,01/01/2025,453
11557,2436,01/01/2025,78
11558,4079,01/01/2025,237
11559,2474,01/01/2025,407
11560,1816,01/01/2025,571
11561,4655,01/01/2025,433
11562,1663,01/01/2025,73
11563,3463,01/01/2025,482
11564,2015,01/01/2025,203
11565,2434,01/01/2025,385
11566,1215,01/01/2025,414
11567,914,01/01/2025,171
11568,1960,01/01/2025,271
11569,4675,01/01/2025,154
11570,354,01/01/2025,305
11571,1180,01/01/2025,231
11572,2972,01/01/2025,6
11573,1578,01/01/2025,302
11574,4708,01/01/2025,558
11575,3261,01/01/2025,262
11576,3464,01/01/2025,235
11577,631,01/01/2025,282
11578,1392,01/01/2025,457
11579,1855,01/01/2025,538
11580,2202,01/01/2025,578
11581,1270,01/01/2025,549
11582,2618,01/01/2025,244
11583,2768,01/01/2025,107
11584,3664,01/01/2025,356
11585,2510,01/01/2025,477
11586,3967,01/01/2025,376
11587,4455,01/01/2025,9
11588,3484,01/01/2025,400
11589,3424,01/01/2025,213
11590,808,01/01/2025,136
11591,518,01/01/2025,61
11592,2258,01/01/2025,467
11593,2239,01/01/2025,52
11594,1286,01/01/2025,149
11595,4851,01/01/2025,370
11596,1635,01/01/2025,544
11597,1137,01/01/2025,354
11598,2489,01/01/2025,251
11599,3556,01/01/2025,342
11600,679,01/01/2025,224
11601,3014,01/01/2025,302
11602,4591,01/01/2025,314
11603,3020,01/01/2025,204
11604,165,01/01/2025,8
11605,4173,01/01/2025,323
11606,38,01/01/2025,394
11607,3763,01/01/2025,106
11608,2476,01/01/2025,580
11609,1267,01/01/2025,283
11610,1418,01/01/2025,554
11611,197,01/01/2025,306
11612,816,01/01/2025,95
11613,2713,01/01/2025,509
11614,487,01/01/2025,514
11615,4228,01/01/2025,238
11616,646,01/01/2025,469
11617,1864,01/01/2025,538
11618,130,01/01/2025,193
11619,436,01/01/2025,521
11620,2090,01/01/2025,595
11621,363,01/01/2025,256
11622,4586,01/01/2025,340
11623,4007,01/01/2025,559
11624,856,01/01/2025,12
11625,249,01/01/2025,325
11626,3333,01/01/2025,303
11627,772,01/01/2025,117
11628,3139,01/01/2025,327
11629,3075,01/01/2025,214
11630,634,01/01/2025,408
11631,3762,01/01/2025,416
11632,2792,01/01/2025,147
11633,3907,01/01/2025,501
11634,330,01/01/2025,454
11635,1062,01/01/2025,411
11636,4613,01/01/2025,103
11637,666,01/01/2025,10
11638,2688,01/01/2025,275
11639,1627,01/01/2025,503
11640,2544,01/01/2025,306
11641,4720,01/01/2025,208
11642,1809,01/01/2025,150
11643,408,01/01/2025,501
11644,4485,01/01/2025,54
11645,2706,01/01/2025,359
11646,1559,01/01/2025,198
11647,517,01/01/2025,460
11648,4706,01/01/2025,399
11649,3826,01/01/2025,52
11650,2797,01/01/2025,100
11651,3329,01/01/2025,255
11652,669,01/01/2025,413
11653,4634,01/01/2025,45
11654,4310,01/01/2025,489
11655,1167,01/01/2025,87
11656,2856,01/01/2025,589
11657,4598,01/01/2025,260
11658,3223,01/01/2025,320
11659,1711,01/01/2025,53
11660,1438,01/01/2025,31
11661,4295,01/01/2025,583
11662,2846,01/01/2025,408
11663,168,01/01/2025,14
11664,2734,01/01/2025,481
11665,4508,01/01/2025,553
11666,3820,01/01/2025,306
11667,1222,01/01/2025,108
11668,1821,01/01/2025,553
11669,2267,01/01/2025,241
11670,3935,01/01/2025,10
11671,3094,01/01/2025,340
11672,978,01/01/2025,274
11673,575,01/01/2025,596
11674,248,01/01/2025,118
11675,3888,01/01/2025,256
11676,1151,01/01/2025,437
11677,1714,01/01/2025,251
11678,1002,01/01/2025,330
11679,2421,01/01/2025,230
11680,2691,01/01/2025,578
11681,3578,01/01/2025,291
11682,4121,01/01/2025,57
11683,3065,01/01/2025,257
11684,939,01/01/2025,41
11685,3784,01/01/2025,502
11686,360,01/01/2025,190
11687,2331,01/01/2025,329
11688,886,01/01/2025,223
11689,2777,01/01/2025,87
11690,1098,01/01/2025,331
11691,3285,01/01/2025,0
11692,3534,01/01/2025,240
11693,4803,01/01/2025,19
11694,1731,01/01/2025,253
11695,1455,01/01/2025,477
11696,4790,01/01/2025,535
11697,2680,01/01/2025,254
11698,2163,01/01/2025,317
11699,4676,01/01/2025,587
11700,1375,01/01/2025,250
11701,4336,01/01/2025,23
11702,4798,01/01/2025,48
11703,3021,01/01/2025,423
11704,2311,01/01/2025,303
11705,2312,01/01/2025,505
11706,4062,01/01/2025,215
11707,539,01/01/2025,288
11708,604,01/01/2025,212
11709,3385,01/01/2025,386
11710,2314,01/01/2025,309
11711,3673,01/01/2025,0
11712,2736,01/01/2025,258
11713,1863,01/01/2025,465
11714,2873,01/01/2025,332
11715,587,01/01/2025,462
11716,2931,01/01/2025,289
11717,2509,01/01/2025,492
11718,4184,01/01/2025,397
11719,4634,01/01/2025,304
11720,4782,01/01/2025,426
11721,2444,01/01/2025,388
11722,1231,01/01/2025,276
11723,1218,01/01/2025,190
11724,85,01/01/2025,67
11725,4546,01/01/2025,431
11726,1220,01/01/2025,136
11727,2637,01/01/2025,87
11728,1563,01/01/2025,27
11729,1831,01/01/2025,421
11730,521,01/01/2025,69
11731,3916,01/01/2025,159
11732,2299,01/01/2025,398
11733,3297,01/01/2025,80
11734,2210,01/01/2025,540
11735,1986,01/01/2025,278
11736,3234,01/01/2025,481
11737,582,01/01/2025,311
11738,4273,01/01/2025,240
11739,4341,01/01/2025,330
11740,3634,01/01/2025,307
11741,392,01/01/2025,32
11742,1282,01/01/2025,102
11743,3034,01/01/2025,244
11744,1728,01/01/2025,226
11745,3527,01/01/2025,406
11746,4047,01/01/2025,81
11747,1408,01/01/2025,461
11748,2084,01/01/2025,346
11749,4583,01/01/2025,475
11750,4892,01/01/2025,122
11751,2025,01/01/2025,347
11752,935,01/01/2025,275
11753,3049,01/01/2025,592
11754,3899,01/01/2025,535
11755,4850,01/01/2025,166
11756,124,01/01/2025,205
11757,3156,01/01/2025,174
11758,3777,01/01/2025,289
11759,1415,01/01/2025,375
11760,66,01/01/2025,187
11761,3810,01/01/2025,116
11762,4135,01/01/2025,127
11763,2379,01/01/2025,277
11764,4165,01/01/2025,102
11765,1312,01/01/2025,560
11766,1461,01/01/2025,574
11767,4312,01/01/2025,543
11768,4811,01/01/2025,344
11769,333,01/01/2025,186
11770,4865,01/01/2025,560
11771,1474,01/01/2025,349
11772,4216,01/01/2025,134
11773,2738,01/01/2025,246
11774,3274,01/01/2025,145
11775,1060,01/01/2025,152
11776,1638,01/01/2025,433
11777,2677,01/01/2025,189
11778,334,01/01/2025,477
11779,3480,01/01/2025,325
11780,736,01/01/2025,246
11781,4279,01/01/2025,420
11782,3800,01/01/2025,524
11783,4787,01/01/2025,453
11784,3592,01/01/2025,479
11785,23,01/01/2025,143
11786,1005,01/01/2025,190
11787,3690,01/01/2025,426
11788,920,01/01/2025,55
11789,3592,01/01/2025,596
11790,645,01/01/2025,561
11791,4193,01/01/2025,99
11792,3157,01/01/2025,288
11793,4009,01/01/2025,162
11794,1850,01/01/2025,480
11795,118,01/01/2025,592
11796,1114,01/01/2025,381
11797,1248,01/01/2025,157
11798,4568,01/01/2025,321
11799,3943,01/01/2025,316
11800,4253,01/01/2025,347
11801,484,01/01/2025,567
11802,4337,01/01/2025,272
11803,3168,01/01/2025,486
11804,2253,01/01/2025,315
11805,3595,01/01/2025,510
11806,570,01/01/2025,228
11807,1154,01/01/2025,460
11808,2259,01/01/2025,66
11809,174,01/01/2025,196
11810,865,01/01/2025,188
11811,3047,01/01/2025,42
11812,1755,01/01/2025,437
11813,2979,01/01/2025,294
11814,4083,01/01/2025,259
11815,4121,01/01/2025,554
11816,2815,01/01/2025,501
11817,544,01/01/2025,345
11818,2145,01/01/2025,302
11819,280,01/01/2025,512
11820,2429,01/01/2025,0
11821,3376,01/01/2025,333
11822,3224,01/01/2025,434
11823,4987,01/01/2025,299
11824,2940,01/01/2025,128
11825,4638,01/01/2025,135
11826,1464,01/01/2025,290
11827,739,01/01/2025,95
11828,4205,01/01/2025,274
11829,2537,01/01/2025,343
11830,154,01/01/2025,72
11831,2791,01/01/2025,483
11832,3578,01/01/2025,322
11833,4382,01/01/2025,307
11834,415,01/01/2025,393
11835,12,01/01/2025,564
11836,3851,01/01/2025,318
11837,3016,01/01/2025,411
11838,200,01/01/2025,430
11839,2061,01/01/2025,514
11840,4199,01/01/2025,484
11841,860,01/01/2025,365
11842,3601,01/01/2025,138
11843,21,01/01/2025,49
11844,4163,01/01/2025,356
11845,3095,01/01/2025,235
11846,914,01/01/2025,338
11847,4905,01/01/2025,108
11848,1774,01/01/2025,475
11849,647,01/01/2025,310
11850,4040,01/01/2025,13
11851,242,01/01/2025,54
11852,2708,01/01/2025,327
11853,628,01/01/2025,248
11854,400,01/01/2025,254
11855,581,01/01/2025,328
11856,4953,01/01/2025,247
11857,2970,01/01/2025,125
11858,4155,01/01/2025,288
11859,984,01/01/2025,590
11860,4541,01/01/2025,393
11861,3884,01/01/2025,296
11862,4952,01/01/2025,60
11863,3876,01/01/2025,9
11864,4061,01/01/2025,81
11865,2004,01/01/2025,330
11866,1881,01/01/2025,361
11867,1730,01/01/2025,396
11868,3261,01/01/2025,117
11869,3693,01/01/2025,69
11870,4688,01/01/2025,533
11871,4171,01/01/2025,354
11872,3762,01/01/2025,429
11873,1457,01/01/2025,55
11874,4402,01/01/2025,534
11875,928,01/01/2025,3
11876,2962,01/01/2025,337
11877,2635,01/01/2025,18
11878,325,01/01/2025,483
11879,1469,01/01/2025,523
11880,3224,01/01/2025,126
11881,4388,01/01/2025,36
11882,1487,01/01/2025,253
11883,4624,01/01/2025,13
11884,2867,01/01/2025,175
11885,1827,01/01/2025,104
11886,4999,01/01/2025,100
11887,2006,01/01/2025,426
11888,3749,01/01/2025,55
11889,1493,01/01/2025,465
11890,2740,01/01/2025,81
11891,841,01/01/2025,415
11892,3336,01/01/2025,373
11893,2313,01/01/2025,83
11894,4427,01/01/2025,142
11895,2311,01/01/2025,162
11896,81,01/01/2025,342
11897,4172,01/01/2025,409
11898,1886,01/01/2025,341
11899,4653,01/01/2025,149
11900,4842,01/01/2025,430
11901,4995,01/01/2025,331
11902,2266,01/01/2025,267
11903,1171,01/01/2025,195
11904,3683,01/01/2025,313
11905,4304,01/01/2025,523
11906,3447,01/01/2025,173
11907,2294,01/01/2025,444
11908,2557,01/01/2025,444
11909,3685,01/01/2025,184
11910,3354,01/01/2025,14
11911,1827,01/01/2025,195
11912,3870,01/01/2025,385
11913,4463,01/01/2025,35
11914,1870,01/01/2025,217
11915,4797,01/01/2025,158
11916,2111,01/01/2025,147
11917,548,01/01/2025,436
11918,3619,01/01/2025,440
11919,3430,01/01/2025,256
11920,3149,01/01/2025,197
11921,982,01/01/2025,157
11922,1951,01/01/2025,193
11923,2048,01/01/2025,576
11924,2514,01/01/2025,98
11925,2046,01/01/2025,160
11926,1229,01/01/2025,471
11927,4665,01/01/2025,271
11928,384,01/01/2025,441
11929,534,01/01/2025,275
11930,1252,01/01/2025,542
11931,1268,01/01/2025,24
11932,1805,01/01/2025,148
11933,262,01/01/2025,597
11934,1144,01/01/2025,400
11935,4362,01/01/2025,360
11936,1391,01/01/2025,255
11937,2666,01/01/2025,417
11938,3549,01/01/2025,31
11939,760,01/01/2025,511
11940,419,01/01/2025,255
11941,1919,01/01/2025,123
11942,4951,01/01/2025,417
11943,4151,01/01/2025,509
11944,2273,01/01/2025,3
11945,4694,01/01/2025,553
11946,2472,01/01/2025,90
11947,1904,01/01/2025,467
11948,4497,01/01/2025,267
11949,3563,01/01/2025,15
11950,1148,01/01/2025,396
11951,3705,01/01/2025,6
11952,1364,01/01/2025,49
11953,3057,01/01/2025,342
11954,4156,01/01/2025,387
11955,3410,01/01/2025,234
11956,993,01/01/2025,173
11957,1019,01/01/2025,135
11958,999,01/01/2025,233
11959,2129,01/01/2025,357
11960,3549,01/01/2025,351
11961,18,01/01/2025,262
11962,2786,01/01/2025,37
11963,2802,01/01/2025,44
11964,918,01/01/2025,197
11965,2663,01/01/2025,425
11966,3429,01/01/2025,232
11967,1844,01/01/2025,98
11968,64,01/01/2025,483
11969,90,01/01/2025,123
11970,4246,01/01/2025,561
11971,3639,01/01/2025,289
11972,246,01/01/2025,324
11973,2151,01/01/2025,92
11974,1481,01/01/2025,524
11975,4999,01/01/2025,325
11976,2010,01/01/2025,510
11977,4862,01/01/2025,584
11978,4207,01/01/2025,67
11979,4195,01/01/2025,565
11980,342,01/01/2025,533
11981,3294,01/01/2025,1
11982,3384,01/01/2025,535
11983,2792,01/01/2025,150
11984,2214,01/01/2025,67
11985,4710,01/01/2025,254
11986,4951,01/01/2025,408
11987,2344,01/01/2025,576
11988,3729,01/01/2025,125
11989,4621,01/01/2025,586
11990,3314,01/01/2025,433
11991,3592,01/01/2025,403
11992,589,01/01/2025,279
11993,1151,01/01/2025,170
11994,1474,01/01/2025,543
11995,978,01/01/2025,195
11996,3808,01/01/2025,261
11997,1355,01/01/2025,95
11998,624,01/01/2025,326
11999,730,01/01/2025,586
12000,2835,01/01/2025,299
12001,1406,01/01/2025,96
12002,2898,01/01/2025,180
12003,481,01/01/2025,34
12004,3721,01/01/2025,266
12005,4817,01/01/2025,193
12006,3837,01/01/2025,454
12007,3186,01/01/2025,492
12008,4517,01/01/2025,390
12009,1119,01/01/2025,25
12010,2677,01/01/2025,310
12011,4142,01/01/2025,407
12012,2245,01/01/2025,183
12013,1358,01/01/2025,117
12014,2252,01/01/2025,125
12015,1848,01/01/2025,321
12016,1175,01/01/2025,502
12017,992,01/01/2025,185
12018,3144,01/01/2025,32
12019,2866,01/01/2025,164
12020,4781,01/01/2025,6
12021,647,01/01/2025,497
12022,2648,01/01/2025,228
12023,3162,01/01/2025,438
12024,2081,01/01/2025,580
12025,3076,01/01/2025,56
12026,399,01/01/2025,542
12027,4846,01/01/2025,193
12028,1977,01/01/2025,361
12029,2708,01/01/2025,46
12030,4387,01/01/2025,270
12031,3884,01/01/2025,204
12032,3320,01/01/2025,101
12033,2939,01/01/2025,16
12034,3383,01/01/2025,128
12035,1356,01/01/2025,541
12036,2140,01/01/2025,428
12037,2316,01/01/2025,390
12038,3283,01/01/2025,128
12039,3677,01/01/2025,336
12040,2113,01/01/2025,72
12041,3657,01/01/2025,572
12042,3821,01/01/2025,420
12043,2093,01/01/2025,375
12044,3679,01/01/2025,207
12045,247,01/01/2025,148
12046,4571,01/01/2025,466
12047,1283,01/01/2025,220
12048,1619,01/01/2025,120
12049,1968,01/01/2025,420
12050,2097,01/01/2025,525
12051,4277,01/01/2025,383
12052,351,01/01/2025,187
12053,240,01/01/2025,179
12054,4654,01/01/2025,26
12055,78,01/01/2025,362
12056,419,01/01/2025,183
12057,156,01/01/2025,397
12058,2634,01/01/2025,583
12059,872,01/01/2025,121
12060,408,01/01/2025,513
12061,2197,01/01/2025,193
12062,4889,01/01/2025,400
12063,3094,01/01/2025,310
12064,1847,01/01/2025,574
12065,4394,01/01/2025,393
12066,332,01/01/2025,438
12067,2047,01/01/2025,85
12068,1549,01/01/2025,264
12069,3699,01/01/2025,411
12070,486,01/01/2025,504
12071,4762,01/01/2025,96
12072,4484,01/01/2025,416
12073,3670,01/01/2025,237
12074,830,01/01/2025,410
12075,452,01/01/2025,580
12076,3100,01/01/2025,217
12077,3167,01/01/2025,379
12078,3727,01/01/2025,532
12079,759,01/01/2025,265
12080,1179,01/01/2025,106
12081,2303,01/01/2025,439
12082,899,01/01/2025,580
12083,359,01/01/2025,375
12084,4981,01/01/2025,383
12085,2324,01/01/2025,77
12086,939,01/01/2025,244
12087,2147,01/01/2025,546
12088,2463,01/01/2025,78
12089,4679,01/01/2025,366
12090,3014,01/01/2025,369
12091,616,01/01/2025,157
12092,2422,01/01/2025,455
12093,1,01/01/2025,130
12094,2086,01/01/2025,16
12095,872,01/01/2025,163
12096,4233,01/01/2025,35
12097,1051,01/01/2025,474
12098,3511,01/01/2025,249
12099,3388,01/01/2025,481
12100,4756,01/01/2025,8
12101,4950,01/01/2025,173
12102,4417,01/01/2025,229
12103,3704,01/01/2025,434
12104,500,01/01/2025,346
12105,2282,01/01/2025,516
12106,3364,01/01/2025,290
12107,2451,01/01/2025,589
12108,4187,01/01/2025,113
12109,4472,01/01/2025,388
12110,2873,01/01/2025,359
12111,1172,01/01/2025,46
12112,3390,01/01/2025,23
12113,682,01/01/2025,512
12114,585,01/01/2025,363
12115,3949,01/01/2025,499
12116,1301,01/01/2025,101
12117,1346,01/01/2025,8
12118,3118,01/01/2025,523
12119,2191,01/01/2025,285
12120,215,01/01/2025,229
12121,3256,01/01/2025,350
12122,798,01/01/2025,426
12123,3595,01/01/2025,78
12124,3464,01/01/2025,525
12125,4821,01/01/2025,497
12126,4071,01/01/2025,526
12127,3900,01/01/2025,595
12128,2403,01/01/2025,514
12129,4450,01/01/2025,31
12130,1146,01/01/2025,477
12131,3070,01/01/2025,67
12132,1878,01/01/2025,273
12133,4637,01/01/2025,120
12134,1451,01/01/2025,150
12135,1911,01/01/2025,421
12136,1609,01/01/2025,184
12137,3869,01/01/2025,375
12138,346,01/01/2025,572
12139,4323,01/01/2025,592
12140,1488,01/01/2025,286
12141,467,01/01/2025,537
12142,873,01/01/2025,492
12143,4344,01/01/2025,113
12144,4409,01/01/2025,402
12145,3113,01/01/2025,318
12146,530,01/01/2025,198
12147,1784,01/01/2025,283
12148,3804,01/01/2025,65
12149,1361,01/01/2025,409
12150,1546,01/01/2025,599
12151,1513,01/01/2025,501
12152,3557,01/01/2025,322
12153,72,01/01/2025,246
12154,3704,01/01/2025,1
12155,4547,01/01/2025,570
12156,3078,01/01/2025,414
12157,2034,01/01/2025,107
12158,1664,01/01/2025,446
12159,2295,01/01/2025,350
12160,2647,01/01/2025,183
12161,3589,01/01/2025,560
12162,3520,01/01/2025,424
12163,2034,01/01/2025,292
12164,3977,01/01/2025,60
12165,554,01/01/2025,229
12166,2537,01/01/2025,203
12167,652,01/01/2025,261
12168,86,01/01/2025,311
12169,2928,01/01/2025,407
12170,2419,01/01/2025,484
12171,720,01/01/2025,326
12172,1700,01/01/2025,135
12173,1658,01/01/2025,228
12174,724,01/01/2025,378
12175,3309,01/01/2025,212
12176,1687,01/01/2025,224
12177,2162,01/01/2025,173
12178,1036,01/01/2025,256
12179,3981,01/01/2025,88
12180,3814,01/01/2025,87
12181,2017,01/01/2025,314
12182,4228,01/01/2025,566
12183,4336,01/01/2025,204
12184,3291,01/01/2025,410
12185,1594,01/01/2025,455
12186,1125,01/01/2025,282
12187,1042,01/01/2025,528
12188,2642,01/01/2025,95
12189,1400,01/01/2025,582
12190,1339,01/01/2025,506
12191,1856,01/01/2025,249
12192,2577,01/01/2025,413
12193,2563,01/01/2025,282
12194,4292,01/01/2025,88
12195,1297,01/01/2025,519
12196,2883,01/01/2025,316
12197,2808,01/01/2025,202
12198,4702,01/01/2025,123
12199,1253,01/01/2025,101
12200,3774,01/01/2025,167
12201,2871,01/01/2025,208
12202,3821,01/01/2025,514
12203,2270,01/01/2025,59
12204,1197,01/01/2025,55
12205,2143,01/01/2025,36
12206,4951,01/01/2025,437
12207,210,01/01/2025,23
12208,842,01/01/2025,574
12209,2213,01/01/2025,312
12210,857,01/01/2025,295
12211,2609,01/01/2025,173
12212,3956,01/01/2025,469
12213,4684,01/01/2025,238
12214,634,01/01/2025,485
12215,1060,01/01/2025,278
12216,2511,01/01/2025,558
12217,3374,01/01/2025,504
12218,4250,01/01/2025,319
12219,4599,01/01/2025,64
12220,2118,01/01/2025,587
12221,2621,01/01/2025,418
12222,3595,01/01/2025,85
12223,4361,01/01/2025,213
12224,3048,01/01/2025,468
12225,1641,01/01/2025,245
12226,2158,01/01/2025,578
12227,4642,01/01/2025,272
12228,1725,01/01/2025,513
12229,4450,01/01/2025,393
12230,3451,01/01/2025,554
12231,2958,01/01/2025,317
12232,547,01/01/2025,177
12233,2803,01/01/2025,582
12234,2203,01/01/2025,442
12235,1185,01/01/2025,344
12236,1560,01/01/2025,173
12237,2388,01/01/2025,172
12238,3105,01/01/2025,113
12239,3196,01/01/2025,464
12240,4687,01/01/2025,317
12241,1374,01/01/2025,592
12242,1912,01/01/2025,517
12243,994,01/01/2025,497
12244,2438,01/01/2025,506
12245,2252,01/01/2025,430
12246,3657,01/01/2025,384
12247,1018,01/01/2025,304
12248,3860,01/01/2025,331
12249,1641,01/01/2025,166
12250,4113,01/01/2025,295
12251,744,01/01/2025,224
12252,2583,01/01/2025,247
12253,3659,01/01/2025,275
12254,2777,01/01/2025,35
12255,3892,01/01/2025,301
12256,1150,01/01/2025,256
12257,2959,01/01/2025,370
12258,4471,01/01/2025,570
12259,3004,01/01/2025,39
12260,1496,01/01/2025,76
12261,3478,01/01/2025,192
12262,4844,01/01/2025,28
12263,3025,01/01/2025,471
12264,4232,01/01/2025,175
12265,3798,01/01/2025,425
12266,2233,01/01/2025,77
12267,674,01/01/2025,294
12268,1459,01/01/2025,453
12269,2820,01/01/2025,570
12270,1743,01/01/2025,388
12271,848,01/01/2025,341
12272,2357,01/01/2025,414
12273,2207,01/01/2025,38
12274,3294,01/01/2025,486
12275,2985,01/01/2025,251
12276,3583,01/01/2025,472
12277,1925,01/01/2025,104
12278,1926,01/01/2025,344
12279,4603,01/01/2025,547
12280,136,01/01/2025,161
12281,1875,01/01/2025,82
12282,4062,01/01/2025,382
12283,1161,01/01/2025,3
12284,129,01/01/2025,565
12285,2648,01/01/2025,331
12286,580,01/01/2025,206
12287,2916,01/01/2025,342
12288,2567,01/01/2025,306
12289,2346,01/01/2025,410
12290,2915,01/01/2025,200
12291,4610,01/01/2025,392
12292,126,01/01/2025,147
12293,548,01/01/2025,427
12294,3410,01/01/2025,178
12295,4006,01/01/2025,231
12296,234,01/01/2025,259
12297,1341,01/01/2025,62
12298,1789,01/01/2025,388
12299,1411,01/01/2025,292
12300,4535,01/01/2025,384
12301,4994,01/01/2025,390
12302,3827,01/01/2025,123
12303,1878,01/01/2025,99
12304,1866,01/01/2025,543
12305,3580,01/01/2025,327
12306,1036,01/01/2025,446
12307,4436,01/01/2025,202
12308,4417,01/01/2025,152
12309,670,01/01/2025,462
12310,2055,01/01/2025,581
12311,4829,01/01/2025,218
12312,309,01/01/2025,285
12313,3622,01/01/2025,61
12314,3808,01/01/2025,581
12315,4040,01/01/2025,284
12316,4035,01/01/2025,94
12317,1979,01/01/2025,545
12318,3591,01/01/2025,472
12319,4981,01/01/2025,408
12320,2318,01/01/2025,389
12321,1089,01/01/2025,522
12322,4271,01/01/2025,571
12323,2253,01/01/2025,217
12324,3481,01/01/2025,518
12325,79,01/01/2025,331
12326,4488,01/01/2025,336
12327,4317,01/01/2025,352
12328,4270,01/01/2025,300
12329,1264,01/01/2025,187
12330,3529,01/01/2025,508
12331,3279,01/01/2025,159
12332,1920,01/01/2025,163
12333,3824,01/01/2025,23
12334,831,01/01/2025,395
12335,2465,01/01/2025,594
12336,2163,01/01/2025,264
12337,1367,01/01/2025,587
12338,1375,01/01/2025,287
12339,259,01/01/2025,520
12340,3054,01/01/2025,373
12341,1654,01/01/2025,410
12342,3601,01/01/2025,94
12343,4888,01/01/2025,132
12344,3925,01/01/2025,65
12345,4827,01/01/2025,472
12346,2950,01/01/2025,599
12347,4448,01/01/2025,540
12348,3724,01/01/2025,296
12349,2182,01/01/2025,419
12350,3190,01/01/2025,109
12351,2603,01/01/2025,535
12352,3,01/01/2025,94
12353,1732,01/01/2025,541
12354,4837,01/01/2025,586
12355,160,01/01/2025,238
12356,399,01/01/2025,254
12357,3916,01/01/2025,245
12358,2440,01/01/2025,429
12359,3056,01/01/2025,308
12360,2389,01/01/2025,463
12361,3902,01/01/2025,345
12362,729,01/01/2025,455
12363,1897,01/01/2025,125
12364,4775,01/01/2025,301
12365,3533,01/01/2025,124
12366,4755,01/01/2025,249
12367,4413,01/01/2025,3
12368,2406,01/01/2025,283
12369,1296,01/01/2025,531
12370,2780,01/01/2025,348
12371,1538,01/01/2025,157
12372,4538,01/01/2025,195
12373,157,01/01/2025,573
12374,696,01/01/2025,221
12375,2379,01/01/2025,117
12376,3641,01/01/2025,310
12377,1451,01/01/2025,22
12378,2574,01/01/2025,407
12379,442,01/01/2025,506
12380,2094,01/01/2025,125
12381,4103,01/01/2025,59
12382,2743,01/01/2025,204
12383,3864,01/01/2025,427
12384,1205,01/01/2025,63
12385,3127,01/01/2025,502
12386,2503,01/01/2025,454
12387,4500,01/01/2025,346
12388,666,01/01/2025,418
12389,4700,01/01/2025,586
12390,750,01/01/2025,524
12391,3387,01/01/2025,467
12392,146,01/01/2025,406
12393,1640,01/01/2025,451
12394,3105,01/01/2025,317
12395,2853,01/01/2025,369
12396,4944,01/01/2025,177
12397,4746,01/01/2025,311
12398,1723,01/01/2025,321
12399,1664,01/01/2025,104
12400,3080,01/01/2025,454
12401,1212,01/01/2025,208
12402,3016,01/01/2025,167
12403,3443,01/01/2025,214
12404,1749,01/01/2025,20
12405,3913,01/01/2025,283
12406,1153,01/01/2025,162
12407,935,01/01/2025,427
12408,2752,01/01/2025,194
12409,2878,01/01/2025,569
12410,265,01/01/2025,66
12411,965,01/01/2025,469
12412,4561,01/01/2025,18
12413,1699,01/01/2025,534
12414,3986,01/01/2025,370
12415,1235,01/01/2025,281
12416,1134,01/01/2025,496
12417,3464,01/01/2025,145
12418,3390,01/01/2025,341
12419,290,01/01/2025,587
12420,2993,01/01/2025,537
12421,1439,01/01/2025,340
12422,3659,01/01/2025,347
12423,314,01/01/2025,284
12424,1880,01/01/2025,382
12425,2361,01/01/2025,145
12426,1318,01/01/2025,544
12427,343,01/01/2025,192
12428,929,01/01/2025,185
12429,17,01/01/2025,146
12430,2268,01/01/2025,300
12431,692,01/01/2025,596
12432,215,01/01/2025,175
12433,4387,01/01/2025,269
12434,4389,01/01/2025,315
12435,2867,01/01/2025,394
12436,2421,01/01/2025,131
12437,3411,01/01/2025,36
12438,49,01/01/2025,478
12439,3685,01/01/2025,258
12440,3568,01/01/2025,64
12441,1759,01/01/2025,390
12442,437,01/01/2025,467
12443,795,01/01/2025,217
12444,1577,01/01/2025,1
12445,2151,01/01/2025,511
12446,4434,01/01/2025,379
12447,3292,01/01/2025,538
12448,4318,01/01/2025,425
12449,211,01/01/2025,233
12450,1630,01/01/2025,147
12451,3159,01/01/2025,577
12452,438,01/01/2025,95
12453,1212,01/01/2025,527
12454,2147,01/01/2025,178
12455,1413,01/01/2025,544
12456,4541,01/01/2025,426
12457,3402,01/01/2025,311
12458,3587,01/01/2025,107
12459,2861,01/01/2025,88
12460,1880,01/01/2025,365
12461,3792,01/01/2025,145
12462,3632,01/01/2025,163
12463,4681,01/01/2025,311
12464,2922,01/01/2025,568
12465,4797,01/01/2025,577
12466,876,01/01/2025,520
12467,723,01/01/2025,403
12468,1935,01/01/2025,356
12469,2994,01/01/2025,488
12470,62,01/01/2025,599
12471,4720,01/01/2025,27
12472,305,01/01/2025,229
12473,154,01/01/2025,471
12474,3291,01/01/2025,306
12475,4363,01/01/2025,154
12476,2220,01/01/2025,164
12477,4590,01/01/2025,162
12478,1538,01/01/2025,146
12479,1860,01/01/2025,56
12480,1390,01/01/2025,443
12481,17,01/01/2025,31
12482,955,01/01/2025,345
12483,564,01/01/2025,459
12484,1751,01/01/2025,172
12485,549,01/01/2025,270
12486,4802,01/01/2025,385
12487,3421,01/01/2025,233
12488,3971,01/01/2025,419
12489,4879,01/01/2025,195
12490,3169,01/01/2025,396
12491,1056,01/01/2025,304
12492,1834,01/01/2025,275
12493,1247,01/01/2025,311
12494,4301,01/01/2025,232
12495,4996,01/01/2025,152
12496,2580,01/01/2025,584
12497,2885,01/01/2025,229
12498,1787,01/01/2025,306
12499,4480,01/01/2025,249
12500,540,01/01/2025,299
12501,62,01/01/2025,32
12502,1853,01/01/2025,348
12503,2622,01/01/2025,79
12504,3212,01/01/2025,318
12505,728,01/01/2025,540
12506,1773,01/01/2025,108
12507,677,01/01/2025,551
12508,1952,01/01/2025,323
12509,3284,01/01/2025,385
12510,2100,01/01/2025,99
12511,4562,01/01/2025,378
12512,3234,01/01/2025,165
12513,4503,01/01/2025,460
12514,1720,01/01/2025,275
12515,435,01/01/2025,75
12516,4178,01/01/2025,2
12517,72,01/01/2025,333
12518,231,01/01/2025,165
12519,1234,01/01/2025,495
12520,684,01/01/2025,387
12521,4912,01/01/2025,355
12522,2383,01/01/2025,521
12523,412,01/01/2025,206
12524,4508,01/01/2025,341
12525,965,01/01/2025,245
12526,3819,01/01/2025,1
12527,3039,01/01/2025,127
12528,752,01/01/2025,24
12529,834,01/01/2025,88
12530,105,01/01/2025,98
12531,121,01/01/2025,153
12532,2120,01/01/2025,175
12533,3784,01/01/2025,356
12534,4900,01/01/2025,474
12535,4294,01/01/2025,259
12536,3507,01/01/2025,170
12537,1869,01/01/2025,183
12538,4784,01/01/2025,347
12539,1726,01/01/2025,126
12540,498,01/01/2025,360
12541,3591,01/01/2025,463
12542,693,01/01/2025,542
12543,4254,01/01/2025,67
12544,4382,01/01/2025,587
12545,837,01/01/2025,320
12546,922,01/01/2025,73
12547,3620,01/01/2025,467
12548,571,01/01/2025,460
12549,1880,01/01/2025,490
12550,2908,01/01/2025,377
12551,2424,01/01/2025,595
12552,4675,01/01/2025,121
12553,1634,01/01/2025,438
12554,4733,01/01/2025,441
12555,890,01/01/2025,380
12556,3410,01/01/2025,118
12557,4114,01/01/2025,554
12558,4602,01/01/2025,56
12559,2116,01/01/2025,357
12560,331,01/01/2025,543
12561,97,01/01/2025,499
12562,4705,01/01/2025,292
12563,2085,01/01/2025,140
12564,4337,01/01/2025,557
12565,161,01/01/2025,94
12566,883,01/01/2025,35
12567,3958,01/01/2025,222
12568,2858,01/01/2025,100
12569,3363,01/01/2025,273
12570,395,01/01/2025,596
12571,322,01/01/2025,189
12572,1378,01/01/2025,427
12573,1769,01/01/2025,319
12574,3323,01/01/2025,481
12575,923,01/01/2025,134
12576,845,01/01/2025,375
12577,2395,01/01/2025,109
12578,898,01/01/2025,505
12579,1943,01/01/2025,40
12580,1250,01/01/2025,521
12581,2961,01/01/2025,245
12582,754,01/01/2025,124
12583,4064,01/01/2025,443
12584,4301,01/01/2025,443
12585,1216,01/01/2025,232
12586,2649,01/01/2025,515
12587,3246,01/01/2025,267
12588,767,01/01/2025,436
12589,2350,01/01/2025,198
12590,2358,01/01/2025,400
12591,4116,01/01/2025,245
12592,1659,01/01/2025,564
12593,1480,01/01/2025,421
12594,4331,01/01/2025,532
12595,1658,01/01/2025,304
12596,3882,01/01/2025,95
12597,1255,01/01/2025,577
12598,4851,01/01/2025,153
12599,4599,01/01/2025,96
12600,327,01/01/2025,30
12601,1509,01/01/2025,158
12602,2752,01/01/2025,461
12603,1,01/01/2025,493
12604,1523,01/01/2025,579
12605,2894,01/01/2025,272
12606,4074,01/01/2025,471
12607,474,01/01/2025,247
12608,818,01/01/2025,519
12609,4444,01/01/2025,223
12610,3384,01/01/2025,53
12611,3600,01/01/2025,577
12612,3379,01/01/2025,184
12613,3758,01/01/2025,174
12614,4641,01/01/2025,515
12615,1224,01/01/2025,309
12616,405,01/01/2025,560
12617,3980,01/01/2025,409
12618,2871,01/01/2025,59
12619,543,01/01/2025,252
12620,363,01/01/2025,22
12621,4559,01/01/2025,13
12622,1011,01/01/2025,182
12623,3762,01/01/2025,220
12624,3004,01/01/2025,201
12625,4298,01/01/2025,101
12626,2126,01/01/2025,58
12627,1735,01/01/2025,91
12628,739,01/01/2025,38
12629,367,01/01/2025,197
12630,1727,01/01/2025,264
12631,2283,01/01/2025,436
12632,816,01/01/2025,67
12633,4690,01/01/2025,39
12634,1534,01/01/2025,297
12635,343,01/01/2025,199
12636,2355,01/01/2025,10
12637,3744,01/01/2025,537
12638,3292,01/01/2025,95
12639,393,01/01/2025,560
12640,786,01/01/2025,293
12641,4837,01/01/2025,346
12642,965,01/01/2025,294
12643,1567,01/01/2025,314
12644,2111,01/01/2025,212
12645,2319,01/01/2025,398
12646,1835,01/01/2025,229
12647,2031,01/01/2025,335
12648,2502,01/01/2025,293
12649,4660,01/01/2025,207
12650,2776,01/01/2025,181
12651,1762,01/01/2025,310
12652,2759,01/01/2025,74
12653,2428,01/01/2025,339
12654,1703,01/01/2025,342
12655,891,01/01/2025,104
12656,3312,01/01/2025,471
12657,2229,01/01/2025,376
12658,1672,01/01/2025,175
12659,2258,01/01/2025,312
12660,66,01/01/2025,6
12661,2650,01/01/2025,329
12662,3861,01/01/2025,161
12663,2477,01/01/2025,300
12664,2221,01/01/2025,543
12665,4647,01/01/2025,451
12666,3276,01/01/2025,394
12667,1891,01/01/2025,341
12668,4932,01/01/2025,309
12669,4708,01/01/2025,457
12670,59,01/01/2025,164
12671,2029,01/01/2025,546
12672,2281,01/01/2025,372
12673,3299,01/01/2025,328
12674,1137,01/01/2025,194
12675,190,01/01/2025,222
12676,309,01/01/2025,395
12677,3143,01/01/2025,156
12678,4882,01/01/2025,23
12679,237,01/01/2025,499
12680,4283,01/01/2025,336
12681,35,01/01/2025,515
12682,3809,01/01/2025,338
12683,3890,01/01/2025,432
12684,3620,01/01/2025,35
12685,4888,01/01/2025,211
12686,1106,01/01/2025,351
12687,3682,01/01/2025,21
12688,470,01/01/2025,127
12689,4949,01/01/2025,561
12690,3185,01/01/2025,254
12691,1403,01/01/2025,380
12692,4161,01/01/2025,421
12693,125,01/01/2025,326
12694,3827,01/01/2025,384
12695,4764,01/01/2025,480
12696,2684,01/01/2025,597
12697,3133,01/01/2025,347
12698,2801,01/01/2025,590
12699,793,01/01/2025,107
12700,3119,01/01/2025,133
12701,4303,01/01/2025,540
12702,2177,01/01/2025,287
12703,3287,01/01/2025,60
12704,4729,01/01/2025,218
12705,4416,01/01/2025,444
12706,2651,01/01/2025,283
12707,365,01/01/2025,370
12708,951,01/01/2025,322
12709,2755,01/01/2025,150
12710,93,01/01/2025,331
12711,2359,01/01/2025,200
12712,2295,01/01/2025,493
12713,1999,01/01/2025,373
12714,4794,01/01/2025,321
12715,42,01/01/2025,530
12716,4038,01/01/2025,36
12717,4755,01/01/2025,310
12718,4743,01/01/2025,169
12719,1391,01/01/2025,374
12720,2723,01/01/2025,138
12721,4936,01/01/2025,94
12722,3249,01/01/2025,442
12723,13,01/01/2025,559
12724,82,01/01/2025,487
12725,3483,01/01/2025,459
12726,3253,01/01/2025,62
12727,3201,01/01/2025,581
12728,4302,01/01/2025,298
12729,3180,01/01/2025,221
12730,1817,01/01/2025,35
12731,4761,01/01/2025,255
12732,1376,01/01/2025,347
12733,3953,01/01/2025,359
12734,3916,01/01/2025,272
12735,2842,01/01/2025,441
12736,1073,01/01/2025,434
12737,1917,01/01/2025,234
12738,2975,01/01/2025,156
12739,4584,01/01/2025,19
12740,638,01/01/2025,43
12741,4094,01/01/2025,426
12742,2359,01/01/2025,192
12743,33,01/01/2025,205
12744,4648,01/01/2025,460
12745,3377,01/01/2025,226
12746,4494,01/01/2025,120
12747,399,01/01/2025,290
12748,2427,01/01/2025,177
12749,1085,01/01/2025,160
12750,3347,01/01/2025,38
12751,2449,01/01/2025,256
12752,1516,01/01/2025,396
12753,2821,01/01/2025,209
12754,2884,01/01/2025,183
12755,87,01/01/2025,267
12756,124,01/01/2025,579
12757,3984,01/01/2025,547
12758,4561,01/01/2025,5
12759,1142,01/01/2025,392
12760,4327,01/01/2025,86
12761,3173,01/01/2025,368
12762,3087,01/01/2025,214
12763,44,01/01/2025,180
12764,1853,01/01/2025,399
12765,1066,01/01/2025,88
12766,1692,01/01/2025,553
12767,484,01/01/2025,337
12768,4490,01/01/2025,92
12769,1571,01/01/2025,54
12770,1384,01/01/2025,368
12771,3346,01/01/2025,440
12772,4089,01/01/2025,261
12773,1881,01/01/2025,266
12774,207,01/01/2025,133
12775,100,01/01/2025,67
12776,4546,01/01/2025,259
12777,4041,01/01/2025,428
12778,703,01/01/2025,36
12779,2621,01/01/2025,503
12780,1833,01/01/2025,546
12781,4549,01/01/2025,579
12782,4819,01/01/2025,269
12783,4074,01/01/2025,18
12784,2875,01/01/2025,586
12785,2644,01/01/2025,501
12786,85,01/01/2025,356
12787,4057,01/01/2025,376
12788,1979,01/01/2025,294
12789,277,01/01/2025,397
12790,2472,01/01/2025,205
12791,713,01/01/2025,314
12792,4219,01/01/2025,34
12793,4571,01/01/2025,544
12794,3003,01/01/2025,236
12795,1850,01/01/2025,31
12796,2005,01/01/2025,211
12797,1212,01/01/2025,245
12798,4456,01/01/2025,11
12799,47,01/01/2025,360
12800,1554,01/01/2025,321
12801,535,01/01/2025,351
12802,2027,01/01/2025,197
12803,1752,01/01/2025,253
12804,2143,01/01/2025,414
12805,2044,01/01/2025,250
12806,4640,01/01/2025,381
12807,743,01/01/2025,52
12808,3422,01/01/2025,291
12809,425,01/01/2025,593
12810,4595,01/01/2025,270
12811,3418,01/01/2025,150
12812,2184,01/01/2025,308
12813,2888,01/01/2025,224
12814,1978,01/01/2025,578
12815,3786,01/01/2025,415
12816,2060,01/01/2025,453
12817,3401,01/01/2025,5
12818,3428,01/01/2025,342
12819,3692,01/01/2025,197
12820,1162,01/01/2025,501
12821,3789,01/01/2025,510
12822,4574,01/01/2025,119
12823,2479,01/01/2025,493
12824,230,01/01/2025,252
12825,2969,01/01/2025,280
12826,4931,01/01/2025,99
12827,3713,01/01/2025,150
12828,4860,01/01/2025,198
12829,3035,01/01/2025,311
12830,1755,01/01/2025,162
12831,3951,01/01/2025,12
12832,891,01/01/2025,164
12833,3881,01/01/2025,32
12834,3468,01/01/2025,51
12835,4480,01/01/2025,381
12836,3772,01/01/2025,505
12837,4812,01/01/2025,159
12838,2324,01/01/2025,558
12839,4679,01/01/2025,237
12840,2961,01/01/2025,74
12841,3313,01/01/2025,540
12842,629,01/01/2025,271
12843,3846,01/01/2025,186
12844,2629,01/01/2025,189
12845,3730,01/01/2025,470
12846,2287,01/01/2025,393
12847,3144,01/01/2025,24
12848,441,01/01/2025,282
12849,3140,01/01/2025,150
12850,3545,01/01/2025,162
12851,913,01/01/2025,66
12852,4255,01/01/2025,477
12853,860,01/01/2025,207
12854,604,01/01/2025,331
12855,4837,01/01/2025,377
12856,3451,01/01/2025,230
12857,2295,01/01/2025,424
12858,2110,01/01/2025,255
12859,916,01/01/2025,445
12860,980,01/01/2025,591
12861,4266,01/01/2025,377
12862,899,01/01/2025,314
12863,4819,01/01/2025,214
12864,2519,01/01/2025,376
12865,2157,01/01/2025,44
12866,3292,01/01/2025,127
12867,1109,01/01/2025,260
12868,2190,01/01/2025,94
12869,4826,01/01/2025,479
12870,4188,01/01/2025,503
12871,2916,01/01/2025,528
12872,2287,01/01/2025,151
12873,1755,01/01/2025,430
12874,3314,01/01/2025,344
12875,4904,01/01/2025,35
12876,877,01/01/2025,120
12877,2443,01/01/2025,546
12878,4493,01/01/2025,46
12879,1248,01/01/2025,420
12880,4003,01/01/2025,99
12881,2199,01/01/2025,501
12882,4452,01/01/2025,71
12883,2104,01/01/2025,31
12884,1434,01/01/2025,101
12885,4365,01/01/2025,103
12886,4575,01/01/2025,440
12887,2502,01/01/2025,160
12888,3875,01/01/2025,276
12889,3512,01/01/2025,499
12890,343,01/01/2025,52
12891,1286,01/01/2025,432
12892,2609,01/01/2025,18
12893,4687,01/01/2025,41
12894,3525,01/01/2025,173
12895,1824,01/01/2025,393
12896,182,01/01/2025,21
12897,1153,01/01/2025,244
12898,1263,01/01/2025,277
12899,4750,01/01/2025,476
12900,2320,01/01/2025,365
12901,2531,01/01/2025,433
12902,2308,01/01/2025,382
12903,28,01/01/2025,247
12904,3342,01/01/2025,451
12905,2308,01/01/2025,179
12906,2304,01/01/2025,239
12907,1206,01/01/2025,188
12908,3998,01/01/2025,1
12909,4919,01/01/2025,370
12910,1459,01/01/2025,247
12911,4291,01/01/2025,110
12912,979,01/01/2025,431
12913,2327,01/01/2025,352
12914,582,01/01/2025,550
12915,4190,01/01/2025,463
12916,1544,01/01/2025,388
12917,3110,01/01/2025,353
12918,3638,01/01/2025,464
12919,1122,01/01/2025,337
12920,1588,01/01/2025,22
12921,1615,01/01/2025,599
12922,3031,01/01/2025,548
12923,1155,01/01/2025,211
12924,1734,01/01/2025,458
12925,4907,01/01/2025,263
12926,2701,01/01/2025,256
12927,4354,01/01/2025,352
12928,2218,01/01/2025,526
12929,3686,01/01/2025,518
12930,897,01/01/2025,575
12931,566,01/01/2025,546
12932,1361,01/01/2025,283
12933,3070,01/01/2025,328
12934,2353,01/01/2025,13
12935,2564,01/01/2025,114
12936,2814,01/01/2025,109
12937,3625,01/01/2025,400
12938,3654,01/01/2025,249
12939,3691,01/01/2025,594
12940,2947,01/01/2025,89
12941,4508,01/01/2025,196
12942,3647,01/01/2025,438
12943,808,01/01/2025,39
12944,2860,01/01/2025,185
12945,492,01/01/2025,374
12946,1089,01/01/2025,107
12947,155,01/01/2025,338
12948,183,01/01/2025,14
12949,3018,01/01/2025,281
12950,1308,01/01/2025,108
12951,142,01/01/2025,70
12952,2059,01/01/2025,243
12953,3006,01/01/2025,31
12954,2190,01/01/2025,329
12955,416,01/01/2025,493
12956,3930,01/01/2025,12
12957,990,01/01/2025,231
12958,2989,01/01/2025,237
12959,1326,01/01/2025,501
12960,433,01/01/2025,347
12961,632,01/01/2025,112
12962,1306,01/01/2025,181
12963,4603,01/01/2025,400
12964,2515,01/01/2025,150
12965,1318,01/01/2025,545
12966,111,01/01/2025,329
12967,1426,01/01/2025,77
12968,4280,01/01/2025,273
12969,3206,01/01/2025,348
12970,2168,01/01/2025,122
12971,3855,01/01/2025,125
12972,3534,01/01/2025,178
12973,1149,01/01/2025,27
12974,1629,01/01/2025,400
12975,3305,01/01/2025,540
12976,1834,01/01/2025,37
12977,4551,01/01/2025,590
12978,4973,01/01/2025,418
12979,995,01/01/2025,404
12980,2074,01/01/2025,114
12981,1642,01/01/2025,536
12982,3569,01/01/2025,75
12983,701,01/01/2025,58
12984,1388,01/01/2025,331
12985,1771,01/01/2025,525
12986,2213,01/01/2025,76
12987,1007,01/01/2025,503
12988,2405,01/01/2025,123
12989,1201,01/01/2025,559
12990,3684,01/01/2025,37
12991,3149,01/01/2025,137
12992,413,01/01/2025,293
12993,3913,01/01/2025,526
12994,458,01/01/2025,463
12995,1629,01/01/2025,323
12996,523,01/01/2025,398
12997,3678,01/01/2025,343
12998,1016,01/01/2025,501
12999,1477,01/01/2025,20
13000,3215,01/01/2025,299
13001,1322,01/01/2025,242
13002,863,01/01/2025,551
13003,897,01/01/2025,543
13004,1847,01/01/2025,31
13005,4009,01/01/2025,28
13006,1976,01/01/2025,50
13007,4627,01/01/2025,304
13008,4015,01/01/2025,429
13009,3534,01/01/2025,130
13010,460,01/01/2025,89
13011,4656,01/01/2025,44
13012,3310,01/01/2025,542
13013,3678,01/01/2025,358
13014,1751,01/01/2025,17
13015,2079,01/01/2025,442
13016,4145,01/01/2025,191
13017,4465,01/01/2025,546
13018,3225,01/01/2025,29
13019,1189,01/01/2025,10
13020,4863,01/01/2025,313
13021,1640,01/01/2025,434
13022,4994,01/01/2025,308
13023,612,01/01/2025,386
13024,1159,01/01/2025,234
13025,372,01/01/2025,229
13026,4465,01/01/2025,213
13027,3252,01/01/2025,349
13028,1703,01/01/2025,86
13029,1354,01/01/2025,447
13030,3309,01/01/2025,236
13031,3474,01/01/2025,498
13032,513,01/01/2025,224
13033,283,01/01/2025,379
13034,3320,01/01/2025,291
13035,1551,01/01/2025,65
13036,1198,01/01/2025,575
13037,955,01/01/2025,29
13038,4589,01/01/2025,35
13039,490,01/01/2025,241
13040,77,01/01/2025,213
13041,184,01/01/2025,594
13042,3851,01/01/2025,564
13043,3823,01/01/2025,82
13044,930,01/01/2025,254
13045,3577,01/01/2025,416
13046,4787,01/01/2025,359
13047,3969,01/01/2025,253
13048,3654,01/01/2025,97
13049,707,01/01/2025,411
13050,3500,01/01/2025,172
13051,2851,01/01/2025,248
13052,247,01/01/2025,142
13053,3054,01/01/2025,257
13054,103,01/01/2025,48
13055,4803,01/01/2025,60
13056,517,01/01/2025,182
13057,834,01/01/2025,492
13058,1993,01/01/2025,254
13059,2837,01/01/2025,200
13060,293,01/01/2025,434
13061,3007,01/01/2025,545
13062,3956,01/01/2025,164
13063,1143,01/01/2025,580
13064,1587,01/01/2025,320
13065,2365,01/01/2025,282
13066,4040,01/01/2025,148
13067,1836,01/01/2025,478
13068,3553,01/01/2025,107
13069,1296,01/01/2025,145
13070,2089,01/01/2025,388
13071,4709,01/01/2025,293
13072,2717,01/01/2025,146
13073,1791,01/01/2025,137
13074,310,01/01/2025,490
13075,213,01/01/2025,191
13076,3391,01/01/2025,309
13077,219,01/01/2025,543
13078,487,01/01/2025,486
13079,4674,01/01/2025,580
13080,3647,01/01/2025,198
13081,550,01/01/2025,344
13082,1379,01/01/2025,134
13083,2937,01/01/2025,438
13084,1080,01/01/2025,116
13085,168,01/01/2025,341
13086,3448,01/01/2025,333
13087,249,01/01/2025,302
13088,2945,01/01/2025,159
13089,1235,01/01/2025,302
13090,2926,01/01/2025,66
13091,2041,01/01/2025,68
13092,946,01/01/2025,519
13093,850,01/01/2025,430
13094,4857,01/01/2025,568
13095,2653,01/01/2025,78
13096,2161,01/01/2025,48
13097,2534,01/01/2025,187
13098,2462,01/01/2025,22
13099,3491,01/01/2025,30
13100,629,01/01/2025,83
13101,2741,01/01/2025,560
13102,3421,01/01/2025,424
13103,3041,01/01/2025,458
13104,2212,01/01/2025,309
13105,261,01/01/2025,175
13106,4268,01/01/2025,88
13107,4435,01/01/2025,103
13108,1206,01/01/2025,429
13109,4266,01/01/2025,475
13110,8,01/01/2025,579
13111,617,01/01/2025,300
13112,1129,01/01/2025,111
13113,2465,01/01/2025,498
13114,4177,01/01/2025,69
13115,2961,01/01/2025,42
13116,3910,01/01/2025,74
13117,4766,01/01/2025,227
13118,4901,01/01/2025,494
13119,1905,01/01/2025,426
13120,3393,01/01/2025,53
13121,4227,01/01/2025,319
13122,2456,01/01/2025,197
13123,3537,01/01/2025,416
13124,4205,01/01/2025,24
13125,2712,01/01/2025,129
13126,1107,01/01/2025,365
13127,3566,01/01/2025,348
13128,3233,01/01/2025,363
13129,4040,01/01/2025,584
13130,2216,01/01/2025,15
13131,4264,01/01/2025,471
13132,1781,01/01/2025,222
13133,4050,01/01/2025,572
13134,81,01/01/2025,564
13135,4489,01/01/2025,133
13136,3384,01/01/2025,356
13137,535,01/01/2025,562
13138,3444,01/01/2025,173
13139,420,01/01/2025,347
13140,3593,01/01/2025,589
13141,1489,01/01/2025,51
13142,148,01/01/2025,509
13143,2249,01/01/2025,445
13144,4059,01/01/2025,67
13145,4606,01/01/2025,191
13146,3814,01/01/2025,172
13147,4752,01/01/2025,400
13148,4835,01/01/2025,215
13149,4456,01/01/2025,265
13150,1549,01/01/2025,113
13151,1547,01/01/2025,240
13152,2480,01/01/2025,447
13153,4866,01/01/2025,38
13154,3807,01/01/2025,278
13155,768,01/01/2025,448
13156,443,01/01/2025,469
13157,2901,01/01/2025,365
13158,2614,01/01/2025,145
13159,2348,01/01/2025,47
13160,3358,01/01/2025,523
13161,289,01/01/2025,299
13162,1585,01/01/2025,479
13163,2898,01/01/2025,308
13164,2721,01/01/2025,347
13165,3102,01/01/2025,0
13166,3929,01/01/2025,118
13167,3162,01/01/2025,477
13168,756,01/01/2025,239
13169,2292,01/01/2025,323
13170,1415,01/01/2025,523
13171,2146,01/01/2025,3
13172,1316,01/01/2025,523
13173,3502,01/01/2025,410
13174,2690,01/01/2025,286
13175,1433,01/01/2025,24
13176,4131,01/01/2025,343
13177,352,01/01/2025,64
13178,351,01/01/2025,262
13179,1103,01/01/2025,565
13180,3697,01/01/2025,448
13181,1259,01/01/2025,35
13182,240,01/01/2025,0
13183,3181,01/01/2025,327
13184,3210,01/01/2025,389
13185,2979,01/01/2025,106
13186,3045,01/01/2025,428
13187,4081,01/01/2025,273
13188,1282,01/01/2025,385
13189,3615,01/01/2025,392
13190,1171,01/01/2025,125
13191,4568,01/01/2025,495
13192,2069,01/01/2025,300
13193,2217,01/01/2025,294
13194,1256,01/01/2025,489
13195,850,01/01/2025,408
13196,579,01/01/2025,374
13197,3366,01/01/2025,395
13198,1888,01/01/2025,226
13199,1424,01/01/2025,205
13200,2609,01/01/2025,232
13201,1065,01/01/2025,171
13202,1344,01/01/2025,250
13203,508,01/01/2025,153
13204,4011,01/01/2025,399
13205,3611,01/01/2025,275
13206,1018,01/01/2025,552
13207,4192,01/01/2025,565
13208,470,01/01/2025,291
13209,1064,01/01/2025,30
13210,803,01/01/2025,472
13211,3040,01/01/2025,237
13212,3909,01/01/2025,414
13213,2116,01/01/2025,154
13214,4705,01/01/2025,332
13215,4287,01/01/2025,140
13216,517,01/01/2025,317
13217,839,01/01/2025,343
13218,3512,01/01/2025,209
13219,1993,01/01/2025,580
13220,1828,01/01/2025,484
13221,4443,01/01/2025,213
13222,2717,01/01/2025,492
13223,4662,01/01/2025,467
13224,1754,01/01/2025,55
13225,1142,01/01/2025,137
13226,3105,01/01/2025,379
13227,4464,01/01/2025,60
13228,1316,01/01/2025,554
13229,4770,01/01/2025,482
13230,4823,01/01/2025,1
13231,311,01/01/2025,401
13232,2791,01/01/2025,203
13233,4678,01/01/2025,44
13234,4493,01/01/2025,219
13235,2932,01/01/2025,44
13236,3776,01/01/2025,312
13237,4287,01/01/2025,419
13238,2503,01/01/2025,291
13239,4629,01/01/2025,579
13240,1190,01/01/2025,483
13241,1733,01/01/2025,432
13242,4252,01/01/2025,76
13243,285,01/01/2025,58
13244,1634,01/01/2025,133
13245,2622,01/01/2025,167
13246,3030,01/01/2025,477
13247,705,01/01/2025,189
13248,1913,01/01/2025,97
13249,4389,01/01/2025,322
13250,1858,01/01/2025,407
13251,700,01/01/2025,394
13252,3017,01/01/2025,545
13253,4497,01/01/2025,260
13254,749,01/01/2025,242
13255,4648,01/01/2025,543
13256,4068,01/01/2025,152
13257,1596,01/01/2025,56
13258,1796,01/01/2025,63
13259,2919,01/01/2025,28
13260,224,01/01/2025,67
13261,3316,01/01/2025,251
13262,2297,01/01/2025,311
13263,2150,01/01/2025,384
13264,4596,01/01/2025,438
13265,3266,01/01/2025,399
13266,2538,01/01/2025,434
13267,1250,01/01/2025,476
13268,1178,01/01/2025,567
13269,4459,01/01/2025,91
13270,2092,01/01/2025,319
13271,264,01/01/2025,580
13272,1542,01/01/2025,210
13273,4661,01/01/2025,529
13274,2198,01/01/2025,183
13275,4261,01/01/2025,546
13276,754,01/01/2025,64
13277,4667,01/01/2025,280
13278,3578,01/01/2025,433
13279,2482,01/01/2025,466
13280,2778,01/01/2025,213
13281,4072,01/01/2025,455
13282,1349,01/01/2025,451
13283,3039,01/01/2025,338
13284,4103,01/01/2025,16
13285,4699,01/01/2025,201
13286,737,01/01/2025,508
13287,1600,01/01/2025,354
13288,4524,01/01/2025,48
13289,108,01/01/2025,181
13290,2316,01/01/2025,391
13291,756,01/01/2025,351
13292,2109,01/01/2025,330
13293,4507,01/01/2025,284
13294,2859,01/01/2025,5
13295,3981,01/01/2025,48
13296,3626,01/01/2025,355
13297,1244,01/01/2025,277
13298,414,01/01/2025,13
13299,2618,01/01/2025,141
13300,737,01/01/2025,477
13301,1438,01/01/2025,221
13302,3453,01/01/2025,303
13303,3089,01/01/2025,350
13304,3649,01/01/2025,516
13305,4957,01/01/2025,444
13306,1275,01/01/2025,113
13307,2606,01/01/2025,325
13308,2410,01/01/2025,167
13309,3790,01/01/2025,538
13310,88,01/01/2025,190
13311,2546,01/01/2025,509
13312,1132,01/01/2025,514
13313,433,01/01/2025,39
13314,2720,01/01/2025,444
13315,3056,01/01/2025,29
13316,1705,01/01/2025,582
13317,1562,01/01/2025,558
13318,1041,01/01/2025,435
13319,252,01/01/2025,49
13320,3425,01/01/2025,502
13321,585,01/01/2025,512
13322,506,01/01/2025,7
13323,1276,01/01/2025,354
13324,2627,01/01/2025,53
13325,1772,01/01/2025,471
13326,4304,01/01/2025,232
13327,3247,01/01/2025,488
13328,4375,01/01/2025,390
13329,2603,01/01/2025,440
13330,1625,01/01/2025,44
13331,242,01/01/2025,354
13332,4297,01/01/2025,303
13333,2840,01/01/2025,478
13334,2166,01/01/2025,326
13335,199,01/01/2025,534
13336,4399,01/01/2025,598
13337,3877,01/01/2025,19
13338,3291,01/01/2025,296
13339,809,01/01/2025,93
13340,521,01/01/2025,124
13341,292,01/01/2025,584
13342,2656,01/01/2025,309
13343,1762,01/01/2025,294
13344,934,01/01/2025,160
13345,3418,01/01/2025,305
13346,2252,01/01/2025,413
13347,2893,01/01/2025,137
13348,4970,01/01/2025,237
13349,2263,01/01/2025,70
13350,1754,01/01/2025,227
13351,1249,01/01/2025,78
13352,1106,01/01/2025,104
13353,4042,01/01/2025,391
13354,720,01/01/2025,108
13355,386,01/01/2025,3
13356,4731,01/01/2025,136
13357,421,01/01/2025,472
13358,1534,01/01/2025,214
13359,43,01/01/2025,395
13360,4700,01/01/2025,488
13361,1698,01/01/2025,454
13362,2896,01/01/2025,473
13363,4697,01/01/2025,273
13364,4506,01/01/2025,327
13365,4816,01/01/2025,240
13366,1497,01/01/2025,445
13367,2271,01/01/2025,237
13368,1043,01/01/2025,119
13369,2239,01/01/2025,242
13370,3150,01/01/2025,24
13371,1310,01/01/2025,223
13372,866,01/01/2025,256
13373,2142,01/01/2025,69
13374,3162,01/01/2025,541
13375,2535,01/01/2025,413
13376,2714,01/01/2025,100
13377,3543,01/01/2025,351
13378,1676,01/01/2025,539
13379,1942,01/01/2025,265
13380,2201,01/01/2025,580
13381,89,01/01/2025,313
13382,764,01/01/2025,298
13383,1811,01/01/2025,575
13384,3557,01/01/2025,214
13385,4625,01/01/2025,83
13386,2215,01/01/2025,407
13387,3732,01/01/2025,258
13388,2664,01/01/2025,290
13389,316,01/01/2025,149
13390,1051,01/01/2025,90
13391,3509,01/01/2025,449
13392,1686,01/01/2025,461
13393,4096,01/01/2025,37
13394,770,01/01/2025,361
13395,1561,01/01/2025,39
13396,2120,01/01/2025,444
13397,257,01/01/2025,238
13398,2798,01/01/2025,382
13399,4273,01/01/2025,409
13400,4871,01/01/2025,419
13401,583,01/01/2025,281
13402,839,01/01/2025,82
13403,4629,01/01/2025,379
13404,4318,01/01/2025,286
13405,1045,01/01/2025,131
13406,3829,01/01/2025,534
13407,4265,01/01/2025,285
13408,1789,01/01/2025,561
13409,4546,01/01/2025,263
13410,3659,01/01/2025,394
13411,3633,01/01/2025,297
13412,4190,01/01/2025,48
13413,4399,01/01/2025,340
13414,10,01/01/2025,277
13415,1991,01/01/2025,300
13416,3833,01/01/2025,43
13417,1658,01/01/2025,246
13418,757,01/01/2025,551
13419,900,01/01/2025,439
13420,1647,01/01/2025,328
13421,3793,01/01/2025,401
13422,3943,01/01/2025,162
13423,3445,01/01/2025,580
13424,2950,01/01/2025,595
13425,1348,01/01/2025,364
13426,627,01/01/2025,324
13427,4644,01/01/2025,179
13428,81,01/01/2025,220
13429,4241,01/01/2025,415
13430,1489,01/01/2025,152
13431,1931,01/01/2025,207
13432,4646,01/01/2025,155
13433,58,01/01/2025,248
13434,1684,01/01/2025,569
13435,2822,01/01/2025,21
13436,858,01/01/2025,397
13437,874,01/01/2025,185
13438,669,01/01/2025,239
13439,1437,01/01/2025,234
13440,3473,01/01/2025,515
13441,3215,01/01/2025,401
13442,2411,01/01/2025,148
13443,2281,01/01/2025,149
13444,2439,01/01/2025,522
13445,222,01/01/2025,493
13446,1035,01/01/2025,243
13447,3637,01/01/2025,208
13448,3380,01/01/2025,42
13449,3312,01/01/2025,182
13450,2384,01/01/2025,462
13451,1604,01/01/2025,592
13452,754,01/01/2025,137
13453,1259,01/01/2025,182
13454,249,01/01/2025,217
13455,831,01/01/2025,484
13456,2198,01/01/2025,535
13457,3422,01/01/2025,364
13458,4075,01/01/2025,525
13459,3268,01/01/2025,58
13460,4025,01/01/2025,498
13461,4022,01/01/2025,295
13462,2873,01/01/2025,150
13463,835,01/01/2025,531
13464,3034,01/01/2025,495
13465,507,01/01/2025,250
13466,1555,01/01/2025,200
13467,541,01/01/2025,340
13468,4973,01/01/2025,227
13469,166,01/01/2025,589
13470,4516,01/01/2025,477
13471,3330,01/01/2025,304
13472,665,01/01/2025,502
13473,1310,01/01/2025,526
13474,2511,01/01/2025,272
13475,687,01/01/2025,206
13476,4895,01/01/2025,431
13477,3733,01/01/2025,406
13478,1850,01/01/2025,267
13479,2462,01/01/2025,373
13480,4561,01/01/2025,432
13481,3554,01/01/2025,50
13482,26,01/01/2025,403
13483,313,01/01/2025,315
13484,3602,01/01/2025,84
13485,454,01/01/2025,376
13486,28,01/01/2025,426
13487,2102,01/01/2025,465
13488,1378,01/01/2025,343
13489,4411,01/01/2025,34
13490,1552,01/01/2025,236
13491,1897,01/01/2025,145
13492,3389,01/01/2025,466
13493,4967,01/01/2025,238
13494,4292,01/01/2025,46
13495,1293,01/01/2025,288
13496,4525,01/01/2025,154
13497,131,01/01/2025,92
13498,329,01/01/2025,40
13499,3948,01/01/2025,402
13500,1111,01/01/2025,299
13501,1277,01/01/2025,411
13502,2889,01/01/2025,416
13503,2847,01/01/2025,106
13504,4657,01/01/2025,508
13505,3247,01/01/2025,150
13506,4223,01/01/2025,182
13507,4387,01/01/2025,512
13508,2341,01/01/2025,146
13509,1264,01/01/2025,114
13510,2402,01/01/2025,520
13511,4417,01/01/2025,559
13512,2647,01/01/2025,439
13513,663,01/01/2025,280
13514,2524,01/01/2025,262
13515,4718,01/01/2025,174
13516,2823,01/01/2025,582
13517,2565,01/01/2025,193
13518,264,01/01/2025,38
13519,4446,01/01/2025,143
13520,1895,01/01/2025,384
13521,680,01/01/2025,55
13522,336,01/01/2025,366
13523,4910,01/01/2025,467
13524,4362,01/01/2025,491
13525,1453,01/01/2025,205
13526,2253,01/01/2025,8
13527,2648,01/01/2025,571
13528,491,01/01/2025,105
13529,4664,01/01/2025,136
13530,1896,01/01/2025,594
13531,1609,01/01/2025,82
13532,2671,01/01/2025,305
13533,242,01/01/2025,359
13534,2408,01/01/2025,480
13535,3554,01/01/2025,399
13536,4940,01/01/2025,391
13537,702,01/01/2025,112
13538,682,01/01/2025,500
13539,2701,01/01/2025,493
13540,2829,01/01/2025,287
13541,4846,01/01/2025,233
13542,218,01/01/2025,214
13543,3510,01/01/2025,556
13544,664,01/01/2025,34
13545,2853,01/01/2025,485
13546,4729,01/01/2025,290
13547,383,01/01/2025,99
13548,315,01/01/2025,187
13549,2626,01/01/2025,274
13550,3574,01/01/2025,502
13551,2591,01/01/2025,563
13552,167,01/01/2025,588
13553,3707,01/01/2025,97
13554,3408,01/01/2025,510
13555,3576,01/01/2025,224
13556,2577,01/01/2025,399
13557,609,01/01/2025,407
13558,1998,01/01/2025,239
13559,1,01/01/2025,396
13560,4112,01/01/2025,301
13561,4513,01/01/2025,26
13562,2304,01/01/2025,321
13563,1002,01/01/2025,423
13564,4422,01/01/2025,383
13565,2620,01/01/2025,589
13566,4880,01/01/2025,40
13567,3712,01/01/2025,169
13568,2183,01/01/2025,345
13569,2702,01/01/2025,43
13570,936,01/01/2025,329
13571,3383,01/01/2025,129
13572,3059,01/01/2025,421
13573,2902,01/01/2025,186
13574,230,01/01/2025,315
13575,193,01/01/2025,581
13576,4428,01/01/2025,114
13577,1631,01/01/2025,248
13578,4034,01/01/2025,493
13579,1881,01/01/2025,50
13580,4099,01/01/2025,312
13581,700,01/01/2025,12
13582,2870,01/01/2025,448
13583,1160,01/01/2025,51
13584,2522,01/01/2025,65
13585,3331,01/01/2025,543
13586,80,01/01/2025,539
13587,3721,01/01/2025,193
13588,2023,01/01/2025,542
13589,641,01/01/2025,60
13590,2296,01/01/2025,158
13591,4489,01/01/2025,39
13592,4381,01/01/2025,483
13593,3744,01/01/2025,136
13594,4233,01/01/2025,483
13595,4465,01/01/2025,363
13596,3154,01/01/2025,548
13597,2213,01/01/2025,376
13598,3062,01/01/2025,185
13599,2944,01/01/2025,558
13600,4076,01/01/2025,542
13601,364,01/01/2025,255
13602,4630,01/01/2025,242
13603,648,01/01/2025,158
13604,1595,01/01/2025,548
13605,2555,01/01/2025,74
13606,2855,01/01/2025,420
13607,2237,01/01/2025,436
13608,4371,01/01/2025,520
13609,521,01/01/2025,176
13610,3008,01/01/2025,214
13611,2106,01/01/2025,6
13612,4681,01/01/2025,117
13613,390,01/01/2025,597
13614,1582,01/01/2025,557
13615,4164,01/01/2025,13
13616,1509,01/01/2025,311
13617,3993,01/01/2025,206
13618,2919,01/01/2025,597
13619,16,01/01/2025,458
13620,1220,01/01/2025,238
13621,1039,01/01/2025,370
13622,1599,01/01/2025,81
13623,2351,01/01/2025,445
13624,4323,01/01/2025,414
13625,4888,01/01/2025,348
13626,2861,01/01/2025,212
13627,3951,01/01/2025,496
13628,3579,01/01/2025,494
13629,3335,01/01/2025,450
13630,2071,01/01/2025,530
13631,1901,01/01/2025,459
13632,1754,01/01/2025,458
13633,3186,01/01/2025,61
13634,4015,01/01/2025,212
13635,3158,01/01/2025,459
13636,2667,01/01/2025,325
13637,1289,01/01/2025,160
13638,2701,01/01/2025,576
13639,2125,01/01/2025,568
13640,1860,01/01/2025,198
13641,3667,01/01/2025,212
13642,235,01/01/2025,411
13643,113,01/01/2025,231
13644,3,01/01/2025,215
13645,2461,01/01/2025,67
13646,921,01/01/2025,294
13647,4298,01/01/2025,231
13648,4017,01/01/2025,400
13649,1938,01/01/2025,240
13650,4281,01/01/2025,268
13651,69,01/01/2025,209
13652,792,01/01/2025,8
13653,1792,01/01/2025,275
13654,1023,01/01/2025,520
13655,1661,01/01/2025,353
13656,2767,01/01/2025,488
13657,2320,01/01/2025,266
13658,154,01/01/2025,407
13659,3981,01/01/2025,597
13660,4581,01/01/2025,326
13661,178,01/01/2025,205
13662,2687,01/01/2025,538
13663,4302,01/01/2025,359
13664,3064,01/01/2025,590
13665,3340,01/01/2025,306
13666,1776,01/01/2025,396
13667,3623,01/01/2025,414
13668,3323,01/01/2025,425
13669,4861,01/01/2025,54
13670,2582,01/01/2025,12
13671,4636,01/01/2025,527
13672,1404,01/01/2025,510
13673,4243,01/01/2025,78
13674,4468,01/01/2025,416
13675,3806,01/01/2025,341
13676,4755,01/01/2025,100
13677,4212,01/01/2025,336
13678,1643,01/01/2025,144
13679,505,01/01/2025,9
13680,4730,01/01/2025,251
13681,2243,01/01/2025,367
13682,2168,01/01/2025,187
13683,2804,01/01/2025,505
13684,4888,01/01/2025,548
13685,1340,01/01/2025,26
13686,2044,01/01/2025,378
13687,898,01/01/2025,496
13688,71,01/01/2025,236
13689,4089,01/01/2025,438
13690,3481,01/01/2025,273
13691,4344,01/01/2025,387
13692,2047,01/01/2025,309
13693,544,01/01/2025,228
13694,2364,01/01/2025,528
13695,2981,01/01/2025,540
13696,4451,01/01/2025,117
13697,3931,01/01/2025,116
13698,4755,01/01/2025,276
13699,3806,01/01/2025,225
13700,4873,01/01/2025,106
13701,1608,01/01/2025,279
13702,3348,01/01/2025,195
13703,1814,01/01/2025,524
13704,382,01/01/2025,502
13705,3217,01/01/2025,302
13706,2649,01/01/2025,325
13707,2070,01/01/2025,429
13708,4078,01/01/2025,49
13709,2139,01/01/2025,453
13710,3241,01/01/2025,443
13711,1297,01/01/2025,456
13712,4412,01/01/2025,80
13713,2380,01/01/2025,326
13714,4978,01/01/2025,479
13715,3162,01/01/2025,420
13716,159,01/01/2025,22
13717,2713,01/01/2025,582
13718,854,01/01/2025,489
13719,3925,01/01/2025,256
13720,3318,01/01/2025,241
13721,3308,01/01/2025,127
13722,1978,01/01/2025,28
13723,1404,01/01/2025,133
13724,1034,01/01/2025,477
13725,3947,01/01/2025,421
13726,3906,01/01/2025,291
13727,2003,01/01/2025,557
13728,2180,01/01/2025,535
13729,1589,01/01/2025,306
13730,1105,01/01/2025,229
13731,1633,01/01/2025,181
13732,1953,01/01/2025,334
13733,3800,01/01/2025,12
13734,2081,01/01/2025,287
13735,594,01/01/2025,68
13736,350,01/01/2025,21
13737,3812,01/01/2025,71
13738,784,01/01/2025,187
13739,2288,01/01/2025,19
13740,3044,01/01/2025,176
13741,2874,01/01/2025,534
13742,826,01/01/2025,317
13743,2738,01/01/2025,118
13744,11,01/01/2025,482
13745,396,01/01/2025,9
13746,368,01/01/2025,63
13747,1366,01/01/2025,215
13748,4407,01/01/2025,345
13749,602,01/01/2025,238
13750,4617,01/01/2025,273
13751,4939,01/01/2025,475
13752,4183,01/01/2025,241
13753,2791,01/01/2025,64
13754,1910,01/01/2025,379
13755,4810,01/01/2025,454
13756,1009,01/01/2025,344
13757,4747,01/01/2025,127
13758,575,01/01/2025,317
13759,3357,01/01/2025,83
13760,3743,01/01/2025,22
13761,1358,01/01/2025,19
13762,3009,01/01/2025,248
13763,19,01/01/2025,410
13764,4570,01/01/2025,176
13765,1843,01/01/2025,128
13766,673,01/01/2025,480
13767,4287,01/01/2025,536
13768,1590,01/01/2025,342
13769,2442,01/01/2025,46
13770,1652,01/01/2025,147
13771,253,01/01/2025,375
13772,2322,01/01/2025,492
13773,1491,01/01/2025,201
13774,3267,01/01/2025,245
13775,4250,01/01/2025,521
13776,4898,01/01/2025,425
13777,4811,01/01/2025,581
13778,2532,01/01/2025,88
13779,109,01/01/2025,197
13780,4810,01/01/2025,259
13781,2461,01/01/2025,302
13782,4502,01/01/2025,15
13783,4464,01/01/2025,513
13784,4221,01/01/2025,104
13785,17,01/01/2025,205
13786,778,01/01/2025,550
13787,3408,01/01/2025,91
13788,4275,01/01/2025,548
13789,4013,01/01/2025,549
13790,2386,01/01/2025,39
13791,1464,01/01/2025,536
13792,2852,01/01/2025,272
13793,1016,01/01/2025,177
13794,4676,01/01/2025,33
13795,3159,01/01/2025,346
13796,1648,01/01/2025,37
13797,3001,01/01/2025,365
13798,2119,01/01/2025,58
13799,3735,01/01/2025,329
13800,2701,01/01/2025,163
13801,1084,01/01/2025,52
13802,4852,01/01/2025,235
13803,1423,01/01/2025,302
13804,4811,01/01/2025,333
13805,885,01/01/2025,11
13806,4930,01/01/2025,508
13807,3599,01/01/2025,160
13808,4869,01/01/2025,4
13809,2027,01/01/2025,60
13810,4760,01/01/2025,318
13811,682,01/01/2025,0
13812,3883,01/01/2025,354
13813,1096,01/01/2025,277
13814,730,01/01/2025,468
13815,2865,01/01/2025,355
13816,2257,01/01/2025,128
13817,4269,01/01/2025,57
13818,3629,01/01/2025,277
13819,1361,01/01/2025,513
13820,1743,01/01/2025,244
13821,4342,01/01/2025,257
13822,3546,01/01/2025,90
13823,3305,01/01/2025,534
13824,1947,01/01/2025,352
13825,4745,01/01/2025,217
13826,1421,01/01/2025,530
13827,1364,01/01/2025,473
13828,4000,01/01/2025,101
13829,1188,01/01/2025,570
13830,3565,01/01/2025,452
13831,1397,01/01/2025,482
13832,4507,01/01/2025,217
13833,713,01/01/2025,73
13834,285,01/01/2025,307
13835,3214,01/01/2025,8
13836,120,01/01/2025,387
13837,1257,01/01/2025,54
13838,4516,01/01/2025,54
13839,2371,01/01/2025,138
13840,3047,01/01/2025,268
13841,3855,01/01/2025,209
13842,710,01/01/2025,233
13843,1117,01/01/2025,518
13844,3525,01/01/2025,101
13845,196,01/01/2025,108
13846,3575,01/01/2025,219
13847,2240,01/01/2025,24
13848,742,01/01/2025,337
13849,2190,01/01/2025,184
13850,2,01/01/2025,474
13851,1403,01/01/2025,557
13852,361,01/01/2025,101
13853,2550,01/01/2025,199
13854,1164,01/01/2025,500
13855,323,01/01/2025,550
13856,4072,01/01/2025,220
13857,2161,01/01/2025,207
13858,798,01/01/2025,77
13859,2823,01/01/2025,595
13860,3645,01/01/2025,105
13861,4724,01/01/2025,506
13862,3843,01/01/2025,12
13863,1947,01/01/2025,186
13864,1283,01/01/2025,174
13865,3343,01/01/2025,425
13866,3699,01/01/2025,554
13867,1102,01/01/2025,8
13868,3709,01/01/2025,25
13869,394,01/01/2025,592
13870,939,01/01/2025,304
13871,2285,01/01/2025,452
13872,611,01/01/2025,224
13873,2296,01/01/2025,355
13874,3465,01/01/2025,191
13875,4716,01/01/2025,340
13876,2547,01/01/2025,118
13877,4142,01/01/2025,134
13878,4269,01/01/2025,162
13879,4958,01/01/2025,316
13880,1387,01/01/2025,299
13881,1396,01/01/2025,45
13882,393,01/01/2025,302
13883,3822,01/01/2025,212
13884,879,01/01/2025,176
13885,2471,01/01/2025,22
13886,4024,01/01/2025,421
13887,2428,01/01/2025,213
13888,4771,01/01/2025,356
13889,4606,01/01/2025,252
13890,3226,01/01/2025,545
13891,2839,01/01/2025,104
13892,1911,01/01/2025,359
13893,3625,01/01/2025,590
13894,4163,01/01/2025,467
13895,379,01/01/2025,336
13896,3218,01/01/2025,188
13897,976,01/01/2025,426
13898,3971,01/01/2025,417
13899,603,01/01/2025,178
13900,3050,01/01/2025,245
13901,3916,01/01/2025,89
13902,1143,01/01/2025,422
13903,4176,01/01/2025,305
13904,4680,01/01/2025,597
13905,3312,01/01/2025,12
13906,805,01/01/2025,250
13907,828,01/01/2025,314
13908,2293,01/01/2025,508
13909,478,01/01/2025,422
13910,3485,01/01/2025,449
13911,2009,01/01/2025,194
13912,1527,01/01/2025,465
13913,4236,01/01/2025,151
13914,892,01/01/2025,230
13915,1744,01/01/2025,496
13916,4213,01/01/2025,226
13917,4160,01/01/2025,566
13918,4518,01/01/2025,461
13919,4153,01/01/2025,356
13920,1751,01/01/2025,348
13921,1444,01/01/2025,476
13922,3334,01/01/2025,177
13923,800,01/01/2025,130
13924,2248,01/01/2025,576
13925,1153,01/01/2025,395
13926,1353,01/01/2025,396
13927,119,01/01/2025,205
13928,1655,01/01/2025,370
13929,1138,01/01/2025,318
13930,604,01/01/2025,116
13931,3952,01/01/2025,494
13932,743,01/01/2025,264
13933,3092,01/01/2025,589
13934,4479,01/01/2025,78
13935,4359,01/01/2025,550
13936,8,01/01/2025,49
13937,371,01/01/2025,519
13938,4496,01/01/2025,431
13939,2392,01/01/2025,101
13940,808,01/01/2025,338
13941,3476,01/01/2025,252
13942,2754,01/01/2025,287
13943,101,01/01/2025,203
13944,2293,01/01/2025,568
13945,427,01/01/2025,341
13946,1364,01/01/2025,463
13947,4661,01/01/2025,164
13948,826,01/01/2025,106
13949,2029,01/01/2025,387
13950,3378,01/01/2025,153
13951,2237,01/01/2025,136
13952,3432,01/01/2025,206
13953,3877,01/01/2025,124
13954,542,01/01/2025,506
13955,903,01/01/2025,284
13956,4840,01/01/2025,547
13957,4461,01/01/2025,506
13958,1529,01/01/2025,238
13959,4133,01/01/2025,554
13960,2574,01/01/2025,151
13961,2804,01/01/2025,506
13962,351,01/01/2025,198
13963,1508,01/01/2025,140
13964,654,01/01/2025,136
13965,360,01/01/2025,150
13966,4942,01/01/2025,533
13967,3880,01/01/2025,112
13968,2421,01/01/2025,155
13969,4163,01/01/2025,192
13970,1317,01/01/2025,64
13971,2,01/01/2025,392
13972,1626,01/01/2025,504
13973,2441,01/01/2025,291
13974,3626,01/01/2025,250
13975,3305,01/01/2025,459
13976,4931,01/01/2025,110
13977,977,01/01/2025,534
13978,1042,01/01/2025,543
13979,3514,01/01/2025,266
13980,3850,01/01/2025,22
13981,3802,01/01/2025,196
13982,4897,01/01/2025,43
13983,3399,01/01/2025,405
13984,536,01/01/2025,567
13985,32,01/01/2025,104
13986,4935,01/01/2025,450
13987,904,01/01/2025,285
13988,4237,01/01/2025,1
13989,145,01/01/2025,439
13990,3555,01/01/2025,115
13991,2458,01/01/2025,103
13992,2301,01/01/2025,521
13993,2772,01/01/2025,403
13994,3956,01/01/2025,208
13995,3764,01/01/2025,225
13996,2195,01/01/2025,407
13997,4115,01/01/2025,215
13998,2880,01/01/2025,469
13999,2033,01/01/2025,545
14000,1212,01/01/2025,299
14001,2593,01/01/2025,76
14002,1419,01/01/2025,439
14003,3179,01/01/2025,155
14004,4634,01/01/2025,208
14005,3875,01/01/2025,19
14006,312,01/01/2025,301
14007,1092,01/01/2025,373
14008,2811,01/01/2025,197
14009,4139,01/01/2025,1
14010,677,01/01/2025,373
14011,4241,01/01/2025,35
14012,4231,01/01/2025,336
14013,2097,01/01/2025,110
14014,4183,01/01/2025,84
14015,3781,01/01/2025,173
14016,250,01/01/2025,348
14017,2848,01/01/2025,195
14018,128,01/01/2025,521
14019,1242,01/01/2025,209
14020,84,01/01/2025,320
14021,4406,01/01/2025,421
14022,4111,01/01/2025,569
14023,4211,01/01/2025,317
14024,162,01/01/2025,567
14025,1776,01/01/2025,257
14026,4639,01/01/2025,377
14027,4245,01/01/2025,217
14028,2675,01/01/2025,163
14029,3942,01/01/2025,98
14030,3462,01/01/2025,162
14031,1429,01/01/2025,59
14032,2344,01/01/2025,255
14033,4690,01/01/2025,469
14034,2920,01/01/2025,282
14035,4968,01/01/2025,492
14036,4157,01/01/2025,504
14037,4623,01/01/2025,178
14038,3883,01/01/2025,51
14039,2240,01/01/2025,247
14040,176,01/01/2025,316
14041,2676,01/01/2025,41
14042,891,01/01/2025,270
14043,1236,01/01/2025,335
14044,4269,01/01/2025,106
14045,2546,01/01/2025,177
14046,455,01/01/2025,493
14047,3974,01/01/2025,362
14048,45,01/01/2025,208
14049,456,01/01/2025,130
14050,2912,01/01/2025,190
14051,4741,01/01/2025,70
14052,3387,01/01/2025,424
14053,1109,01/01/2025,363
14054,3258,01/01/2025,333
14055,2479,01/01/2025,533
14056,3884,01/01/2025,497
14057,2249,01/01/2025,395
14058,3339,01/01/2025,440
14059,3802,01/01/2025,481
14060,3209,01/01/2025,474
14061,2915,01/01/2025,67
14062,4531,01/01/2025,233
14063,1107,01/01/2025,242
14064,2385,01/01/2025,400
14065,652,01/01/2025,544
14066,4123,01/01/2025,315
14067,1187,01/01/2025,568
14068,810,01/01/2025,173
14069,1359,01/01/2025,425
14070,1848,01/01/2025,209
14071,2639,01/01/2025,12
14072,4630,01/01/2025,177
14073,1450,01/01/2025,100
14074,4511,01/01/2025,313
14075,4222,01/01/2025,65
14076,355,01/01/2025,210
14077,3078,01/01/2025,581
14078,1692,01/01/2025,445
14079,1121,01/01/2025,553
14080,3926,01/01/2025,5
14081,2739,01/01/2025,333
14082,4282,01/01/2025,40
14083,2232,01/01/2025,559
14084,1199,01/01/2025,415
14085,2595,01/01/2025,130
14086,1926,01/01/2025,586
14087,1074,01/01/2025,397
14088,3477,01/01/2025,150
14089,2398,01/01/2025,290
14090,1692,01/01/2025,353
14091,4892,01/01/2025,41
14092,4,01/01/2025,398
14093,4177,01/01/2025,49
14094,2819,01/01/2025,258
14095,985,01/01/2025,236
14096,4092,01/01/2025,233
14097,3545,01/01/2025,384
14098,1069,01/01/2025,19
14099,2179,01/01/2025,489
14100,1227,01/01/2025,448
14101,914,01/01/2025,202
14102,206,01/01/2025,426
14103,1465,01/01/2025,322
14104,704,01/01/2025,221
14105,4652,01/01/2025,411
14106,2163,01/01/2025,560
14107,4141,01/01/2025,173
14108,2777,01/01/2025,328
14109,344,01/01/2025,304
14110,537,01/01/2025,56
14111,2788,01/01/2025,86
14112,4201,01/01/2025,479
14113,3797,01/01/2025,173
14114,1610,01/01/2025,146
14115,4484,01/01/2025,241
14116,1682,01/01/2025,437
14117,1441,01/01/2025,599
14118,2583,01/01/2025,375
14119,3755,01/01/2025,275
14120,2226,01/01/2025,450
14121,2644,01/01/2025,452
14122,2079,01/01/2025,404
14123,1621,01/01/2025,481
14124,654,01/01/2025,521
14125,4230,01/01/2025,597
14126,1011,01/01/2025,301
14127,443,01/01/2025,197
14128,410,01/01/2025,388
14129,3097,01/01/2025,361
14130,2868,01/01/2025,566
14131,4486,01/01/2025,57
14132,599,01/01/2025,468
14133,2810,01/01/2025,485
14134,4464,01/01/2025,131
14135,1137,01/01/2025,550
14136,4547,01/01/2025,190
14137,466,01/01/2025,182
14138,2299,01/01/2025,321
14139,265,01/01/2025,518
14140,2371,01/01/2025,254
14141,3452,01/01/2025,420
14142,1593,01/01/2025,401
14143,288,01/01/2025,50
14144,3824,01/01/2025,544
14145,1452,01/01/2025,466
14146,1495,01/01/2025,342
14147,4863,01/01/2025,545
14148,3815,01/01/2025,354
14149,2009,01/01/2025,569
14150,4796,01/01/2025,567
14151,2447,01/01/2025,227
14152,4674,01/01/2025,472
14153,1061,01/01/2025,401
14154,4673,01/01/2025,448
14155,1480,01/01/2025,125
14156,4879,01/01/2025,470
14157,2201,01/01/2025,539
14158,3366,01/01/2025,32
14159,2767,01/01/2025,526
14160,1112,01/01/2025,594
14161,2825,01/01/2025,518
14162,2064,01/01/2025,360
14163,89,01/01/2025,245
14164,2699,01/01/2025,563
14165,4562,01/01/2025,243
14166,1889,01/01/2025,124
14167,4892,01/01/2025,447
14168,3137,01/01/2025,75
14169,455,01/01/2025,467
14170,2674,01/01/2025,8
14171,3146,01/01/2025,310
14172,4541,01/01/2025,309
14173,648,01/01/2025,24
14174,4148,01/01/2025,558
14175,3247,01/01/2025,378
14176,3442,01/01/2025,428
14177,4889,01/01/2025,107
14178,2337,01/01/2025,128
14179,786,01/01/2025,324
14180,1112,01/01/2025,216
14181,162,01/01/2025,574
14182,4381,01/01/2025,585
14183,1548,01/01/2025,9
14184,3773,01/01/2025,270
14185,3221,01/01/2025,599
14186,1315,01/01/2025,365
14187,2180,01/01/2025,497
14188,1457,01/01/2025,459
14189,2847,01/01/2025,435
14190,2850,01/01/2025,596
14191,354,01/01/2025,370
14192,3621,01/01/2025,415
14193,504,01/01/2025,527
14194,2708,01/01/2025,46
14195,2250,01/01/2025,218
14196,1903,01/01/2025,332
14197,2120,01/01/2025,17
14198,3684,01/01/2025,366
14199,4929,01/01/2025,81
14200,4041,01/01/2025,366
14201,883,01/01/2025,182
14202,976,01/01/2025,143
14203,342,01/01/2025,555
14204,2251,01/01/2025,197
14205,258,01/01/2025,243
14206,3305,01/01/2025,136
14207,4436,01/01/2025,3
14208,43,01/01/2025,282
14209,4238,01/01/2025,48
14210,217,01/01/2025,348
14211,2439,01/01/2025,375
14212,260,01/01/2025,189
14213,260,01/01/2025,197
14214,1915,01/01/2025,328
14215,4107,01/01/2025,384
14216,1192,01/01/2025,237
14217,4368,01/01/2025,438
14218,452,01/01/2025,239
14219,1227,01/01/2025,444
14220,3201,01/01/2025,521
14221,2957,01/01/2025,433
14222,924,01/01/2025,356
14223,2501,01/01/2025,333
14224,4183,01/01/2025,260
14225,4207,01/01/2025,187
14226,1362,01/01/2025,174
14227,2128,01/01/2025,565
14228,1271,01/01/2025,437
14229,2423,01/01/2025,372
14230,2619,01/01/2025,270
14231,2257,01/01/2025,359
14232,4584,01/01/2025,422
14233,864,01/01/2025,72
14234,1044,01/01/2025,425
14235,2243,01/01/2025,396
14236,2147,01/01/2025,384
14237,4634,01/01/2025,193
14238,189,01/01/2025,418
14239,4347,01/01/2025,57
14240,3635,01/01/2025,569
14241,681,01/01/2025,477
14242,3693,01/01/2025,59
14243,4246,01/01/2025,462
14244,3733,01/01/2025,563
14245,3492,01/01/2025,218
14246,663,01/01/2025,40
14247,222,01/01/2025,576
14248,3775,01/01/2025,340
14249,1063,01/01/2025,491
14250,4164,01/01/2025,97
14251,3140,01/01/2025,547
14252,2061,01/01/2025,493
14253,3509,01/01/2025,291
14254,2492,01/01/2025,30
14255,2965,01/01/2025,73
14256,1887,01/01/2025,316
14257,3404,01/01/2025,240
14258,3833,01/01/2025,532
14259,3474,01/01/2025,40
14260,62,01/01/2025,472
14261,3630,01/01/2025,570
14262,583,01/01/2025,75
14263,1560,01/01/2025,457
14264,4718,01/01/2025,120
14265,923,01/01/2025,275
14266,381,01/01/2025,543
14267,2171,01/01/2025,91
14268,2097,01/01/2025,156
14269,516,01/01/2025,349
14270,2563,01/01/2025,195
14271,4472,01/01/2025,316
14272,3224,01/01/2025,568
14273,99,01/01/2025,5
14274,4349,01/01/2025,204
14275,4148,01/01/2025,22
14276,589,01/01/2025,9
14277,2721,01/01/2025,372
14278,3608,01/01/2025,496
14279,4914,01/01/2025,183
14280,3109,01/01/2025,449
14281,4412,01/01/2025,481
14282,1420,01/01/2025,399
14283,347,01/01/2025,385
14284,4497,01/01/2025,63
14285,2252,01/01/2025,283
14286,2469,01/01/2025,252
14287,1694,01/01/2025,542
14288,1312,01/01/2025,48
14289,593,01/01/2025,563
14290,4910,01/01/2025,263
14291,812,01/01/2025,567
14292,1648,01/01/2025,71
14293,2908,01/01/2025,340
14294,2130,01/01/2025,323
14295,672,01/01/2025,397
14296,4044,01/01/2025,593
14297,3274,01/01/2025,419
14298,1550,01/01/2025,84
14299,1941,01/01/2025,273
14300,4822,01/01/2025,347
14301,4593,01/01/2025,451
14302,192,01/01/2025,476
14303,659,01/01/2025,220
14304,419,01/01/2025,263
14305,2569,01/01/2025,58
14306,3143,01/01/2025,532
14307,3623,01/01/2025,467
14308,37,01/01/2025,468
14309,593,01/01/2025,124
14310,4215,01/01/2025,506
14311,4536,01/01/2025,112
14312,280,01/01/2025,183
14313,2989,01/01/2025,484
14314,3491,01/01/2025,542
14315,949,01/01/2025,359
14316,1502,01/01/2025,356
14317,3669,01/01/2025,581
14318,2056,01/01/2025,245
14319,337,01/01/2025,442
14320,245,01/01/2025,392
14321,2401,01/01/2025,310
14322,495,01/01/2025,185
14323,3320,01/01/2025,467
14324,1727,01/01/2025,462
14325,3692,01/01/2025,54
14326,4790,01/01/2025,465
14327,1473,01/01/2025,327
14328,668,01/01/2025,108
14329,1354,01/01/2025,358
14330,45,01/01/2025,262
14331,4744,01/01/2025,251
14332,909,01/01/2025,188
14333,3518,01/01/2025,513
14334,184,01/01/2025,508
14335,2780,01/01/2025,341
14336,561,01/01/2025,423
14337,4917,01/01/2025,310
14338,3214,01/01/2025,355
14339,3621,01/01/2025,531
14340,647,01/01/2025,409
14341,2724,01/01/2025,491
14342,838,01/01/2025,62
14343,4617,01/01/2025,388
14344,2662,01/01/2025,177
14345,2106,01/01/2025,382
14346,2095,01/01/2025,15
14347,3872,01/01/2025,578
14348,1324,01/01/2025,0
14349,4453,01/01/2025,166
14350,754,01/01/2025,318
14351,4003,01/01/2025,14
14352,3449,01/01/2025,588
14353,1032,01/01/2025,56
14354,2062,01/01/2025,101
14355,4732,01/01/2025,10
14356,4021,01/01/2025,200
14357,4574,01/01/2025,272
14358,4644,01/01/2025,296
14359,2595,01/01/2025,481
14360,3073,01/01/2025,325
14361,266,01/01/2025,310
14362,3695,01/01/2025,60
14363,282,01/01/2025,151
14364,2906,01/01/2025,82
14365,3141,01/01/2025,505
14366,2128,01/01/2025,202
14367,3180,01/01/2025,385
14368,4484,01/01/2025,7
14369,66,01/01/2025,106
14370,3961,01/01/2025,129
14371,1843,01/01/2025,117
14372,799,01/01/2025,35
14373,1784,01/01/2025,38
14374,3000,01/01/2025,368
14375,2362,01/01/2025,291
14376,1301,01/01/2025,358
14377,693,01/01/2025,316
14378,3064,01/01/2025,385
14379,4046,01/01/2025,428
14380,2232,01/01/2025,346
14381,744,01/01/2025,96
14382,2010,01/01/2025,268
14383,4296,01/01/2025,327
14384,1251,01/01/2025,435
14385,223,01/01/2025,365
14386,2238,01/01/2025,436
14387,3220,01/01/2025,421
14388,1845,01/01/2025,472
14389,4505,01/01/2025,16
14390,1777,01/01/2025,238
14391,1471,01/01/2025,212
14392,805,01/01/2025,466
14393,2561,01/01/2025,294
14394,4151,01/01/2025,209
14395,4191,01/01/2025,533
14396,97,01/01/2025,55
14397,3736,01/01/2025,412
14398,3913,01/01/2025,292
14399,2118,01/01/2025,536
14400,4616,01/01/2025,405
14401,3994,01/01/2025,306
14402,3301,01/01/2025,280
14403,1249,01/01/2025,100
14404,2787,01/01/2025,220
14405,3051,01/01/2025,567
14406,1362,01/01/2025,225
14407,2573,01/01/2025,73
14408,4690,01/01/2025,515
14409,1030,01/01/2025,223
14410,2884,01/01/2025,176
14411,730,01/01/2025,312
14412,2189,01/01/2025,593
14413,4336,01/01/2025,178
14414,4574,01/01/2025,135
14415,2940,01/01/2025,94
14416,4513,01/01/2025,416
14417,3982,01/01/2025,546
14418,4876,01/01/2025,269
14419,3282,01/01/2025,212
14420,3643,01/01/2025,196
14421,1115,01/01/2025,295
14422,3766,01/01/2025,593
14423,1397,01/01/2025,299
14424,4861,01/01/2025,506
14425,3742,01/01/2025,284
14426,3352,01/01/2025,263
14427,1161,01/01/2025,163
14428,2686,01/01/2025,118
14429,4242,01/01/2025,595
14430,1600,01/01/2025,496
14431,1825,01/01/2025,288
14432,4915,01/01/2025,322
14433,3607,01/01/2025,289
14434,1460,01/01/2025,81
14435,3850,01/01/2025,378
14436,3558,01/01/2025,12
14437,476,01/01/2025,459
14438,2057,01/01/2025,563
14439,3305,01/01/2025,534
14440,2690,01/01/2025,78
14441,1661,01/01/2025,265
14442,576,01/01/2025,203
14443,3530,01/01/2025,477
14444,2682,01/01/2025,187
14445,3059,01/01/2025,246
14446,4525,01/01/2025,15
14447,4519,01/01/2025,276
14448,893,01/01/2025,458
14449,963,01/01/2025,480
14450,480,01/01/2025,424
14451,258,01/01/2025,510
14452,242,01/01/2025,214
14453,2265,01/01/2025,175
14454,4497,01/01/2025,433
14455,4804,01/01/2025,313
14456,1573,01/01/2025,270
14457,4213,01/01/2025,6
14458,525,01/01/2025,140
14459,488,01/01/2025,332
14460,4997,01/01/2025,339
14461,115,01/01/2025,342
14462,415,01/01/2025,537
14463,3355,01/01/2025,494
14464,1186,01/01/2025,553
14465,3531,01/01/2025,550
14466,3286,01/01/2025,393
14467,1044,01/01/2025,170
14468,3907,01/01/2025,462
14469,421,01/01/2025,268
14470,3928,01/01/2025,29
14471,4066,01/01/2025,42
14472,1986,01/01/2025,96
14473,2434,01/01/2025,328
14474,3323,01/01/2025,355
14475,3472,01/01/2025,86
14476,3586,01/01/2025,378
14477,2759,01/01/2025,462
14478,3423,01/01/2025,166
14479,2288,01/01/2025,32
14480,475,01/01/2025,203
14481,463,01/01/2025,464
14482,264,01/01/2025,235
14483,3442,01/01/2025,441
14484,4538,01/01/2025,422
14485,351,01/01/2025,329
14486,3652,01/01/2025,82
14487,2462,01/01/2025,514
14488,822,01/01/2025,391
14489,4623,01/01/2025,509
14490,3052,01/01/2025,74
14491,4673,01/01/2025,7
14492,4879,01/01/2025,445
14493,1143,01/01/2025,70
14494,2769,01/01/2025,112
14495,3471,01/01/2025,364
14496,2834,01/01/2025,248
14497,2772,01/01/2025,545
14498,2374,01/01/2025,120
14499,390,01/01/2025,430
14500,3144,01/01/2025,299
14501,2388,01/01/2025,257
14502,2478,01/01/2025,265
14503,4987,01/01/2025,63
14504,2224,01/01/2025,127
14505,177,01/01/2025,170
14506,1402,01/01/2025,398
14507,613,01/01/2025,89
14508,3784,01/01/2025,359
14509,4667,01/01/2025,550
14510,4555,01/01/2025,567
14511,1548,01/01/2025,353
14512,565,01/01/2025,541
14513,2905,01/01/2025,202
14514,1901,01/01/2025,134
14515,2353,01/01/2025,461
14516,1660,01/01/2025,299
14517,2485,01/01/2025,527
14518,3267,01/01/2025,307
14519,340,01/01/2025,19
14520,2387,01/01/2025,396
14521,4527,01/01/2025,548
14522,3748,01/01/2025,227
14523,1966,01/01/2025,46
14524,2604,01/01/2025,396
14525,3656,01/01/2025,214
14526,3257,01/01/2025,488
14527,4543,01/01/2025,353
14528,1942,01/01/2025,133
14529,538,01/01/2025,582
14530,2597,01/01/2025,470
14531,3704,01/01/2025,563
14532,3687,01/01/2025,404
14533,3153,01/01/2025,379
14534,2379,01/01/2025,209
14535,677,01/01/2025,245
14536,3972,01/01/2025,546
14537,3106,01/01/2025,354
14538,3128,01/01/2025,225
14539,4714,01/01/2025,481
14540,1544,01/01/2025,63
14541,55,01/01/2025,272
14542,3056,01/01/2025,5
14543,3318,01/01/2025,292
14544,2072,01/01/2025,376
14545,251,01/01/2025,82
14546,1470,01/01/2025,51
14547,1485,01/01/2025,411
14548,4107,01/01/2025,520
14549,2534,01/01/2025,395
14550,3500,01/01/2025,331
14551,2176,01/01/2025,588
14552,4335,01/01/2025,130
14553,152,01/01/2025,579
14554,77,01/01/2025,102
14555,1528,01/01/2025,49
14556,4381,01/01/2025,23
14557,784,01/01/2025,7
14558,3230,01/01/2025,57
14559,4399,01/01/2025,119
14560,4298,01/01/2025,69
14561,3633,01/01/2025,428
14562,2162,01/01/2025,359
14563,4481,01/01/2025,498
14564,3942,01/01/2025,355
14565,41,01/01/2025,467
14566,4664,01/01/2025,235
14567,1943,01/01/2025,439
14568,3212,01/01/2025,379
14569,2390,01/01/2025,34
14570,696,01/01/2025,66
14571,3852,01/01/2025,76
14572,1618,01/01/2025,258
14573,2637,01/01/2025,84
14574,189,01/01/2025,455
14575,2496,01/01/2025,453
14576,355,01/01/2025,225
14577,4552,01/01/2025,187
14578,938,01/01/2025,318
14579,4756,01/01/2025,277
14580,3755,01/01/2025,3
14581,4545,01/01/2025,131
14582,448,01/01/2025,3
14583,3324,01/01/2025,254
14584,1773,01/01/2025,249
14585,2244,01/01/2025,250
14586,483,01/01/2025,535
14587,4880,01/01/2025,232
14588,4916,01/01/2025,449
14589,1669,01/01/2025,423
14590,1252,01/01/2025,520
14591,4735,01/01/2025,282
14592,4941,01/01/2025,374
14593,367,01/01/2025,474
14594,111,01/01/2025,401
14595,3410,01/01/2025,255
14596,2578,01/01/2025,426
14597,622,01/01/2025,217
14598,2216,01/01/2025,310
14599,2619,01/01/2025,255
14600,1125,01/01/2025,366
14601,1827,01/01/2025,227
14602,5,01/01/2025,179
14603,3910,01/01/2025,57
14604,3337,01/01/2025,57
14605,3203,01/01/2025,468
14606,250,01/01/2025,125
14607,4764,01/01/2025,332
14608,3614,01/01/2025,210
14609,3352,01/01/2025,225
14610,90,01/01/2025,96
14611,4190,01/01/2025,143
14612,2564,01/01/2025,93
14613,2257,01/01/2025,192
14614,106,01/01/2025,159
14615,742,01/01/2025,350
14616,2249,01/01/2025,214
14617,1148,01/01/2025,431
14618,4026,01/01/2025,184
14619,2342,01/01/2025,273
14620,3093,01/01/2025,386
14621,2154,01/01/2025,431
14622,4703,01/01/2025,152
14623,155,01/01/2025,399
14624,3005,01/01/2025,427
14625,930,01/01/2025,378
14626,4854,01/01/2025,93
14627,2013,01/01/2025,93
14628,2339,01/01/2025,544
14629,1049,01/01/2025,298
14630,3704,01/01/2025,532
14631,3972,01/01/2025,381
14632,2214,01/01/2025,332
14633,3582,01/01/2025,529
14634,1463,01/01/2025,538
14635,3554,01/01/2025,432
14636,463,01/01/2025,348
14637,1515,01/01/2025,451
14638,4830,01/01/2025,199
14639,2791,01/01/2025,34
14640,1555,01/01/2025,530
14641,4318,01/01/2025,465
14642,1324,01/01/2025,30
14643,1096,01/01/2025,124
14644,4068,01/01/2025,432
14645,911,01/01/2025,169
14646,3781,01/01/2025,509
14647,3425,01/01/2025,445
14648,2514,01/01/2025,273
14649,1798,01/01/2025,494
14650,1171,01/01/2025,369
14651,3083,01/01/2025,363
14652,2084,01/01/2025,437
14653,1773,01/01/2025,458
14654,1175,01/01/2025,497
14655,4078,01/01/2025,500
14656,2317,01/01/2025,382
14657,3038,01/01/2025,269
14658,354,01/01/2025,21
14659,4615,01/01/2025,259
14660,4832,01/01/2025,38
14661,3524,01/01/2025,414
14662,3595,01/01/2025,572
14663,4291,01/01/2025,106
14664,2267,01/01/2025,353
14665,3394,01/01/2025,402
14666,275,01/01/2025,237
14667,4514,01/01/2025,280
14668,1989,01/01/2025,75
14669,3306,01/01/2025,556
14670,4321,01/01/2025,543
14671,587,01/01/2025,169
14672,3,01/01/2025,227
14673,4019,01/01/2025,0
14674,437,01/01/2025,231
14675,4279,01/01/2025,427
14676,4787,01/01/2025,113
14677,1395,01/01/2025,590
14678,1524,01/01/2025,430
14679,3639,01/01/2025,557
14680,4855,01/01/2025,259
14681,995,01/01/2025,275
14682,4312,01/01/2025,224
14683,1503,01/01/2025,204
14684,1034,01/01/2025,595
14685,796,01/01/2025,181
14686,716,01/01/2025,285
14687,3152,01/01/2025,3
14688,865,01/01/2025,203
14689,1071,01/01/2025,297
14690,3415,01/01/2025,478
14691,1189,01/01/2025,14
14692,1972,01/01/2025,473
14693,4863,01/01/2025,491
14694,2960,01/01/2025,577
14695,3015,01/01/2025,367
14696,1568,01/01/2025,216
14697,3611,01/01/2025,421
14698,3056,01/01/2025,361
14699,2519,01/01/2025,73
14700,4478,01/01/2025,155
14701,2228,01/01/2025,261
14702,4808,01/01/2025,94
14703,4723,01/01/2025,98
14704,1073,01/01/2025,113
14705,3236,01/01/2025,156
14706,4920,01/01/2025,146
14707,4363,01/01/2025,261
14708,478,01/01/2025,162
14709,1342,01/01/2025,315
14710,770,01/01/2025,121
14711,3968,01/01/2025,197
14712,2439,01/01/2025,100
14713,1340,01/01/2025,203
14714,1453,01/01/2025,357
14715,1296,01/01/2025,114
14716,775,01/01/2025,193
14717,1521,01/01/2025,142
14718,565,01/01/2025,18
14719,3155,01/01/2025,513
14720,4047,01/01/2025,147
14721,4208,01/01/2025,340
14722,1234,01/01/2025,164
14723,3645,01/01/2025,247
14724,2774,01/01/2025,127
14725,4371,01/01/2025,18
14726,1129,01/01/2025,255
14727,104,01/01/2025,219
14728,2945,01/01/2025,586
14729,3798,01/01/2025,262
14730,3825,01/01/2025,549
14731,4946,01/01/2025,97
14732,646,01/01/2025,102
14733,2515,01/01/2025,198
14734,3464,01/01/2025,30
14735,144,01/01/2025,523
14736,4815,01/01/2025,213
14737,3830,01/01/2025,85
14738,908,01/01/2025,251
14739,4202,01/01/2025,98
14740,1690,01/01/2025,30
14741,1181,01/01/2025,356
14742,3381,01/01/2025,13
14743,299,01/01/2025,199
14744,2249,01/01/2025,531
14745,3893,01/01/2025,165
14746,4262,01/01/2025,398
14747,2040,01/01/2025,582
14748,3900,01/01/2025,515
14749,2868,01/01/2025,332
14750,3270,01/01/2025,378
14751,307,01/01/2025,495
14752,4621,01/01/2025,395
14753,1848,01/01/2025,419
14754,4518,01/01/2025,369
14755,2449,01/01/2025,483
14756,82,01/01/2025,324
14757,4851,01/01/2025,0
14758,2988,01/01/2025,182
14759,1924,01/01/2025,290
14760,46,01/01/2025,555
14761,2798,01/01/2025,345
14762,1423,01/01/2025,15
14763,3607,01/01/2025,531
14764,3075,01/01/2025,416
14765,1136,01/01/2025,31
14766,2249,01/01/2025,496
14767,1578,01/01/2025,297
14768,569,01/01/2025,287
14769,4149,01/01/2025,460
14770,4683,01/01/2025,221
14771,1535,01/01/2025,185
14772,1667,01/01/2025,574
14773,1546,01/01/2025,142
14774,3027,01/01/2025,104
14775,1551,01/01/2025,460
14776,1066,01/01/2025,34
14777,1018,01/01/2025,444
14778,436,01/01/2025,392
14779,3337,01/01/2025,180
14780,1978,01/01/2025,379
14781,141,01/01/2025,365
14782,1935,01/01/2025,281
14783,3235,01/01/2025,212
14784,4791,01/01/2025,277
14785,1538,01/01/2025,309
14786,4191,01/01/2025,577
14787,2107,01/01/2025,139
14788,2797,01/01/2025,256
14789,3360,01/01/2025,35
14790,3040,01/01/2025,182
14791,2721,01/01/2025,96
14792,2884,01/01/2025,554
14793,337,01/01/2025,25
14794,45,01/01/2025,575
14795,4625,01/01/2025,204
14796,3106,01/01/2025,46
14797,2438,01/01/2025,65
14798,3224,01/01/2025,491
14799,1770,01/01/2025,317
14800,3360,01/01/2025,305
14801,1003,01/01/2025,334
14802,4597,01/01/2025,485
14803,2674,01/01/2025,191
14804,1123,01/01/2025,582
14805,2030,01/01/2025,516
14806,1160,01/01/2025,256
14807,3977,01/01/2025,130
14808,3191,01/01/2025,264
14809,1179,01/01/2025,4
14810,3834,01/01/2025,37
14811,2292,01/01/2025,10
14812,1368,01/01/2025,429
14813,3654,01/01/2025,447
14814,4797,01/01/2025,195
14815,3417,01/01/2025,263
14816,249,01/01/2025,162
14817,3629,01/01/2025,132
14818,800,01/01/2025,110
14819,3326,01/01/2025,115
14820,2227,01/01/2025,188
14821,852,01/01/2025,311
14822,2103,01/01/2025,235
14823,3690,01/01/2025,226
14824,2939,01/01/2025,343
14825,932,01/01/2025,480
14826,4904,01/01/2025,279
14827,147,01/01/2025,4
14828,954,01/01/2025,255
14829,2509,01/01/2025,233
14830,3416,01/01/2025,325
14831,3158,01/01/2025,33
14832,447,01/01/2025,318
14833,2957,01/01/2025,398
14834,3362,01/01/2025,130
14835,1056,01/01/2025,457
14836,1068,01/01/2025,506
14837,2601,01/01/2025,197
14838,4910,01/01/2025,383
14839,2097,01/01/2025,168
14840,1215,01/01/2025,402
14841,2829,01/01/2025,163
14842,4949,01/01/2025,91
14843,2182,01/01/2025,529
14844,3856,01/01/2025,589
14845,2754,01/01/2025,79
14846,734,01/01/2025,506
14847,4351,01/01/2025,551
14848,183,01/01/2025,10
14849,3293,01/01/2025,559
14850,2883,01/01/2025,427
14851,4564,01/01/2025,126
14852,3712,01/01/2025,500
14853,1733,01/01/2025,565
14854,3702,01/01/2025,329
14855,4868,01/01/2025,577
14856,3476,01/01/2025,144
14857,2658,01/01/2025,463
14858,797,01/01/2025,209
14859,3546,01/01/2025,413
14860,1754,01/01/2025,376
14861,4020,01/01/2025,266
14862,3607,01/01/2025,246
14863,2295,01/01/2025,590
14864,361,01/01/2025,489
14865,1523,01/01/2025,3
14866,3681,01/01/2025,562
14867,4969,01/01/2025,251
14868,3796,01/01/2025,9
14869,1033,01/01/2025,279
14870,3074,01/01/2025,97
14871,4292,01/01/2025,580
14872,1737,01/01/2025,319
14873,3438,01/01/2025,175
14874,1685,01/01/2025,575
14875,4044,01/01/2025,539
14876,1867,01/01/2025,174
14877,1891,01/01/2025,384
14878,1183,01/01/2025,406
14879,1861,01/01/2025,164
14880,3639,01/01/2025,165
14881,4003,01/01/2025,50
14882,2849,01/01/2025,283
14883,305,01/01/2025,347
14884,3701,01/01/2025,89
14885,430,01/01/2025,573
14886,3203,01/01/2025,413
14887,1335,01/01/2025,399
14888,3938,01/01/2025,89
14889,1259,01/01/2025,75
14890,2191,01/01/2025,197
14891,1009,01/01/2025,86
14892,1713,01/01/2025,216
14893,1621,01/01/2025,421
14894,1838,01/01/2025,250
14895,4765,01/01/2025,464
14896,1373,01/01/2025,579
14897,4472,01/01/2025,430
14898,1210,01/01/2025,524
14899,4443,01/01/2025,421
14900,4407,01/01/2025,462
14901,3720,01/01/2025,375
14902,2813,01/01/2025,270
14903,1664,01/01/2025,207
14904,2499,01/01/2025,46
14905,662,01/01/2025,387
14906,563,01/01/2025,166
14907,1315,01/01/2025,295
14908,1064,01/01/2025,213
14909,2899,01/01/2025,419
14910,3924,01/01/2025,150
14911,3425,01/01/2025,228
14912,3508,01/01/2025,144
14913,4873,01/01/2025,159
14914,3730,01/01/2025,476
14915,1248,01/01/2025,291
14916,2053,01/01/2025,542
14917,742,01/01/2025,193
14918,3837,01/01/2025,531
14919,1688,01/01/2025,145
14920,1773,01/01/2025,268
14921,1914,01/01/2025,420
14922,1938,01/01/2025,286
14923,2590,01/01/2025,372
14924,2126,01/01/2025,251
14925,3712,01/01/2025,543
14926,2911,01/01/2025,418
14927,3350,01/01/2025,578
14928,1098,01/01/2025,113
14929,1040,01/01/2025,239
14930,77,01/01/2025,413
14931,2364,01/01/2025,117
14932,4336,01/01/2025,428
14933,2923,01/01/2025,18
14934,1192,01/01/2025,543
14935,856,01/01/2025,494
14936,3388,01/01/2025,174
14937,3965,01/01/2025,539
14938,1977,01/01/2025,426
14939,1476,01/01/2025,10
14940,1282,01/01/2025,163
14941,3983,01/01/2025,129
14942,4997,01/01/2025,483
14943,2579,01/01/2025,66
14944,4504,01/01/2025,496
14945,4842,01/01/2025,229
14946,3292,01/01/2025,61
14947,1612,01/01/2025,547
14948,2692,01/01/2025,378
14949,4465,01/01/2025,563
14950,2495,01/01/2025,83
14951,3761,01/01/2025,243
14952,3026,01/01/2025,333
14953,37,01/01/2025,496
14954,650,01/01/2025,258
14955,2158,01/01/2025,204
14956,4656,01/01/2025,144
14957,4647,01/01/2025,199
14958,4203,01/01/2025,281
14959,2178,01/01/2025,71
14960,1498,01/01/2025,271
14961,2104,01/01/2025,514
14962,2689,01/01/2025,337
14963,3364,01/01/2025,569
14964,2433,01/01/2025,123
14965,624,01/01/2025,335
14966,2171,01/01/2025,216
14967,3741,01/01/2025,35
14968,3580,01/01/2025,321
14969,3495,01/01/2025,358
14970,2565,01/01/2025,54
14971,227,01/01/2025,93
14972,3435,01/01/2025,239
14973,3485,01/01/2025,479
14974,110,01/01/2025,380
14975,1825,01/01/2025,165
14976,2400,01/01/2025,326
14977,2062,01/01/2025,184
14978,2473,01/01/2025,100
14979,2101,01/01/2025,412
14980,1174,01/01/2025,479
14981,721,01/01/2025,304
14982,3679,01/01/2025,243
14983,2383,01/01/2025,249
14984,2923,01/01/2025,323
14985,1970,01/01/2025,48
14986,39,01/01/2025,563
14987,4046,01/01/2025,519
14988,1404,01/01/2025,516
14989,4952,01/01/2025,464
14990,1311,01/01/2025,561
14991,986,01/01/2025,257
14992,4178,01/01/2025,210
14993,4209,01/01/2025,4
14994,2264,01/01/2025,463
14995,4202,01/01/2025,172
14996,2450,01/01/2025,584
14997,1775,01/01/2025,418
14998,249,01/01/2025,10
14999,3426,01/01/2025,476
15000,295,01/01/2025,299
1,2817,01/01/2025,491
2,912,01/01/2025,411
3,4984,01/01/2025,276
4,3835,01/01/2025,17
5,3070,01/01/2025,588
6,1539,01/01/2025,133
7,982,01/01/2025,426
8,4770,01/01/2025,520
9,144,01/01/2025,518
10,4984,01/01/2025,285
11,1373,01/01/2025,570
12,4760,01/01/2025,42
13,3458,01/01/2025,457
14,986,01/01/2025,165
15,1035,01/01/2025,447
16,4383,01/01/2025,153
17,3472,01/01/2025,392
18,2126,01/01/2025,287
19,36,01/01/2025,243
20,1016,01/01/2025,186
21,4333,01/01/2025,190
22,1292,01/01/2025,424
23,1668,01/01/2025,264
24,778,01/01/2025,361
25,789,01/01/2025,562
26,304,01/01/2025,65
27,829,01/01/2025,418
28,1876,01/01/2025,103
29,1243,01/01/2025,213
30,2955,01/01/2025,9
31,314,01/01/2025,60
32,79,01/01/2025,571
33,3538,01/01/2025,118
34,725,01/01/2025,74
35,4030,01/01/2025,212
36,4731,01/01/2025,484
37,110,01/01/2025,552
38,2574,01/01/2025,557
39,4698,01/01/2025,524
40,3496,01/01/2025,179
41,2461,01/01/2025,303
42,2838,01/01/2025,250
43,3206,01/01/2025,68
44,585,01/01/2025,464
45,1888,01/01/2025,218
46,3567,01/01/2025,382
47,4451,01/01/2025,324
48,1302,01/01/2025,230
49,42,01/01/2025,106
50,608,01/01/2025,205
51,3903,01/01/2025,540
52,918,01/01/2025,125
53,4233,01/01/2025,388
54,4017,01/01/2025,76
55,3834,01/01/2025,561
56,1380,01/01/2025,174
57,848,01/01/2025,0
58,778,01/01/2025,116
59,291,01/01/2025,185
60,1318,01/01/2025,419
61,4969,01/01/2025,584
62,4865,01/01/2025,379
63,4043,01/01/2025,359
64,4029,01/01/2025,213
65,3980,01/01/2025,373
66,1142,01/01/2025,411
67,3408,01/01/2025,161
68,2357,01/01/2025,372
69,1803,01/01/2025,355
70,4075,01/01/2025,149
71,4546,01/01/2025,566
72,3582,01/01/2025,282
73,4730,01/01/2025,581
74,2386,01/01/2025,15
75,1694,01/01/2025,141
76,512,01/01/2025,532
77,4256,01/01/2025,439
78,2320,01/01/2025,138
79,1719,01/01/2025,458
80,3097,01/01/2025,361
81,1231,01/01/2025,43
82,3741,01/01/2025,313
83,387,01/01/2025,240
84,3600,01/01/2025,97
85,2357,01/01/2025,550
86,1198,01/01/2025,393
87,2293,01/01/2025,160
88,460,01/01/2025,476
89,3493,01/01/2025,587
90,1790,01/01/2025,204
91,4820,01/01/2025,200
92,494,01/01/2025,212
93,4604,01/01/2025,259
94,1905,01/01/2025,352
95,3751,01/01/2025,450
96,967,01/01/2025,17
97,422,01/01/2025,262
98,712,01/01/2025,256
99,2927,01/01/2025,406
100,337,01/01/2025,139
101,4751,01/01/2025,443
102,1759,01/01/2025,425
103,386,01/01/2025,105
104,2951,01/01/2025,275
105,2251,01/01/2025,117
106,2181,01/01/2025,17
107,187,01/01/2025,265
108,2107,01/01/2025,518
109,1750,01/01/2025,28
110,2568,01/01/2025,420
111,2803,01/01/2025,414
1768,3625,01/01/2025,530
1769,4007,01/01/2025,445
1770,510,01/01/2025,447
1771,4712,01/01/2025,540
1772,91,01/01/2025,586
1773,4951,01/01/2025,116
1774,2377,01/01/2025,251
1775,2617,01/01/2025,41
1776,4925,01/01/2025,492
1777,2461,01/01/2025,510
1778,501,01/01/2025,37
1779,359,01/01/2025,196
1780,1521,01/01/2025,293
1781,3382,01/01/2025,367
1782,2634,01/01/2025,167
1783,2546,01/01/2025,166
1784,3247,01/01/2025,412
1785,73,01/01/2025,39
1786,2051,01/01/2025,391
1787,1764,01/01/2025,474
1788,2405,01/01/2025,103
1789,411,01/01/2025,243
1790,2329,01/01/2025,81
1791,1212,01/01/2025,211
1792,3441,01/01/2025,274
1793,2252,01/01/2025,97
1794,2861,01/01/2025,337
1795,2645,01/01/2025,455
1796,433,01/01/2025,314
1797,676,01/01/2025,278
1798,4124,01/01/2025,20
1799,955,01/01/2025,11
1800,240,01/01/2025,127
1801,4653,01/01/2025,210
1802,835,01/01/2025,214
1803,1978,01/01/2025,90
1804,1418,01/01/2025,252
1805,4157,01/01/2025,252
1806,4820,01/01/2025,598
1807,473,01/01/2025,587
1808,3731,01/01/2025,564
1809,231,01/01/2025,125
1810,2078,01/01/2025,76
1811,4566,01/01/2025,23
1812,301,01/01/2025,345
1813,2114,01/01/2025,506
1814,1204,01/01/2025,87
1815,3986,01/01/2025,190
1816,1447,01/01/2025,445
1817,2428,01/01/2025,102
1818,2810,01/01/2025,227
1819,458,01/01/2025,532
1820,4539,01/01/2025,5
1821,2284,01/01/2025,185
1822,1943,01/01/2025,130
1823,294,01/01/2025,157
1824,3360,01/01/2025,77
1825,1358,01/01/2025,37
1826,4622,01/01/2025,269
1827,3691,01/01/2025,318
1828,1846,01/01/2025,354
1829,1892,01/01/2025,245
1830,186,01/01/2025,598
1831,4705,01/01/2025,283
1832,336,01/01/2025,474
1833,2343,01/01/2025,215
1834,3898,01/01/2025,407
1835,3305,01/01/2025,246
1836,4607,01/01/2025,5
1837,1995,01/01/2025,236
1838,4879,01/01/2025,31
1839,234,01/01/2025,286
1840,2279,01/01/2025,218
1841,4762,01/01/2025,143
1842,4084,01/01/2025,484
1843,571,01/01/2025,6
1844,1551,01/01/2025,342
1845,1331,01/01/2025,592
1846,3772,01/01/2025,372
1847,2993,01/01/2025,490
1848,338,01/01/2025,6
1849,4100,01/01/2025,142
1850,3160,01/01/2025,292
1851,3749,01/01/2025,78
1852,2312,01/01/2025,91
1853,1411,01/01/2025,477
1854,4734,01/01/2025,484
1855,1947,01/01/2025,171
1856,4992,01/01/2025,423
1857,1231,01/01/2025,162
1858,2005,01/01/2025,266
1859,2686,01/01/2025,41
1860,2056,01/01/2025,114
1861,3169,01/01/2025,136
1862,1538,01/01/2025,254
1863,2100,01/01/2025,216
1864,409,01/01/2025,255
1865,2410,01/01/2025,138
1866,841,01/01/2025,209
1867,2795,01/01/2025,524
1868,4422,01/01/2025,441
1869,3238,01/01/2025,415
1870,486,01/01/2025,20
1871,1470,01/01/2025,451
1872,15,01/01/2025,518
1873,3909,01/01/2025,552
1874,4110,01/01/2025,494
1875,4566,01/01/2025,376
1876,2113,01/01/2025,185
1877,724,01/01/2025,284
1878,2634,01/01/2025,492
1879,2100,01/01/2025,105
1880,3666,01/01/2025,269
1881,369,01/01/2025,589
1882,3715,01/01/2025,304
1883,2473,01/01/2025,408
1884,3996,01/01/2025,401
1885,2401,01/01/2025,62
1886,3067,01/01/2025,21
1887,3163,01/01/2025,73
1888,4781,01/01/2025,255
1889,3503,01/01/2025,69
1890,816,01/01/2025,96
1891,3531,01/01/2025,31
1892,3022,01/01/2025,411
1893,2421,01/01/2025,341
1894,2288,01/01/2025,0
1895,3848,01/01/2025,361
1896,2066,01/01/2025,313
1897,872,01/01/2025,439
1898,615,01/01/2025,49
1899,2292,01/01/2025,363
1900,3019,01/01/2025,194
1901,3671,01/01/2025,554
1902,138,01/01/2025,441
1903,3445,01/01/2025,499
1904,3783,01/01/2025,502
1905,3104,01/01/2025,166
1906,211,01/01/2025,132
1907,4821,01/01/2025,335
1908,3142,01/01/2025,316
1909,4518,01/01/2025,170
1910,1380,01/01/2025,34
1911,115,01/01/2025,210
1912,1736,01/01/2025,339
1913,710,01/01/2025,289
1914,3709,01/01/2025,455
1915,1363,01/01/2025,549
1916,3412,01/01/2025,480
1917,1214,01/01/2025,390
1918,3391,01/01/2025,543
1919,1912,01/01/2025,545
1920,879,01/01/2025,172
1921,1945,01/01/2025,576
1922,2804,01/01/2025,172
1923,1306,01/01/2025,570
1924,3928,01/01/2025,510
1925,2106,01/01/2025,56
1926,248,01/01/2025,129
1927,879,01/01/2025,398
1928,2114,01/01/2025,269
1929,2845,01/01/2025,244
1930,562,01/01/2025,71
1931,858,01/01/2025,38
1932,4578,01/01/2025,573
1933,4413,01/01/2025,509
1934,3768,01/01/2025,578
1935,3516,01/01/2025,327
1936,2572,01/01/2025,59
1937,286,01/01/2025,9
1938,4498,01/01/2025,306
1939,107,01/01/2025,17
1940,1174,01/01/2025,414
1941,339,01/01/2025,584
1942,2533,01/01/2025,39
1943,2806,01/01/2025,26
1944,3972,01/01/2025,486
1945,4018,01/01/2025,422
1946,2637,01/01/2025,27
1947,1465,01/01/2025,436
1948,1389,01/01/2025,565
1949,3005,01/01/2025,370
1950,1680,01/01/2025,248
1951,4229,01/01/2025,233
1952,2613,01/01/2025,269
1953,2608,01/01/2025,159
1954,4755,01/01/2025,203
1955,4017,01/01/2025,329
1956,2623,01/01/2025,272
1957,3703,01/01/2025,189
1958,1755,01/01/2025,375
1959,3395,01/01/2025,54
1960,4933,01/01/2025,86
1961,415,01/01/2025,368
1962,71,01/01/2025,291
1963,5,01/01/2025,71
1964,3578,01/01/2025,519
1965,2501,01/01/2025,231
1966,2370,01/01/2025,109
1967,115,01/01/2025,366
1968,1821,01/01/2025,484
1969,3217,01/01/2025,273
1970,4212,01/01/2025,343
1971,4153,01/01/2025,548
1972,1840,01/01/2025,375
1973,2467,01/01/2025,351
1974,1909,01/01/2025,502
1975,562,01/01/2025,429
1976,4938,01/01/2025,50
1977,3161,01/01/2025,94
1978,2878,01/01/2025,382
1979,2596,01/01/2025,112
1980,3851,01/01/2025,428
1981,1603,01/01/2025,76
1982,1040,01/01/2025,186
1983,1199,01/01/2025,20
1984,1906,01/01/2025,29
1985,853,01/01/2025,599
1986,2997,01/01/2025,535
1987,352,01/01/2025,44
1988,1133,01/01/2025,235
1989,1678,01/01/2025,259
1990,2949,01/01/2025,25
1991,4961,01/01/2025,581
1992,3643,01/01/2025,168
1993,3901,01/01/2025,19
1994,4933,01/01/2025,303
1995,539,01/01/2025,260
1996,2515,01/01/2025,383
1997,770,01/01/2025,504
1998,2886,01/01/2025,355
1999,2663,01/01/2025,74
2000,4795,01/01/2025,NULL
2001,4261,01/01/2025,167
2002,1647,01/01/2025,3
2003,4893,01/01/2025,149
2004,1469,01/01/2025,351
2005,4052,01/01/2025,59
2006,3731,01/01/2025,490
2007,578,01/01/2025,396
2008,3267,01/01/2025,454
2009,2827,01/01/2025,290
2010,3430,01/01/2025,71
2011,2467,01/01/2025,179
2012,2131,01/01/2025,290
2013,864,01/01/2025,584
2014,4525,01/01/2025,418
2015,3069,01/01/2025,314
2016,4192,01/01/2025,82
2017,3124,01/01/2025,592
2018,2349,01/01/2025,118
2019,4642,01/01/2025,272
2020,1353,01/01/2025,255
2021,1935,01/01/2025,78
2022,4908,01/01/2025,293
2023,532,01/01/2025,442
2024,326,01/01/2025,498
2025,4951,01/01/2025,285
2026,4452,01/01/2025,15
2027,3578,01/01/2025,97
2028,863,01/01/2025,123
2029,3741,01/01/2025,101
2030,142,01/01/2025,547
2031,1029,01/01/2025,198
2032,2184,01/01/2025,187
2033,940,01/01/2025,258
2034,2999,01/01/2025,395
2035,3651,01/01/2025,462
2036,2777,01/01/2025,363
2037,2523,01/01/2025,172
2038,2386,01/01/2025,24
2039,328,01/01/2025,484
2040,2145,01/01/2025,378
2041,4573,01/01/2025,95
2042,1492,01/01/2025,549
2043,578,01/01/2025,499
2044,1260,01/01/2025,72
2045,431,01/01/2025,480
2046,1469,01/01/2025,237
2047,2513,01/01/2025,217
2048,4645,01/01/2025,144
2049,1149,01/01/2025,466
2050,1450,01/01/2025,298
2051,129,01/01/2025,396
2052,4123,01/01/2025,291
2053,2200,01/01/2025,476
2054,469,01/01/2025,269
2055,4162,01/01/2025,329
2056,3761,01/01/2025,187
2057,973,01/01/2025,13
2058,4268,01/01/2025,377
2059,135,01/01/2025,7
2060,3242,01/01/2025,312
2061,3842,01/01/2025,421
2062,3834,01/01/2025,439
2063,2507,01/01/2025,381
2064,2865,01/01/2025,487
2065,2056,01/01/2025,24
2066,1081,01/01/2025,264
2067,3418,01/01/2025,503
2068,3189,01/01/2025,124
2069,1738,01/01/2025,360
2070,2507,01/01/2025,336
2071,2053,01/01/2025,230
2072,3602,01/01/2025,22
2073,247,01/01/2025,570
2074,2058,01/01/2025,22
2075,7,01/01/2025,136
2076,2141,01/01/2025,503
2077,2182,01/01/2025,363
2078,3118,01/01/2025,467
2079,3760,01/01/2025,383
2080,1511,01/01/2025,442
2081,4076,01/01/2025,368
2082,3695,01/01/2025,502
2083,972,01/01/2025,335
2084,3482,01/01/2025,384
2085,1972,01/01/2025,537
2086,4536,01/01/2025,228
2087,4760,01/01/2025,373
2088,3612,01/01/2025,376
2089,2170,01/01/2025,367
2090,3037,01/01/2025,579
2091,2835,01/01/2025,324
2092,4964,01/01/2025,440
2093,4926,01/01/2025,299
2094,4978,01/01/2025,551
2095,4011,01/01/2025,290
2096,558,01/01/2025,591
2097,4319,01/01/2025,50
2098,2838,01/01/2025,329
2099,1788,01/01/2025,285
2100,1773,01/01/2025,468
2101,4653,01/01/2025,378
2102,2762,01/01/2025,488
2103,608,01/01/2025,3
2104,932,01/01/2025,531
2105,3294,01/01/2025,282
2106,2165,01/01/2025,380
2107,3123,01/01/2025,36
2108,2988,01/01/2025,221
2109,3003,01/01/2025,14
2110,4030,01/01/2025,339
2111,2153,01/01/2025,428
2112,3914,01/01/2025,315
2113,2231,01/01/2025,444
2114,1768,01/01/2025,307
2115,198,01/01/2025,563
2116,991,01/01/2025,572
2117,1856,01/01/2025,554
2118,2355,01/01/2025,569
2119,668,01/01/2025,180
2120,2480,01/01/2025,158
2121,4379,01/01/2025,444
2122,710,01/01/2025,74
2123,4641,01/01/2025,266
2124,4424,01/01/2025,450
2125,4999,01/01/2025,242
2126,2422,01/01/2025,211
2127,4331,01/01/2025,514
2128,4015,01/01/2025,489
2129,1891,01/01/2025,592
2130,2462,01/01/2025,222
2131,4121,01/01/2025,267
2132,2078,01/01/2025,242
2133,3947,01/01/2025,435
2134,2355,01/01/2025,364
2135,2109,01/01/2025,328
2136,4210,01/01/2025,81
2137,3965,01/01/2025,169
2138,730,01/01/2025,171
2139,1782,01/01/2025,147
2140,2437,01/01/2025,333
2141,2426,01/01/2025,219
2142,1281,01/01/2025,23
2143,4806,01/01/2025,150
2144,717,01/01/2025,289
2145,3146,01/01/2025,501
2146,2826,01/01/2025,200
2147,2558,01/01/2025,135
2148,3863,01/01/2025,80
2149,3344,01/01/2025,481
2150,2149,01/01/2025,334
2151,876,01/01/2025,464
2152,1265,01/01/2025,277
2153,2881,01/01/2025,421
2154,1542,01/01/2025,551
2155,4814,01/01/2025,468
2156,1969,01/01/2025,348
2157,4671,01/01/2025,485
2158,1048,01/01/2025,420
2159,2199,01/01/2025,15
2160,2936,01/01/2025,183
2161,4815,01/01/2025,137
2162,3249,01/01/2025,588
2163,1396,01/01/2025,224
2164,3817,01/01/2025,118
2165,4122,01/01/2025,464
2166,2604,01/01/2025,181
2167,4697,01/01/2025,134
2168,795,01/01/2025,113
2169,1882,01/01/2025,454
2170,2762,01/01/2025,467
2171,2263,01/01/2025,554
2172,3243,01/01/2025,325
2173,3376,01/01/2025,53
2174,4689,01/01/2025,384
2175,1027,01/01/2025,210
2176,4540,01/01/2025,318
2177,2768,01/01/2025,345
2178,2426,01/01/2025,378
2179,820,01/01/2025,190
2180,4899,01/01/2025,352
2181,1085,01/01/2025,457
2182,3190,01/01/2025,178
2183,1851,01/01/2025,167
2184,4949,01/01/2025,71
2185,304,01/01/2025,264
2186,2475,01/01/2025,125
2187,1018,01/01/2025,2
2188,1945,01/01/2025,252
2189,439,01/01/2025,235
2190,4111,01/01/2025,386
2191,268,01/01/2025,153
2192,403,01/01/2025,152
2193,2285,01/01/2025,168
2194,332,01/01/2025,134
2195,4947,01/01/2025,96
2196,540,01/01/2025,473
2197,1454,01/01/2025,564
2198,374,01/01/2025,491
2199,4094,01/01/2025,592
2200,4196,01/01/2025,573
2201,3684,01/01/2025,308
2202,4188,01/01/2025,430
2203,2588,01/01/2025,543
2204,1331,01/01/2025,346
2205,3155,01/01/2025,75
2206,1344,01/01/2025,313
2207,36,01/01/2025,530
2208,578,01/01/2025,276
2209,3177,01/01/2025,512
2210,1412,01/01/2025,117
2211,4164,01/01/2025,551
2212,1710,01/01/2025,591
2213,187,01/01/2025,462
2214,3105,01/01/2025,459
2215,2336,01/01/2025,265
2216,1575,01/01/2025,490
2217,1741,01/01/2025,282
2218,909,01/01/2025,395
2219,1849,01/01/2025,133
2220,3070,01/01/2025,263
2221,2158,01/01/2025,464
2222,3321,01/01/2025,23
2223,2722,01/01/2025,138
2224,1667,01/01/2025,547
2225,2912,01/01/2025,441
2226,3239,01/01/2025,75
2227,3961,01/01/2025,359
2228,2174,01/01/2025,579
2229,3247,01/01/2025,355
2230,2715,01/01/2025,225
2231,3483,01/01/2025,598
2232,3637,01/01/2025,41
2233,3459,01/01/2025,432
2234,2016,01/01/2025,479
2235,2763,01/01/2025,337
2236,1331,01/01/2025,386
2237,4545,01/01/2025,408
2238,1060,01/01/2025,79
2239,3900,01/01/2025,8
2240,736,01/01/2025,231
2241,1192,01/01/2025,558
2242,2711,01/01/2025,137
2243,50,01/01/2025,527
2244,560,01/01/2025,508
2245,820,01/01/2025,215
2246,1163,01/01/2025,190
2247,3495,01/01/2025,432
2248,1692,01/01/2025,545
2249,2916,01/01/2025,165
2250,3062,01/01/2025,527
2251,1965,01/01/2025,146
2252,3585,01/01/2025,454
2253,2878,01/01/2025,543
2254,4826,01/01/2025,253
2255,1370,01/01/2025,87
2256,3612,01/01/2025,455
2257,3171,01/01/2025,231
2258,4746,01/01/2025,10
2259,2439,01/01/2025,380
2260,1140,01/01/2025,267
2261,543,01/01/2025,180
2262,2042,01/01/2025,187
2263,3045,01/01/2025,519
2264,3409,01/01/2025,112
2265,4243,01/01/2025,564
2266,3565,01/01/2025,32
2267,1813,01/01/2025,465
2268,3145,01/01/2025,499
2269,2691,01/01/2025,579
2270,2080,01/01/2025,186
2271,1628,01/01/2025,493
2272,3866,01/01/2025,301
2273,4841,01/01/2025,50
2274,4517,01/01/2025,439
2275,2878,01/01/2025,498
2276,1577,01/01/2025,245
2277,420,01/01/2025,66
2278,3289,01/01/2025,192
2279,513,01/01/2025,207
2280,853,01/01/2025,88
2281,3035,01/01/2025,506
2282,3850,01/01/2025,87
2283,1048,01/01/2025,295
2284,3415,01/01/2025,35
2285,2382,01/01/2025,384
2286,1469,01/01/2025,91
2287,538,01/01/2025,299
2288,64,01/01/2025,505
2289,1722,01/01/2025,319
2290,4393,01/01/2025,381
2291,3796,01/01/2025,559
2292,312,01/01/2025,592
2293,2651,01/01/2025,10
2294,1894,01/01/2025,38
2295,469,01/01/2025,164
2296,411,01/01/2025,454
2297,2704,01/01/2025,101
2298,2800,01/01/2025,445
2299,1016,01/01/2025,205
2300,2731,01/01/2025,537
2301,4039,01/01/2025,281
2302,2807,01/01/2025,65
2303,788,01/01/2025,594
2304,3724,01/01/2025,5
2305,3364,01/01/2025,460
2306,4979,01/01/2025,443
2307,4117,01/01/2025,440
2308,327,01/01/2025,552
2309,4958,01/01/2025,447
2310,2725,01/01/2025,575
2311,3143,01/01/2025,562
2312,4551,01/01/2025,592
2313,4350,01/01/2025,116
2314,1101,01/01/2025,66
2315,1896,01/01/2025,524
2316,3958,01/01/2025,45
2317,147,01/01/2025,576
2318,4364,01/01/2025,6
2319,3065,01/01/2025,376
2320,3497,01/01/2025,276
2321,4692,01/01/2025,85
2322,1006,01/01/2025,480
2323,734,01/01/2025,441
2324,26,01/01/2025,196
2325,4117,01/01/2025,56
2326,32,01/01/2025,561
2327,4975,01/01/2025,386
2328,2964,01/01/2025,161
2329,1016,01/01/2025,56
2330,3301,01/01/2025,367
2331,1835,01/01/2025,549
2332,1864,01/01/2025,351
2333,1342,01/01/2025,148
2334,2433,01/01/2025,425
2335,4808,01/01/2025,158
2336,3262,01/01/2025,475
2337,1145,01/01/2025,370
2338,1676,01/01/2025,347
2339,1988,01/01/2025,108
2340,417,01/01/2025,112
2341,1827,01/01/2025,326
2342,2965,01/01/2025,374
2343,2650,01/01/2025,587
2344,2491,01/01/2025,296
2345,1331,01/01/2025,519
2346,4482,01/01/2025,86
2347,1134,01/01/2025,568
2348,4426,01/01/2025,318
2349,4491,01/01/2025,264
2350,3264,01/01/2025,486
2351,1360,01/01/2025,17
2352,617,01/01/2025,575
2353,20,01/01/2025,343
2354,1273,01/01/2025,356
2355,3378,01/01/2025,277
2356,2135,01/01/2025,249
2357,3847,01/01/2025,74
2358,60,01/01/2025,372
2359,1964,01/01/2025,450
2360,227,01/01/2025,270
2361,1720,01/01/2025,285
2362,3700,01/01/2025,467
2363,24,01/01/2025,125
2364,3526,01/01/2025,33
2365,926,01/01/2025,168
2366,939,01/01/2025,202
2367,2053,01/01/2025,384
2368,2834,01/01/2025,28
2369,4705,01/01/2025,578
2370,3743,01/01/2025,466
2371,4407,01/01/2025,289
2372,2524,01/01/2025,76
2373,981,01/01/2025,476
2374,3545,01/01/2025,2
2375,4771,01/01/2025,123
2376,344,01/01/2025,168
2377,4020,01/01/2025,411
2378,577,01/01/2025,537
2379,1499,01/01/2025,583
2380,3702,01/01/2025,476
2381,4461,01/01/2025,253
2382,4322,01/01/2025,119
2383,2593,01/01/2025,309
2384,2356,01/01/2025,70
2385,3449,01/01/2025,512
2386,1417,01/01/2025,486
2387,995,01/01/2025,84
2388,1402,01/01/2025,575
2389,792,01/01/2025,437
2390,508,01/01/2025,264
2391,1734,01/01/2025,130
2392,1379,01/01/2025,178
2393,2283,01/01/2025,499
2394,2602,01/01/2025,100
2395,3814,01/01/2025,0
2396,1820,01/01/2025,492
2397,2824,01/01/2025,510
2398,140,01/01/2025,222
2399,1997,01/01/2025,69
2400,4200,01/01/2025,573
2401,3080,01/01/2025,366
2402,1754,01/01/2025,521
2403,2758,01/01/2025,464
2404,4462,01/01/2025,138
2405,3284,01/01/2025,348
2406,2323,01/01/2025,282
2407,3666,01/01/2025,88
2408,289,01/01/2025,250
2409,953,01/01/2025,333
2410,1296,01/01/2025,151
2411,3703,01/01/2025,55
2412,273,01/01/2025,111
2413,3147,01/01/2025,236
2414,4031,01/01/2025,265
2415,2294,01/01/2025,94
2416,1011,01/01/2025,549
2417,1716,01/01/2025,86
2418,4543,01/01/2025,495
2419,2132,01/01/2025,243
2420,2891,01/01/2025,567
2421,173,01/01/2025,419
2422,2128,01/01/2025,179
2423,1734,01/01/2025,589
2424,4495,01/01/2025,343
2425,3750,01/01/2025,364
2426,833,01/01/2025,367
2427,2437,01/01/2025,455
2428,1442,01/01/2025,573
2429,4667,01/01/2025,378
2430,270,01/01/2025,3
2431,172,01/01/2025,251
2432,3529,01/01/2025,405
2433,2233,01/01/2025,265
2434,1303,01/01/2025,337
2435,643,01/01/2025,246
2436,260,01/01/2025,325
2437,691,01/01/2025,598
2438,2850,01/01/2025,342
2439,3921,01/01/2025,362
2440,739,01/01/2025,111
2441,993,01/01/2025,579
2442,902,01/01/2025,513
2443,2542,01/01/2025,310
2444,4364,01/01/2025,30
2445,3923,01/01/2025,76
2446,3621,01/01/2025,0
2447,1866,01/01/2025,205
2448,2030,01/01/2025,382
2449,2121,01/01/2025,267
2450,3846,01/01/2025,171
2451,2999,01/01/2025,343
2452,4007,01/01/2025,215
2453,3153,01/01/2025,186
2454,2894,01/01/2025,266
2455,1966,01/01/2025,467
2456,481,01/01/2025,195
2457,1231,01/01/2025,498
2458,2021,01/01/2025,16
2459,2116,01/01/2025,277
2460,4357,01/01/2025,275
2461,4369,01/01/2025,516
2462,497,01/01/2025,409
2463,121,01/01/2025,569
2464,3795,01/01/2025,284
2465,2366,01/01/2025,261
2466,4693,01/01/2025,75
2467,2074,01/01/2025,514
2468,4518,01/01/2025,61
2469,4402,01/01/2025,527
2470,2809,01/01/2025,151
2471,167,01/01/2025,437
2472,1470,01/01/2025,54
2473,1391,01/01/2025,407
2474,3526,01/01/2025,230
2475,913,01/01/2025,235
2476,960,01/01/2025,297
2477,198,01/01/2025,484
2478,4660,01/01/2025,431
2479,1143,01/01/2025,144
2480,3656,01/01/2025,330
2481,2674,01/01/2025,297
2482,3372,01/01/2025,385
2483,2655,01/01/2025,135
2484,4629,01/01/2025,581
2485,1656,01/01/2025,337
2486,4861,01/01/2025,457
2487,1133,01/01/2025,454
2488,853,01/01/2025,179
2489,228,01/01/2025,565
2490,157,01/01/2025,287
2491,1764,01/01/2025,43
2492,4977,01/01/2025,302
2493,4761,01/01/2025,102
2494,1875,01/01/2025,349
2495,1465,01/01/2025,393
2496,1160,01/01/2025,126
2497,495,01/01/2025,554
2498,4185,01/01/2025,453
2499,3183,01/01/2025,342
2500,4846,01/01/2025,NULL
2501,216,01/01/2025,234
2502,2047,01/01/2025,192
2503,2157,01/01/2025,244
2504,171,01/01/2025,301
2505,2452,01/01/2025,482
2506,2313,01/01/2025,185
2507,2359,01/01/2025,537
2508,27,01/01/2025,329
2509,2919,01/01/2025,0
2510,3134,01/01/2025,591
2511,2804,01/01/2025,359
2512,570,01/01/2025,535
2513,2095,01/01/2025,538
2514,3843,01/01/2025,69
2515,2627,01/01/2025,501
2516,4557,01/01/2025,219
2517,4688,01/01/2025,499
2518,3301,01/01/2025,497
2519,2842,01/01/2025,52
2520,4612,01/01/2025,205
2521,4007,01/01/2025,556
2522,4489,01/01/2025,549
2523,3844,01/01/2025,205
2524,1689,01/01/2025,562
2525,1990,01/01/2025,361
2526,3339,01/01/2025,74
2527,4342,01/01/2025,227
2528,1639,01/01/2025,347
2529,3750,01/01/2025,350
2530,3739,01/01/2025,432
2531,4750,01/01/2025,240
2532,883,01/01/2025,108
2533,1177,01/01/2025,585
2534,3284,01/01/2025,442
2535,4203,01/01/2025,190
2536,3443,01/01/2025,45
2537,70,01/01/2025,313
2538,2285,01/01/2025,137
2539,2750,01/01/2025,412
2540,3531,01/01/2025,51
2541,2936,01/01/2025,63
2542,2860,01/01/2025,37
2543,3555,01/01/2025,119
2544,1406,01/01/2025,168
2545,3324,01/01/2025,598
2546,585,01/01/2025,511
2547,3793,01/01/2025,368
2548,4647,01/01/2025,274
2549,4357,01/01/2025,12
2550,3611,01/01/2025,308
2551,3575,01/01/2025,285
2552,3107,01/01/2025,473
2553,2116,01/01/2025,454
2554,4708,01/01/2025,338
2555,1108,01/01/2025,571
2556,1420,01/01/2025,24
2557,1149,01/01/2025,68
2558,2689,01/01/2025,509
2559,4590,01/01/2025,144
2560,2912,01/01/2025,139
2561,2094,01/01/2025,479
2562,3002,01/01/2025,557
2563,2458,01/01/2025,571
2564,66,01/01/2025,121
2565,1249,01/01/2025,39
2566,2730,01/01/2025,323
2567,2933,01/01/2025,523
2568,788,01/01/2025,202
2569,4767,01/01/2025,228
2570,1420,01/01/2025,445
2571,3364,01/01/2025,525
2572,3858,01/01/2025,445
2573,1124,01/01/2025,75
2574,679,01/01/2025,448
2575,1735,01/01/2025,269
2576,2459,01/01/2025,17
2577,4054,01/01/2025,399
2578,2853,01/01/2025,511
2579,1904,01/01/2025,5
2580,1200,01/01/2025,338
2581,76,01/01/2025,401
2582,3097,01/01/2025,209
2583,1689,01/01/2025,463
2584,2645,01/01/2025,393
2585,4594,01/01/2025,101
2586,2982,01/01/2025,465
2587,1171,01/01/2025,4
2588,1696,01/01/2025,496
2589,4558,01/01/2025,514
2590,4227,01/01/2025,408
2591,4046,01/01/2025,356
2592,3825,01/01/2025,430
2593,1485,01/01/2025,565
2594,1974,01/01/2025,141
2595,1487,01/01/2025,173
2596,3691,01/01/2025,7
2597,3497,01/01/2025,414
2598,4774,01/01/2025,314
2599,1965,01/01/2025,560
2600,1129,01/01/2025,482
2601,4038,01/01/2025,567
2602,2972,01/01/2025,379
2603,4988,01/01/2025,3
2604,122,01/01/2025,378
2605,3961,01/01/2025,525
2606,1940,01/01/2025,4
2607,3935,01/01/2025,188
2608,4683,01/01/2025,513
2609,995,01/01/2025,363
2610,4760,01/01/2025,386
2611,2424,01/01/2025,475
2612,3415,01/01/2025,544
2613,2081,01/01/2025,228
2614,3392,01/01/2025,486
2615,3386,01/01/2025,540
2616,2025,01/01/2025,480
2617,919,01/01/2025,98
2618,4587,01/01/2025,208
2619,327,01/01/2025,50
2620,1350,01/01/2025,473
2621,2241,01/01/2025,362
2622,2344,01/01/2025,404
2623,3082,01/01/2025,41
2624,374,01/01/2025,597
2625,4902,01/01/2025,85
2626,2432,01/01/2025,39
2627,4897,01/01/2025,425
2628,4521,01/01/2025,223
2629,162,01/01/2025,541
2630,1019,01/01/2025,433
2631,3932,01/01/2025,560
2632,3617,01/01/2025,301
2633,3740,01/01/2025,29
2634,2136,01/01/2025,281
2635,2476,01/01/2025,69
2636,4731,01/01/2025,197
2637,200,01/01/2025,345
2638,2513,01/01/2025,590
2639,3038,01/01/2025,157
2640,2992,01/01/2025,523
2641,2189,01/01/2025,87
2642,42,01/01/2025,589
2643,4613,01/01/2025,200
2644,4085,01/01/2025,528
2645,835,01/01/2025,187
2646,3051,01/01/2025,139
2647,3916,01/01/2025,544
2648,2990,01/01/2025,463
2649,4895,01/01/2025,385
2650,1906,01/01/2025,518
2651,4100,01/01/2025,282
2652,2022,01/01/2025,311
2653,1979,01/01/2025,420
2654,2279,01/01/2025,329
2655,313,01/01/2025,267
2656,3651,01/01/2025,447
2657,435,01/01/2025,414
2658,4440,01/01/2025,502
2659,1907,01/01/2025,459
2660,4665,01/01/2025,542
2661,662,01/01/2025,299
2662,3242,01/01/2025,323
2663,3100,01/01/2025,510
2664,1490,01/01/2025,66
2665,1129,01/01/2025,515
2666,4911,01/01/2025,503
2667,3511,01/01/2025,587
2668,1221,01/01/2025,283
2669,1573,01/01/2025,479
2670,2247,01/01/2025,109
2671,221,01/01/2025,24
2672,792,01/01/2025,453
2673,593,01/01/2025,427
2674,1677,01/01/2025,226
2675,1564,01/01/2025,53
2676,2052,01/01/2025,552
2677,3146,01/01/2025,206
2678,979,01/01/2025,178
2679,3460,01/01/2025,434
2680,2057,01/01/2025,317
2681,3035,01/01/2025,437
2682,2228,01/01/2025,244
2683,2000,01/01/2025,281
2684,2371,01/01/2025,214
2685,340,01/01/2025,422
2686,83,01/01/2025,106
2687,2739,01/01/2025,269
2688,4353,01/01/2025,269
2689,2882,01/01/2025,283
2690,170,01/01/2025,90
2691,1430,01/01/2025,223
2692,1120,01/01/2025,392
2693,434,01/01/2025,541
2694,368,01/01/2025,366
2695,3238,01/01/2025,497
2696,2450,01/01/2025,465
2697,3345,01/01/2025,566
2698,1393,01/01/2025,471
2699,4205,01/01/2025,363
2700,4546,01/01/2025,439
2701,3771,01/01/2025,118
2702,1565,01/01/2025,180
2703,139,01/01/2025,103
2704,3132,01/01/2025,449
2705,1566,01/01/2025,173
2706,785,01/01/2025,202
2707,107,01/01/2025,348
2708,1882,01/01/2025,378
2709,2967,01/01/2025,357
2710,384,01/01/2025,577
2711,2016,01/01/2025,129
2712,4673,01/01/2025,164
2713,33,01/01/2025,425
2714,3089,01/01/2025,163
2715,4112,01/01/2025,316
2716,2491,01/01/2025,568
2717,1610,01/01/2025,277
2718,3372,01/01/2025,362
2719,3518,01/01/2025,337
2720,1754,01/01/2025,410
2721,3039,01/01/2025,380
2722,1859,01/01/2025,434
2723,1835,01/01/2025,127
2724,2228,01/01/2025,330
2725,4975,01/01/2025,439
2726,4931,01/01/2025,264
2727,3579,01/01/2025,544
2728,3344,01/01/2025,412
2729,3682,01/01/2025,128
2730,3656,01/01/2025,497
2731,815,01/01/2025,461
2732,144,01/01/2025,575
2733,4962,01/01/2025,415
2734,2600,01/01/2025,248
2735,871,01/01/2025,513
2736,1074,01/01/2025,201
2737,4081,01/01/2025,380
2738,4516,01/01/2025,557
2739,4875,01/01/2025,592
2740,4475,01/01/2025,279
2741,148,01/01/2025,354
2742,27,01/01/2025,115
2743,2842,01/01/2025,231
2744,991,01/01/2025,66
2745,2956,01/01/2025,517
2746,3887,01/01/2025,187
2747,3625,01/01/2025,137
2748,376,01/01/2025,375
2749,1685,01/01/2025,452
2750,680,01/01/2025,383
2751,495,01/01/2025,310
2752,4132,01/01/2025,522
2753,929,01/01/2025,479
2754,1120,01/01/2025,15
2755,4071,01/01/2025,412
2756,3557,01/01/2025,589
2757,344,01/01/2025,282
2758,1650,01/01/2025,549
2759,4168,01/01/2025,475
2760,3613,01/01/2025,191
2761,4857,01/01/2025,315
2762,4536,01/01/2025,268
2763,3439,01/01/2025,456
2764,2417,01/01/2025,480
2765,256,01/01/2025,588
2766,1811,01/01/2025,228
2767,2561,01/01/2025,244
2768,308,01/01/2025,1
2769,1824,01/01/2025,145
2770,1063,01/01/2025,496
2771,3343,01/01/2025,468
2772,302,01/01/2025,258
2773,4318,01/01/2025,50
2774,4909,01/01/2025,54
2775,1210,01/01/2025,488
2776,1926,01/01/2025,413
2777,1754,01/01/2025,253
2778,4718,01/01/2025,597
2779,2148,01/01/2025,461
2780,1982,01/01/2025,445
2781,2893,01/01/2025,409
2782,1567,01/01/2025,562
2783,3443,01/01/2025,191
2784,4517,01/01/2025,187
2785,4518,01/01/2025,183
2786,560,01/01/2025,14
2787,2181,01/01/2025,535
2788,3237,01/01/2025,274
2789,2503,01/01/2025,482
2790,2705,01/01/2025,331
2791,765,01/01/2025,589
2792,3736,01/01/2025,243
2793,3712,01/01/2025,151
2794,1777,01/01/2025,412
2795,4377,01/01/2025,599
2796,4157,01/01/2025,369
2797,2435,01/01/2025,152
2798,1035,01/01/2025,122
2799,2539,01/01/2025,21
2800,4315,01/01/2025,58
2801,4223,01/01/2025,313
2802,1584,01/01/2025,223
2803,4360,01/01/2025,57
2804,2980,01/01/2025,423
2805,4059,01/01/2025,170
2806,260,01/01/2025,267
2807,4201,01/01/2025,69
2808,932,01/01/2025,545
2809,3626,01/01/2025,100
2810,1413,01/01/2025,256
2811,4046,01/01/2025,125
2812,3550,01/01/2025,178
2813,510,01/01/2025,176
2814,1546,01/01/2025,229
2815,3876,01/01/2025,318
2816,4070,01/01/2025,9
2817,3088,01/01/2025,460
2818,1359,01/01/2025,246
2819,3058,01/01/2025,12
2820,1579,01/01/2025,380
2821,230,01/01/2025,442
2822,1917,01/01/2025,234
2823,1276,01/01/2025,130
2824,3282,01/01/2025,322
2825,2310,01/01/2025,346
2826,1736,01/01/2025,404
2827,1275,01/01/2025,380
2828,2810,01/01/2025,249
2829,1810,01/01/2025,409
2830,3892,01/01/2025,264
2831,2799,01/01/2025,483
2832,3617,01/01/2025,82
2833,3141,01/01/2025,250
2834,3823,01/01/2025,439
2835,4046,01/01/2025,533
2836,129,01/01/2025,557
2837,561,01/01/2025,21
2838,4169,01/01/2025,286
2839,603,01/01/2025,432
2840,2068,01/01/2025,12
2841,4886,01/01/2025,55
2842,4495,01/01/2025,189
2843,3517,01/01/2025,151
2844,3124,01/01/2025,208
2845,3084,01/01/2025,266
2846,28,01/01/2025,549
2847,2229,01/01/2025,278
2848,858,01/01/2025,386
2849,2634,01/01/2025,506
2850,3142,01/01/2025,103
2851,1781,01/01/2025,175
2852,1056,01/01/2025,559
2853,3105,01/01/2025,186
2854,438,01/01/2025,206
2855,3574,01/01/2025,346
2856,2862,01/01/2025,493
2857,3694,01/01/2025,564
2858,3281,01/01/2025,596
2859,4313,01/01/2025,312
2860,1521,01/01/2025,328
2861,3371,01/01/2025,482
2862,2094,01/01/2025,37
2863,1299,01/01/2025,405
2864,296,01/01/2025,171
2865,2014,01/01/2025,160
2866,3212,01/01/2025,101
2867,1790,01/01/2025,409
2868,2664,01/01/2025,456
2869,511,01/01/2025,131
2870,1066,01/01/2025,193
2871,4824,01/01/2025,268
2872,3181,01/01/2025,8
2873,2474,01/01/2025,38
2874,3214,01/01/2025,534
2875,3989,01/01/2025,216
2876,189,01/01/2025,166
2877,1790,01/01/2025,101
2878,212,01/01/2025,39
2879,723,01/01/2025,471
2880,827,01/01/2025,282
2881,1308,01/01/2025,272
2882,4097,01/01/2025,352
2883,1625,01/01/2025,249
2884,279,01/01/2025,434
2885,2431,01/01/2025,203
2886,2448,01/01/2025,582
2887,1817,01/01/2025,431
2888,22,01/01/2025,582
2889,3620,01/01/2025,26
2890,3567,01/01/2025,122
2891,1487,01/01/2025,591
2892,1320,01/01/2025,379
2893,3945,01/01/2025,126
2894,3416,01/01/2025,495
2895,2589,01/01/2025,589
2896,1182,01/01/2025,582
2897,14,01/01/2025,74
2898,533,01/01/2025,8
2899,1770,01/01/2025,206
2900,818,01/01/2025,330
2901,3881,01/01/2025,446
2902,155,01/01/2025,365
2903,3134,01/01/2025,239
2904,3215,01/01/2025,36
2905,863,01/01/2025,335
2906,1758,01/01/2025,256
2907,4904,01/01/2025,560
2908,3270,01/01/2025,303
2909,2617,01/01/2025,132
2910,722,01/01/2025,584
2911,3337,01/01/2025,386
2912,2145,01/01/2025,301
2913,706,01/01/2025,526
2914,49,01/01/2025,448
2915,1975,01/01/2025,349
2916,2389,01/01/2025,79
2917,4583,01/01/2025,155
2918,1137,01/01/2025,9
2919,3240,01/01/2025,458
2920,1817,01/01/2025,314
2921,1456,01/01/2025,173
2922,2198,01/01/2025,379
2923,4002,01/01/2025,137
2924,3762,01/01/2025,147
2925,4447,01/01/2025,135
2926,1286,01/01/2025,406
2927,1188,01/01/2025,352
2928,3836,01/01/2025,439
2929,1811,01/01/2025,51
2930,1641,01/01/2025,424
2931,4787,01/01/2025,441
2932,3771,01/01/2025,51
2933,4078,01/01/2025,107
2934,251,01/01/2025,84
2935,1579,01/01/2025,31
2936,3128,01/01/2025,47
2937,1903,01/01/2025,430
2938,4416,01/01/2025,24
2939,2688,01/01/2025,398
2940,1047,01/01/2025,449
2941,1541,01/01/2025,14
2942,3109,01/01/2025,476
2943,612,01/01/2025,395
2944,3011,01/01/2025,457
2945,1920,01/01/2025,328
2946,1657,01/01/2025,113
2947,1463,01/01/2025,498
2948,1157,01/01/2025,534
2949,3182,01/01/2025,308
2950,4882,01/01/2025,308
2951,2847,01/01/2025,203
2952,853,01/01/2025,49
2953,4737,01/01/2025,269
2954,2621,01/01/2025,580
2955,755,01/01/2025,96
2956,1007,01/01/2025,213
2957,1958,01/01/2025,224
2958,4003,01/01/2025,332
2959,2203,01/01/2025,55
2960,1169,01/01/2025,362
2961,3530,01/01/2025,145
2962,1215,01/01/2025,253
2963,3668,01/01/2025,158
2964,10,01/01/2025,534
2965,1269,01/01/2025,241
2966,2296,01/01/2025,465
2967,4911,01/01/2025,191
2968,2463,01/01/2025,545
2969,3669,01/01/2025,491
2970,4871,01/01/2025,55
2971,1694,01/01/2025,167
2972,1477,01/01/2025,413
2973,235,01/01/2025,356
2974,4514,01/01/2025,231
2975,2158,01/01/2025,139
2976,4721,01/01/2025,495
2977,2631,01/01/2025,102
2978,149,01/01/2025,294
2979,3333,01/01/2025,223
2980,3369,01/01/2025,265
2981,3402,01/01/2025,294
2982,4820,01/01/2025,437
2983,2388,01/01/2025,169
2984,229,01/01/2025,145
2985,1833,01/01/2025,381
2986,4888,01/01/2025,71
2987,1635,01/01/2025,98
2988,143,01/01/2025,243
2989,1304,01/01/2025,566
2990,2802,01/01/2025,254
2991,3931,01/01/2025,261
2992,2255,01/01/2025,583
2993,880,01/01/2025,266
2994,4625,01/01/2025,11
2995,2850,01/01/2025,531
2996,407,01/01/2025,80
2997,4332,01/01/2025,212
2998,1607,01/01/2025,126
2999,2714,01/01/2025,535
3000,1649,01/01/2025,NULL
3001,2257,01/01/2025,198
3002,2253,01/01/2025,390
3003,692,01/01/2025,507
3004,3463,01/01/2025,410
3005,1581,01/01/2025,278
3006,493,01/01/2025,464
3007,3871,01/01/2025,210
3008,3464,01/01/2025,412
3009,2743,01/01/2025,134
3010,3778,01/01/2025,490
3011,3472,01/01/2025,99
3012,348,01/01/2025,537
3013,3785,01/01/2025,358
3014,1942,01/01/2025,593
3015,3893,01/01/2025,171
3016,3114,01/01/2025,420
3017,780,01/01/2025,314
3018,4461,01/01/2025,83
3019,475,01/01/2025,340
3020,1946,01/01/2025,232
3021,725,01/01/2025,149
3022,4577,01/01/2025,330
3023,132,01/01/2025,237
3024,1694,01/01/2025,185
3025,4986,01/01/2025,326
3026,3762,01/01/2025,171
3027,4326,01/01/2025,185
3028,4552,01/01/2025,266
3029,785,01/01/2025,337
3030,1747,01/01/2025,572
3031,4116,01/01/2025,219
3032,1417,01/01/2025,92
3033,1028,01/01/2025,90
3034,1469,01/01/2025,331
3035,3481,01/01/2025,193
3036,641,01/01/2025,60
3037,3821,01/01/2025,508
3038,3929,01/01/2025,497
3039,3777,01/01/2025,527
3040,3955,01/01/2025,75
3041,309,01/01/2025,90
3042,2422,01/01/2025,115
3043,3404,01/01/2025,242
3044,4962,01/01/2025,242
3045,1871,01/01/2025,506
3046,2854,01/01/2025,193
3047,2758,01/01/2025,268
3048,2265,01/01/2025,254
3049,1539,01/01/2025,588
3050,322,01/01/2025,465
3051,3191,01/01/2025,562
3052,3642,01/01/2025,17
3053,1544,01/01/2025,333
3054,2161,01/01/2025,230
3055,1628,01/01/2025,566
3056,1092,01/01/2025,300
3057,4622,01/01/2025,428
3058,4411,01/01/2025,145
3059,3794,01/01/2025,110
3060,4780,01/01/2025,576
3061,4107,01/01/2025,482
3062,394,01/01/2025,529
3063,1159,01/01/2025,481
3064,2870,01/01/2025,296
3065,960,01/01/2025,352
3066,4056,01/01/2025,545
3067,4547,01/01/2025,559
3068,4424,01/01/2025,269
3069,3165,01/01/2025,466
3070,3009,01/01/2025,228
3071,2013,01/01/2025,430
3072,87,01/01/2025,277
3073,4903,01/01/2025,73
3074,811,01/01/2025,288
3075,1859,01/01/2025,187
3076,2436,01/01/2025,99
3077,2397,01/01/2025,223
3078,4929,01/01/2025,41
3079,3009,01/01/2025,202
3080,2002,01/01/2025,363
3081,347,01/01/2025,479
3082,1605,01/01/2025,482
3083,4103,01/01/2025,566
3084,4505,01/01/2025,531
3085,763,01/01/2025,568
3086,4480,01/01/2025,134
3087,4317,01/01/2025,241
3088,4772,01/01/2025,202
3089,1131,01/01/2025,302
3090,4590,01/01/2025,16
3091,3069,01/01/2025,131
3092,1903,01/01/2025,195
3093,3034,01/01/2025,319
3094,336,01/01/2025,543
3095,3254,01/01/2025,172
3096,2001,01/01/2025,4
3097,2315,01/01/2025,580
3098,3638,01/01/2025,99
3099,676,01/01/2025,516
3100,2703,01/01/2025,69
3101,694,01/01/2025,486
3102,3567,01/01/2025,263
3103,1062,01/01/2025,332
3104,200,01/01/2025,146
3105,1179,01/01/2025,270
3106,1443,01/01/2025,373
3107,4432,01/01/2025,371
3108,1281,01/01/2025,509
3109,2680,01/01/2025,562
3110,3318,01/01/2025,310
3111,1174,01/01/2025,133
3112,642,01/01/2025,23
3113,4509,01/01/2025,182
3114,1821,01/01/2025,297
3115,2799,01/01/2025,487
3116,3719,01/01/2025,508
3117,2248,01/01/2025,149
3118,4187,01/01/2025,135
3119,3361,01/01/2025,358
3120,4347,01/01/2025,350
3121,4241,01/01/2025,165
3122,1877,01/01/2025,39
3123,1633,01/01/2025,506
3124,1109,01/01/2025,182
3125,1250,01/01/2025,140
3126,1226,01/01/2025,588
3127,2170,01/01/2025,35
3128,335,01/01/2025,590
3129,260,01/01/2025,144
3130,1844,01/01/2025,552
3131,3150,01/01/2025,93
3132,408,01/01/2025,421
3133,1927,01/01/2025,475
3134,1534,01/01/2025,274
3135,3585,01/01/2025,274
3136,1452,01/01/2025,384
3137,2348,01/01/2025,527
3138,3480,01/01/2025,191
3139,913,01/01/2025,507
3140,1970,01/01/2025,83
3141,206,01/01/2025,197
3142,3707,01/01/2025,68
3143,13,01/01/2025,40
3144,1279,01/01/2025,384
3145,1410,01/01/2025,113
3146,141,01/01/2025,412
3147,3209,01/01/2025,331
3148,3411,01/01/2025,228
3149,145,01/01/2025,374
3150,631,01/01/2025,200
3151,4299,01/01/2025,185
3152,810,01/01/2025,6
3153,1089,01/01/2025,579
3154,3762,01/01/2025,465
3155,3893,01/01/2025,235
3156,2427,01/01/2025,276
3157,4080,01/01/2025,37
3158,3394,01/01/2025,348
3159,1964,01/01/2025,106
3160,1100,01/01/2025,352
3161,3272,01/01/2025,297
3162,4922,01/01/2025,523
3163,657,01/01/2025,44
3164,2057,01/01/2025,329
3165,666,01/01/2025,333
3166,430,01/01/2025,497
3167,4340,01/01/2025,116
3168,486,01/01/2025,391
3169,1083,01/01/2025,200
3170,227,01/01/2025,413
3171,2621,01/01/2025,492
3172,1801,01/01/2025,103
3173,622,01/01/2025,429
3174,1275,01/01/2025,202
3175,4813,01/01/2025,60
3176,1642,01/01/2025,412
3177,822,01/01/2025,97
3178,708,01/01/2025,440
3179,94,01/01/2025,467
3180,1914,01/01/2025,299
3181,4248,01/01/2025,347
3182,2550,01/01/2025,411
3183,1438,01/01/2025,262
3184,3596,01/01/2025,537
3185,2681,01/01/2025,451
3186,3824,01/01/2025,251
3187,4774,01/01/2025,482
3188,2392,01/01/2025,130
3189,3054,01/01/2025,91
3190,874,01/01/2025,0
3191,1998,01/01/2025,82
3192,1861,01/01/2025,45
3193,1630,01/01/2025,564
3194,1388,01/01/2025,61
3195,2487,01/01/2025,175
3196,3812,01/01/2025,273
3197,698,01/01/2025,569
3198,2949,01/01/2025,295
3199,829,01/01/2025,62
3200,1505,01/01/2025,15
3201,3540,01/01/2025,485
3202,3030,01/01/2025,50
3203,805,01/01/2025,213
3204,1776,01/01/2025,473
3205,1089,01/01/2025,24
3206,2965,01/01/2025,96
3207,3862,01/01/2025,133
3208,2349,01/01/2025,443
3209,4946,01/01/2025,17
3210,1355,01/01/2025,393
3211,1913,01/01/2025,190
3212,4852,01/01/2025,449
3213,3760,01/01/2025,581
3214,3762,01/01/2025,280
3215,3823,01/01/2025,319
3216,68,01/01/2025,462
